

================================================================
== Vitis HLS Report for 'add_point_to_bucket'
================================================================
* Date:           Thu Apr 24 05:02:34 2025

* Version:        2024.2 (Build 5238294 on Nov  8 2024)
* Project:        msm_2
* Solution:       solution1 (Vivado IP Flow Target)
* Product family: zynquplus
* Target device:  xczu7ev-ffvc1156-2-e


================================================================
== Performance Estimates
================================================================
+ Timing: 
    * Summary: 
    +--------+---------+----------+------------+
    |  Clock |  Target | Estimated| Uncertainty|
    +--------+---------+----------+------------+
    |ap_clk  |  4.00 ns|  2.850 ns|     1.08 ns|
    +--------+---------+----------+------------+

+ Latency: 
    * Summary: 
    +---------+---------+-----------+-----------+-----+-----+---------+
    |  Latency (cycles) |   Latency (absolute)  |  Interval | Pipeline|
    |   min   |   max   |    min    |    max    | min | max |   Type  |
    +---------+---------+-----------+-----------+-----+-----+---------+
    |       22|       22|  88.000 ns|  88.000 ns|   22|   22|       no|
    +---------+---------+-----------+-----------+-----+-----+---------+

    + Detail: 
        * Instance: 
        N/A

        * Loop: 
        N/A

============================================================
+ Verbose Summary: Synthesis Manager
============================================================
InlineROM: 1
ExposeGlobal: 0
============================================================
+ Verbose Summary: CDFG Model
============================================================
IsTopModel: 0
ResetActiveHigh: 1
IsCombinational: 0
IsDatapathOnly: 0
HasWiredReturn: 1
HasMFsm: 0
HasVarLatency: 1
IsPipeline: 0
IsRtlPipelined: 0
IsInstanceOverlapped: 0
IsDontTouch: 0
HasImplIP: 0
IsGatedGlobalClock: 0


============================================================
+ Verbose Summary: Schedule
============================================================
* Number of FSM states : 23
* Pipeline : 0
* Dataflow Pipeline: 0

* FSM state transitions: 
1 --> 2 
2 --> 3 
3 --> 4 
4 --> 5 
5 --> 6 
6 --> 7 
7 --> 8 
8 --> 9 
9 --> 10 
10 --> 11 
11 --> 12 
12 --> 13 
13 --> 14 
14 --> 15 
15 --> 16 
16 --> 17 
17 --> 18 
18 --> 19 
19 --> 20 
20 --> 21 
21 --> 22 
22 --> 23 
23 --> 

* FSM state operations: 

State 1 <SV = 0> <Delay = 2.75>
ST_1 : Operation 24 [1/1] (0.00ns)   --->   "%bucket_point_t_read_1 = read i256 @_ssdm_op_Read.ap_auto.i256, i256 %bucket_point_t_read" [../src/msm.cpp:474]   --->   Operation 24 'read' 'bucket_point_t_read_1' <Predicate = true> <Delay = 0.00>
ST_1 : Operation 25 [1/1] (0.00ns)   --->   "%bucket_point_y_read_1 = read i256 @_ssdm_op_Read.ap_auto.i256, i256 %bucket_point_y_read" [../src/msm.cpp:474]   --->   Operation 25 'read' 'bucket_point_y_read_1' <Predicate = true> <Delay = 0.00>
ST_1 : Operation 26 [1/1] (0.00ns)   --->   "%bucket_point_x_read_1 = read i256 @_ssdm_op_Read.ap_auto.i256, i256 %bucket_point_x_read" [../src/msm.cpp:474]   --->   Operation 26 'read' 'bucket_point_x_read_1' <Predicate = true> <Delay = 0.00>
ST_1 : Operation 27 [1/1] (1.95ns)   --->   "%icmp_ln479 = icmp_eq  i256 %bucket_point_x_read_1, i256 0" [../src/msm.cpp:479]   --->   Operation 27 'icmp' 'icmp_ln479' <Predicate = true> <Delay = 1.95> <CoreInst = "Cmp">   --->   Core 9 'Cmp' <Latency = 0> <II = 1> <Delay = 1.95> <FuncUnit> <Opcode : 'seteq' 'setne' 'setle' 'setge' 'setlt' 'setgt'> <InPorts = 2> <OutPorts = 1>
ST_1 : Operation 28 [1/1] (1.95ns)   --->   "%icmp_ln479_1 = icmp_eq  i256 %bucket_point_y_read_1, i256 1" [../src/msm.cpp:479]   --->   Operation 28 'icmp' 'icmp_ln479_1' <Predicate = true> <Delay = 1.95> <CoreInst = "Cmp">   --->   Core 9 'Cmp' <Latency = 0> <II = 1> <Delay = 1.95> <FuncUnit> <Opcode : 'seteq' 'setne' 'setle' 'setge' 'setlt' 'setgt'> <InPorts = 2> <OutPorts = 1>
ST_1 : Operation 29 [1/1] (0.28ns)   --->   "%and_ln479 = and i1 %icmp_ln479, i1 %icmp_ln479_1" [../src/msm.cpp:479]   --->   Operation 29 'and' 'and_ln479' <Predicate = true> <Delay = 0.28> <CoreInst = "LogicGate">   --->   Core 74 'LogicGate' <Latency = 0> <II = 1> <Delay = 0.28> <FuncUnit> <Opcode : 'and' 'or' 'xor'> <InPorts = 2> <OutPorts = 1>
ST_1 : Operation 30 [1/1] (0.51ns)   --->   "%T1 = select i1 %and_ln479, i256 0, i256 %bucket_point_t_read_1" [../src/msm.cpp:479]   --->   Operation 30 'select' 'T1' <Predicate = true> <Delay = 0.51> <CoreInst = "Sel">   --->   Core 73 'Sel' <Latency = 0> <II = 1> <Delay = 0.51> <FuncUnit> <Opcode : 'select'> <InPorts = 3> <OutPorts = 1>

State 2 <SV = 1> <Delay = 2.61>
ST_2 : Operation 31 [1/1] (0.00ns)   --->   "%t_read = read i256 @_ssdm_op_Read.ap_auto.i256, i256 %t" [../src/msm.cpp:474]   --->   Operation 31 'read' 't_read' <Predicate = true> <Delay = 0.00>
ST_2 : Operation 32 [1/1] (0.00ns)   --->   "%zext_ln302 = zext i256 %T1" [../src/msm.cpp:302->../src/msm.cpp:488]   --->   Operation 32 'zext' 'zext_ln302' <Predicate = true> <Delay = 0.00>
ST_2 : Operation 33 [1/1] (0.00ns)   --->   "%zext_ln302_1 = zext i256 %t_read" [../src/msm.cpp:302->../src/msm.cpp:488]   --->   Operation 33 'zext' 'zext_ln302_1' <Predicate = true> <Delay = 0.00>
ST_2 : Operation 34 [5/5] (2.61ns)   --->   "%mul_ln302 = mul i512 %zext_ln302_1, i512 %zext_ln302" [../src/msm.cpp:302->../src/msm.cpp:488]   --->   Operation 34 'mul' 'mul_ln302' <Predicate = true> <Delay = 2.61> <CoreInst = "Multiplier">   --->   Core 3 'Multiplier' <Latency = 4> <II = 1> <Delay = 2.61> <FuncUnit> <Opcode : 'mul'> <InPorts = 2> <OutPorts = 1>
ST_2 : Operation 35 [5/5] (2.61ns)   --->   "%T1_T2_1 = mul i256 %T1, i256 %t_read" [../src/msm.cpp:302->../src/msm.cpp:488]   --->   Operation 35 'mul' 'T1_T2_1' <Predicate = true> <Delay = 2.61> <CoreInst = "Multiplier">   --->   Core 3 'Multiplier' <Latency = 4> <II = 1> <Delay = 2.61> <FuncUnit> <Opcode : 'mul'> <InPorts = 2> <OutPorts = 1>

State 3 <SV = 2> <Delay = 2.61>
ST_3 : Operation 36 [4/5] (2.61ns)   --->   "%mul_ln302 = mul i512 %zext_ln302_1, i512 %zext_ln302" [../src/msm.cpp:302->../src/msm.cpp:488]   --->   Operation 36 'mul' 'mul_ln302' <Predicate = true> <Delay = 2.61> <CoreInst = "Multiplier">   --->   Core 3 'Multiplier' <Latency = 4> <II = 1> <Delay = 2.61> <FuncUnit> <Opcode : 'mul'> <InPorts = 2> <OutPorts = 1>
ST_3 : Operation 37 [4/5] (2.61ns)   --->   "%T1_T2_1 = mul i256 %T1, i256 %t_read" [../src/msm.cpp:302->../src/msm.cpp:488]   --->   Operation 37 'mul' 'T1_T2_1' <Predicate = true> <Delay = 2.61> <CoreInst = "Multiplier">   --->   Core 3 'Multiplier' <Latency = 4> <II = 1> <Delay = 2.61> <FuncUnit> <Opcode : 'mul'> <InPorts = 2> <OutPorts = 1>

State 4 <SV = 3> <Delay = 2.61>
ST_4 : Operation 38 [3/5] (2.61ns)   --->   "%mul_ln302 = mul i512 %zext_ln302_1, i512 %zext_ln302" [../src/msm.cpp:302->../src/msm.cpp:488]   --->   Operation 38 'mul' 'mul_ln302' <Predicate = true> <Delay = 2.61> <CoreInst = "Multiplier">   --->   Core 3 'Multiplier' <Latency = 4> <II = 1> <Delay = 2.61> <FuncUnit> <Opcode : 'mul'> <InPorts = 2> <OutPorts = 1>
ST_4 : Operation 39 [3/5] (2.61ns)   --->   "%T1_T2_1 = mul i256 %T1, i256 %t_read" [../src/msm.cpp:302->../src/msm.cpp:488]   --->   Operation 39 'mul' 'T1_T2_1' <Predicate = true> <Delay = 2.61> <CoreInst = "Multiplier">   --->   Core 3 'Multiplier' <Latency = 4> <II = 1> <Delay = 2.61> <FuncUnit> <Opcode : 'mul'> <InPorts = 2> <OutPorts = 1>

State 5 <SV = 4> <Delay = 2.61>
ST_5 : Operation 40 [1/1] (0.51ns)   --->   "%Y1 = select i1 %and_ln479, i256 1, i256 %bucket_point_y_read_1" [../src/msm.cpp:479]   --->   Operation 40 'select' 'Y1' <Predicate = true> <Delay = 0.51> <CoreInst = "Sel">   --->   Core 73 'Sel' <Latency = 0> <II = 1> <Delay = 0.51> <FuncUnit> <Opcode : 'select'> <InPorts = 3> <OutPorts = 1>
ST_5 : Operation 41 [1/1] (0.51ns)   --->   "%X1 = select i1 %and_ln479, i256 0, i256 %bucket_point_x_read_1" [../src/msm.cpp:479]   --->   Operation 41 'select' 'X1' <Predicate = true> <Delay = 0.51> <CoreInst = "Sel">   --->   Core 73 'Sel' <Latency = 0> <II = 1> <Delay = 0.51> <FuncUnit> <Opcode : 'select'> <InPorts = 3> <OutPorts = 1>
ST_5 : Operation 42 [2/5] (2.61ns)   --->   "%mul_ln302 = mul i512 %zext_ln302_1, i512 %zext_ln302" [../src/msm.cpp:302->../src/msm.cpp:488]   --->   Operation 42 'mul' 'mul_ln302' <Predicate = true> <Delay = 2.61> <CoreInst = "Multiplier">   --->   Core 3 'Multiplier' <Latency = 4> <II = 1> <Delay = 2.61> <FuncUnit> <Opcode : 'mul'> <InPorts = 2> <OutPorts = 1>
ST_5 : Operation 43 [2/5] (2.61ns)   --->   "%T1_T2_1 = mul i256 %T1, i256 %t_read" [../src/msm.cpp:302->../src/msm.cpp:488]   --->   Operation 43 'mul' 'T1_T2_1' <Predicate = true> <Delay = 2.61> <CoreInst = "Multiplier">   --->   Core 3 'Multiplier' <Latency = 4> <II = 1> <Delay = 2.61> <FuncUnit> <Opcode : 'mul'> <InPorts = 2> <OutPorts = 1>

State 6 <SV = 5> <Delay = 2.61>
ST_6 : Operation 44 [1/1] (0.00ns)   --->   "%y_read = read i256 @_ssdm_op_Read.ap_auto.i256, i256 %y" [../src/msm.cpp:474]   --->   Operation 44 'read' 'y_read' <Predicate = true> <Delay = 0.00>
ST_6 : Operation 45 [1/1] (0.00ns)   --->   "%x_read = read i256 @_ssdm_op_Read.ap_auto.i256, i256 %x" [../src/msm.cpp:474]   --->   Operation 45 'read' 'x_read' <Predicate = true> <Delay = 0.00>
ST_6 : Operation 46 [1/1] (0.00ns)   --->   "%zext_ln297 = zext i256 %X1" [../src/msm.cpp:297->../src/msm.cpp:488]   --->   Operation 46 'zext' 'zext_ln297' <Predicate = true> <Delay = 0.00>
ST_6 : Operation 47 [1/1] (0.00ns)   --->   "%zext_ln297_1 = zext i256 %Y1" [../src/msm.cpp:297->../src/msm.cpp:488]   --->   Operation 47 'zext' 'zext_ln297_1' <Predicate = true> <Delay = 0.00>
ST_6 : Operation 48 [1/1] (1.95ns)   --->   "%add_ln297 = add i257 %zext_ln297_1, i257 %zext_ln297" [../src/msm.cpp:297->../src/msm.cpp:488]   --->   Operation 48 'add' 'add_ln297' <Predicate = true> <Delay = 1.95> <CoreInst = "Adder">   --->   Core 1 'Adder' <Latency = 0> <II = 1> <Delay = 1.95> <FuncUnit> <Opcode : 'add' 'sub'> <InPorts = 2> <OutPorts = 1>
ST_6 : Operation 49 [1/1] (1.95ns)   --->   "%X1_plus_Y1_1 = add i256 %Y1, i256 %X1" [../src/msm.cpp:297->../src/msm.cpp:488]   --->   Operation 49 'add' 'X1_plus_Y1_1' <Predicate = true> <Delay = 1.95> <CoreInst = "Adder">   --->   Core 1 'Adder' <Latency = 0> <II = 1> <Delay = 1.95> <FuncUnit> <Opcode : 'add' 'sub'> <InPorts = 2> <OutPorts = 1>
ST_6 : Operation 50 [1/1] (0.00ns)   --->   "%zext_ln298 = zext i256 %x_read" [../src/msm.cpp:298->../src/msm.cpp:488]   --->   Operation 50 'zext' 'zext_ln298' <Predicate = true> <Delay = 0.00>
ST_6 : Operation 51 [1/1] (0.00ns)   --->   "%zext_ln298_1 = zext i256 %y_read" [../src/msm.cpp:298->../src/msm.cpp:488]   --->   Operation 51 'zext' 'zext_ln298_1' <Predicate = true> <Delay = 0.00>
ST_6 : Operation 52 [1/1] (1.95ns)   --->   "%add_ln298 = add i257 %zext_ln298_1, i257 %zext_ln298" [../src/msm.cpp:298->../src/msm.cpp:488]   --->   Operation 52 'add' 'add_ln298' <Predicate = true> <Delay = 1.95> <CoreInst = "Adder">   --->   Core 1 'Adder' <Latency = 0> <II = 1> <Delay = 1.95> <FuncUnit> <Opcode : 'add' 'sub'> <InPorts = 2> <OutPorts = 1>
ST_6 : Operation 53 [1/1] (1.95ns)   --->   "%X2_plus_Y2_1 = add i256 %y_read, i256 %x_read" [../src/msm.cpp:298->../src/msm.cpp:488]   --->   Operation 53 'add' 'X2_plus_Y2_1' <Predicate = true> <Delay = 1.95> <CoreInst = "Adder">   --->   Core 1 'Adder' <Latency = 0> <II = 1> <Delay = 1.95> <FuncUnit> <Opcode : 'add' 'sub'> <InPorts = 2> <OutPorts = 1>
ST_6 : Operation 54 [1/1] (0.00ns)   --->   "%zext_ln299 = zext i256 %X1" [../src/msm.cpp:299->../src/msm.cpp:488]   --->   Operation 54 'zext' 'zext_ln299' <Predicate = true> <Delay = 0.00>
ST_6 : Operation 55 [1/1] (0.00ns)   --->   "%zext_ln299_1 = zext i256 %x_read" [../src/msm.cpp:299->../src/msm.cpp:488]   --->   Operation 55 'zext' 'zext_ln299_1' <Predicate = true> <Delay = 0.00>
ST_6 : Operation 56 [5/5] (2.61ns)   --->   "%mul_ln299 = mul i512 %zext_ln299_1, i512 %zext_ln299" [../src/msm.cpp:299->../src/msm.cpp:488]   --->   Operation 56 'mul' 'mul_ln299' <Predicate = true> <Delay = 2.61> <CoreInst = "Multiplier">   --->   Core 3 'Multiplier' <Latency = 4> <II = 1> <Delay = 2.61> <FuncUnit> <Opcode : 'mul'> <InPorts = 2> <OutPorts = 1>
ST_6 : Operation 57 [5/5] (2.61ns)   --->   "%X1_X2_1 = mul i256 %X1, i256 %x_read" [../src/msm.cpp:299->../src/msm.cpp:488]   --->   Operation 57 'mul' 'X1_X2_1' <Predicate = true> <Delay = 2.61> <CoreInst = "Multiplier">   --->   Core 3 'Multiplier' <Latency = 4> <II = 1> <Delay = 2.61> <FuncUnit> <Opcode : 'mul'> <InPorts = 2> <OutPorts = 1>
ST_6 : Operation 58 [1/1] (0.00ns)   --->   "%zext_ln300 = zext i256 %Y1" [../src/msm.cpp:300->../src/msm.cpp:488]   --->   Operation 58 'zext' 'zext_ln300' <Predicate = true> <Delay = 0.00>
ST_6 : Operation 59 [1/1] (0.00ns)   --->   "%zext_ln300_1 = zext i256 %y_read" [../src/msm.cpp:300->../src/msm.cpp:488]   --->   Operation 59 'zext' 'zext_ln300_1' <Predicate = true> <Delay = 0.00>
ST_6 : Operation 60 [5/5] (2.61ns)   --->   "%mul_ln300 = mul i512 %zext_ln300_1, i512 %zext_ln300" [../src/msm.cpp:300->../src/msm.cpp:488]   --->   Operation 60 'mul' 'mul_ln300' <Predicate = true> <Delay = 2.61> <CoreInst = "Multiplier">   --->   Core 3 'Multiplier' <Latency = 4> <II = 1> <Delay = 2.61> <FuncUnit> <Opcode : 'mul'> <InPorts = 2> <OutPorts = 1>
ST_6 : Operation 61 [5/5] (2.61ns)   --->   "%Y1_Y2_1 = mul i256 %Y1, i256 %y_read" [../src/msm.cpp:300->../src/msm.cpp:488]   --->   Operation 61 'mul' 'Y1_Y2_1' <Predicate = true> <Delay = 2.61> <CoreInst = "Multiplier">   --->   Core 3 'Multiplier' <Latency = 4> <II = 1> <Delay = 2.61> <FuncUnit> <Opcode : 'mul'> <InPorts = 2> <OutPorts = 1>
ST_6 : Operation 62 [1/5] (2.61ns)   --->   "%mul_ln302 = mul i512 %zext_ln302_1, i512 %zext_ln302" [../src/msm.cpp:302->../src/msm.cpp:488]   --->   Operation 62 'mul' 'mul_ln302' <Predicate = true> <Delay = 2.61> <CoreInst = "Multiplier">   --->   Core 3 'Multiplier' <Latency = 4> <II = 1> <Delay = 2.61> <FuncUnit> <Opcode : 'mul'> <InPorts = 2> <OutPorts = 1>
ST_6 : Operation 63 [1/5] (2.61ns)   --->   "%T1_T2_1 = mul i256 %T1, i256 %t_read" [../src/msm.cpp:302->../src/msm.cpp:488]   --->   Operation 63 'mul' 'T1_T2_1' <Predicate = true> <Delay = 2.61> <CoreInst = "Multiplier">   --->   Core 3 'Multiplier' <Latency = 4> <II = 1> <Delay = 2.61> <FuncUnit> <Opcode : 'mul'> <InPorts = 2> <OutPorts = 1>

State 7 <SV = 6> <Delay = 2.85>
ST_7 : Operation 64 [1/1] (0.00ns)   --->   "%bucket_point_z_read_1 = read i256 @_ssdm_op_Read.ap_auto.i256, i256 %bucket_point_z_read" [../src/msm.cpp:474]   --->   Operation 64 'read' 'bucket_point_z_read_1' <Predicate = true> <Delay = 0.00>
ST_7 : Operation 65 [1/1] (0.51ns)   --->   "%Z1 = select i1 %and_ln479, i256 1, i256 %bucket_point_z_read_1" [../src/msm.cpp:479]   --->   Operation 65 'select' 'Z1' <Predicate = true> <Delay = 0.51> <CoreInst = "Sel">   --->   Core 73 'Sel' <Latency = 0> <II = 1> <Delay = 0.51> <FuncUnit> <Opcode : 'select'> <InPorts = 3> <OutPorts = 1>
ST_7 : Operation 66 [1/1] (1.95ns)   --->   "%icmp_ln297 = icmp_ugt  i257 %add_ln297, i257 21888242871839275222246405745257275088548364400416034343698204186575808495616" [../src/msm.cpp:297->../src/msm.cpp:488]   --->   Operation 66 'icmp' 'icmp_ln297' <Predicate = true> <Delay = 1.95> <CoreInst = "Cmp">   --->   Core 9 'Cmp' <Latency = 0> <II = 1> <Delay = 1.95> <FuncUnit> <Opcode : 'seteq' 'setne' 'setle' 'setge' 'setlt' 'setgt'> <InPorts = 2> <OutPorts = 1>
ST_7 : Operation 67 [1/1] (1.95ns)   --->   "%X1_plus_Y1 = add i256 %X1_plus_Y1_1, i256 93903846365476920201324579263430632764721620265224529695759379821337321144319" [../src/msm.cpp:297->../src/msm.cpp:488]   --->   Operation 67 'add' 'X1_plus_Y1' <Predicate = true> <Delay = 1.95> <CoreInst = "Adder">   --->   Core 1 'Adder' <Latency = 0> <II = 1> <Delay = 1.95> <FuncUnit> <Opcode : 'add' 'sub'> <InPorts = 2> <OutPorts = 1>
ST_7 : Operation 68 [1/1] (0.51ns)   --->   "%X1_plus_Y1_2 = select i1 %icmp_ln297, i256 %X1_plus_Y1, i256 %X1_plus_Y1_1" [../src/msm.cpp:297->../src/msm.cpp:488]   --->   Operation 68 'select' 'X1_plus_Y1_2' <Predicate = true> <Delay = 0.51> <CoreInst = "Sel">   --->   Core 73 'Sel' <Latency = 0> <II = 1> <Delay = 0.51> <FuncUnit> <Opcode : 'select'> <InPorts = 3> <OutPorts = 1>
ST_7 : Operation 69 [1/1] (1.95ns)   --->   "%icmp_ln298 = icmp_ugt  i257 %add_ln298, i257 21888242871839275222246405745257275088548364400416034343698204186575808495616" [../src/msm.cpp:298->../src/msm.cpp:488]   --->   Operation 69 'icmp' 'icmp_ln298' <Predicate = true> <Delay = 1.95> <CoreInst = "Cmp">   --->   Core 9 'Cmp' <Latency = 0> <II = 1> <Delay = 1.95> <FuncUnit> <Opcode : 'seteq' 'setne' 'setle' 'setge' 'setlt' 'setgt'> <InPorts = 2> <OutPorts = 1>
ST_7 : Operation 70 [1/1] (1.95ns)   --->   "%X2_plus_Y2 = add i256 %X2_plus_Y2_1, i256 93903846365476920201324579263430632764721620265224529695759379821337321144319" [../src/msm.cpp:298->../src/msm.cpp:488]   --->   Operation 70 'add' 'X2_plus_Y2' <Predicate = true> <Delay = 1.95> <CoreInst = "Adder">   --->   Core 1 'Adder' <Latency = 0> <II = 1> <Delay = 1.95> <FuncUnit> <Opcode : 'add' 'sub'> <InPorts = 2> <OutPorts = 1>
ST_7 : Operation 71 [1/1] (0.51ns)   --->   "%X2_plus_Y2_2 = select i1 %icmp_ln298, i256 %X2_plus_Y2, i256 %X2_plus_Y2_1" [../src/msm.cpp:298->../src/msm.cpp:488]   --->   Operation 71 'select' 'X2_plus_Y2_2' <Predicate = true> <Delay = 0.51> <CoreInst = "Sel">   --->   Core 73 'Sel' <Latency = 0> <II = 1> <Delay = 0.51> <FuncUnit> <Opcode : 'select'> <InPorts = 3> <OutPorts = 1>
ST_7 : Operation 72 [4/5] (2.61ns)   --->   "%mul_ln299 = mul i512 %zext_ln299_1, i512 %zext_ln299" [../src/msm.cpp:299->../src/msm.cpp:488]   --->   Operation 72 'mul' 'mul_ln299' <Predicate = true> <Delay = 2.61> <CoreInst = "Multiplier">   --->   Core 3 'Multiplier' <Latency = 4> <II = 1> <Delay = 2.61> <FuncUnit> <Opcode : 'mul'> <InPorts = 2> <OutPorts = 1>
ST_7 : Operation 73 [4/5] (2.61ns)   --->   "%X1_X2_1 = mul i256 %X1, i256 %x_read" [../src/msm.cpp:299->../src/msm.cpp:488]   --->   Operation 73 'mul' 'X1_X2_1' <Predicate = true> <Delay = 2.61> <CoreInst = "Multiplier">   --->   Core 3 'Multiplier' <Latency = 4> <II = 1> <Delay = 2.61> <FuncUnit> <Opcode : 'mul'> <InPorts = 2> <OutPorts = 1>
ST_7 : Operation 74 [4/5] (2.61ns)   --->   "%mul_ln300 = mul i512 %zext_ln300_1, i512 %zext_ln300" [../src/msm.cpp:300->../src/msm.cpp:488]   --->   Operation 74 'mul' 'mul_ln300' <Predicate = true> <Delay = 2.61> <CoreInst = "Multiplier">   --->   Core 3 'Multiplier' <Latency = 4> <II = 1> <Delay = 2.61> <FuncUnit> <Opcode : 'mul'> <InPorts = 2> <OutPorts = 1>
ST_7 : Operation 75 [4/5] (2.61ns)   --->   "%Y1_Y2_1 = mul i256 %Y1, i256 %y_read" [../src/msm.cpp:300->../src/msm.cpp:488]   --->   Operation 75 'mul' 'Y1_Y2_1' <Predicate = true> <Delay = 2.61> <CoreInst = "Multiplier">   --->   Core 3 'Multiplier' <Latency = 4> <II = 1> <Delay = 2.61> <FuncUnit> <Opcode : 'mul'> <InPorts = 2> <OutPorts = 1>
ST_7 : Operation 76 [1/1] (2.85ns)   --->   "%icmp_ln302 = icmp_ugt  i512 %mul_ln302, i512 21888242871839275222246405745257275088548364400416034343698204186575808495616" [../src/msm.cpp:302->../src/msm.cpp:488]   --->   Operation 76 'icmp' 'icmp_ln302' <Predicate = true> <Delay = 2.85> <CoreInst = "Cmp">   --->   Core 9 'Cmp' <Latency = 0> <II = 1> <Delay = 2.85> <FuncUnit> <Opcode : 'seteq' 'setne' 'setle' 'setge' 'setlt' 'setgt'> <InPorts = 2> <OutPorts = 1>

State 8 <SV = 7> <Delay = 2.61>
ST_8 : Operation 77 [1/1] (0.00ns)   --->   "%z_read = read i256 @_ssdm_op_Read.ap_auto.i256, i256 %z" [../src/msm.cpp:474]   --->   Operation 77 'read' 'z_read' <Predicate = true> <Delay = 0.00>
ST_8 : Operation 78 [3/5] (2.61ns)   --->   "%mul_ln299 = mul i512 %zext_ln299_1, i512 %zext_ln299" [../src/msm.cpp:299->../src/msm.cpp:488]   --->   Operation 78 'mul' 'mul_ln299' <Predicate = true> <Delay = 2.61> <CoreInst = "Multiplier">   --->   Core 3 'Multiplier' <Latency = 4> <II = 1> <Delay = 2.61> <FuncUnit> <Opcode : 'mul'> <InPorts = 2> <OutPorts = 1>
ST_8 : Operation 79 [3/5] (2.61ns)   --->   "%X1_X2_1 = mul i256 %X1, i256 %x_read" [../src/msm.cpp:299->../src/msm.cpp:488]   --->   Operation 79 'mul' 'X1_X2_1' <Predicate = true> <Delay = 2.61> <CoreInst = "Multiplier">   --->   Core 3 'Multiplier' <Latency = 4> <II = 1> <Delay = 2.61> <FuncUnit> <Opcode : 'mul'> <InPorts = 2> <OutPorts = 1>
ST_8 : Operation 80 [3/5] (2.61ns)   --->   "%mul_ln300 = mul i512 %zext_ln300_1, i512 %zext_ln300" [../src/msm.cpp:300->../src/msm.cpp:488]   --->   Operation 80 'mul' 'mul_ln300' <Predicate = true> <Delay = 2.61> <CoreInst = "Multiplier">   --->   Core 3 'Multiplier' <Latency = 4> <II = 1> <Delay = 2.61> <FuncUnit> <Opcode : 'mul'> <InPorts = 2> <OutPorts = 1>
ST_8 : Operation 81 [3/5] (2.61ns)   --->   "%Y1_Y2_1 = mul i256 %Y1, i256 %y_read" [../src/msm.cpp:300->../src/msm.cpp:488]   --->   Operation 81 'mul' 'Y1_Y2_1' <Predicate = true> <Delay = 2.61> <CoreInst = "Multiplier">   --->   Core 3 'Multiplier' <Latency = 4> <II = 1> <Delay = 2.61> <FuncUnit> <Opcode : 'mul'> <InPorts = 2> <OutPorts = 1>
ST_8 : Operation 82 [1/1] (0.00ns)   --->   "%zext_ln301 = zext i256 %Z1" [../src/msm.cpp:301->../src/msm.cpp:488]   --->   Operation 82 'zext' 'zext_ln301' <Predicate = true> <Delay = 0.00>
ST_8 : Operation 83 [1/1] (0.00ns)   --->   "%zext_ln301_1 = zext i256 %z_read" [../src/msm.cpp:301->../src/msm.cpp:488]   --->   Operation 83 'zext' 'zext_ln301_1' <Predicate = true> <Delay = 0.00>
ST_8 : Operation 84 [5/5] (2.61ns)   --->   "%mul_ln301 = mul i512 %zext_ln301_1, i512 %zext_ln301" [../src/msm.cpp:301->../src/msm.cpp:488]   --->   Operation 84 'mul' 'mul_ln301' <Predicate = true> <Delay = 2.61> <CoreInst = "Multiplier">   --->   Core 3 'Multiplier' <Latency = 4> <II = 1> <Delay = 2.61> <FuncUnit> <Opcode : 'mul'> <InPorts = 2> <OutPorts = 1>
ST_8 : Operation 85 [5/5] (2.61ns)   --->   "%Z1_Z2_1 = mul i256 %Z1, i256 %z_read" [../src/msm.cpp:301->../src/msm.cpp:488]   --->   Operation 85 'mul' 'Z1_Z2_1' <Predicate = true> <Delay = 2.61> <CoreInst = "Multiplier">   --->   Core 3 'Multiplier' <Latency = 4> <II = 1> <Delay = 2.61> <FuncUnit> <Opcode : 'mul'> <InPorts = 2> <OutPorts = 1>
ST_8 : Operation 86 [1/1] (1.95ns)   --->   "%T1_T2 = add i256 %T1_T2_1, i256 93903846365476920201324579263430632764721620265224529695759379821337321144319" [../src/msm.cpp:302->../src/msm.cpp:488]   --->   Operation 86 'add' 'T1_T2' <Predicate = (icmp_ln302)> <Delay = 1.95> <CoreInst = "Adder">   --->   Core 1 'Adder' <Latency = 0> <II = 1> <Delay = 1.95> <FuncUnit> <Opcode : 'add' 'sub'> <InPorts = 2> <OutPorts = 1>
ST_8 : Operation 87 [1/1] (0.51ns)   --->   "%T1_T2_2 = select i1 %icmp_ln302, i256 %T1_T2, i256 %T1_T2_1" [../src/msm.cpp:302->../src/msm.cpp:488]   --->   Operation 87 'select' 'T1_T2_2' <Predicate = true> <Delay = 0.51> <CoreInst = "Sel">   --->   Core 73 'Sel' <Latency = 0> <II = 1> <Delay = 0.51> <FuncUnit> <Opcode : 'select'> <InPorts = 3> <OutPorts = 1>
ST_8 : Operation 88 [1/1] (0.00ns)   --->   "%zext_ln305 = zext i256 %X1_plus_Y1_2" [../src/msm.cpp:305->../src/msm.cpp:488]   --->   Operation 88 'zext' 'zext_ln305' <Predicate = true> <Delay = 0.00>
ST_8 : Operation 89 [1/1] (0.00ns)   --->   "%zext_ln305_1 = zext i256 %X2_plus_Y2_2" [../src/msm.cpp:305->../src/msm.cpp:488]   --->   Operation 89 'zext' 'zext_ln305_1' <Predicate = true> <Delay = 0.00>
ST_8 : Operation 90 [5/5] (2.61ns)   --->   "%mul_ln305 = mul i512 %zext_ln305_1, i512 %zext_ln305" [../src/msm.cpp:305->../src/msm.cpp:488]   --->   Operation 90 'mul' 'mul_ln305' <Predicate = true> <Delay = 2.61> <CoreInst = "Multiplier">   --->   Core 3 'Multiplier' <Latency = 4> <II = 1> <Delay = 2.61> <FuncUnit> <Opcode : 'mul'> <InPorts = 2> <OutPorts = 1>
ST_8 : Operation 91 [5/5] (2.61ns)   --->   "%term1_1 = mul i256 %X2_plus_Y2_2, i256 %X1_plus_Y1_2" [../src/msm.cpp:305->../src/msm.cpp:488]   --->   Operation 91 'mul' 'term1_1' <Predicate = true> <Delay = 2.61> <CoreInst = "Multiplier">   --->   Core 3 'Multiplier' <Latency = 4> <II = 1> <Delay = 2.61> <FuncUnit> <Opcode : 'mul'> <InPorts = 2> <OutPorts = 1>

State 9 <SV = 8> <Delay = 2.61>
ST_9 : Operation 92 [2/5] (2.61ns)   --->   "%mul_ln299 = mul i512 %zext_ln299_1, i512 %zext_ln299" [../src/msm.cpp:299->../src/msm.cpp:488]   --->   Operation 92 'mul' 'mul_ln299' <Predicate = true> <Delay = 2.61> <CoreInst = "Multiplier">   --->   Core 3 'Multiplier' <Latency = 4> <II = 1> <Delay = 2.61> <FuncUnit> <Opcode : 'mul'> <InPorts = 2> <OutPorts = 1>
ST_9 : Operation 93 [2/5] (2.61ns)   --->   "%X1_X2_1 = mul i256 %X1, i256 %x_read" [../src/msm.cpp:299->../src/msm.cpp:488]   --->   Operation 93 'mul' 'X1_X2_1' <Predicate = true> <Delay = 2.61> <CoreInst = "Multiplier">   --->   Core 3 'Multiplier' <Latency = 4> <II = 1> <Delay = 2.61> <FuncUnit> <Opcode : 'mul'> <InPorts = 2> <OutPorts = 1>
ST_9 : Operation 94 [2/5] (2.61ns)   --->   "%mul_ln300 = mul i512 %zext_ln300_1, i512 %zext_ln300" [../src/msm.cpp:300->../src/msm.cpp:488]   --->   Operation 94 'mul' 'mul_ln300' <Predicate = true> <Delay = 2.61> <CoreInst = "Multiplier">   --->   Core 3 'Multiplier' <Latency = 4> <II = 1> <Delay = 2.61> <FuncUnit> <Opcode : 'mul'> <InPorts = 2> <OutPorts = 1>
ST_9 : Operation 95 [2/5] (2.61ns)   --->   "%Y1_Y2_1 = mul i256 %Y1, i256 %y_read" [../src/msm.cpp:300->../src/msm.cpp:488]   --->   Operation 95 'mul' 'Y1_Y2_1' <Predicate = true> <Delay = 2.61> <CoreInst = "Multiplier">   --->   Core 3 'Multiplier' <Latency = 4> <II = 1> <Delay = 2.61> <FuncUnit> <Opcode : 'mul'> <InPorts = 2> <OutPorts = 1>
ST_9 : Operation 96 [4/5] (2.61ns)   --->   "%mul_ln301 = mul i512 %zext_ln301_1, i512 %zext_ln301" [../src/msm.cpp:301->../src/msm.cpp:488]   --->   Operation 96 'mul' 'mul_ln301' <Predicate = true> <Delay = 2.61> <CoreInst = "Multiplier">   --->   Core 3 'Multiplier' <Latency = 4> <II = 1> <Delay = 2.61> <FuncUnit> <Opcode : 'mul'> <InPorts = 2> <OutPorts = 1>
ST_9 : Operation 97 [4/5] (2.61ns)   --->   "%Z1_Z2_1 = mul i256 %Z1, i256 %z_read" [../src/msm.cpp:301->../src/msm.cpp:488]   --->   Operation 97 'mul' 'Z1_Z2_1' <Predicate = true> <Delay = 2.61> <CoreInst = "Multiplier">   --->   Core 3 'Multiplier' <Latency = 4> <II = 1> <Delay = 2.61> <FuncUnit> <Opcode : 'mul'> <InPorts = 2> <OutPorts = 1>
ST_9 : Operation 98 [1/1] (0.00ns)   --->   "%zext_ln303 = zext i256 %T1_T2_2" [../src/msm.cpp:303->../src/msm.cpp:488]   --->   Operation 98 'zext' 'zext_ln303' <Predicate = true> <Delay = 0.00>
ST_9 : Operation 99 [5/5] (2.61ns)   --->   "%mul_ln303 = mul i509 %zext_ln303, i509 9706598848417545097372247223557719406784115219466060233080913168975159366771" [../src/msm.cpp:303->../src/msm.cpp:488]   --->   Operation 99 'mul' 'mul_ln303' <Predicate = true> <Delay = 2.61> <CoreInst = "Multiplier">   --->   Core 3 'Multiplier' <Latency = 4> <II = 1> <Delay = 2.61> <FuncUnit> <Opcode : 'mul'> <InPorts = 2> <OutPorts = 1>
ST_9 : Operation 100 [5/5] (2.61ns)   --->   "%curve_d_T1_T2_1 = mul i256 %T1_T2_2, i256 9706598848417545097372247223557719406784115219466060233080913168975159366771" [../src/msm.cpp:303->../src/msm.cpp:488]   --->   Operation 100 'mul' 'curve_d_T1_T2_1' <Predicate = true> <Delay = 2.61> <CoreInst = "Multiplier">   --->   Core 3 'Multiplier' <Latency = 4> <II = 1> <Delay = 2.61> <FuncUnit> <Opcode : 'mul'> <InPorts = 2> <OutPorts = 1>
ST_9 : Operation 101 [4/5] (2.61ns)   --->   "%mul_ln305 = mul i512 %zext_ln305_1, i512 %zext_ln305" [../src/msm.cpp:305->../src/msm.cpp:488]   --->   Operation 101 'mul' 'mul_ln305' <Predicate = true> <Delay = 2.61> <CoreInst = "Multiplier">   --->   Core 3 'Multiplier' <Latency = 4> <II = 1> <Delay = 2.61> <FuncUnit> <Opcode : 'mul'> <InPorts = 2> <OutPorts = 1>
ST_9 : Operation 102 [4/5] (2.61ns)   --->   "%term1_1 = mul i256 %X2_plus_Y2_2, i256 %X1_plus_Y1_2" [../src/msm.cpp:305->../src/msm.cpp:488]   --->   Operation 102 'mul' 'term1_1' <Predicate = true> <Delay = 2.61> <CoreInst = "Multiplier">   --->   Core 3 'Multiplier' <Latency = 4> <II = 1> <Delay = 2.61> <FuncUnit> <Opcode : 'mul'> <InPorts = 2> <OutPorts = 1>

State 10 <SV = 9> <Delay = 2.61>
ST_10 : Operation 103 [1/5] (2.61ns)   --->   "%mul_ln299 = mul i512 %zext_ln299_1, i512 %zext_ln299" [../src/msm.cpp:299->../src/msm.cpp:488]   --->   Operation 103 'mul' 'mul_ln299' <Predicate = true> <Delay = 2.61> <CoreInst = "Multiplier">   --->   Core 3 'Multiplier' <Latency = 4> <II = 1> <Delay = 2.61> <FuncUnit> <Opcode : 'mul'> <InPorts = 2> <OutPorts = 1>
ST_10 : Operation 104 [1/5] (2.61ns)   --->   "%X1_X2_1 = mul i256 %X1, i256 %x_read" [../src/msm.cpp:299->../src/msm.cpp:488]   --->   Operation 104 'mul' 'X1_X2_1' <Predicate = true> <Delay = 2.61> <CoreInst = "Multiplier">   --->   Core 3 'Multiplier' <Latency = 4> <II = 1> <Delay = 2.61> <FuncUnit> <Opcode : 'mul'> <InPorts = 2> <OutPorts = 1>
ST_10 : Operation 105 [1/5] (2.61ns)   --->   "%mul_ln300 = mul i512 %zext_ln300_1, i512 %zext_ln300" [../src/msm.cpp:300->../src/msm.cpp:488]   --->   Operation 105 'mul' 'mul_ln300' <Predicate = true> <Delay = 2.61> <CoreInst = "Multiplier">   --->   Core 3 'Multiplier' <Latency = 4> <II = 1> <Delay = 2.61> <FuncUnit> <Opcode : 'mul'> <InPorts = 2> <OutPorts = 1>
ST_10 : Operation 106 [1/5] (2.61ns)   --->   "%Y1_Y2_1 = mul i256 %Y1, i256 %y_read" [../src/msm.cpp:300->../src/msm.cpp:488]   --->   Operation 106 'mul' 'Y1_Y2_1' <Predicate = true> <Delay = 2.61> <CoreInst = "Multiplier">   --->   Core 3 'Multiplier' <Latency = 4> <II = 1> <Delay = 2.61> <FuncUnit> <Opcode : 'mul'> <InPorts = 2> <OutPorts = 1>
ST_10 : Operation 107 [3/5] (2.61ns)   --->   "%mul_ln301 = mul i512 %zext_ln301_1, i512 %zext_ln301" [../src/msm.cpp:301->../src/msm.cpp:488]   --->   Operation 107 'mul' 'mul_ln301' <Predicate = true> <Delay = 2.61> <CoreInst = "Multiplier">   --->   Core 3 'Multiplier' <Latency = 4> <II = 1> <Delay = 2.61> <FuncUnit> <Opcode : 'mul'> <InPorts = 2> <OutPorts = 1>
ST_10 : Operation 108 [3/5] (2.61ns)   --->   "%Z1_Z2_1 = mul i256 %Z1, i256 %z_read" [../src/msm.cpp:301->../src/msm.cpp:488]   --->   Operation 108 'mul' 'Z1_Z2_1' <Predicate = true> <Delay = 2.61> <CoreInst = "Multiplier">   --->   Core 3 'Multiplier' <Latency = 4> <II = 1> <Delay = 2.61> <FuncUnit> <Opcode : 'mul'> <InPorts = 2> <OutPorts = 1>
ST_10 : Operation 109 [4/5] (2.61ns)   --->   "%mul_ln303 = mul i509 %zext_ln303, i509 9706598848417545097372247223557719406784115219466060233080913168975159366771" [../src/msm.cpp:303->../src/msm.cpp:488]   --->   Operation 109 'mul' 'mul_ln303' <Predicate = true> <Delay = 2.61> <CoreInst = "Multiplier">   --->   Core 3 'Multiplier' <Latency = 4> <II = 1> <Delay = 2.61> <FuncUnit> <Opcode : 'mul'> <InPorts = 2> <OutPorts = 1>
ST_10 : Operation 110 [4/5] (2.61ns)   --->   "%curve_d_T1_T2_1 = mul i256 %T1_T2_2, i256 9706598848417545097372247223557719406784115219466060233080913168975159366771" [../src/msm.cpp:303->../src/msm.cpp:488]   --->   Operation 110 'mul' 'curve_d_T1_T2_1' <Predicate = true> <Delay = 2.61> <CoreInst = "Multiplier">   --->   Core 3 'Multiplier' <Latency = 4> <II = 1> <Delay = 2.61> <FuncUnit> <Opcode : 'mul'> <InPorts = 2> <OutPorts = 1>
ST_10 : Operation 111 [3/5] (2.61ns)   --->   "%mul_ln305 = mul i512 %zext_ln305_1, i512 %zext_ln305" [../src/msm.cpp:305->../src/msm.cpp:488]   --->   Operation 111 'mul' 'mul_ln305' <Predicate = true> <Delay = 2.61> <CoreInst = "Multiplier">   --->   Core 3 'Multiplier' <Latency = 4> <II = 1> <Delay = 2.61> <FuncUnit> <Opcode : 'mul'> <InPorts = 2> <OutPorts = 1>
ST_10 : Operation 112 [3/5] (2.61ns)   --->   "%term1_1 = mul i256 %X2_plus_Y2_2, i256 %X1_plus_Y1_2" [../src/msm.cpp:305->../src/msm.cpp:488]   --->   Operation 112 'mul' 'term1_1' <Predicate = true> <Delay = 2.61> <CoreInst = "Multiplier">   --->   Core 3 'Multiplier' <Latency = 4> <II = 1> <Delay = 2.61> <FuncUnit> <Opcode : 'mul'> <InPorts = 2> <OutPorts = 1>

State 11 <SV = 10> <Delay = 2.85>
ST_11 : Operation 113 [1/1] (2.85ns)   --->   "%icmp_ln299 = icmp_ugt  i512 %mul_ln299, i512 21888242871839275222246405745257275088548364400416034343698204186575808495616" [../src/msm.cpp:299->../src/msm.cpp:488]   --->   Operation 113 'icmp' 'icmp_ln299' <Predicate = true> <Delay = 2.85> <CoreInst = "Cmp">   --->   Core 9 'Cmp' <Latency = 0> <II = 1> <Delay = 2.85> <FuncUnit> <Opcode : 'seteq' 'setne' 'setle' 'setge' 'setlt' 'setgt'> <InPorts = 2> <OutPorts = 1>
ST_11 : Operation 114 [1/1] (2.85ns)   --->   "%icmp_ln300 = icmp_ugt  i512 %mul_ln300, i512 21888242871839275222246405745257275088548364400416034343698204186575808495616" [../src/msm.cpp:300->../src/msm.cpp:488]   --->   Operation 114 'icmp' 'icmp_ln300' <Predicate = true> <Delay = 2.85> <CoreInst = "Cmp">   --->   Core 9 'Cmp' <Latency = 0> <II = 1> <Delay = 2.85> <FuncUnit> <Opcode : 'seteq' 'setne' 'setle' 'setge' 'setlt' 'setgt'> <InPorts = 2> <OutPorts = 1>
ST_11 : Operation 115 [2/5] (2.61ns)   --->   "%mul_ln301 = mul i512 %zext_ln301_1, i512 %zext_ln301" [../src/msm.cpp:301->../src/msm.cpp:488]   --->   Operation 115 'mul' 'mul_ln301' <Predicate = true> <Delay = 2.61> <CoreInst = "Multiplier">   --->   Core 3 'Multiplier' <Latency = 4> <II = 1> <Delay = 2.61> <FuncUnit> <Opcode : 'mul'> <InPorts = 2> <OutPorts = 1>
ST_11 : Operation 116 [2/5] (2.61ns)   --->   "%Z1_Z2_1 = mul i256 %Z1, i256 %z_read" [../src/msm.cpp:301->../src/msm.cpp:488]   --->   Operation 116 'mul' 'Z1_Z2_1' <Predicate = true> <Delay = 2.61> <CoreInst = "Multiplier">   --->   Core 3 'Multiplier' <Latency = 4> <II = 1> <Delay = 2.61> <FuncUnit> <Opcode : 'mul'> <InPorts = 2> <OutPorts = 1>
ST_11 : Operation 117 [3/5] (2.61ns)   --->   "%mul_ln303 = mul i509 %zext_ln303, i509 9706598848417545097372247223557719406784115219466060233080913168975159366771" [../src/msm.cpp:303->../src/msm.cpp:488]   --->   Operation 117 'mul' 'mul_ln303' <Predicate = true> <Delay = 2.61> <CoreInst = "Multiplier">   --->   Core 3 'Multiplier' <Latency = 4> <II = 1> <Delay = 2.61> <FuncUnit> <Opcode : 'mul'> <InPorts = 2> <OutPorts = 1>
ST_11 : Operation 118 [3/5] (2.61ns)   --->   "%curve_d_T1_T2_1 = mul i256 %T1_T2_2, i256 9706598848417545097372247223557719406784115219466060233080913168975159366771" [../src/msm.cpp:303->../src/msm.cpp:488]   --->   Operation 118 'mul' 'curve_d_T1_T2_1' <Predicate = true> <Delay = 2.61> <CoreInst = "Multiplier">   --->   Core 3 'Multiplier' <Latency = 4> <II = 1> <Delay = 2.61> <FuncUnit> <Opcode : 'mul'> <InPorts = 2> <OutPorts = 1>
ST_11 : Operation 119 [2/5] (2.61ns)   --->   "%mul_ln305 = mul i512 %zext_ln305_1, i512 %zext_ln305" [../src/msm.cpp:305->../src/msm.cpp:488]   --->   Operation 119 'mul' 'mul_ln305' <Predicate = true> <Delay = 2.61> <CoreInst = "Multiplier">   --->   Core 3 'Multiplier' <Latency = 4> <II = 1> <Delay = 2.61> <FuncUnit> <Opcode : 'mul'> <InPorts = 2> <OutPorts = 1>
ST_11 : Operation 120 [2/5] (2.61ns)   --->   "%term1_1 = mul i256 %X2_plus_Y2_2, i256 %X1_plus_Y1_2" [../src/msm.cpp:305->../src/msm.cpp:488]   --->   Operation 120 'mul' 'term1_1' <Predicate = true> <Delay = 2.61> <CoreInst = "Multiplier">   --->   Core 3 'Multiplier' <Latency = 4> <II = 1> <Delay = 2.61> <FuncUnit> <Opcode : 'mul'> <InPorts = 2> <OutPorts = 1>

State 12 <SV = 11> <Delay = 2.61>
ST_12 : Operation 121 [1/1] (1.95ns)   --->   "%X1_X2 = add i256 %X1_X2_1, i256 93903846365476920201324579263430632764721620265224529695759379821337321144319" [../src/msm.cpp:299->../src/msm.cpp:488]   --->   Operation 121 'add' 'X1_X2' <Predicate = (icmp_ln299)> <Delay = 1.95> <CoreInst = "Adder">   --->   Core 1 'Adder' <Latency = 0> <II = 1> <Delay = 1.95> <FuncUnit> <Opcode : 'add' 'sub'> <InPorts = 2> <OutPorts = 1>
ST_12 : Operation 122 [1/1] (0.51ns)   --->   "%X1_X2_2 = select i1 %icmp_ln299, i256 %X1_X2, i256 %X1_X2_1" [../src/msm.cpp:299->../src/msm.cpp:488]   --->   Operation 122 'select' 'X1_X2_2' <Predicate = true> <Delay = 0.51> <CoreInst = "Sel">   --->   Core 73 'Sel' <Latency = 0> <II = 1> <Delay = 0.51> <FuncUnit> <Opcode : 'select'> <InPorts = 3> <OutPorts = 1>
ST_12 : Operation 123 [1/1] (1.95ns)   --->   "%Y1_Y2 = add i256 %Y1_Y2_1, i256 93903846365476920201324579263430632764721620265224529695759379821337321144319" [../src/msm.cpp:300->../src/msm.cpp:488]   --->   Operation 123 'add' 'Y1_Y2' <Predicate = (icmp_ln300)> <Delay = 1.95> <CoreInst = "Adder">   --->   Core 1 'Adder' <Latency = 0> <II = 1> <Delay = 1.95> <FuncUnit> <Opcode : 'add' 'sub'> <InPorts = 2> <OutPorts = 1>
ST_12 : Operation 124 [1/1] (0.51ns)   --->   "%Y1_Y2_2 = select i1 %icmp_ln300, i256 %Y1_Y2, i256 %Y1_Y2_1" [../src/msm.cpp:300->../src/msm.cpp:488]   --->   Operation 124 'select' 'Y1_Y2_2' <Predicate = true> <Delay = 0.51> <CoreInst = "Sel">   --->   Core 73 'Sel' <Latency = 0> <II = 1> <Delay = 0.51> <FuncUnit> <Opcode : 'select'> <InPorts = 3> <OutPorts = 1>
ST_12 : Operation 125 [1/5] (2.61ns)   --->   "%mul_ln301 = mul i512 %zext_ln301_1, i512 %zext_ln301" [../src/msm.cpp:301->../src/msm.cpp:488]   --->   Operation 125 'mul' 'mul_ln301' <Predicate = true> <Delay = 2.61> <CoreInst = "Multiplier">   --->   Core 3 'Multiplier' <Latency = 4> <II = 1> <Delay = 2.61> <FuncUnit> <Opcode : 'mul'> <InPorts = 2> <OutPorts = 1>
ST_12 : Operation 126 [1/5] (2.61ns)   --->   "%Z1_Z2_1 = mul i256 %Z1, i256 %z_read" [../src/msm.cpp:301->../src/msm.cpp:488]   --->   Operation 126 'mul' 'Z1_Z2_1' <Predicate = true> <Delay = 2.61> <CoreInst = "Multiplier">   --->   Core 3 'Multiplier' <Latency = 4> <II = 1> <Delay = 2.61> <FuncUnit> <Opcode : 'mul'> <InPorts = 2> <OutPorts = 1>
ST_12 : Operation 127 [2/5] (2.61ns)   --->   "%mul_ln303 = mul i509 %zext_ln303, i509 9706598848417545097372247223557719406784115219466060233080913168975159366771" [../src/msm.cpp:303->../src/msm.cpp:488]   --->   Operation 127 'mul' 'mul_ln303' <Predicate = true> <Delay = 2.61> <CoreInst = "Multiplier">   --->   Core 3 'Multiplier' <Latency = 4> <II = 1> <Delay = 2.61> <FuncUnit> <Opcode : 'mul'> <InPorts = 2> <OutPorts = 1>
ST_12 : Operation 128 [2/5] (2.61ns)   --->   "%curve_d_T1_T2_1 = mul i256 %T1_T2_2, i256 9706598848417545097372247223557719406784115219466060233080913168975159366771" [../src/msm.cpp:303->../src/msm.cpp:488]   --->   Operation 128 'mul' 'curve_d_T1_T2_1' <Predicate = true> <Delay = 2.61> <CoreInst = "Multiplier">   --->   Core 3 'Multiplier' <Latency = 4> <II = 1> <Delay = 2.61> <FuncUnit> <Opcode : 'mul'> <InPorts = 2> <OutPorts = 1>
ST_12 : Operation 129 [1/5] (2.61ns)   --->   "%mul_ln305 = mul i512 %zext_ln305_1, i512 %zext_ln305" [../src/msm.cpp:305->../src/msm.cpp:488]   --->   Operation 129 'mul' 'mul_ln305' <Predicate = true> <Delay = 2.61> <CoreInst = "Multiplier">   --->   Core 3 'Multiplier' <Latency = 4> <II = 1> <Delay = 2.61> <FuncUnit> <Opcode : 'mul'> <InPorts = 2> <OutPorts = 1>
ST_12 : Operation 130 [1/5] (2.61ns)   --->   "%term1_1 = mul i256 %X2_plus_Y2_2, i256 %X1_plus_Y1_2" [../src/msm.cpp:305->../src/msm.cpp:488]   --->   Operation 130 'mul' 'term1_1' <Predicate = true> <Delay = 2.61> <CoreInst = "Multiplier">   --->   Core 3 'Multiplier' <Latency = 4> <II = 1> <Delay = 2.61> <FuncUnit> <Opcode : 'mul'> <InPorts = 2> <OutPorts = 1>

State 13 <SV = 12> <Delay = 2.85>
ST_13 : Operation 131 [1/1] (2.85ns)   --->   "%icmp_ln301 = icmp_ugt  i512 %mul_ln301, i512 21888242871839275222246405745257275088548364400416034343698204186575808495616" [../src/msm.cpp:301->../src/msm.cpp:488]   --->   Operation 131 'icmp' 'icmp_ln301' <Predicate = true> <Delay = 2.85> <CoreInst = "Cmp">   --->   Core 9 'Cmp' <Latency = 0> <II = 1> <Delay = 2.85> <FuncUnit> <Opcode : 'seteq' 'setne' 'setle' 'setge' 'setlt' 'setgt'> <InPorts = 2> <OutPorts = 1>
ST_13 : Operation 132 [1/5] (2.61ns)   --->   "%mul_ln303 = mul i509 %zext_ln303, i509 9706598848417545097372247223557719406784115219466060233080913168975159366771" [../src/msm.cpp:303->../src/msm.cpp:488]   --->   Operation 132 'mul' 'mul_ln303' <Predicate = true> <Delay = 2.61> <CoreInst = "Multiplier">   --->   Core 3 'Multiplier' <Latency = 4> <II = 1> <Delay = 2.61> <FuncUnit> <Opcode : 'mul'> <InPorts = 2> <OutPorts = 1>
ST_13 : Operation 133 [1/5] (2.61ns)   --->   "%curve_d_T1_T2_1 = mul i256 %T1_T2_2, i256 9706598848417545097372247223557719406784115219466060233080913168975159366771" [../src/msm.cpp:303->../src/msm.cpp:488]   --->   Operation 133 'mul' 'curve_d_T1_T2_1' <Predicate = true> <Delay = 2.61> <CoreInst = "Multiplier">   --->   Core 3 'Multiplier' <Latency = 4> <II = 1> <Delay = 2.61> <FuncUnit> <Opcode : 'mul'> <InPorts = 2> <OutPorts = 1>
ST_13 : Operation 134 [1/1] (2.85ns)   --->   "%icmp_ln305 = icmp_ugt  i512 %mul_ln305, i512 21888242871839275222246405745257275088548364400416034343698204186575808495616" [../src/msm.cpp:305->../src/msm.cpp:488]   --->   Operation 134 'icmp' 'icmp_ln305' <Predicate = true> <Delay = 2.85> <CoreInst = "Cmp">   --->   Core 9 'Cmp' <Latency = 0> <II = 1> <Delay = 2.85> <FuncUnit> <Opcode : 'seteq' 'setne' 'setle' 'setge' 'setlt' 'setgt'> <InPorts = 2> <OutPorts = 1>

State 14 <SV = 13> <Delay = 2.83>
ST_14 : Operation 135 [1/1] (1.95ns)   --->   "%Z1_Z2 = add i256 %Z1_Z2_1, i256 93903846365476920201324579263430632764721620265224529695759379821337321144319" [../src/msm.cpp:301->../src/msm.cpp:488]   --->   Operation 135 'add' 'Z1_Z2' <Predicate = (icmp_ln301)> <Delay = 1.95> <CoreInst = "Adder">   --->   Core 1 'Adder' <Latency = 0> <II = 1> <Delay = 1.95> <FuncUnit> <Opcode : 'add' 'sub'> <InPorts = 2> <OutPorts = 1>
ST_14 : Operation 136 [1/1] (0.51ns)   --->   "%Z1_Z2_2 = select i1 %icmp_ln301, i256 %Z1_Z2, i256 %Z1_Z2_1" [../src/msm.cpp:301->../src/msm.cpp:488]   --->   Operation 136 'select' 'Z1_Z2_2' <Predicate = true> <Delay = 0.51> <CoreInst = "Sel">   --->   Core 73 'Sel' <Latency = 0> <II = 1> <Delay = 0.51> <FuncUnit> <Opcode : 'select'> <InPorts = 3> <OutPorts = 1>
ST_14 : Operation 137 [1/1] (2.83ns)   --->   "%icmp_ln303 = icmp_ugt  i509 %mul_ln303, i509 21888242871839275222246405745257275088548364400416034343698204186575808495616" [../src/msm.cpp:303->../src/msm.cpp:488]   --->   Operation 137 'icmp' 'icmp_ln303' <Predicate = true> <Delay = 2.83> <CoreInst = "Cmp">   --->   Core 9 'Cmp' <Latency = 0> <II = 1> <Delay = 2.83> <FuncUnit> <Opcode : 'seteq' 'setne' 'setle' 'setge' 'setlt' 'setgt'> <InPorts = 2> <OutPorts = 1>
ST_14 : Operation 138 [1/1] (1.95ns)   --->   "%curve_d_T1_T2 = add i256 %curve_d_T1_T2_1, i256 93903846365476920201324579263430632764721620265224529695759379821337321144319" [../src/msm.cpp:303->../src/msm.cpp:488]   --->   Operation 138 'add' 'curve_d_T1_T2' <Predicate = true> <Delay = 1.95> <CoreInst = "Adder">   --->   Core 1 'Adder' <Latency = 0> <II = 1> <Delay = 1.95> <FuncUnit> <Opcode : 'add' 'sub'> <InPorts = 2> <OutPorts = 1>
ST_14 : Operation 139 [1/1] (1.95ns)   --->   "%term1 = add i256 %term1_1, i256 93903846365476920201324579263430632764721620265224529695759379821337321144319" [../src/msm.cpp:305->../src/msm.cpp:488]   --->   Operation 139 'add' 'term1' <Predicate = (icmp_ln305)> <Delay = 1.95> <CoreInst = "Adder">   --->   Core 1 'Adder' <Latency = 0> <II = 1> <Delay = 1.95> <FuncUnit> <Opcode : 'add' 'sub'> <InPorts = 2> <OutPorts = 1>
ST_14 : Operation 140 [1/1] (0.51ns)   --->   "%term1_2 = select i1 %icmp_ln305, i256 %term1, i256 %term1_1" [../src/msm.cpp:305->../src/msm.cpp:488]   --->   Operation 140 'select' 'term1_2' <Predicate = true> <Delay = 0.51> <CoreInst = "Sel">   --->   Core 73 'Sel' <Latency = 0> <II = 1> <Delay = 0.51> <FuncUnit> <Opcode : 'select'> <InPorts = 3> <OutPorts = 1>
ST_14 : Operation 141 [1/1] (0.00ns)   --->   "%zext_ln311 = zext i256 %X1_X2_2" [../src/msm.cpp:311->../src/msm.cpp:488]   --->   Operation 141 'zext' 'zext_ln311' <Predicate = true> <Delay = 0.00>
ST_14 : Operation 142 [1/1] (0.00ns)   --->   "%zext_ln311_1 = zext i256 %Y1_Y2_2" [../src/msm.cpp:311->../src/msm.cpp:488]   --->   Operation 142 'zext' 'zext_ln311_1' <Predicate = true> <Delay = 0.00>
ST_14 : Operation 143 [1/1] (1.95ns)   --->   "%add_ln311 = add i257 %zext_ln311_1, i257 %zext_ln311" [../src/msm.cpp:311->../src/msm.cpp:488]   --->   Operation 143 'add' 'add_ln311' <Predicate = true> <Delay = 1.95> <CoreInst = "Adder">   --->   Core 1 'Adder' <Latency = 0> <II = 1> <Delay = 1.95> <FuncUnit> <Opcode : 'add' 'sub'> <InPorts = 2> <OutPorts = 1>

State 15 <SV = 14> <Delay = 2.46>
ST_15 : Operation 144 [1/1] (0.51ns)   --->   "%curve_d_T1_T2_2 = select i1 %icmp_ln303, i256 %curve_d_T1_T2, i256 %curve_d_T1_T2_1" [../src/msm.cpp:303->../src/msm.cpp:488]   --->   Operation 144 'select' 'curve_d_T1_T2_2' <Predicate = true> <Delay = 0.51> <CoreInst = "Sel">   --->   Core 73 'Sel' <Latency = 0> <II = 1> <Delay = 0.51> <FuncUnit> <Opcode : 'select'> <InPorts = 3> <OutPorts = 1>
ST_15 : Operation 145 [1/1] (1.95ns)   --->   "%icmp_ln306 = icmp_ult  i256 %Z1_Z2_2, i256 %curve_d_T1_T2_2" [../src/msm.cpp:306->../src/msm.cpp:488]   --->   Operation 145 'icmp' 'icmp_ln306' <Predicate = true> <Delay = 1.95> <CoreInst = "Cmp">   --->   Core 9 'Cmp' <Latency = 0> <II = 1> <Delay = 1.95> <FuncUnit> <Opcode : 'seteq' 'setne' 'setle' 'setge' 'setlt' 'setgt'> <InPorts = 2> <OutPorts = 1>
ST_15 : Operation 146 [1/1] (1.95ns)   --->   "%term2 = sub i256 %Z1_Z2_2, i256 %curve_d_T1_T2_2" [../src/msm.cpp:306->../src/msm.cpp:488]   --->   Operation 146 'sub' 'term2' <Predicate = true> <Delay = 1.95> <CoreInst = "Adder">   --->   Core 1 'Adder' <Latency = 0> <II = 1> <Delay = 1.95> <FuncUnit> <Opcode : 'add' 'sub'> <InPorts = 2> <OutPorts = 1>
ST_15 : Operation 147 [1/1] (0.00ns)   --->   "%zext_ln307 = zext i256 %Z1_Z2_2" [../src/msm.cpp:307->../src/msm.cpp:488]   --->   Operation 147 'zext' 'zext_ln307' <Predicate = true> <Delay = 0.00>
ST_15 : Operation 148 [1/1] (0.00ns)   --->   "%zext_ln307_1 = zext i256 %curve_d_T1_T2_2" [../src/msm.cpp:307->../src/msm.cpp:488]   --->   Operation 148 'zext' 'zext_ln307_1' <Predicate = true> <Delay = 0.00>
ST_15 : Operation 149 [1/1] (1.95ns)   --->   "%add_ln307 = add i257 %zext_ln307_1, i257 %zext_ln307" [../src/msm.cpp:307->../src/msm.cpp:488]   --->   Operation 149 'add' 'add_ln307' <Predicate = true> <Delay = 1.95> <CoreInst = "Adder">   --->   Core 1 'Adder' <Latency = 0> <II = 1> <Delay = 1.95> <FuncUnit> <Opcode : 'add' 'sub'> <InPorts = 2> <OutPorts = 1>
ST_15 : Operation 150 [1/1] (1.95ns)   --->   "%term3_1 = add i256 %curve_d_T1_T2_2, i256 %Z1_Z2_2" [../src/msm.cpp:307->../src/msm.cpp:488]   --->   Operation 150 'add' 'term3_1' <Predicate = true> <Delay = 1.95> <CoreInst = "Adder">   --->   Core 1 'Adder' <Latency = 0> <II = 1> <Delay = 1.95> <FuncUnit> <Opcode : 'add' 'sub'> <InPorts = 2> <OutPorts = 1>
ST_15 : Operation 151 [1/1] (1.95ns)   --->   "%icmp_ln308 = icmp_ult  i256 %Y1_Y2_2, i256 %X1_X2_2" [../src/msm.cpp:308->../src/msm.cpp:488]   --->   Operation 151 'icmp' 'icmp_ln308' <Predicate = true> <Delay = 1.95> <CoreInst = "Cmp">   --->   Core 9 'Cmp' <Latency = 0> <II = 1> <Delay = 1.95> <FuncUnit> <Opcode : 'seteq' 'setne' 'setle' 'setge' 'setlt' 'setgt'> <InPorts = 2> <OutPorts = 1>
ST_15 : Operation 152 [1/1] (1.95ns)   --->   "%term4 = sub i256 %Y1_Y2_2, i256 %X1_X2_2" [../src/msm.cpp:308->../src/msm.cpp:488]   --->   Operation 152 'sub' 'term4' <Predicate = true> <Delay = 1.95> <CoreInst = "Adder">   --->   Core 1 'Adder' <Latency = 0> <II = 1> <Delay = 1.95> <FuncUnit> <Opcode : 'add' 'sub'> <InPorts = 2> <OutPorts = 1>
ST_15 : Operation 153 [1/1] (0.00ns)   --->   "%zext_ln311_2 = zext i256 %term1_2" [../src/msm.cpp:311->../src/msm.cpp:488]   --->   Operation 153 'zext' 'zext_ln311_2' <Predicate = true> <Delay = 0.00>
ST_15 : Operation 154 [1/1] (1.95ns)   --->   "%icmp_ln311 = icmp_ult  i257 %zext_ln311_2, i257 %add_ln311" [../src/msm.cpp:311->../src/msm.cpp:488]   --->   Operation 154 'icmp' 'icmp_ln311' <Predicate = true> <Delay = 1.95> <CoreInst = "Cmp">   --->   Core 9 'Cmp' <Latency = 0> <II = 1> <Delay = 1.95> <FuncUnit> <Opcode : 'seteq' 'setne' 'setle' 'setge' 'setlt' 'setgt'> <InPorts = 2> <OutPorts = 1>
ST_15 : Operation 155 [1/1] (0.00ns) (grouped into TernaryAdder)   --->   "%sub_ln311 = sub i256 %term1_2, i256 %X1_X2_2" [../src/msm.cpp:311->../src/msm.cpp:488]   --->   Operation 155 'sub' 'sub_ln311' <Predicate = true> <Delay = 0.00> <CoreInst = "TAddSub">   --->   Core 10 'TAddSub' <Latency = 0> <II = 1> <Delay = 0.69> <IPBlock> <Opcode : '' 'add' 'sub'> <InPorts = 3> <OutPorts = 1> <Sync> <CReg>
ST_15 : Operation 156 [1/1] (1.39ns) (root node of TernaryAdder)   --->   "%sub_ln311_1 = sub i256 %sub_ln311, i256 %Y1_Y2_2" [../src/msm.cpp:311->../src/msm.cpp:488]   --->   Operation 156 'sub' 'sub_ln311_1' <Predicate = true> <Delay = 1.39> <CoreInst = "TAddSub">   --->   Core 10 'TAddSub' <Latency = 0> <II = 1> <Delay = 0.69> <IPBlock> <Opcode : '' 'add' 'sub'> <InPorts = 3> <OutPorts = 1> <Sync> <CReg>

State 16 <SV = 15> <Delay = 2.46>
ST_16 : Operation 157 [1/1] (0.00ns) (grouped into LUT with out node term2_2)   --->   "%xor_ln306 = xor i1 %icmp_ln306, i1 1" [../src/msm.cpp:306->../src/msm.cpp:488]   --->   Operation 157 'xor' 'xor_ln306' <Predicate = true> <Delay = 0.00> <CoreInst = "LogicGate">   --->   Core 74 'LogicGate' <Latency = 0> <II = 1> <Delay = 0.28> <FuncUnit> <Opcode : 'and' 'or' 'xor'> <InPorts = 2> <OutPorts = 1>
ST_16 : Operation 158 [1/1] (1.95ns)   --->   "%term2_1 = add i256 %term2, i256 21888242871839275222246405745257275088548364400416034343698204186575808495617" [../src/msm.cpp:306->../src/msm.cpp:488]   --->   Operation 158 'add' 'term2_1' <Predicate = true> <Delay = 1.95> <CoreInst = "Adder">   --->   Core 1 'Adder' <Latency = 0> <II = 1> <Delay = 1.95> <FuncUnit> <Opcode : 'add' 'sub'> <InPorts = 2> <OutPorts = 1>
ST_16 : Operation 159 [1/1] (0.51ns) (out node of the LUT)   --->   "%term2_2 = select i1 %xor_ln306, i256 %term2, i256 %term2_1" [../src/msm.cpp:306->../src/msm.cpp:488]   --->   Operation 159 'select' 'term2_2' <Predicate = true> <Delay = 0.51> <CoreInst = "Sel">   --->   Core 73 'Sel' <Latency = 0> <II = 1> <Delay = 0.51> <FuncUnit> <Opcode : 'select'> <InPorts = 3> <OutPorts = 1>
ST_16 : Operation 160 [1/1] (1.95ns)   --->   "%icmp_ln307 = icmp_ugt  i257 %add_ln307, i257 21888242871839275222246405745257275088548364400416034343698204186575808495616" [../src/msm.cpp:307->../src/msm.cpp:488]   --->   Operation 160 'icmp' 'icmp_ln307' <Predicate = true> <Delay = 1.95> <CoreInst = "Cmp">   --->   Core 9 'Cmp' <Latency = 0> <II = 1> <Delay = 1.95> <FuncUnit> <Opcode : 'seteq' 'setne' 'setle' 'setge' 'setlt' 'setgt'> <InPorts = 2> <OutPorts = 1>
ST_16 : Operation 161 [1/1] (1.95ns)   --->   "%term3 = add i256 %term3_1, i256 93903846365476920201324579263430632764721620265224529695759379821337321144319" [../src/msm.cpp:307->../src/msm.cpp:488]   --->   Operation 161 'add' 'term3' <Predicate = true> <Delay = 1.95> <CoreInst = "Adder">   --->   Core 1 'Adder' <Latency = 0> <II = 1> <Delay = 1.95> <FuncUnit> <Opcode : 'add' 'sub'> <InPorts = 2> <OutPorts = 1>
ST_16 : Operation 162 [1/1] (0.51ns)   --->   "%term3_2 = select i1 %icmp_ln307, i256 %term3, i256 %term3_1" [../src/msm.cpp:307->../src/msm.cpp:488]   --->   Operation 162 'select' 'term3_2' <Predicate = true> <Delay = 0.51> <CoreInst = "Sel">   --->   Core 73 'Sel' <Latency = 0> <II = 1> <Delay = 0.51> <FuncUnit> <Opcode : 'select'> <InPorts = 3> <OutPorts = 1>
ST_16 : Operation 163 [1/1] (0.00ns) (grouped into LUT with out node term4_2)   --->   "%xor_ln308 = xor i1 %icmp_ln308, i1 1" [../src/msm.cpp:308->../src/msm.cpp:488]   --->   Operation 163 'xor' 'xor_ln308' <Predicate = true> <Delay = 0.00> <CoreInst = "LogicGate">   --->   Core 74 'LogicGate' <Latency = 0> <II = 1> <Delay = 0.28> <FuncUnit> <Opcode : 'and' 'or' 'xor'> <InPorts = 2> <OutPorts = 1>
ST_16 : Operation 164 [1/1] (1.95ns)   --->   "%term4_1 = add i256 %term4, i256 21888242871839275222246405745257275088548364400416034343698204186575808495617" [../src/msm.cpp:308->../src/msm.cpp:488]   --->   Operation 164 'add' 'term4_1' <Predicate = true> <Delay = 1.95> <CoreInst = "Adder">   --->   Core 1 'Adder' <Latency = 0> <II = 1> <Delay = 1.95> <FuncUnit> <Opcode : 'add' 'sub'> <InPorts = 2> <OutPorts = 1>
ST_16 : Operation 165 [1/1] (0.51ns) (out node of the LUT)   --->   "%term4_2 = select i1 %xor_ln308, i256 %term4, i256 %term4_1" [../src/msm.cpp:308->../src/msm.cpp:488]   --->   Operation 165 'select' 'term4_2' <Predicate = true> <Delay = 0.51> <CoreInst = "Sel">   --->   Core 73 'Sel' <Latency = 0> <II = 1> <Delay = 0.51> <FuncUnit> <Opcode : 'select'> <InPorts = 3> <OutPorts = 1>
ST_16 : Operation 166 [1/1] (0.00ns) (grouped into LUT with out node select_ln311)   --->   "%xor_ln311 = xor i1 %icmp_ln311, i1 1" [../src/msm.cpp:311->../src/msm.cpp:488]   --->   Operation 166 'xor' 'xor_ln311' <Predicate = true> <Delay = 0.00> <CoreInst = "LogicGate">   --->   Core 74 'LogicGate' <Latency = 0> <II = 1> <Delay = 0.28> <FuncUnit> <Opcode : 'and' 'or' 'xor'> <InPorts = 2> <OutPorts = 1>
ST_16 : Operation 167 [1/1] (1.95ns)   --->   "%add_ln311_1 = add i256 %sub_ln311_1, i256 43776485743678550444492811490514550177096728800832068687396408373151616991234" [../src/msm.cpp:311->../src/msm.cpp:488]   --->   Operation 167 'add' 'add_ln311_1' <Predicate = true> <Delay = 1.95> <CoreInst = "Adder">   --->   Core 1 'Adder' <Latency = 0> <II = 1> <Delay = 1.95> <FuncUnit> <Opcode : 'add' 'sub'> <InPorts = 2> <OutPorts = 1>
ST_16 : Operation 168 [1/1] (0.51ns) (out node of the LUT)   --->   "%select_ln311 = select i1 %xor_ln311, i256 %sub_ln311_1, i256 %add_ln311_1" [../src/msm.cpp:311->../src/msm.cpp:488]   --->   Operation 168 'select' 'select_ln311' <Predicate = true> <Delay = 0.51> <CoreInst = "Sel">   --->   Core 73 'Sel' <Latency = 0> <II = 1> <Delay = 0.51> <FuncUnit> <Opcode : 'select'> <InPorts = 3> <OutPorts = 1>

State 17 <SV = 16> <Delay = 2.61>
ST_17 : Operation 169 [1/1] (0.00ns)   --->   "%zext_ln311_3 = zext i256 %select_ln311" [../src/msm.cpp:311->../src/msm.cpp:488]   --->   Operation 169 'zext' 'zext_ln311_3' <Predicate = true> <Delay = 0.00>
ST_17 : Operation 170 [1/1] (0.00ns)   --->   "%zext_ln311_4 = zext i256 %term2_2" [../src/msm.cpp:311->../src/msm.cpp:488]   --->   Operation 170 'zext' 'zext_ln311_4' <Predicate = true> <Delay = 0.00>
ST_17 : Operation 171 [5/5] (2.61ns)   --->   "%mul_ln311 = mul i512 %zext_ln311_4, i512 %zext_ln311_3" [../src/msm.cpp:311->../src/msm.cpp:488]   --->   Operation 171 'mul' 'mul_ln311' <Predicate = true> <Delay = 2.61> <CoreInst = "Multiplier">   --->   Core 3 'Multiplier' <Latency = 4> <II = 1> <Delay = 2.61> <FuncUnit> <Opcode : 'mul'> <InPorts = 2> <OutPorts = 1>
ST_17 : Operation 172 [1/1] (0.00ns)   --->   "%zext_ln314 = zext i256 %term3_2" [../src/msm.cpp:314->../src/msm.cpp:488]   --->   Operation 172 'zext' 'zext_ln314' <Predicate = true> <Delay = 0.00>
ST_17 : Operation 173 [1/1] (0.00ns)   --->   "%zext_ln314_1 = zext i256 %term4_2" [../src/msm.cpp:314->../src/msm.cpp:488]   --->   Operation 173 'zext' 'zext_ln314_1' <Predicate = true> <Delay = 0.00>
ST_17 : Operation 174 [5/5] (2.61ns)   --->   "%mul_ln314 = mul i512 %zext_ln314, i512 %zext_ln314_1" [../src/msm.cpp:314->../src/msm.cpp:488]   --->   Operation 174 'mul' 'mul_ln314' <Predicate = true> <Delay = 2.61> <CoreInst = "Multiplier">   --->   Core 3 'Multiplier' <Latency = 4> <II = 1> <Delay = 2.61> <FuncUnit> <Opcode : 'mul'> <InPorts = 2> <OutPorts = 1>
ST_17 : Operation 175 [5/5] (2.61ns)   --->   "%mul_ln315 = mul i512 %zext_ln311_3, i512 %zext_ln314_1" [../src/msm.cpp:315->../src/msm.cpp:488]   --->   Operation 175 'mul' 'mul_ln315' <Predicate = true> <Delay = 2.61> <CoreInst = "Multiplier">   --->   Core 3 'Multiplier' <Latency = 4> <II = 1> <Delay = 2.61> <FuncUnit> <Opcode : 'mul'> <InPorts = 2> <OutPorts = 1>
ST_17 : Operation 176 [5/5] (2.61ns)   --->   "%mul_ln318 = mul i512 %zext_ln314, i512 %zext_ln311_4" [../src/msm.cpp:318->../src/msm.cpp:488]   --->   Operation 176 'mul' 'mul_ln318' <Predicate = true> <Delay = 2.61> <CoreInst = "Multiplier">   --->   Core 3 'Multiplier' <Latency = 4> <II = 1> <Delay = 2.61> <FuncUnit> <Opcode : 'mul'> <InPorts = 2> <OutPorts = 1>

State 18 <SV = 17> <Delay = 2.61>
ST_18 : Operation 177 [4/5] (2.61ns)   --->   "%mul_ln311 = mul i512 %zext_ln311_4, i512 %zext_ln311_3" [../src/msm.cpp:311->../src/msm.cpp:488]   --->   Operation 177 'mul' 'mul_ln311' <Predicate = true> <Delay = 2.61> <CoreInst = "Multiplier">   --->   Core 3 'Multiplier' <Latency = 4> <II = 1> <Delay = 2.61> <FuncUnit> <Opcode : 'mul'> <InPorts = 2> <OutPorts = 1>
ST_18 : Operation 178 [5/5] (2.61ns)   --->   "%mul_ln312 = mul i256 %term2_2, i256 %select_ln311" [../src/msm.cpp:312->../src/msm.cpp:488]   --->   Operation 178 'mul' 'mul_ln312' <Predicate = true> <Delay = 2.61> <CoreInst = "Multiplier">   --->   Core 3 'Multiplier' <Latency = 4> <II = 1> <Delay = 2.61> <FuncUnit> <Opcode : 'mul'> <InPorts = 2> <OutPorts = 1>
ST_18 : Operation 179 [4/5] (2.61ns)   --->   "%mul_ln314 = mul i512 %zext_ln314, i512 %zext_ln314_1" [../src/msm.cpp:314->../src/msm.cpp:488]   --->   Operation 179 'mul' 'mul_ln314' <Predicate = true> <Delay = 2.61> <CoreInst = "Multiplier">   --->   Core 3 'Multiplier' <Latency = 4> <II = 1> <Delay = 2.61> <FuncUnit> <Opcode : 'mul'> <InPorts = 2> <OutPorts = 1>
ST_18 : Operation 180 [5/5] (2.61ns)   --->   "%mul_ln314_1 = mul i256 %term3_2, i256 %term4_2" [../src/msm.cpp:314->../src/msm.cpp:488]   --->   Operation 180 'mul' 'mul_ln314_1' <Predicate = true> <Delay = 2.61> <CoreInst = "Multiplier">   --->   Core 3 'Multiplier' <Latency = 4> <II = 1> <Delay = 2.61> <FuncUnit> <Opcode : 'mul'> <InPorts = 2> <OutPorts = 1>
ST_18 : Operation 181 [4/5] (2.61ns)   --->   "%mul_ln315 = mul i512 %zext_ln311_3, i512 %zext_ln314_1" [../src/msm.cpp:315->../src/msm.cpp:488]   --->   Operation 181 'mul' 'mul_ln315' <Predicate = true> <Delay = 2.61> <CoreInst = "Multiplier">   --->   Core 3 'Multiplier' <Latency = 4> <II = 1> <Delay = 2.61> <FuncUnit> <Opcode : 'mul'> <InPorts = 2> <OutPorts = 1>
ST_18 : Operation 182 [5/5] (2.61ns)   --->   "%mul_ln316 = mul i256 %select_ln311, i256 %term4_2" [../src/msm.cpp:316->../src/msm.cpp:488]   --->   Operation 182 'mul' 'mul_ln316' <Predicate = true> <Delay = 2.61> <CoreInst = "Multiplier">   --->   Core 3 'Multiplier' <Latency = 4> <II = 1> <Delay = 2.61> <FuncUnit> <Opcode : 'mul'> <InPorts = 2> <OutPorts = 1>
ST_18 : Operation 183 [4/5] (2.61ns)   --->   "%mul_ln318 = mul i512 %zext_ln314, i512 %zext_ln311_4" [../src/msm.cpp:318->../src/msm.cpp:488]   --->   Operation 183 'mul' 'mul_ln318' <Predicate = true> <Delay = 2.61> <CoreInst = "Multiplier">   --->   Core 3 'Multiplier' <Latency = 4> <II = 1> <Delay = 2.61> <FuncUnit> <Opcode : 'mul'> <InPorts = 2> <OutPorts = 1>
ST_18 : Operation 184 [5/5] (2.61ns)   --->   "%mul_ln318_1 = mul i256 %term3_2, i256 %term2_2" [../src/msm.cpp:318->../src/msm.cpp:488]   --->   Operation 184 'mul' 'mul_ln318_1' <Predicate = true> <Delay = 2.61> <CoreInst = "Multiplier">   --->   Core 3 'Multiplier' <Latency = 4> <II = 1> <Delay = 2.61> <FuncUnit> <Opcode : 'mul'> <InPorts = 2> <OutPorts = 1>

State 19 <SV = 18> <Delay = 2.61>
ST_19 : Operation 185 [3/5] (2.61ns)   --->   "%mul_ln311 = mul i512 %zext_ln311_4, i512 %zext_ln311_3" [../src/msm.cpp:311->../src/msm.cpp:488]   --->   Operation 185 'mul' 'mul_ln311' <Predicate = true> <Delay = 2.61> <CoreInst = "Multiplier">   --->   Core 3 'Multiplier' <Latency = 4> <II = 1> <Delay = 2.61> <FuncUnit> <Opcode : 'mul'> <InPorts = 2> <OutPorts = 1>
ST_19 : Operation 186 [4/5] (2.61ns)   --->   "%mul_ln312 = mul i256 %term2_2, i256 %select_ln311" [../src/msm.cpp:312->../src/msm.cpp:488]   --->   Operation 186 'mul' 'mul_ln312' <Predicate = true> <Delay = 2.61> <CoreInst = "Multiplier">   --->   Core 3 'Multiplier' <Latency = 4> <II = 1> <Delay = 2.61> <FuncUnit> <Opcode : 'mul'> <InPorts = 2> <OutPorts = 1>
ST_19 : Operation 187 [3/5] (2.61ns)   --->   "%mul_ln314 = mul i512 %zext_ln314, i512 %zext_ln314_1" [../src/msm.cpp:314->../src/msm.cpp:488]   --->   Operation 187 'mul' 'mul_ln314' <Predicate = true> <Delay = 2.61> <CoreInst = "Multiplier">   --->   Core 3 'Multiplier' <Latency = 4> <II = 1> <Delay = 2.61> <FuncUnit> <Opcode : 'mul'> <InPorts = 2> <OutPorts = 1>
ST_19 : Operation 188 [4/5] (2.61ns)   --->   "%mul_ln314_1 = mul i256 %term3_2, i256 %term4_2" [../src/msm.cpp:314->../src/msm.cpp:488]   --->   Operation 188 'mul' 'mul_ln314_1' <Predicate = true> <Delay = 2.61> <CoreInst = "Multiplier">   --->   Core 3 'Multiplier' <Latency = 4> <II = 1> <Delay = 2.61> <FuncUnit> <Opcode : 'mul'> <InPorts = 2> <OutPorts = 1>
ST_19 : Operation 189 [3/5] (2.61ns)   --->   "%mul_ln315 = mul i512 %zext_ln311_3, i512 %zext_ln314_1" [../src/msm.cpp:315->../src/msm.cpp:488]   --->   Operation 189 'mul' 'mul_ln315' <Predicate = true> <Delay = 2.61> <CoreInst = "Multiplier">   --->   Core 3 'Multiplier' <Latency = 4> <II = 1> <Delay = 2.61> <FuncUnit> <Opcode : 'mul'> <InPorts = 2> <OutPorts = 1>
ST_19 : Operation 190 [4/5] (2.61ns)   --->   "%mul_ln316 = mul i256 %select_ln311, i256 %term4_2" [../src/msm.cpp:316->../src/msm.cpp:488]   --->   Operation 190 'mul' 'mul_ln316' <Predicate = true> <Delay = 2.61> <CoreInst = "Multiplier">   --->   Core 3 'Multiplier' <Latency = 4> <II = 1> <Delay = 2.61> <FuncUnit> <Opcode : 'mul'> <InPorts = 2> <OutPorts = 1>
ST_19 : Operation 191 [3/5] (2.61ns)   --->   "%mul_ln318 = mul i512 %zext_ln314, i512 %zext_ln311_4" [../src/msm.cpp:318->../src/msm.cpp:488]   --->   Operation 191 'mul' 'mul_ln318' <Predicate = true> <Delay = 2.61> <CoreInst = "Multiplier">   --->   Core 3 'Multiplier' <Latency = 4> <II = 1> <Delay = 2.61> <FuncUnit> <Opcode : 'mul'> <InPorts = 2> <OutPorts = 1>
ST_19 : Operation 192 [4/5] (2.61ns)   --->   "%mul_ln318_1 = mul i256 %term3_2, i256 %term2_2" [../src/msm.cpp:318->../src/msm.cpp:488]   --->   Operation 192 'mul' 'mul_ln318_1' <Predicate = true> <Delay = 2.61> <CoreInst = "Multiplier">   --->   Core 3 'Multiplier' <Latency = 4> <II = 1> <Delay = 2.61> <FuncUnit> <Opcode : 'mul'> <InPorts = 2> <OutPorts = 1>

State 20 <SV = 19> <Delay = 2.61>
ST_20 : Operation 193 [2/5] (2.61ns)   --->   "%mul_ln311 = mul i512 %zext_ln311_4, i512 %zext_ln311_3" [../src/msm.cpp:311->../src/msm.cpp:488]   --->   Operation 193 'mul' 'mul_ln311' <Predicate = true> <Delay = 2.61> <CoreInst = "Multiplier">   --->   Core 3 'Multiplier' <Latency = 4> <II = 1> <Delay = 2.61> <FuncUnit> <Opcode : 'mul'> <InPorts = 2> <OutPorts = 1>
ST_20 : Operation 194 [3/5] (2.61ns)   --->   "%mul_ln312 = mul i256 %term2_2, i256 %select_ln311" [../src/msm.cpp:312->../src/msm.cpp:488]   --->   Operation 194 'mul' 'mul_ln312' <Predicate = true> <Delay = 2.61> <CoreInst = "Multiplier">   --->   Core 3 'Multiplier' <Latency = 4> <II = 1> <Delay = 2.61> <FuncUnit> <Opcode : 'mul'> <InPorts = 2> <OutPorts = 1>
ST_20 : Operation 195 [2/5] (2.61ns)   --->   "%mul_ln314 = mul i512 %zext_ln314, i512 %zext_ln314_1" [../src/msm.cpp:314->../src/msm.cpp:488]   --->   Operation 195 'mul' 'mul_ln314' <Predicate = true> <Delay = 2.61> <CoreInst = "Multiplier">   --->   Core 3 'Multiplier' <Latency = 4> <II = 1> <Delay = 2.61> <FuncUnit> <Opcode : 'mul'> <InPorts = 2> <OutPorts = 1>
ST_20 : Operation 196 [3/5] (2.61ns)   --->   "%mul_ln314_1 = mul i256 %term3_2, i256 %term4_2" [../src/msm.cpp:314->../src/msm.cpp:488]   --->   Operation 196 'mul' 'mul_ln314_1' <Predicate = true> <Delay = 2.61> <CoreInst = "Multiplier">   --->   Core 3 'Multiplier' <Latency = 4> <II = 1> <Delay = 2.61> <FuncUnit> <Opcode : 'mul'> <InPorts = 2> <OutPorts = 1>
ST_20 : Operation 197 [2/5] (2.61ns)   --->   "%mul_ln315 = mul i512 %zext_ln311_3, i512 %zext_ln314_1" [../src/msm.cpp:315->../src/msm.cpp:488]   --->   Operation 197 'mul' 'mul_ln315' <Predicate = true> <Delay = 2.61> <CoreInst = "Multiplier">   --->   Core 3 'Multiplier' <Latency = 4> <II = 1> <Delay = 2.61> <FuncUnit> <Opcode : 'mul'> <InPorts = 2> <OutPorts = 1>
ST_20 : Operation 198 [3/5] (2.61ns)   --->   "%mul_ln316 = mul i256 %select_ln311, i256 %term4_2" [../src/msm.cpp:316->../src/msm.cpp:488]   --->   Operation 198 'mul' 'mul_ln316' <Predicate = true> <Delay = 2.61> <CoreInst = "Multiplier">   --->   Core 3 'Multiplier' <Latency = 4> <II = 1> <Delay = 2.61> <FuncUnit> <Opcode : 'mul'> <InPorts = 2> <OutPorts = 1>
ST_20 : Operation 199 [2/5] (2.61ns)   --->   "%mul_ln318 = mul i512 %zext_ln314, i512 %zext_ln311_4" [../src/msm.cpp:318->../src/msm.cpp:488]   --->   Operation 199 'mul' 'mul_ln318' <Predicate = true> <Delay = 2.61> <CoreInst = "Multiplier">   --->   Core 3 'Multiplier' <Latency = 4> <II = 1> <Delay = 2.61> <FuncUnit> <Opcode : 'mul'> <InPorts = 2> <OutPorts = 1>
ST_20 : Operation 200 [3/5] (2.61ns)   --->   "%mul_ln318_1 = mul i256 %term3_2, i256 %term2_2" [../src/msm.cpp:318->../src/msm.cpp:488]   --->   Operation 200 'mul' 'mul_ln318_1' <Predicate = true> <Delay = 2.61> <CoreInst = "Multiplier">   --->   Core 3 'Multiplier' <Latency = 4> <II = 1> <Delay = 2.61> <FuncUnit> <Opcode : 'mul'> <InPorts = 2> <OutPorts = 1>

State 21 <SV = 20> <Delay = 2.61>
ST_21 : Operation 201 [1/5] (2.61ns)   --->   "%mul_ln311 = mul i512 %zext_ln311_4, i512 %zext_ln311_3" [../src/msm.cpp:311->../src/msm.cpp:488]   --->   Operation 201 'mul' 'mul_ln311' <Predicate = true> <Delay = 2.61> <CoreInst = "Multiplier">   --->   Core 3 'Multiplier' <Latency = 4> <II = 1> <Delay = 2.61> <FuncUnit> <Opcode : 'mul'> <InPorts = 2> <OutPorts = 1>
ST_21 : Operation 202 [2/5] (2.61ns)   --->   "%mul_ln312 = mul i256 %term2_2, i256 %select_ln311" [../src/msm.cpp:312->../src/msm.cpp:488]   --->   Operation 202 'mul' 'mul_ln312' <Predicate = true> <Delay = 2.61> <CoreInst = "Multiplier">   --->   Core 3 'Multiplier' <Latency = 4> <II = 1> <Delay = 2.61> <FuncUnit> <Opcode : 'mul'> <InPorts = 2> <OutPorts = 1>
ST_21 : Operation 203 [1/5] (2.61ns)   --->   "%mul_ln314 = mul i512 %zext_ln314, i512 %zext_ln314_1" [../src/msm.cpp:314->../src/msm.cpp:488]   --->   Operation 203 'mul' 'mul_ln314' <Predicate = true> <Delay = 2.61> <CoreInst = "Multiplier">   --->   Core 3 'Multiplier' <Latency = 4> <II = 1> <Delay = 2.61> <FuncUnit> <Opcode : 'mul'> <InPorts = 2> <OutPorts = 1>
ST_21 : Operation 204 [2/5] (2.61ns)   --->   "%mul_ln314_1 = mul i256 %term3_2, i256 %term4_2" [../src/msm.cpp:314->../src/msm.cpp:488]   --->   Operation 204 'mul' 'mul_ln314_1' <Predicate = true> <Delay = 2.61> <CoreInst = "Multiplier">   --->   Core 3 'Multiplier' <Latency = 4> <II = 1> <Delay = 2.61> <FuncUnit> <Opcode : 'mul'> <InPorts = 2> <OutPorts = 1>
ST_21 : Operation 205 [1/5] (2.61ns)   --->   "%mul_ln315 = mul i512 %zext_ln311_3, i512 %zext_ln314_1" [../src/msm.cpp:315->../src/msm.cpp:488]   --->   Operation 205 'mul' 'mul_ln315' <Predicate = true> <Delay = 2.61> <CoreInst = "Multiplier">   --->   Core 3 'Multiplier' <Latency = 4> <II = 1> <Delay = 2.61> <FuncUnit> <Opcode : 'mul'> <InPorts = 2> <OutPorts = 1>
ST_21 : Operation 206 [2/5] (2.61ns)   --->   "%mul_ln316 = mul i256 %select_ln311, i256 %term4_2" [../src/msm.cpp:316->../src/msm.cpp:488]   --->   Operation 206 'mul' 'mul_ln316' <Predicate = true> <Delay = 2.61> <CoreInst = "Multiplier">   --->   Core 3 'Multiplier' <Latency = 4> <II = 1> <Delay = 2.61> <FuncUnit> <Opcode : 'mul'> <InPorts = 2> <OutPorts = 1>
ST_21 : Operation 207 [1/5] (2.61ns)   --->   "%mul_ln318 = mul i512 %zext_ln314, i512 %zext_ln311_4" [../src/msm.cpp:318->../src/msm.cpp:488]   --->   Operation 207 'mul' 'mul_ln318' <Predicate = true> <Delay = 2.61> <CoreInst = "Multiplier">   --->   Core 3 'Multiplier' <Latency = 4> <II = 1> <Delay = 2.61> <FuncUnit> <Opcode : 'mul'> <InPorts = 2> <OutPorts = 1>
ST_21 : Operation 208 [2/5] (2.61ns)   --->   "%mul_ln318_1 = mul i256 %term3_2, i256 %term2_2" [../src/msm.cpp:318->../src/msm.cpp:488]   --->   Operation 208 'mul' 'mul_ln318_1' <Predicate = true> <Delay = 2.61> <CoreInst = "Multiplier">   --->   Core 3 'Multiplier' <Latency = 4> <II = 1> <Delay = 2.61> <FuncUnit> <Opcode : 'mul'> <InPorts = 2> <OutPorts = 1>

State 22 <SV = 21> <Delay = 2.85>
ST_22 : Operation 209 [1/1] (2.85ns)   --->   "%icmp_ln311_1 = icmp_ugt  i512 %mul_ln311, i512 21888242871839275222246405745257275088548364400416034343698204186575808495616" [../src/msm.cpp:311->../src/msm.cpp:488]   --->   Operation 209 'icmp' 'icmp_ln311_1' <Predicate = true> <Delay = 2.85> <CoreInst = "Cmp">   --->   Core 9 'Cmp' <Latency = 0> <II = 1> <Delay = 2.85> <FuncUnit> <Opcode : 'seteq' 'setne' 'setle' 'setge' 'setlt' 'setgt'> <InPorts = 2> <OutPorts = 1>
ST_22 : Operation 210 [1/5] (2.61ns)   --->   "%mul_ln312 = mul i256 %term2_2, i256 %select_ln311" [../src/msm.cpp:312->../src/msm.cpp:488]   --->   Operation 210 'mul' 'mul_ln312' <Predicate = true> <Delay = 2.61> <CoreInst = "Multiplier">   --->   Core 3 'Multiplier' <Latency = 4> <II = 1> <Delay = 2.61> <FuncUnit> <Opcode : 'mul'> <InPorts = 2> <OutPorts = 1>
ST_22 : Operation 211 [1/1] (2.85ns)   --->   "%icmp_ln314 = icmp_ugt  i512 %mul_ln314, i512 21888242871839275222246405745257275088548364400416034343698204186575808495616" [../src/msm.cpp:314->../src/msm.cpp:488]   --->   Operation 211 'icmp' 'icmp_ln314' <Predicate = true> <Delay = 2.85> <CoreInst = "Cmp">   --->   Core 9 'Cmp' <Latency = 0> <II = 1> <Delay = 2.85> <FuncUnit> <Opcode : 'seteq' 'setne' 'setle' 'setge' 'setlt' 'setgt'> <InPorts = 2> <OutPorts = 1>
ST_22 : Operation 212 [1/5] (2.61ns)   --->   "%mul_ln314_1 = mul i256 %term3_2, i256 %term4_2" [../src/msm.cpp:314->../src/msm.cpp:488]   --->   Operation 212 'mul' 'mul_ln314_1' <Predicate = true> <Delay = 2.61> <CoreInst = "Multiplier">   --->   Core 3 'Multiplier' <Latency = 4> <II = 1> <Delay = 2.61> <FuncUnit> <Opcode : 'mul'> <InPorts = 2> <OutPorts = 1>
ST_22 : Operation 213 [1/1] (2.85ns)   --->   "%icmp_ln315 = icmp_ugt  i512 %mul_ln315, i512 21888242871839275222246405745257275088548364400416034343698204186575808495616" [../src/msm.cpp:315->../src/msm.cpp:488]   --->   Operation 213 'icmp' 'icmp_ln315' <Predicate = true> <Delay = 2.85> <CoreInst = "Cmp">   --->   Core 9 'Cmp' <Latency = 0> <II = 1> <Delay = 2.85> <FuncUnit> <Opcode : 'seteq' 'setne' 'setle' 'setge' 'setlt' 'setgt'> <InPorts = 2> <OutPorts = 1>
ST_22 : Operation 214 [1/5] (2.61ns)   --->   "%mul_ln316 = mul i256 %select_ln311, i256 %term4_2" [../src/msm.cpp:316->../src/msm.cpp:488]   --->   Operation 214 'mul' 'mul_ln316' <Predicate = true> <Delay = 2.61> <CoreInst = "Multiplier">   --->   Core 3 'Multiplier' <Latency = 4> <II = 1> <Delay = 2.61> <FuncUnit> <Opcode : 'mul'> <InPorts = 2> <OutPorts = 1>
ST_22 : Operation 215 [1/1] (2.85ns)   --->   "%icmp_ln318 = icmp_ugt  i512 %mul_ln318, i512 21888242871839275222246405745257275088548364400416034343698204186575808495616" [../src/msm.cpp:318->../src/msm.cpp:488]   --->   Operation 215 'icmp' 'icmp_ln318' <Predicate = true> <Delay = 2.85> <CoreInst = "Cmp">   --->   Core 9 'Cmp' <Latency = 0> <II = 1> <Delay = 2.85> <FuncUnit> <Opcode : 'seteq' 'setne' 'setle' 'setge' 'setlt' 'setgt'> <InPorts = 2> <OutPorts = 1>
ST_22 : Operation 216 [1/5] (2.61ns)   --->   "%mul_ln318_1 = mul i256 %term3_2, i256 %term2_2" [../src/msm.cpp:318->../src/msm.cpp:488]   --->   Operation 216 'mul' 'mul_ln318_1' <Predicate = true> <Delay = 2.61> <CoreInst = "Multiplier">   --->   Core 3 'Multiplier' <Latency = 4> <II = 1> <Delay = 2.61> <FuncUnit> <Opcode : 'mul'> <InPorts = 2> <OutPorts = 1>

State 23 <SV = 22> <Delay = 2.46>
ST_23 : Operation 217 [1/1] (1.95ns)   --->   "%add_ln312 = add i256 %mul_ln312, i256 93903846365476920201324579263430632764721620265224529695759379821337321144319" [../src/msm.cpp:312->../src/msm.cpp:488]   --->   Operation 217 'add' 'add_ln312' <Predicate = (icmp_ln311_1)> <Delay = 1.95> <CoreInst = "Adder">   --->   Core 1 'Adder' <Latency = 0> <II = 1> <Delay = 1.95> <FuncUnit> <Opcode : 'add' 'sub'> <InPorts = 2> <OutPorts = 1>
ST_23 : Operation 218 [1/1] (0.51ns)   --->   "%new_bucket_point_x = select i1 %icmp_ln311_1, i256 %add_ln312, i256 %mul_ln312" [../src/msm.cpp:311->../src/msm.cpp:488]   --->   Operation 218 'select' 'new_bucket_point_x' <Predicate = true> <Delay = 0.51> <CoreInst = "Sel">   --->   Core 73 'Sel' <Latency = 0> <II = 1> <Delay = 0.51> <FuncUnit> <Opcode : 'select'> <InPorts = 3> <OutPorts = 1>
ST_23 : Operation 219 [1/1] (1.95ns)   --->   "%add_ln314 = add i256 %mul_ln314_1, i256 93903846365476920201324579263430632764721620265224529695759379821337321144319" [../src/msm.cpp:314->../src/msm.cpp:488]   --->   Operation 219 'add' 'add_ln314' <Predicate = (icmp_ln314)> <Delay = 1.95> <CoreInst = "Adder">   --->   Core 1 'Adder' <Latency = 0> <II = 1> <Delay = 1.95> <FuncUnit> <Opcode : 'add' 'sub'> <InPorts = 2> <OutPorts = 1>
ST_23 : Operation 220 [1/1] (0.51ns)   --->   "%new_bucket_point_y = select i1 %icmp_ln314, i256 %add_ln314, i256 %mul_ln314_1" [../src/msm.cpp:314->../src/msm.cpp:488]   --->   Operation 220 'select' 'new_bucket_point_y' <Predicate = true> <Delay = 0.51> <CoreInst = "Sel">   --->   Core 73 'Sel' <Latency = 0> <II = 1> <Delay = 0.51> <FuncUnit> <Opcode : 'select'> <InPorts = 3> <OutPorts = 1>
ST_23 : Operation 221 [1/1] (1.95ns)   --->   "%add_ln316 = add i256 %mul_ln316, i256 93903846365476920201324579263430632764721620265224529695759379821337321144319" [../src/msm.cpp:316->../src/msm.cpp:488]   --->   Operation 221 'add' 'add_ln316' <Predicate = (icmp_ln315)> <Delay = 1.95> <CoreInst = "Adder">   --->   Core 1 'Adder' <Latency = 0> <II = 1> <Delay = 1.95> <FuncUnit> <Opcode : 'add' 'sub'> <InPorts = 2> <OutPorts = 1>
ST_23 : Operation 222 [1/1] (0.51ns)   --->   "%new_bucket_point_t = select i1 %icmp_ln315, i256 %add_ln316, i256 %mul_ln316" [../src/msm.cpp:315->../src/msm.cpp:488]   --->   Operation 222 'select' 'new_bucket_point_t' <Predicate = true> <Delay = 0.51> <CoreInst = "Sel">   --->   Core 73 'Sel' <Latency = 0> <II = 1> <Delay = 0.51> <FuncUnit> <Opcode : 'select'> <InPorts = 3> <OutPorts = 1>
ST_23 : Operation 223 [1/1] (1.95ns)   --->   "%add_ln318 = add i256 %mul_ln318_1, i256 93903846365476920201324579263430632764721620265224529695759379821337321144319" [../src/msm.cpp:318->../src/msm.cpp:488]   --->   Operation 223 'add' 'add_ln318' <Predicate = (icmp_ln318)> <Delay = 1.95> <CoreInst = "Adder">   --->   Core 1 'Adder' <Latency = 0> <II = 1> <Delay = 1.95> <FuncUnit> <Opcode : 'add' 'sub'> <InPorts = 2> <OutPorts = 1>
ST_23 : Operation 224 [1/1] (0.51ns)   --->   "%new_bucket_point_z = select i1 %icmp_ln318, i256 %add_ln318, i256 %mul_ln318_1" [../src/msm.cpp:318->../src/msm.cpp:488]   --->   Operation 224 'select' 'new_bucket_point_z' <Predicate = true> <Delay = 0.51> <CoreInst = "Sel">   --->   Core 73 'Sel' <Latency = 0> <II = 1> <Delay = 0.51> <FuncUnit> <Opcode : 'select'> <InPorts = 3> <OutPorts = 1>
ST_23 : Operation 225 [1/1] (0.00ns)   --->   "%mrv_s = insertvalue i1024 <undef>, i256 %new_bucket_point_z" [../src/msm.cpp:497]   --->   Operation 225 'insertvalue' 'mrv_s' <Predicate = true> <Delay = 0.00>
ST_23 : Operation 226 [1/1] (0.00ns)   --->   "%mrv_1 = insertvalue i1024 %mrv_s, i256 %new_bucket_point_t" [../src/msm.cpp:497]   --->   Operation 226 'insertvalue' 'mrv_1' <Predicate = true> <Delay = 0.00>
ST_23 : Operation 227 [1/1] (0.00ns)   --->   "%mrv_2 = insertvalue i1024 %mrv_1, i256 %new_bucket_point_x" [../src/msm.cpp:497]   --->   Operation 227 'insertvalue' 'mrv_2' <Predicate = true> <Delay = 0.00>
ST_23 : Operation 228 [1/1] (0.00ns)   --->   "%mrv_3 = insertvalue i1024 %mrv_2, i256 %new_bucket_point_y" [../src/msm.cpp:497]   --->   Operation 228 'insertvalue' 'mrv_3' <Predicate = true> <Delay = 0.00>
ST_23 : Operation 229 [1/1] (0.00ns)   --->   "%ret_ln497 = ret i1024 %mrv_3" [../src/msm.cpp:497]   --->   Operation 229 'ret' 'ret_ln497' <Predicate = true> <Delay = 0.00>


============================================================
+ Verbose Summary: Binding
============================================================
STG Binding: 
---------------- STG Properties BEGIN ----------------
- Is combinational: 0
- Is one-state seq: 0
- Is datapath-only: 0
- Is pipelined: 0
- Is top level: 0
Port [ Return ] is wired: 1; IO mode=ap_ctrl_hs:ce=0
Port [ bucket_point_x_read]:  wired=1; compound=0; hidden=0; nouse=0; global=0; static=0; extern=0; dir=0; type=0; pingpong=0; private_global=0; IO mode=ap_none:ce=0
Port [ bucket_point_y_read]:  wired=1; compound=0; hidden=0; nouse=0; global=0; static=0; extern=0; dir=0; type=0; pingpong=0; private_global=0; IO mode=ap_none:ce=0
Port [ bucket_point_z_read]:  wired=1; compound=0; hidden=0; nouse=0; global=0; static=0; extern=0; dir=0; type=0; pingpong=0; private_global=0; IO mode=ap_none:ce=0
Port [ bucket_point_t_read]:  wired=1; compound=0; hidden=0; nouse=0; global=0; static=0; extern=0; dir=0; type=0; pingpong=0; private_global=0; IO mode=ap_none:ce=0
Port [ x]:  wired=1; compound=0; hidden=0; nouse=0; global=0; static=0; extern=0; dir=0; type=0; pingpong=0; private_global=0; IO mode=ap_none:ce=0
Port [ y]:  wired=1; compound=0; hidden=0; nouse=0; global=0; static=0; extern=0; dir=0; type=0; pingpong=0; private_global=0; IO mode=ap_none:ce=0
Port [ z]:  wired=1; compound=0; hidden=0; nouse=0; global=0; static=0; extern=0; dir=0; type=0; pingpong=0; private_global=0; IO mode=ap_none:ce=0
Port [ t]:  wired=1; compound=0; hidden=0; nouse=0; global=0; static=0; extern=0; dir=0; type=0; pingpong=0; private_global=0; IO mode=ap_none:ce=0
---------------- STG Properties END ------------------

---------------- Datapath Model BEGIN ----------------

<LifeTime>
<method=bitvector/>
bucket_point_t_read_1 (read       ) [ 000000000000000000000000]
bucket_point_y_read_1 (read       ) [ 001111000000000000000000]
bucket_point_x_read_1 (read       ) [ 001111000000000000000000]
icmp_ln479            (icmp       ) [ 000000000000000000000000]
icmp_ln479_1          (icmp       ) [ 000000000000000000000000]
and_ln479             (and        ) [ 001111110000000000000000]
T1                    (select     ) [ 001111100000000000000000]
t_read                (read       ) [ 000111100000000000000000]
zext_ln302            (zext       ) [ 000111100000000000000000]
zext_ln302_1          (zext       ) [ 000111100000000000000000]
Y1                    (select     ) [ 000000111110000000000000]
X1                    (select     ) [ 000000111110000000000000]
y_read                (read       ) [ 000000011110000000000000]
x_read                (read       ) [ 000000011110000000000000]
zext_ln297            (zext       ) [ 000000000000000000000000]
zext_ln297_1          (zext       ) [ 000000000000000000000000]
add_ln297             (add        ) [ 000000010000000000000000]
X1_plus_Y1_1          (add        ) [ 000000010000000000000000]
zext_ln298            (zext       ) [ 000000000000000000000000]
zext_ln298_1          (zext       ) [ 000000000000000000000000]
add_ln298             (add        ) [ 000000010000000000000000]
X2_plus_Y2_1          (add        ) [ 000000010000000000000000]
zext_ln299            (zext       ) [ 000000011110000000000000]
zext_ln299_1          (zext       ) [ 000000011110000000000000]
zext_ln300            (zext       ) [ 000000011110000000000000]
zext_ln300_1          (zext       ) [ 000000011110000000000000]
mul_ln302             (mul        ) [ 000000010000000000000000]
T1_T2_1               (mul        ) [ 000000011000000000000000]
bucket_point_z_read_1 (read       ) [ 000000000000000000000000]
Z1                    (select     ) [ 000000001111100000000000]
icmp_ln297            (icmp       ) [ 000000000000000000000000]
X1_plus_Y1            (add        ) [ 000000000000000000000000]
X1_plus_Y1_2          (select     ) [ 000000001111100000000000]
icmp_ln298            (icmp       ) [ 000000000000000000000000]
X2_plus_Y2            (add        ) [ 000000000000000000000000]
X2_plus_Y2_2          (select     ) [ 000000001111100000000000]
icmp_ln302            (icmp       ) [ 000000001000000000000000]
z_read                (read       ) [ 000000000111100000000000]
zext_ln301            (zext       ) [ 000000000111100000000000]
zext_ln301_1          (zext       ) [ 000000000111100000000000]
T1_T2                 (add        ) [ 000000000000000000000000]
T1_T2_2               (select     ) [ 000000000111110000000000]
zext_ln305            (zext       ) [ 000000000111100000000000]
zext_ln305_1          (zext       ) [ 000000000111100000000000]
zext_ln303            (zext       ) [ 000000000011110000000000]
mul_ln299             (mul        ) [ 000000000001000000000000]
X1_X2_1               (mul        ) [ 000000000001100000000000]
mul_ln300             (mul        ) [ 000000000001000000000000]
Y1_Y2_1               (mul        ) [ 000000000001100000000000]
icmp_ln299            (icmp       ) [ 000000000000100000000000]
icmp_ln300            (icmp       ) [ 000000000000100000000000]
X1_X2                 (add        ) [ 000000000000000000000000]
X1_X2_2               (select     ) [ 000000000000011100000000]
Y1_Y2                 (add        ) [ 000000000000000000000000]
Y1_Y2_2               (select     ) [ 000000000000011100000000]
mul_ln301             (mul        ) [ 000000000000010000000000]
Z1_Z2_1               (mul        ) [ 000000000000011000000000]
mul_ln305             (mul        ) [ 000000000000010000000000]
term1_1               (mul        ) [ 000000000000011000000000]
icmp_ln301            (icmp       ) [ 000000000000001000000000]
mul_ln303             (mul        ) [ 000000000000001000000000]
curve_d_T1_T2_1       (mul        ) [ 000000000000001100000000]
icmp_ln305            (icmp       ) [ 000000000000001000000000]
Z1_Z2                 (add        ) [ 000000000000000000000000]
Z1_Z2_2               (select     ) [ 000000000000000100000000]
icmp_ln303            (icmp       ) [ 000000000000000100000000]
curve_d_T1_T2         (add        ) [ 000000000000000100000000]
term1                 (add        ) [ 000000000000000000000000]
term1_2               (select     ) [ 000000000000000100000000]
zext_ln311            (zext       ) [ 000000000000000000000000]
zext_ln311_1          (zext       ) [ 000000000000000000000000]
add_ln311             (add        ) [ 000000000000000100000000]
curve_d_T1_T2_2       (select     ) [ 000000000000000000000000]
icmp_ln306            (icmp       ) [ 000000000000000010000000]
term2                 (sub        ) [ 000000000000000010000000]
zext_ln307            (zext       ) [ 000000000000000000000000]
zext_ln307_1          (zext       ) [ 000000000000000000000000]
add_ln307             (add        ) [ 000000000000000010000000]
term3_1               (add        ) [ 000000000000000010000000]
icmp_ln308            (icmp       ) [ 000000000000000010000000]
term4                 (sub        ) [ 000000000000000010000000]
zext_ln311_2          (zext       ) [ 000000000000000000000000]
icmp_ln311            (icmp       ) [ 000000000000000010000000]
sub_ln311             (sub        ) [ 000000000000000000000000]
sub_ln311_1           (sub        ) [ 000000000000000010000000]
xor_ln306             (xor        ) [ 000000000000000000000000]
term2_1               (add        ) [ 000000000000000000000000]
term2_2               (select     ) [ 000000000000000001111110]
icmp_ln307            (icmp       ) [ 000000000000000000000000]
term3                 (add        ) [ 000000000000000000000000]
term3_2               (select     ) [ 000000000000000001111110]
xor_ln308             (xor        ) [ 000000000000000000000000]
term4_1               (add        ) [ 000000000000000000000000]
term4_2               (select     ) [ 000000000000000001111110]
xor_ln311             (xor        ) [ 000000000000000000000000]
add_ln311_1           (add        ) [ 000000000000000000000000]
select_ln311          (select     ) [ 000000000000000001111110]
zext_ln311_3          (zext       ) [ 000000000000000000111100]
zext_ln311_4          (zext       ) [ 000000000000000000111100]
zext_ln314            (zext       ) [ 000000000000000000111100]
zext_ln314_1          (zext       ) [ 000000000000000000111100]
mul_ln311             (mul        ) [ 000000000000000000000010]
mul_ln314             (mul        ) [ 000000000000000000000010]
mul_ln315             (mul        ) [ 000000000000000000000010]
mul_ln318             (mul        ) [ 000000000000000000000010]
icmp_ln311_1          (icmp       ) [ 000000000000000000000001]
mul_ln312             (mul        ) [ 000000000000000000000001]
icmp_ln314            (icmp       ) [ 000000000000000000000001]
mul_ln314_1           (mul        ) [ 000000000000000000000001]
icmp_ln315            (icmp       ) [ 000000000000000000000001]
mul_ln316             (mul        ) [ 000000000000000000000001]
icmp_ln318            (icmp       ) [ 000000000000000000000001]
mul_ln318_1           (mul        ) [ 000000000000000000000001]
add_ln312             (add        ) [ 000000000000000000000000]
new_bucket_point_x    (select     ) [ 000000000000000000000000]
add_ln314             (add        ) [ 000000000000000000000000]
new_bucket_point_y    (select     ) [ 000000000000000000000000]
add_ln316             (add        ) [ 000000000000000000000000]
new_bucket_point_t    (select     ) [ 000000000000000000000000]
add_ln318             (add        ) [ 000000000000000000000000]
new_bucket_point_z    (select     ) [ 000000000000000000000000]
mrv_s                 (insertvalue) [ 000000000000000000000000]
mrv_1                 (insertvalue) [ 000000000000000000000000]
mrv_2                 (insertvalue) [ 000000000000000000000000]
mrv_3                 (insertvalue) [ 000000000000000000000000]
ret_ln497             (ret        ) [ 000000000000000000000000]
</LifeTime>

<model>

<comp_list>
<comp id="0" class="1000" name="bucket_point_x_read">
<pin_list>
<pin id="1" dir="1" index="0" bw="1" slack="0"/>
</pin_list>
<bind>
<StgValue><ssdm name="bucket_point_x_read"/></StgValue>
</bind>
</comp>

<comp id="2" class="1000" name="bucket_point_y_read">
<pin_list>
<pin id="3" dir="1" index="0" bw="1" slack="0"/>
</pin_list>
<bind>
<StgValue><ssdm name="bucket_point_y_read"/></StgValue>
</bind>
</comp>

<comp id="4" class="1000" name="bucket_point_z_read">
<pin_list>
<pin id="5" dir="1" index="0" bw="1" slack="0"/>
</pin_list>
<bind>
<StgValue><ssdm name="bucket_point_z_read"/></StgValue>
</bind>
</comp>

<comp id="6" class="1000" name="bucket_point_t_read">
<pin_list>
<pin id="7" dir="1" index="0" bw="1" slack="0"/>
</pin_list>
<bind>
<StgValue><ssdm name="bucket_point_t_read"/></StgValue>
</bind>
</comp>

<comp id="8" class="1000" name="x">
<pin_list>
<pin id="9" dir="1" index="0" bw="1" slack="0"/>
</pin_list>
<bind>
<StgValue><ssdm name="x"/></StgValue>
</bind>
</comp>

<comp id="10" class="1000" name="y">
<pin_list>
<pin id="11" dir="1" index="0" bw="1" slack="0"/>
</pin_list>
<bind>
<StgValue><ssdm name="y"/></StgValue>
</bind>
</comp>

<comp id="12" class="1000" name="z">
<pin_list>
<pin id="13" dir="1" index="0" bw="1" slack="0"/>
</pin_list>
<bind>
<StgValue><ssdm name="z"/></StgValue>
</bind>
</comp>

<comp id="14" class="1000" name="t">
<pin_list>
<pin id="15" dir="1" index="0" bw="1" slack="0"/>
</pin_list>
<bind>
<StgValue><ssdm name="t"/></StgValue>
</bind>
</comp>

<comp id="16" class="1001" name="const_16">
<pin_list>
<pin id="17" dir="1" index="0" bw="1" slack="0"/>
</pin_list>
<bind>
<StgValue><ssdm name="_ssdm_op_Read.ap_auto.i256"/></StgValue>
</bind>
</comp>

<comp id="18" class="1001" name="const_18">
<pin_list>
<pin id="19" dir="1" index="0" bw="1" slack="0"/>
</pin_list>
<bind>
<StgValue><ssdm name=""/></StgValue>
</bind>
</comp>

<comp id="20" class="1001" name="const_20">
<pin_list>
<pin id="21" dir="1" index="0" bw="1" slack="0"/>
</pin_list>
<bind>
<StgValue><ssdm name=""/></StgValue>
</bind>
</comp>

<comp id="22" class="1001" name="const_22">
<pin_list>
<pin id="23" dir="1" index="0" bw="1" slack="0"/>
</pin_list>
<bind>
<StgValue><ssdm name=""/></StgValue>
</bind>
</comp>

<comp id="24" class="1001" name="const_24">
<pin_list>
<pin id="25" dir="1" index="0" bw="1" slack="0"/>
</pin_list>
<bind>
<StgValue><ssdm name=""/></StgValue>
</bind>
</comp>

<comp id="26" class="1001" name="const_26">
<pin_list>
<pin id="27" dir="1" index="0" bw="1" slack="0"/>
</pin_list>
<bind>
<StgValue><ssdm name=""/></StgValue>
</bind>
</comp>

<comp id="28" class="1001" name="const_28">
<pin_list>
<pin id="29" dir="1" index="0" bw="1" slack="0"/>
</pin_list>
<bind>
<StgValue><ssdm name=""/></StgValue>
</bind>
</comp>

<comp id="30" class="1001" name="const_30">
<pin_list>
<pin id="31" dir="1" index="0" bw="1" slack="0"/>
</pin_list>
<bind>
<StgValue><ssdm name=""/></StgValue>
</bind>
</comp>

<comp id="32" class="1001" name="const_32">
<pin_list>
<pin id="33" dir="1" index="0" bw="1" slack="0"/>
</pin_list>
<bind>
<StgValue><ssdm name=""/></StgValue>
</bind>
</comp>

<comp id="34" class="1001" name="const_34">
<pin_list>
<pin id="35" dir="1" index="0" bw="1" slack="0"/>
</pin_list>
<bind>
<StgValue><ssdm name=""/></StgValue>
</bind>
</comp>

<comp id="36" class="1001" name="const_36">
<pin_list>
<pin id="37" dir="1" index="0" bw="1" slack="0"/>
</pin_list>
<bind>
<StgValue><ssdm name=""/></StgValue>
</bind>
</comp>

<comp id="38" class="1001" name="const_38">
<pin_list>
<pin id="39" dir="1" index="0" bw="1" slack="0"/>
</pin_list>
<bind>
<StgValue><ssdm name=""/></StgValue>
</bind>
</comp>

<comp id="40" class="1001" name="const_40">
<pin_list>
<pin id="41" dir="1" index="0" bw="1" slack="0"/>
</pin_list>
<bind>
<StgValue><ssdm name=""/></StgValue>
</bind>
</comp>

<comp id="42" class="1004" name="bucket_point_t_read_1_read_fu_42">
<pin_list>
<pin id="43" dir="0" index="0" bw="256" slack="0"/>
<pin id="44" dir="0" index="1" bw="256" slack="0"/>
<pin id="45" dir="1" index="2" bw="256" slack="0"/>
</pin_list>
<bind>
<opcode="read(1150) " fcode="read"/>
<opset="bucket_point_t_read_1/1 "/>
</bind>
</comp>

<comp id="48" class="1004" name="bucket_point_y_read_1_read_fu_48">
<pin_list>
<pin id="49" dir="0" index="0" bw="256" slack="0"/>
<pin id="50" dir="0" index="1" bw="256" slack="0"/>
<pin id="51" dir="1" index="2" bw="256" slack="0"/>
</pin_list>
<bind>
<opcode="read(1150) " fcode="read"/>
<opset="bucket_point_y_read_1/1 "/>
</bind>
</comp>

<comp id="54" class="1004" name="bucket_point_x_read_1_read_fu_54">
<pin_list>
<pin id="55" dir="0" index="0" bw="256" slack="0"/>
<pin id="56" dir="0" index="1" bw="256" slack="0"/>
<pin id="57" dir="1" index="2" bw="256" slack="0"/>
</pin_list>
<bind>
<opcode="read(1150) " fcode="read"/>
<opset="bucket_point_x_read_1/1 "/>
</bind>
</comp>

<comp id="60" class="1004" name="t_read_read_fu_60">
<pin_list>
<pin id="61" dir="0" index="0" bw="256" slack="0"/>
<pin id="62" dir="0" index="1" bw="256" slack="0"/>
<pin id="63" dir="1" index="2" bw="256" slack="0"/>
</pin_list>
<bind>
<opcode="read(1150) " fcode="read"/>
<opset="t_read/2 "/>
</bind>
</comp>

<comp id="66" class="1004" name="y_read_read_fu_66">
<pin_list>
<pin id="67" dir="0" index="0" bw="256" slack="0"/>
<pin id="68" dir="0" index="1" bw="256" slack="0"/>
<pin id="69" dir="1" index="2" bw="256" slack="0"/>
</pin_list>
<bind>
<opcode="read(1150) " fcode="read"/>
<opset="y_read/6 "/>
</bind>
</comp>

<comp id="72" class="1004" name="x_read_read_fu_72">
<pin_list>
<pin id="73" dir="0" index="0" bw="256" slack="0"/>
<pin id="74" dir="0" index="1" bw="256" slack="0"/>
<pin id="75" dir="1" index="2" bw="256" slack="0"/>
</pin_list>
<bind>
<opcode="read(1150) " fcode="read"/>
<opset="x_read/6 "/>
</bind>
</comp>

<comp id="78" class="1004" name="bucket_point_z_read_1_read_fu_78">
<pin_list>
<pin id="79" dir="0" index="0" bw="256" slack="0"/>
<pin id="80" dir="0" index="1" bw="256" slack="0"/>
<pin id="81" dir="1" index="2" bw="256" slack="0"/>
</pin_list>
<bind>
<opcode="read(1150) " fcode="read"/>
<opset="bucket_point_z_read_1/7 "/>
</bind>
</comp>

<comp id="84" class="1004" name="z_read_read_fu_84">
<pin_list>
<pin id="85" dir="0" index="0" bw="256" slack="0"/>
<pin id="86" dir="0" index="1" bw="256" slack="0"/>
<pin id="87" dir="1" index="2" bw="256" slack="0"/>
</pin_list>
<bind>
<opcode="read(1150) " fcode="read"/>
<opset="z_read/8 "/>
</bind>
</comp>

<comp id="90" class="1004" name="grp_fu_90">
<pin_list>
<pin id="91" dir="0" index="0" bw="256" slack="0"/>
<pin id="92" dir="0" index="1" bw="256" slack="0"/>
<pin id="93" dir="1" index="2" bw="512" slack="1"/>
</pin_list>
<bind>
<opcode="mul(12) " fcode="mul"/>
<opset="mul_ln302/2 mul_ln299/6 mul_ln301/8 mul_ln311/17 "/>
</bind>
</comp>

<comp id="94" class="1004" name="grp_fu_94">
<pin_list>
<pin id="95" dir="0" index="0" bw="256" slack="0"/>
<pin id="96" dir="0" index="1" bw="256" slack="0"/>
<pin id="97" dir="1" index="2" bw="512" slack="1"/>
</pin_list>
<bind>
<opcode="mul(12) " fcode="mul"/>
<opset="mul_ln300/6 mul_ln305/8 mul_ln314/17 "/>
</bind>
</comp>

<comp id="98" class="1004" name="grp_fu_98">
<pin_list>
<pin id="99" dir="0" index="0" bw="256" slack="0"/>
<pin id="100" dir="0" index="1" bw="256" slack="0"/>
<pin id="101" dir="1" index="2" bw="512" slack="1"/>
</pin_list>
<bind>
<opcode="mul(12) " fcode="mul"/>
<opset="mul_ln315/17 "/>
</bind>
</comp>

<comp id="102" class="1004" name="grp_fu_102">
<pin_list>
<pin id="103" dir="0" index="0" bw="256" slack="0"/>
<pin id="104" dir="0" index="1" bw="256" slack="0"/>
<pin id="105" dir="1" index="2" bw="512" slack="1"/>
</pin_list>
<bind>
<opcode="mul(12) " fcode="mul"/>
<opset="mul_ln318/17 "/>
</bind>
</comp>

<comp id="106" class="1004" name="grp_fu_106">
<pin_list>
<pin id="107" dir="0" index="0" bw="256" slack="0"/>
<pin id="108" dir="0" index="1" bw="254" slack="0"/>
<pin id="109" dir="1" index="2" bw="509" slack="1"/>
</pin_list>
<bind>
<opcode="mul(12) " fcode="mul"/>
<opset="mul_ln303/9 "/>
</bind>
</comp>

<comp id="111" class="1004" name="grp_fu_111">
<pin_list>
<pin id="112" dir="0" index="0" bw="256" slack="1"/>
<pin id="113" dir="0" index="1" bw="256" slack="0"/>
<pin id="114" dir="1" index="2" bw="256" slack="1"/>
</pin_list>
<bind>
<opcode="mul(12) " fcode="mul"/>
<opset="T1_T2_1/2 X1_X2_1/6 Z1_Z2_1/8 mul_ln312/18 "/>
</bind>
</comp>

<comp id="117" class="1004" name="grp_fu_117">
<pin_list>
<pin id="118" dir="0" index="0" bw="256" slack="1"/>
<pin id="119" dir="0" index="1" bw="256" slack="0"/>
<pin id="120" dir="1" index="2" bw="256" slack="1"/>
</pin_list>
<bind>
<opcode="mul(12) " fcode="mul"/>
<opset="Y1_Y2_1/6 term1_1/8 mul_ln314_1/18 "/>
</bind>
</comp>

<comp id="123" class="1004" name="grp_fu_123">
<pin_list>
<pin id="124" dir="0" index="0" bw="256" slack="2"/>
<pin id="125" dir="0" index="1" bw="256" slack="2"/>
<pin id="126" dir="1" index="2" bw="256" slack="1"/>
</pin_list>
<bind>
<opcode="mul(12) " fcode="mul"/>
<opset="mul_ln316/18 "/>
</bind>
</comp>

<comp id="127" class="1004" name="grp_fu_127">
<pin_list>
<pin id="128" dir="0" index="0" bw="256" slack="2"/>
<pin id="129" dir="0" index="1" bw="256" slack="2"/>
<pin id="130" dir="1" index="2" bw="256" slack="1"/>
</pin_list>
<bind>
<opcode="mul(12) " fcode="mul"/>
<opset="mul_ln318_1/18 "/>
</bind>
</comp>

<comp id="131" class="1004" name="grp_fu_131">
<pin_list>
<pin id="132" dir="0" index="0" bw="256" slack="1"/>
<pin id="133" dir="0" index="1" bw="254" slack="0"/>
<pin id="134" dir="1" index="2" bw="256" slack="1"/>
</pin_list>
<bind>
<opcode="mul(12) " fcode="mul"/>
<opset="curve_d_T1_T2_1/9 "/>
</bind>
</comp>

<comp id="136" class="1005" name="reg_136">
<pin_list>
<pin id="137" dir="0" index="0" bw="512" slack="1"/>
<pin id="138" dir="1" index="1" bw="512" slack="1"/>
</pin_list>
<bind>
<opset="mul_ln302 mul_ln299 mul_ln301 mul_ln311 "/>
</bind>
</comp>

<comp id="140" class="1005" name="reg_140">
<pin_list>
<pin id="141" dir="0" index="0" bw="256" slack="1"/>
<pin id="142" dir="1" index="1" bw="256" slack="1"/>
</pin_list>
<bind>
<opset="T1_T2_1 X1_X2_1 Z1_Z2_1 mul_ln312 "/>
</bind>
</comp>

<comp id="144" class="1005" name="reg_144">
<pin_list>
<pin id="145" dir="0" index="0" bw="512" slack="1"/>
<pin id="146" dir="1" index="1" bw="512" slack="1"/>
</pin_list>
<bind>
<opset="mul_ln300 mul_ln305 mul_ln314 "/>
</bind>
</comp>

<comp id="148" class="1005" name="reg_148">
<pin_list>
<pin id="149" dir="0" index="0" bw="256" slack="1"/>
<pin id="150" dir="1" index="1" bw="256" slack="1"/>
</pin_list>
<bind>
<opset="Y1_Y2_1 term1_1 mul_ln314_1 "/>
</bind>
</comp>

<comp id="152" class="1004" name="grp_fu_152">
<pin_list>
<pin id="153" dir="0" index="0" bw="512" slack="1"/>
<pin id="154" dir="0" index="1" bw="255" slack="0"/>
<pin id="155" dir="1" index="2" bw="1" slack="1"/>
</pin_list>
<bind>
<opcode="icmp(45) " fcode="icmp"/>
<opset="icmp_ln302/7 icmp_ln299/11 icmp_ln301/13 icmp_ln311_1/22 "/>
</bind>
</comp>

<comp id="158" class="1004" name="grp_fu_158">
<pin_list>
<pin id="159" dir="0" index="0" bw="256" slack="1"/>
<pin id="160" dir="0" index="1" bw="255" slack="0"/>
<pin id="161" dir="1" index="2" bw="256" slack="0"/>
</pin_list>
<bind>
<opcode="add(8) " fcode="add"/>
<opset="T1_T2/8 X1_X2/12 Z1_Z2/14 add_ln312/23 "/>
</bind>
</comp>

<comp id="164" class="1004" name="grp_fu_164">
<pin_list>
<pin id="165" dir="0" index="0" bw="512" slack="1"/>
<pin id="166" dir="0" index="1" bw="255" slack="0"/>
<pin id="167" dir="1" index="2" bw="1" slack="1"/>
</pin_list>
<bind>
<opcode="icmp(45) " fcode="icmp"/>
<opset="icmp_ln300/11 icmp_ln305/13 icmp_ln314/22 "/>
</bind>
</comp>

<comp id="170" class="1004" name="grp_fu_170">
<pin_list>
<pin id="171" dir="0" index="0" bw="256" slack="1"/>
<pin id="172" dir="0" index="1" bw="255" slack="0"/>
<pin id="173" dir="1" index="2" bw="256" slack="0"/>
</pin_list>
<bind>
<opcode="add(8) " fcode="add"/>
<opset="Y1_Y2/12 term1/14 add_ln314/23 "/>
</bind>
</comp>

<comp id="176" class="1004" name="icmp_ln479_fu_176">
<pin_list>
<pin id="177" dir="0" index="0" bw="256" slack="0"/>
<pin id="178" dir="0" index="1" bw="1" slack="0"/>
<pin id="179" dir="1" index="2" bw="1" slack="0"/>
</pin_list>
<bind>
<opcode="icmp(45) " fcode="icmp"/>
<opset="icmp_ln479/1 "/>
</bind>
</comp>

<comp id="182" class="1004" name="icmp_ln479_1_fu_182">
<pin_list>
<pin id="183" dir="0" index="0" bw="256" slack="0"/>
<pin id="184" dir="0" index="1" bw="1" slack="0"/>
<pin id="185" dir="1" index="2" bw="1" slack="0"/>
</pin_list>
<bind>
<opcode="icmp(45) " fcode="icmp"/>
<opset="icmp_ln479_1/1 "/>
</bind>
</comp>

<comp id="188" class="1004" name="and_ln479_fu_188">
<pin_list>
<pin id="189" dir="0" index="0" bw="1" slack="0"/>
<pin id="190" dir="0" index="1" bw="1" slack="0"/>
<pin id="191" dir="1" index="2" bw="1" slack="0"/>
</pin_list>
<bind>
<opcode="and(23) " fcode="and"/>
<opset="and_ln479/1 "/>
</bind>
</comp>

<comp id="194" class="1004" name="T1_fu_194">
<pin_list>
<pin id="195" dir="0" index="0" bw="1" slack="0"/>
<pin id="196" dir="0" index="1" bw="1" slack="0"/>
<pin id="197" dir="0" index="2" bw="256" slack="0"/>
<pin id="198" dir="1" index="3" bw="256" slack="1"/>
</pin_list>
<bind>
<opcode="select(49) " fcode="select"/>
<opset="T1/1 "/>
</bind>
</comp>

<comp id="202" class="1004" name="zext_ln302_fu_202">
<pin_list>
<pin id="203" dir="0" index="0" bw="256" slack="1"/>
<pin id="204" dir="1" index="1" bw="512" slack="0"/>
</pin_list>
<bind>
<opcode="zext(34) " fcode="zext"/>
<opset="zext_ln302/2 "/>
</bind>
</comp>

<comp id="206" class="1004" name="zext_ln302_1_fu_206">
<pin_list>
<pin id="207" dir="0" index="0" bw="256" slack="0"/>
<pin id="208" dir="1" index="1" bw="512" slack="0"/>
</pin_list>
<bind>
<opcode="zext(34) " fcode="zext"/>
<opset="zext_ln302_1/2 "/>
</bind>
</comp>

<comp id="211" class="1004" name="Y1_fu_211">
<pin_list>
<pin id="212" dir="0" index="0" bw="1" slack="4"/>
<pin id="213" dir="0" index="1" bw="1" slack="0"/>
<pin id="214" dir="0" index="2" bw="256" slack="4"/>
<pin id="215" dir="1" index="3" bw="256" slack="1"/>
</pin_list>
<bind>
<opcode="select(49) " fcode="select"/>
<opset="Y1/5 "/>
</bind>
</comp>

<comp id="217" class="1004" name="X1_fu_217">
<pin_list>
<pin id="218" dir="0" index="0" bw="1" slack="4"/>
<pin id="219" dir="0" index="1" bw="1" slack="0"/>
<pin id="220" dir="0" index="2" bw="256" slack="4"/>
<pin id="221" dir="1" index="3" bw="256" slack="1"/>
</pin_list>
<bind>
<opcode="select(49) " fcode="select"/>
<opset="X1/5 "/>
</bind>
</comp>

<comp id="223" class="1004" name="zext_ln297_fu_223">
<pin_list>
<pin id="224" dir="0" index="0" bw="256" slack="1"/>
<pin id="225" dir="1" index="1" bw="257" slack="0"/>
</pin_list>
<bind>
<opcode="zext(34) " fcode="zext"/>
<opset="zext_ln297/6 "/>
</bind>
</comp>

<comp id="226" class="1004" name="zext_ln297_1_fu_226">
<pin_list>
<pin id="227" dir="0" index="0" bw="256" slack="1"/>
<pin id="228" dir="1" index="1" bw="257" slack="0"/>
</pin_list>
<bind>
<opcode="zext(34) " fcode="zext"/>
<opset="zext_ln297_1/6 "/>
</bind>
</comp>

<comp id="229" class="1004" name="add_ln297_fu_229">
<pin_list>
<pin id="230" dir="0" index="0" bw="256" slack="0"/>
<pin id="231" dir="0" index="1" bw="256" slack="0"/>
<pin id="232" dir="1" index="2" bw="257" slack="1"/>
</pin_list>
<bind>
<opcode="add(8) " fcode="add"/>
<opset="add_ln297/6 "/>
</bind>
</comp>

<comp id="235" class="1004" name="X1_plus_Y1_1_fu_235">
<pin_list>
<pin id="236" dir="0" index="0" bw="256" slack="1"/>
<pin id="237" dir="0" index="1" bw="256" slack="1"/>
<pin id="238" dir="1" index="2" bw="256" slack="1"/>
</pin_list>
<bind>
<opcode="add(8) " fcode="add"/>
<opset="X1_plus_Y1_1/6 "/>
</bind>
</comp>

<comp id="239" class="1004" name="zext_ln298_fu_239">
<pin_list>
<pin id="240" dir="0" index="0" bw="256" slack="0"/>
<pin id="241" dir="1" index="1" bw="257" slack="0"/>
</pin_list>
<bind>
<opcode="zext(34) " fcode="zext"/>
<opset="zext_ln298/6 "/>
</bind>
</comp>

<comp id="243" class="1004" name="zext_ln298_1_fu_243">
<pin_list>
<pin id="244" dir="0" index="0" bw="256" slack="0"/>
<pin id="245" dir="1" index="1" bw="257" slack="0"/>
</pin_list>
<bind>
<opcode="zext(34) " fcode="zext"/>
<opset="zext_ln298_1/6 "/>
</bind>
</comp>

<comp id="247" class="1004" name="add_ln298_fu_247">
<pin_list>
<pin id="248" dir="0" index="0" bw="256" slack="0"/>
<pin id="249" dir="0" index="1" bw="256" slack="0"/>
<pin id="250" dir="1" index="2" bw="257" slack="1"/>
</pin_list>
<bind>
<opcode="add(8) " fcode="add"/>
<opset="add_ln298/6 "/>
</bind>
</comp>

<comp id="253" class="1004" name="X2_plus_Y2_1_fu_253">
<pin_list>
<pin id="254" dir="0" index="0" bw="256" slack="0"/>
<pin id="255" dir="0" index="1" bw="256" slack="0"/>
<pin id="256" dir="1" index="2" bw="256" slack="1"/>
</pin_list>
<bind>
<opcode="add(8) " fcode="add"/>
<opset="X2_plus_Y2_1/6 "/>
</bind>
</comp>

<comp id="259" class="1004" name="zext_ln299_fu_259">
<pin_list>
<pin id="260" dir="0" index="0" bw="256" slack="1"/>
<pin id="261" dir="1" index="1" bw="512" slack="0"/>
</pin_list>
<bind>
<opcode="zext(34) " fcode="zext"/>
<opset="zext_ln299/6 "/>
</bind>
</comp>

<comp id="263" class="1004" name="zext_ln299_1_fu_263">
<pin_list>
<pin id="264" dir="0" index="0" bw="256" slack="0"/>
<pin id="265" dir="1" index="1" bw="512" slack="0"/>
</pin_list>
<bind>
<opcode="zext(34) " fcode="zext"/>
<opset="zext_ln299_1/6 "/>
</bind>
</comp>

<comp id="268" class="1004" name="zext_ln300_fu_268">
<pin_list>
<pin id="269" dir="0" index="0" bw="256" slack="1"/>
<pin id="270" dir="1" index="1" bw="512" slack="0"/>
</pin_list>
<bind>
<opcode="zext(34) " fcode="zext"/>
<opset="zext_ln300/6 "/>
</bind>
</comp>

<comp id="272" class="1004" name="zext_ln300_1_fu_272">
<pin_list>
<pin id="273" dir="0" index="0" bw="256" slack="0"/>
<pin id="274" dir="1" index="1" bw="512" slack="0"/>
</pin_list>
<bind>
<opcode="zext(34) " fcode="zext"/>
<opset="zext_ln300_1/6 "/>
</bind>
</comp>

<comp id="277" class="1004" name="Z1_fu_277">
<pin_list>
<pin id="278" dir="0" index="0" bw="1" slack="6"/>
<pin id="279" dir="0" index="1" bw="1" slack="0"/>
<pin id="280" dir="0" index="2" bw="256" slack="0"/>
<pin id="281" dir="1" index="3" bw="256" slack="1"/>
</pin_list>
<bind>
<opcode="select(49) " fcode="select"/>
<opset="Z1/7 "/>
</bind>
</comp>

<comp id="284" class="1004" name="icmp_ln297_fu_284">
<pin_list>
<pin id="285" dir="0" index="0" bw="257" slack="1"/>
<pin id="286" dir="0" index="1" bw="255" slack="0"/>
<pin id="287" dir="1" index="2" bw="1" slack="0"/>
</pin_list>
<bind>
<opcode="icmp(45) " fcode="icmp"/>
<opset="icmp_ln297/7 "/>
</bind>
</comp>

<comp id="289" class="1004" name="X1_plus_Y1_fu_289">
<pin_list>
<pin id="290" dir="0" index="0" bw="256" slack="1"/>
<pin id="291" dir="0" index="1" bw="255" slack="0"/>
<pin id="292" dir="1" index="2" bw="256" slack="0"/>
</pin_list>
<bind>
<opcode="add(8) " fcode="add"/>
<opset="X1_plus_Y1/7 "/>
</bind>
</comp>

<comp id="294" class="1004" name="X1_plus_Y1_2_fu_294">
<pin_list>
<pin id="295" dir="0" index="0" bw="1" slack="0"/>
<pin id="296" dir="0" index="1" bw="256" slack="0"/>
<pin id="297" dir="0" index="2" bw="256" slack="1"/>
<pin id="298" dir="1" index="3" bw="256" slack="1"/>
</pin_list>
<bind>
<opcode="select(49) " fcode="select"/>
<opset="X1_plus_Y1_2/7 "/>
</bind>
</comp>

<comp id="301" class="1004" name="icmp_ln298_fu_301">
<pin_list>
<pin id="302" dir="0" index="0" bw="257" slack="1"/>
<pin id="303" dir="0" index="1" bw="255" slack="0"/>
<pin id="304" dir="1" index="2" bw="1" slack="0"/>
</pin_list>
<bind>
<opcode="icmp(45) " fcode="icmp"/>
<opset="icmp_ln298/7 "/>
</bind>
</comp>

<comp id="306" class="1004" name="X2_plus_Y2_fu_306">
<pin_list>
<pin id="307" dir="0" index="0" bw="256" slack="1"/>
<pin id="308" dir="0" index="1" bw="255" slack="0"/>
<pin id="309" dir="1" index="2" bw="256" slack="0"/>
</pin_list>
<bind>
<opcode="add(8) " fcode="add"/>
<opset="X2_plus_Y2/7 "/>
</bind>
</comp>

<comp id="311" class="1004" name="X2_plus_Y2_2_fu_311">
<pin_list>
<pin id="312" dir="0" index="0" bw="1" slack="0"/>
<pin id="313" dir="0" index="1" bw="256" slack="0"/>
<pin id="314" dir="0" index="2" bw="256" slack="1"/>
<pin id="315" dir="1" index="3" bw="256" slack="1"/>
</pin_list>
<bind>
<opcode="select(49) " fcode="select"/>
<opset="X2_plus_Y2_2/7 "/>
</bind>
</comp>

<comp id="318" class="1004" name="zext_ln301_fu_318">
<pin_list>
<pin id="319" dir="0" index="0" bw="256" slack="1"/>
<pin id="320" dir="1" index="1" bw="512" slack="0"/>
</pin_list>
<bind>
<opcode="zext(34) " fcode="zext"/>
<opset="zext_ln301/8 "/>
</bind>
</comp>

<comp id="322" class="1004" name="zext_ln301_1_fu_322">
<pin_list>
<pin id="323" dir="0" index="0" bw="256" slack="0"/>
<pin id="324" dir="1" index="1" bw="512" slack="0"/>
</pin_list>
<bind>
<opcode="zext(34) " fcode="zext"/>
<opset="zext_ln301_1/8 "/>
</bind>
</comp>

<comp id="327" class="1004" name="T1_T2_2_fu_327">
<pin_list>
<pin id="328" dir="0" index="0" bw="1" slack="1"/>
<pin id="329" dir="0" index="1" bw="256" slack="0"/>
<pin id="330" dir="0" index="2" bw="256" slack="2"/>
<pin id="331" dir="1" index="3" bw="256" slack="1"/>
</pin_list>
<bind>
<opcode="select(49) " fcode="select"/>
<opset="T1_T2_2/8 "/>
</bind>
</comp>

<comp id="334" class="1004" name="zext_ln305_fu_334">
<pin_list>
<pin id="335" dir="0" index="0" bw="256" slack="1"/>
<pin id="336" dir="1" index="1" bw="512" slack="0"/>
</pin_list>
<bind>
<opcode="zext(34) " fcode="zext"/>
<opset="zext_ln305/8 "/>
</bind>
</comp>

<comp id="338" class="1004" name="zext_ln305_1_fu_338">
<pin_list>
<pin id="339" dir="0" index="0" bw="256" slack="1"/>
<pin id="340" dir="1" index="1" bw="512" slack="0"/>
</pin_list>
<bind>
<opcode="zext(34) " fcode="zext"/>
<opset="zext_ln305_1/8 "/>
</bind>
</comp>

<comp id="342" class="1004" name="zext_ln303_fu_342">
<pin_list>
<pin id="343" dir="0" index="0" bw="256" slack="1"/>
<pin id="344" dir="1" index="1" bw="509" slack="0"/>
</pin_list>
<bind>
<opcode="zext(34) " fcode="zext"/>
<opset="zext_ln303/9 "/>
</bind>
</comp>

<comp id="346" class="1004" name="X1_X2_2_fu_346">
<pin_list>
<pin id="347" dir="0" index="0" bw="1" slack="1"/>
<pin id="348" dir="0" index="1" bw="256" slack="0"/>
<pin id="349" dir="0" index="2" bw="256" slack="2"/>
<pin id="350" dir="1" index="3" bw="256" slack="2"/>
</pin_list>
<bind>
<opcode="select(49) " fcode="select"/>
<opset="X1_X2_2/12 "/>
</bind>
</comp>

<comp id="353" class="1004" name="Y1_Y2_2_fu_353">
<pin_list>
<pin id="354" dir="0" index="0" bw="1" slack="1"/>
<pin id="355" dir="0" index="1" bw="256" slack="0"/>
<pin id="356" dir="0" index="2" bw="256" slack="2"/>
<pin id="357" dir="1" index="3" bw="256" slack="2"/>
</pin_list>
<bind>
<opcode="select(49) " fcode="select"/>
<opset="Y1_Y2_2/12 "/>
</bind>
</comp>

<comp id="360" class="1004" name="Z1_Z2_2_fu_360">
<pin_list>
<pin id="361" dir="0" index="0" bw="1" slack="1"/>
<pin id="362" dir="0" index="1" bw="256" slack="0"/>
<pin id="363" dir="0" index="2" bw="256" slack="2"/>
<pin id="364" dir="1" index="3" bw="256" slack="1"/>
</pin_list>
<bind>
<opcode="select(49) " fcode="select"/>
<opset="Z1_Z2_2/14 "/>
</bind>
</comp>

<comp id="367" class="1004" name="icmp_ln303_fu_367">
<pin_list>
<pin id="368" dir="0" index="0" bw="509" slack="1"/>
<pin id="369" dir="0" index="1" bw="255" slack="0"/>
<pin id="370" dir="1" index="2" bw="1" slack="1"/>
</pin_list>
<bind>
<opcode="icmp(45) " fcode="icmp"/>
<opset="icmp_ln303/14 "/>
</bind>
</comp>

<comp id="372" class="1004" name="curve_d_T1_T2_fu_372">
<pin_list>
<pin id="373" dir="0" index="0" bw="256" slack="1"/>
<pin id="374" dir="0" index="1" bw="255" slack="0"/>
<pin id="375" dir="1" index="2" bw="256" slack="1"/>
</pin_list>
<bind>
<opcode="add(8) " fcode="add"/>
<opset="curve_d_T1_T2/14 "/>
</bind>
</comp>

<comp id="377" class="1004" name="term1_2_fu_377">
<pin_list>
<pin id="378" dir="0" index="0" bw="1" slack="1"/>
<pin id="379" dir="0" index="1" bw="256" slack="0"/>
<pin id="380" dir="0" index="2" bw="256" slack="2"/>
<pin id="381" dir="1" index="3" bw="256" slack="1"/>
</pin_list>
<bind>
<opcode="select(49) " fcode="select"/>
<opset="term1_2/14 "/>
</bind>
</comp>

<comp id="384" class="1004" name="zext_ln311_fu_384">
<pin_list>
<pin id="385" dir="0" index="0" bw="256" slack="2"/>
<pin id="386" dir="1" index="1" bw="257" slack="0"/>
</pin_list>
<bind>
<opcode="zext(34) " fcode="zext"/>
<opset="zext_ln311/14 "/>
</bind>
</comp>

<comp id="387" class="1004" name="zext_ln311_1_fu_387">
<pin_list>
<pin id="388" dir="0" index="0" bw="256" slack="2"/>
<pin id="389" dir="1" index="1" bw="257" slack="0"/>
</pin_list>
<bind>
<opcode="zext(34) " fcode="zext"/>
<opset="zext_ln311_1/14 "/>
</bind>
</comp>

<comp id="390" class="1004" name="add_ln311_fu_390">
<pin_list>
<pin id="391" dir="0" index="0" bw="256" slack="0"/>
<pin id="392" dir="0" index="1" bw="256" slack="0"/>
<pin id="393" dir="1" index="2" bw="257" slack="1"/>
</pin_list>
<bind>
<opcode="add(8) " fcode="add"/>
<opset="add_ln311/14 "/>
</bind>
</comp>

<comp id="396" class="1004" name="curve_d_T1_T2_2_fu_396">
<pin_list>
<pin id="397" dir="0" index="0" bw="1" slack="1"/>
<pin id="398" dir="0" index="1" bw="256" slack="1"/>
<pin id="399" dir="0" index="2" bw="256" slack="2"/>
<pin id="400" dir="1" index="3" bw="256" slack="0"/>
</pin_list>
<bind>
<opcode="select(49) " fcode="select"/>
<opset="curve_d_T1_T2_2/15 "/>
</bind>
</comp>

<comp id="401" class="1004" name="icmp_ln306_fu_401">
<pin_list>
<pin id="402" dir="0" index="0" bw="256" slack="1"/>
<pin id="403" dir="0" index="1" bw="256" slack="0"/>
<pin id="404" dir="1" index="2" bw="1" slack="1"/>
</pin_list>
<bind>
<opcode="icmp(45) " fcode="icmp"/>
<opset="icmp_ln306/15 "/>
</bind>
</comp>

<comp id="406" class="1004" name="term2_fu_406">
<pin_list>
<pin id="407" dir="0" index="0" bw="256" slack="1"/>
<pin id="408" dir="0" index="1" bw="256" slack="0"/>
<pin id="409" dir="1" index="2" bw="256" slack="1"/>
</pin_list>
<bind>
<opcode="sub(10) " fcode="sub"/>
<opset="term2/15 "/>
</bind>
</comp>

<comp id="411" class="1004" name="zext_ln307_fu_411">
<pin_list>
<pin id="412" dir="0" index="0" bw="256" slack="1"/>
<pin id="413" dir="1" index="1" bw="257" slack="0"/>
</pin_list>
<bind>
<opcode="zext(34) " fcode="zext"/>
<opset="zext_ln307/15 "/>
</bind>
</comp>

<comp id="414" class="1004" name="zext_ln307_1_fu_414">
<pin_list>
<pin id="415" dir="0" index="0" bw="256" slack="0"/>
<pin id="416" dir="1" index="1" bw="257" slack="0"/>
</pin_list>
<bind>
<opcode="zext(34) " fcode="zext"/>
<opset="zext_ln307_1/15 "/>
</bind>
</comp>

<comp id="418" class="1004" name="add_ln307_fu_418">
<pin_list>
<pin id="419" dir="0" index="0" bw="256" slack="0"/>
<pin id="420" dir="0" index="1" bw="256" slack="0"/>
<pin id="421" dir="1" index="2" bw="257" slack="1"/>
</pin_list>
<bind>
<opcode="add(8) " fcode="add"/>
<opset="add_ln307/15 "/>
</bind>
</comp>

<comp id="424" class="1004" name="term3_1_fu_424">
<pin_list>
<pin id="425" dir="0" index="0" bw="256" slack="0"/>
<pin id="426" dir="0" index="1" bw="256" slack="1"/>
<pin id="427" dir="1" index="2" bw="256" slack="1"/>
</pin_list>
<bind>
<opcode="add(8) " fcode="add"/>
<opset="term3_1/15 "/>
</bind>
</comp>

<comp id="429" class="1004" name="icmp_ln308_fu_429">
<pin_list>
<pin id="430" dir="0" index="0" bw="256" slack="3"/>
<pin id="431" dir="0" index="1" bw="256" slack="3"/>
<pin id="432" dir="1" index="2" bw="1" slack="1"/>
</pin_list>
<bind>
<opcode="icmp(45) " fcode="icmp"/>
<opset="icmp_ln308/15 "/>
</bind>
</comp>

<comp id="433" class="1004" name="term4_fu_433">
<pin_list>
<pin id="434" dir="0" index="0" bw="256" slack="3"/>
<pin id="435" dir="0" index="1" bw="256" slack="3"/>
<pin id="436" dir="1" index="2" bw="256" slack="1"/>
</pin_list>
<bind>
<opcode="sub(10) " fcode="sub"/>
<opset="term4/15 "/>
</bind>
</comp>

<comp id="437" class="1004" name="zext_ln311_2_fu_437">
<pin_list>
<pin id="438" dir="0" index="0" bw="256" slack="1"/>
<pin id="439" dir="1" index="1" bw="257" slack="0"/>
</pin_list>
<bind>
<opcode="zext(34) " fcode="zext"/>
<opset="zext_ln311_2/15 "/>
</bind>
</comp>

<comp id="440" class="1004" name="icmp_ln311_fu_440">
<pin_list>
<pin id="441" dir="0" index="0" bw="256" slack="0"/>
<pin id="442" dir="0" index="1" bw="257" slack="1"/>
<pin id="443" dir="1" index="2" bw="1" slack="1"/>
</pin_list>
<bind>
<opcode="icmp(45) " fcode="icmp"/>
<opset="icmp_ln311/15 "/>
</bind>
</comp>

<comp id="445" class="1004" name="sub_ln311_fu_445">
<pin_list>
<pin id="446" dir="0" index="0" bw="256" slack="1"/>
<pin id="447" dir="0" index="1" bw="256" slack="3"/>
<pin id="448" dir="1" index="2" bw="256" slack="0"/>
</pin_list>
<bind>
<opcode="sub(10) " fcode="sub"/>
<opset="sub_ln311/15 "/>
</bind>
</comp>

<comp id="449" class="1004" name="sub_ln311_1_fu_449">
<pin_list>
<pin id="450" dir="0" index="0" bw="256" slack="0"/>
<pin id="451" dir="0" index="1" bw="256" slack="3"/>
<pin id="452" dir="1" index="2" bw="256" slack="1"/>
</pin_list>
<bind>
<opcode="sub(10) " fcode="sub"/>
<opset="sub_ln311_1/15 "/>
</bind>
</comp>

<comp id="454" class="1004" name="xor_ln306_fu_454">
<pin_list>
<pin id="455" dir="0" index="0" bw="1" slack="1"/>
<pin id="456" dir="0" index="1" bw="1" slack="0"/>
<pin id="457" dir="1" index="2" bw="1" slack="0"/>
</pin_list>
<bind>
<opcode="xor(25) " fcode="xor"/>
<opset="xor_ln306/16 "/>
</bind>
</comp>

<comp id="459" class="1004" name="term2_1_fu_459">
<pin_list>
<pin id="460" dir="0" index="0" bw="256" slack="1"/>
<pin id="461" dir="0" index="1" bw="255" slack="0"/>
<pin id="462" dir="1" index="2" bw="256" slack="0"/>
</pin_list>
<bind>
<opcode="add(8) " fcode="add"/>
<opset="term2_1/16 "/>
</bind>
</comp>

<comp id="464" class="1004" name="term2_2_fu_464">
<pin_list>
<pin id="465" dir="0" index="0" bw="1" slack="0"/>
<pin id="466" dir="0" index="1" bw="256" slack="1"/>
<pin id="467" dir="0" index="2" bw="256" slack="0"/>
<pin id="468" dir="1" index="3" bw="256" slack="1"/>
</pin_list>
<bind>
<opcode="select(49) " fcode="select"/>
<opset="term2_2/16 "/>
</bind>
</comp>

<comp id="471" class="1004" name="icmp_ln307_fu_471">
<pin_list>
<pin id="472" dir="0" index="0" bw="257" slack="1"/>
<pin id="473" dir="0" index="1" bw="255" slack="0"/>
<pin id="474" dir="1" index="2" bw="1" slack="0"/>
</pin_list>
<bind>
<opcode="icmp(45) " fcode="icmp"/>
<opset="icmp_ln307/16 "/>
</bind>
</comp>

<comp id="476" class="1004" name="term3_fu_476">
<pin_list>
<pin id="477" dir="0" index="0" bw="256" slack="1"/>
<pin id="478" dir="0" index="1" bw="255" slack="0"/>
<pin id="479" dir="1" index="2" bw="256" slack="0"/>
</pin_list>
<bind>
<opcode="add(8) " fcode="add"/>
<opset="term3/16 "/>
</bind>
</comp>

<comp id="481" class="1004" name="term3_2_fu_481">
<pin_list>
<pin id="482" dir="0" index="0" bw="1" slack="0"/>
<pin id="483" dir="0" index="1" bw="256" slack="0"/>
<pin id="484" dir="0" index="2" bw="256" slack="1"/>
<pin id="485" dir="1" index="3" bw="256" slack="1"/>
</pin_list>
<bind>
<opcode="select(49) " fcode="select"/>
<opset="term3_2/16 "/>
</bind>
</comp>

<comp id="488" class="1004" name="xor_ln308_fu_488">
<pin_list>
<pin id="489" dir="0" index="0" bw="1" slack="1"/>
<pin id="490" dir="0" index="1" bw="1" slack="0"/>
<pin id="491" dir="1" index="2" bw="1" slack="0"/>
</pin_list>
<bind>
<opcode="xor(25) " fcode="xor"/>
<opset="xor_ln308/16 "/>
</bind>
</comp>

<comp id="493" class="1004" name="term4_1_fu_493">
<pin_list>
<pin id="494" dir="0" index="0" bw="256" slack="1"/>
<pin id="495" dir="0" index="1" bw="255" slack="0"/>
<pin id="496" dir="1" index="2" bw="256" slack="0"/>
</pin_list>
<bind>
<opcode="add(8) " fcode="add"/>
<opset="term4_1/16 "/>
</bind>
</comp>

<comp id="498" class="1004" name="term4_2_fu_498">
<pin_list>
<pin id="499" dir="0" index="0" bw="1" slack="0"/>
<pin id="500" dir="0" index="1" bw="256" slack="1"/>
<pin id="501" dir="0" index="2" bw="256" slack="0"/>
<pin id="502" dir="1" index="3" bw="256" slack="1"/>
</pin_list>
<bind>
<opcode="select(49) " fcode="select"/>
<opset="term4_2/16 "/>
</bind>
</comp>

<comp id="505" class="1004" name="xor_ln311_fu_505">
<pin_list>
<pin id="506" dir="0" index="0" bw="1" slack="1"/>
<pin id="507" dir="0" index="1" bw="1" slack="0"/>
<pin id="508" dir="1" index="2" bw="1" slack="0"/>
</pin_list>
<bind>
<opcode="xor(25) " fcode="xor"/>
<opset="xor_ln311/16 "/>
</bind>
</comp>

<comp id="510" class="1004" name="add_ln311_1_fu_510">
<pin_list>
<pin id="511" dir="0" index="0" bw="256" slack="1"/>
<pin id="512" dir="0" index="1" bw="256" slack="0"/>
<pin id="513" dir="1" index="2" bw="256" slack="0"/>
</pin_list>
<bind>
<opcode="add(8) " fcode="add"/>
<opset="add_ln311_1/16 "/>
</bind>
</comp>

<comp id="515" class="1004" name="select_ln311_fu_515">
<pin_list>
<pin id="516" dir="0" index="0" bw="1" slack="0"/>
<pin id="517" dir="0" index="1" bw="256" slack="1"/>
<pin id="518" dir="0" index="2" bw="256" slack="0"/>
<pin id="519" dir="1" index="3" bw="256" slack="1"/>
</pin_list>
<bind>
<opcode="select(49) " fcode="select"/>
<opset="select_ln311/16 "/>
</bind>
</comp>

<comp id="522" class="1004" name="zext_ln311_3_fu_522">
<pin_list>
<pin id="523" dir="0" index="0" bw="256" slack="1"/>
<pin id="524" dir="1" index="1" bw="512" slack="0"/>
</pin_list>
<bind>
<opcode="zext(34) " fcode="zext"/>
<opset="zext_ln311_3/17 "/>
</bind>
</comp>

<comp id="527" class="1004" name="zext_ln311_4_fu_527">
<pin_list>
<pin id="528" dir="0" index="0" bw="256" slack="1"/>
<pin id="529" dir="1" index="1" bw="512" slack="0"/>
</pin_list>
<bind>
<opcode="zext(34) " fcode="zext"/>
<opset="zext_ln311_4/17 "/>
</bind>
</comp>

<comp id="532" class="1004" name="zext_ln314_fu_532">
<pin_list>
<pin id="533" dir="0" index="0" bw="256" slack="1"/>
<pin id="534" dir="1" index="1" bw="512" slack="0"/>
</pin_list>
<bind>
<opcode="zext(34) " fcode="zext"/>
<opset="zext_ln314/17 "/>
</bind>
</comp>

<comp id="537" class="1004" name="zext_ln314_1_fu_537">
<pin_list>
<pin id="538" dir="0" index="0" bw="256" slack="1"/>
<pin id="539" dir="1" index="1" bw="512" slack="0"/>
</pin_list>
<bind>
<opcode="zext(34) " fcode="zext"/>
<opset="zext_ln314_1/17 "/>
</bind>
</comp>

<comp id="542" class="1004" name="icmp_ln315_fu_542">
<pin_list>
<pin id="543" dir="0" index="0" bw="512" slack="1"/>
<pin id="544" dir="0" index="1" bw="255" slack="0"/>
<pin id="545" dir="1" index="2" bw="1" slack="1"/>
</pin_list>
<bind>
<opcode="icmp(45) " fcode="icmp"/>
<opset="icmp_ln315/22 "/>
</bind>
</comp>

<comp id="547" class="1004" name="icmp_ln318_fu_547">
<pin_list>
<pin id="548" dir="0" index="0" bw="512" slack="1"/>
<pin id="549" dir="0" index="1" bw="255" slack="0"/>
<pin id="550" dir="1" index="2" bw="1" slack="1"/>
</pin_list>
<bind>
<opcode="icmp(45) " fcode="icmp"/>
<opset="icmp_ln318/22 "/>
</bind>
</comp>

<comp id="552" class="1004" name="new_bucket_point_x_fu_552">
<pin_list>
<pin id="553" dir="0" index="0" bw="1" slack="1"/>
<pin id="554" dir="0" index="1" bw="256" slack="0"/>
<pin id="555" dir="0" index="2" bw="256" slack="1"/>
<pin id="556" dir="1" index="3" bw="256" slack="0"/>
</pin_list>
<bind>
<opcode="select(49) " fcode="select"/>
<opset="new_bucket_point_x/23 "/>
</bind>
</comp>

<comp id="559" class="1004" name="new_bucket_point_y_fu_559">
<pin_list>
<pin id="560" dir="0" index="0" bw="1" slack="1"/>
<pin id="561" dir="0" index="1" bw="256" slack="0"/>
<pin id="562" dir="0" index="2" bw="256" slack="1"/>
<pin id="563" dir="1" index="3" bw="256" slack="0"/>
</pin_list>
<bind>
<opcode="select(49) " fcode="select"/>
<opset="new_bucket_point_y/23 "/>
</bind>
</comp>

<comp id="566" class="1004" name="add_ln316_fu_566">
<pin_list>
<pin id="567" dir="0" index="0" bw="256" slack="1"/>
<pin id="568" dir="0" index="1" bw="255" slack="0"/>
<pin id="569" dir="1" index="2" bw="256" slack="0"/>
</pin_list>
<bind>
<opcode="add(8) " fcode="add"/>
<opset="add_ln316/23 "/>
</bind>
</comp>

<comp id="571" class="1004" name="new_bucket_point_t_fu_571">
<pin_list>
<pin id="572" dir="0" index="0" bw="1" slack="1"/>
<pin id="573" dir="0" index="1" bw="256" slack="0"/>
<pin id="574" dir="0" index="2" bw="256" slack="1"/>
<pin id="575" dir="1" index="3" bw="256" slack="0"/>
</pin_list>
<bind>
<opcode="select(49) " fcode="select"/>
<opset="new_bucket_point_t/23 "/>
</bind>
</comp>

<comp id="577" class="1004" name="add_ln318_fu_577">
<pin_list>
<pin id="578" dir="0" index="0" bw="256" slack="1"/>
<pin id="579" dir="0" index="1" bw="255" slack="0"/>
<pin id="580" dir="1" index="2" bw="256" slack="0"/>
</pin_list>
<bind>
<opcode="add(8) " fcode="add"/>
<opset="add_ln318/23 "/>
</bind>
</comp>

<comp id="582" class="1004" name="new_bucket_point_z_fu_582">
<pin_list>
<pin id="583" dir="0" index="0" bw="1" slack="1"/>
<pin id="584" dir="0" index="1" bw="256" slack="0"/>
<pin id="585" dir="0" index="2" bw="256" slack="1"/>
<pin id="586" dir="1" index="3" bw="256" slack="0"/>
</pin_list>
<bind>
<opcode="select(49) " fcode="select"/>
<opset="new_bucket_point_z/23 "/>
</bind>
</comp>

<comp id="588" class="1004" name="mrv_s_fu_588">
<pin_list>
<pin id="589" dir="0" index="0" bw="1024" slack="0"/>
<pin id="590" dir="0" index="1" bw="256" slack="0"/>
<pin id="591" dir="1" index="2" bw="1024" slack="0"/>
</pin_list>
<bind>
<opcode="insertvalue(57) " fcode="insertvalue"/>
<opset="mrv_s/23 "/>
</bind>
</comp>

<comp id="594" class="1004" name="mrv_1_fu_594">
<pin_list>
<pin id="595" dir="0" index="0" bw="1024" slack="0"/>
<pin id="596" dir="0" index="1" bw="256" slack="0"/>
<pin id="597" dir="1" index="2" bw="1024" slack="0"/>
</pin_list>
<bind>
<opcode="insertvalue(57) " fcode="insertvalue"/>
<opset="mrv_1/23 "/>
</bind>
</comp>

<comp id="600" class="1004" name="mrv_2_fu_600">
<pin_list>
<pin id="601" dir="0" index="0" bw="1024" slack="0"/>
<pin id="602" dir="0" index="1" bw="256" slack="0"/>
<pin id="603" dir="1" index="2" bw="1024" slack="0"/>
</pin_list>
<bind>
<opcode="insertvalue(57) " fcode="insertvalue"/>
<opset="mrv_2/23 "/>
</bind>
</comp>

<comp id="606" class="1004" name="mrv_3_fu_606">
<pin_list>
<pin id="607" dir="0" index="0" bw="1024" slack="0"/>
<pin id="608" dir="0" index="1" bw="256" slack="0"/>
<pin id="609" dir="1" index="2" bw="1024" slack="2147483647"/>
</pin_list>
<bind>
<opcode="insertvalue(57) " fcode="insertvalue"/>
<opset="mrv_3/23 "/>
</bind>
</comp>

<comp id="612" class="1005" name="bucket_point_y_read_1_reg_612">
<pin_list>
<pin id="613" dir="0" index="0" bw="256" slack="4"/>
<pin id="614" dir="1" index="1" bw="256" slack="4"/>
</pin_list>
<bind>
<opset="bucket_point_y_read_1 "/>
</bind>
</comp>

<comp id="617" class="1005" name="bucket_point_x_read_1_reg_617">
<pin_list>
<pin id="618" dir="0" index="0" bw="256" slack="4"/>
<pin id="619" dir="1" index="1" bw="256" slack="4"/>
</pin_list>
<bind>
<opset="bucket_point_x_read_1 "/>
</bind>
</comp>

<comp id="622" class="1005" name="and_ln479_reg_622">
<pin_list>
<pin id="623" dir="0" index="0" bw="1" slack="4"/>
<pin id="624" dir="1" index="1" bw="1" slack="4"/>
</pin_list>
<bind>
<opset="and_ln479 "/>
</bind>
</comp>

<comp id="629" class="1005" name="T1_reg_629">
<pin_list>
<pin id="630" dir="0" index="0" bw="256" slack="1"/>
<pin id="631" dir="1" index="1" bw="256" slack="1"/>
</pin_list>
<bind>
<opset="T1 "/>
</bind>
</comp>

<comp id="635" class="1005" name="t_read_reg_635">
<pin_list>
<pin id="636" dir="0" index="0" bw="256" slack="1"/>
<pin id="637" dir="1" index="1" bw="256" slack="1"/>
</pin_list>
<bind>
<opset="t_read "/>
</bind>
</comp>

<comp id="640" class="1005" name="zext_ln302_reg_640">
<pin_list>
<pin id="641" dir="0" index="0" bw="512" slack="1"/>
<pin id="642" dir="1" index="1" bw="512" slack="1"/>
</pin_list>
<bind>
<opset="zext_ln302 "/>
</bind>
</comp>

<comp id="645" class="1005" name="zext_ln302_1_reg_645">
<pin_list>
<pin id="646" dir="0" index="0" bw="512" slack="1"/>
<pin id="647" dir="1" index="1" bw="512" slack="1"/>
</pin_list>
<bind>
<opset="zext_ln302_1 "/>
</bind>
</comp>

<comp id="650" class="1005" name="Y1_reg_650">
<pin_list>
<pin id="651" dir="0" index="0" bw="256" slack="1"/>
<pin id="652" dir="1" index="1" bw="256" slack="1"/>
</pin_list>
<bind>
<opset="Y1 "/>
</bind>
</comp>

<comp id="658" class="1005" name="X1_reg_658">
<pin_list>
<pin id="659" dir="0" index="0" bw="256" slack="1"/>
<pin id="660" dir="1" index="1" bw="256" slack="1"/>
</pin_list>
<bind>
<opset="X1 "/>
</bind>
</comp>

<comp id="666" class="1005" name="y_read_reg_666">
<pin_list>
<pin id="667" dir="0" index="0" bw="256" slack="1"/>
<pin id="668" dir="1" index="1" bw="256" slack="1"/>
</pin_list>
<bind>
<opset="y_read "/>
</bind>
</comp>

<comp id="671" class="1005" name="x_read_reg_671">
<pin_list>
<pin id="672" dir="0" index="0" bw="256" slack="1"/>
<pin id="673" dir="1" index="1" bw="256" slack="1"/>
</pin_list>
<bind>
<opset="x_read "/>
</bind>
</comp>

<comp id="676" class="1005" name="add_ln297_reg_676">
<pin_list>
<pin id="677" dir="0" index="0" bw="257" slack="1"/>
<pin id="678" dir="1" index="1" bw="257" slack="1"/>
</pin_list>
<bind>
<opset="add_ln297 "/>
</bind>
</comp>

<comp id="681" class="1005" name="X1_plus_Y1_1_reg_681">
<pin_list>
<pin id="682" dir="0" index="0" bw="256" slack="1"/>
<pin id="683" dir="1" index="1" bw="256" slack="1"/>
</pin_list>
<bind>
<opset="X1_plus_Y1_1 "/>
</bind>
</comp>

<comp id="687" class="1005" name="add_ln298_reg_687">
<pin_list>
<pin id="688" dir="0" index="0" bw="257" slack="1"/>
<pin id="689" dir="1" index="1" bw="257" slack="1"/>
</pin_list>
<bind>
<opset="add_ln298 "/>
</bind>
</comp>

<comp id="692" class="1005" name="X2_plus_Y2_1_reg_692">
<pin_list>
<pin id="693" dir="0" index="0" bw="256" slack="1"/>
<pin id="694" dir="1" index="1" bw="256" slack="1"/>
</pin_list>
<bind>
<opset="X2_plus_Y2_1 "/>
</bind>
</comp>

<comp id="698" class="1005" name="zext_ln299_reg_698">
<pin_list>
<pin id="699" dir="0" index="0" bw="512" slack="1"/>
<pin id="700" dir="1" index="1" bw="512" slack="1"/>
</pin_list>
<bind>
<opset="zext_ln299 "/>
</bind>
</comp>

<comp id="703" class="1005" name="zext_ln299_1_reg_703">
<pin_list>
<pin id="704" dir="0" index="0" bw="512" slack="1"/>
<pin id="705" dir="1" index="1" bw="512" slack="1"/>
</pin_list>
<bind>
<opset="zext_ln299_1 "/>
</bind>
</comp>

<comp id="708" class="1005" name="zext_ln300_reg_708">
<pin_list>
<pin id="709" dir="0" index="0" bw="512" slack="1"/>
<pin id="710" dir="1" index="1" bw="512" slack="1"/>
</pin_list>
<bind>
<opset="zext_ln300 "/>
</bind>
</comp>

<comp id="713" class="1005" name="zext_ln300_1_reg_713">
<pin_list>
<pin id="714" dir="0" index="0" bw="512" slack="1"/>
<pin id="715" dir="1" index="1" bw="512" slack="1"/>
</pin_list>
<bind>
<opset="zext_ln300_1 "/>
</bind>
</comp>

<comp id="718" class="1005" name="Z1_reg_718">
<pin_list>
<pin id="719" dir="0" index="0" bw="256" slack="1"/>
<pin id="720" dir="1" index="1" bw="256" slack="1"/>
</pin_list>
<bind>
<opset="Z1 "/>
</bind>
</comp>

<comp id="724" class="1005" name="X1_plus_Y1_2_reg_724">
<pin_list>
<pin id="725" dir="0" index="0" bw="256" slack="1"/>
<pin id="726" dir="1" index="1" bw="256" slack="1"/>
</pin_list>
<bind>
<opset="X1_plus_Y1_2 "/>
</bind>
</comp>

<comp id="730" class="1005" name="X2_plus_Y2_2_reg_730">
<pin_list>
<pin id="731" dir="0" index="0" bw="256" slack="1"/>
<pin id="732" dir="1" index="1" bw="256" slack="1"/>
</pin_list>
<bind>
<opset="X2_plus_Y2_2 "/>
</bind>
</comp>

<comp id="736" class="1005" name="icmp_ln302_reg_736">
<pin_list>
<pin id="737" dir="0" index="0" bw="1" slack="1"/>
<pin id="738" dir="1" index="1" bw="1" slack="1"/>
</pin_list>
<bind>
<opset="icmp_ln302 "/>
</bind>
</comp>

<comp id="741" class="1005" name="z_read_reg_741">
<pin_list>
<pin id="742" dir="0" index="0" bw="256" slack="1"/>
<pin id="743" dir="1" index="1" bw="256" slack="1"/>
</pin_list>
<bind>
<opset="z_read "/>
</bind>
</comp>

<comp id="746" class="1005" name="zext_ln301_reg_746">
<pin_list>
<pin id="747" dir="0" index="0" bw="512" slack="1"/>
<pin id="748" dir="1" index="1" bw="512" slack="1"/>
</pin_list>
<bind>
<opset="zext_ln301 "/>
</bind>
</comp>

<comp id="751" class="1005" name="zext_ln301_1_reg_751">
<pin_list>
<pin id="752" dir="0" index="0" bw="512" slack="1"/>
<pin id="753" dir="1" index="1" bw="512" slack="1"/>
</pin_list>
<bind>
<opset="zext_ln301_1 "/>
</bind>
</comp>

<comp id="756" class="1005" name="T1_T2_2_reg_756">
<pin_list>
<pin id="757" dir="0" index="0" bw="256" slack="1"/>
<pin id="758" dir="1" index="1" bw="256" slack="1"/>
</pin_list>
<bind>
<opset="T1_T2_2 "/>
</bind>
</comp>

<comp id="762" class="1005" name="zext_ln305_reg_762">
<pin_list>
<pin id="763" dir="0" index="0" bw="512" slack="1"/>
<pin id="764" dir="1" index="1" bw="512" slack="1"/>
</pin_list>
<bind>
<opset="zext_ln305 "/>
</bind>
</comp>

<comp id="767" class="1005" name="zext_ln305_1_reg_767">
<pin_list>
<pin id="768" dir="0" index="0" bw="512" slack="1"/>
<pin id="769" dir="1" index="1" bw="512" slack="1"/>
</pin_list>
<bind>
<opset="zext_ln305_1 "/>
</bind>
</comp>

<comp id="772" class="1005" name="zext_ln303_reg_772">
<pin_list>
<pin id="773" dir="0" index="0" bw="509" slack="1"/>
<pin id="774" dir="1" index="1" bw="509" slack="1"/>
</pin_list>
<bind>
<opset="zext_ln303 "/>
</bind>
</comp>

<comp id="777" class="1005" name="icmp_ln299_reg_777">
<pin_list>
<pin id="778" dir="0" index="0" bw="1" slack="1"/>
<pin id="779" dir="1" index="1" bw="1" slack="1"/>
</pin_list>
<bind>
<opset="icmp_ln299 "/>
</bind>
</comp>

<comp id="782" class="1005" name="icmp_ln300_reg_782">
<pin_list>
<pin id="783" dir="0" index="0" bw="1" slack="1"/>
<pin id="784" dir="1" index="1" bw="1" slack="1"/>
</pin_list>
<bind>
<opset="icmp_ln300 "/>
</bind>
</comp>

<comp id="787" class="1005" name="X1_X2_2_reg_787">
<pin_list>
<pin id="788" dir="0" index="0" bw="256" slack="2"/>
<pin id="789" dir="1" index="1" bw="256" slack="2"/>
</pin_list>
<bind>
<opset="X1_X2_2 "/>
</bind>
</comp>

<comp id="795" class="1005" name="Y1_Y2_2_reg_795">
<pin_list>
<pin id="796" dir="0" index="0" bw="256" slack="2"/>
<pin id="797" dir="1" index="1" bw="256" slack="2"/>
</pin_list>
<bind>
<opset="Y1_Y2_2 "/>
</bind>
</comp>

<comp id="803" class="1005" name="icmp_ln301_reg_803">
<pin_list>
<pin id="804" dir="0" index="0" bw="1" slack="1"/>
<pin id="805" dir="1" index="1" bw="1" slack="1"/>
</pin_list>
<bind>
<opset="icmp_ln301 "/>
</bind>
</comp>

<comp id="808" class="1005" name="mul_ln303_reg_808">
<pin_list>
<pin id="809" dir="0" index="0" bw="509" slack="1"/>
<pin id="810" dir="1" index="1" bw="509" slack="1"/>
</pin_list>
<bind>
<opset="mul_ln303 "/>
</bind>
</comp>

<comp id="813" class="1005" name="curve_d_T1_T2_1_reg_813">
<pin_list>
<pin id="814" dir="0" index="0" bw="256" slack="1"/>
<pin id="815" dir="1" index="1" bw="256" slack="1"/>
</pin_list>
<bind>
<opset="curve_d_T1_T2_1 "/>
</bind>
</comp>

<comp id="819" class="1005" name="icmp_ln305_reg_819">
<pin_list>
<pin id="820" dir="0" index="0" bw="1" slack="1"/>
<pin id="821" dir="1" index="1" bw="1" slack="1"/>
</pin_list>
<bind>
<opset="icmp_ln305 "/>
</bind>
</comp>

<comp id="824" class="1005" name="Z1_Z2_2_reg_824">
<pin_list>
<pin id="825" dir="0" index="0" bw="256" slack="1"/>
<pin id="826" dir="1" index="1" bw="256" slack="1"/>
</pin_list>
<bind>
<opset="Z1_Z2_2 "/>
</bind>
</comp>

<comp id="832" class="1005" name="icmp_ln303_reg_832">
<pin_list>
<pin id="833" dir="0" index="0" bw="1" slack="1"/>
<pin id="834" dir="1" index="1" bw="1" slack="1"/>
</pin_list>
<bind>
<opset="icmp_ln303 "/>
</bind>
</comp>

<comp id="837" class="1005" name="curve_d_T1_T2_reg_837">
<pin_list>
<pin id="838" dir="0" index="0" bw="256" slack="1"/>
<pin id="839" dir="1" index="1" bw="256" slack="1"/>
</pin_list>
<bind>
<opset="curve_d_T1_T2 "/>
</bind>
</comp>

<comp id="842" class="1005" name="term1_2_reg_842">
<pin_list>
<pin id="843" dir="0" index="0" bw="256" slack="1"/>
<pin id="844" dir="1" index="1" bw="256" slack="1"/>
</pin_list>
<bind>
<opset="term1_2 "/>
</bind>
</comp>

<comp id="848" class="1005" name="add_ln311_reg_848">
<pin_list>
<pin id="849" dir="0" index="0" bw="257" slack="1"/>
<pin id="850" dir="1" index="1" bw="257" slack="1"/>
</pin_list>
<bind>
<opset="add_ln311 "/>
</bind>
</comp>

<comp id="853" class="1005" name="icmp_ln306_reg_853">
<pin_list>
<pin id="854" dir="0" index="0" bw="1" slack="1"/>
<pin id="855" dir="1" index="1" bw="1" slack="1"/>
</pin_list>
<bind>
<opset="icmp_ln306 "/>
</bind>
</comp>

<comp id="858" class="1005" name="term2_reg_858">
<pin_list>
<pin id="859" dir="0" index="0" bw="256" slack="1"/>
<pin id="860" dir="1" index="1" bw="256" slack="1"/>
</pin_list>
<bind>
<opset="term2 "/>
</bind>
</comp>

<comp id="864" class="1005" name="add_ln307_reg_864">
<pin_list>
<pin id="865" dir="0" index="0" bw="257" slack="1"/>
<pin id="866" dir="1" index="1" bw="257" slack="1"/>
</pin_list>
<bind>
<opset="add_ln307 "/>
</bind>
</comp>

<comp id="869" class="1005" name="term3_1_reg_869">
<pin_list>
<pin id="870" dir="0" index="0" bw="256" slack="1"/>
<pin id="871" dir="1" index="1" bw="256" slack="1"/>
</pin_list>
<bind>
<opset="term3_1 "/>
</bind>
</comp>

<comp id="875" class="1005" name="icmp_ln308_reg_875">
<pin_list>
<pin id="876" dir="0" index="0" bw="1" slack="1"/>
<pin id="877" dir="1" index="1" bw="1" slack="1"/>
</pin_list>
<bind>
<opset="icmp_ln308 "/>
</bind>
</comp>

<comp id="880" class="1005" name="term4_reg_880">
<pin_list>
<pin id="881" dir="0" index="0" bw="256" slack="1"/>
<pin id="882" dir="1" index="1" bw="256" slack="1"/>
</pin_list>
<bind>
<opset="term4 "/>
</bind>
</comp>

<comp id="886" class="1005" name="icmp_ln311_reg_886">
<pin_list>
<pin id="887" dir="0" index="0" bw="1" slack="1"/>
<pin id="888" dir="1" index="1" bw="1" slack="1"/>
</pin_list>
<bind>
<opset="icmp_ln311 "/>
</bind>
</comp>

<comp id="891" class="1005" name="sub_ln311_1_reg_891">
<pin_list>
<pin id="892" dir="0" index="0" bw="256" slack="1"/>
<pin id="893" dir="1" index="1" bw="256" slack="1"/>
</pin_list>
<bind>
<opset="sub_ln311_1 "/>
</bind>
</comp>

<comp id="897" class="1005" name="term2_2_reg_897">
<pin_list>
<pin id="898" dir="0" index="0" bw="256" slack="1"/>
<pin id="899" dir="1" index="1" bw="256" slack="1"/>
</pin_list>
<bind>
<opset="term2_2 "/>
</bind>
</comp>

<comp id="904" class="1005" name="term3_2_reg_904">
<pin_list>
<pin id="905" dir="0" index="0" bw="256" slack="1"/>
<pin id="906" dir="1" index="1" bw="256" slack="1"/>
</pin_list>
<bind>
<opset="term3_2 "/>
</bind>
</comp>

<comp id="911" class="1005" name="term4_2_reg_911">
<pin_list>
<pin id="912" dir="0" index="0" bw="256" slack="1"/>
<pin id="913" dir="1" index="1" bw="256" slack="1"/>
</pin_list>
<bind>
<opset="term4_2 "/>
</bind>
</comp>

<comp id="918" class="1005" name="select_ln311_reg_918">
<pin_list>
<pin id="919" dir="0" index="0" bw="256" slack="1"/>
<pin id="920" dir="1" index="1" bw="256" slack="1"/>
</pin_list>
<bind>
<opset="select_ln311 "/>
</bind>
</comp>

<comp id="925" class="1005" name="zext_ln311_3_reg_925">
<pin_list>
<pin id="926" dir="0" index="0" bw="512" slack="1"/>
<pin id="927" dir="1" index="1" bw="512" slack="1"/>
</pin_list>
<bind>
<opset="zext_ln311_3 "/>
</bind>
</comp>

<comp id="931" class="1005" name="zext_ln311_4_reg_931">
<pin_list>
<pin id="932" dir="0" index="0" bw="512" slack="1"/>
<pin id="933" dir="1" index="1" bw="512" slack="1"/>
</pin_list>
<bind>
<opset="zext_ln311_4 "/>
</bind>
</comp>

<comp id="937" class="1005" name="zext_ln314_reg_937">
<pin_list>
<pin id="938" dir="0" index="0" bw="512" slack="1"/>
<pin id="939" dir="1" index="1" bw="512" slack="1"/>
</pin_list>
<bind>
<opset="zext_ln314 "/>
</bind>
</comp>

<comp id="943" class="1005" name="zext_ln314_1_reg_943">
<pin_list>
<pin id="944" dir="0" index="0" bw="512" slack="1"/>
<pin id="945" dir="1" index="1" bw="512" slack="1"/>
</pin_list>
<bind>
<opset="zext_ln314_1 "/>
</bind>
</comp>

<comp id="949" class="1005" name="mul_ln315_reg_949">
<pin_list>
<pin id="950" dir="0" index="0" bw="512" slack="1"/>
<pin id="951" dir="1" index="1" bw="512" slack="1"/>
</pin_list>
<bind>
<opset="mul_ln315 "/>
</bind>
</comp>

<comp id="954" class="1005" name="mul_ln318_reg_954">
<pin_list>
<pin id="955" dir="0" index="0" bw="512" slack="1"/>
<pin id="956" dir="1" index="1" bw="512" slack="1"/>
</pin_list>
<bind>
<opset="mul_ln318 "/>
</bind>
</comp>

<comp id="959" class="1005" name="icmp_ln311_1_reg_959">
<pin_list>
<pin id="960" dir="0" index="0" bw="1" slack="1"/>
<pin id="961" dir="1" index="1" bw="1" slack="1"/>
</pin_list>
<bind>
<opset="icmp_ln311_1 "/>
</bind>
</comp>

<comp id="964" class="1005" name="icmp_ln314_reg_964">
<pin_list>
<pin id="965" dir="0" index="0" bw="1" slack="1"/>
<pin id="966" dir="1" index="1" bw="1" slack="1"/>
</pin_list>
<bind>
<opset="icmp_ln314 "/>
</bind>
</comp>

<comp id="969" class="1005" name="icmp_ln315_reg_969">
<pin_list>
<pin id="970" dir="0" index="0" bw="1" slack="1"/>
<pin id="971" dir="1" index="1" bw="1" slack="1"/>
</pin_list>
<bind>
<opset="icmp_ln315 "/>
</bind>
</comp>

<comp id="974" class="1005" name="mul_ln316_reg_974">
<pin_list>
<pin id="975" dir="0" index="0" bw="256" slack="1"/>
<pin id="976" dir="1" index="1" bw="256" slack="1"/>
</pin_list>
<bind>
<opset="mul_ln316 "/>
</bind>
</comp>

<comp id="980" class="1005" name="icmp_ln318_reg_980">
<pin_list>
<pin id="981" dir="0" index="0" bw="1" slack="1"/>
<pin id="982" dir="1" index="1" bw="1" slack="1"/>
</pin_list>
<bind>
<opset="icmp_ln318 "/>
</bind>
</comp>

<comp id="985" class="1005" name="mul_ln318_1_reg_985">
<pin_list>
<pin id="986" dir="0" index="0" bw="256" slack="1"/>
<pin id="987" dir="1" index="1" bw="256" slack="1"/>
</pin_list>
<bind>
<opset="mul_ln318_1 "/>
</bind>
</comp>

</comp_list>

<net_list>
<net id="46"><net_src comp="16" pin="0"/><net_sink comp="42" pin=0"/></net>

<net id="47"><net_src comp="6" pin="0"/><net_sink comp="42" pin=1"/></net>

<net id="52"><net_src comp="16" pin="0"/><net_sink comp="48" pin=0"/></net>

<net id="53"><net_src comp="2" pin="0"/><net_sink comp="48" pin=1"/></net>

<net id="58"><net_src comp="16" pin="0"/><net_sink comp="54" pin=0"/></net>

<net id="59"><net_src comp="0" pin="0"/><net_sink comp="54" pin=1"/></net>

<net id="64"><net_src comp="16" pin="0"/><net_sink comp="60" pin=0"/></net>

<net id="65"><net_src comp="14" pin="0"/><net_sink comp="60" pin=1"/></net>

<net id="70"><net_src comp="16" pin="0"/><net_sink comp="66" pin=0"/></net>

<net id="71"><net_src comp="10" pin="0"/><net_sink comp="66" pin=1"/></net>

<net id="76"><net_src comp="16" pin="0"/><net_sink comp="72" pin=0"/></net>

<net id="77"><net_src comp="8" pin="0"/><net_sink comp="72" pin=1"/></net>

<net id="82"><net_src comp="16" pin="0"/><net_sink comp="78" pin=0"/></net>

<net id="83"><net_src comp="4" pin="0"/><net_sink comp="78" pin=1"/></net>

<net id="88"><net_src comp="16" pin="0"/><net_sink comp="84" pin=0"/></net>

<net id="89"><net_src comp="12" pin="0"/><net_sink comp="84" pin=1"/></net>

<net id="110"><net_src comp="28" pin="0"/><net_sink comp="106" pin=1"/></net>

<net id="115"><net_src comp="60" pin="2"/><net_sink comp="111" pin=1"/></net>

<net id="116"><net_src comp="72" pin="2"/><net_sink comp="111" pin=1"/></net>

<net id="121"><net_src comp="66" pin="2"/><net_sink comp="117" pin=1"/></net>

<net id="122"><net_src comp="84" pin="2"/><net_sink comp="111" pin=1"/></net>

<net id="135"><net_src comp="30" pin="0"/><net_sink comp="131" pin=1"/></net>

<net id="139"><net_src comp="90" pin="2"/><net_sink comp="136" pin=0"/></net>

<net id="143"><net_src comp="111" pin="2"/><net_sink comp="140" pin=0"/></net>

<net id="147"><net_src comp="94" pin="2"/><net_sink comp="144" pin=0"/></net>

<net id="151"><net_src comp="117" pin="2"/><net_sink comp="148" pin=0"/></net>

<net id="156"><net_src comp="136" pin="1"/><net_sink comp="152" pin=0"/></net>

<net id="157"><net_src comp="26" pin="0"/><net_sink comp="152" pin=1"/></net>

<net id="162"><net_src comp="140" pin="1"/><net_sink comp="158" pin=0"/></net>

<net id="163"><net_src comp="24" pin="0"/><net_sink comp="158" pin=1"/></net>

<net id="168"><net_src comp="144" pin="1"/><net_sink comp="164" pin=0"/></net>

<net id="169"><net_src comp="26" pin="0"/><net_sink comp="164" pin=1"/></net>

<net id="174"><net_src comp="148" pin="1"/><net_sink comp="170" pin=0"/></net>

<net id="175"><net_src comp="24" pin="0"/><net_sink comp="170" pin=1"/></net>

<net id="180"><net_src comp="54" pin="2"/><net_sink comp="176" pin=0"/></net>

<net id="181"><net_src comp="18" pin="0"/><net_sink comp="176" pin=1"/></net>

<net id="186"><net_src comp="48" pin="2"/><net_sink comp="182" pin=0"/></net>

<net id="187"><net_src comp="20" pin="0"/><net_sink comp="182" pin=1"/></net>

<net id="192"><net_src comp="176" pin="2"/><net_sink comp="188" pin=0"/></net>

<net id="193"><net_src comp="182" pin="2"/><net_sink comp="188" pin=1"/></net>

<net id="199"><net_src comp="188" pin="2"/><net_sink comp="194" pin=0"/></net>

<net id="200"><net_src comp="18" pin="0"/><net_sink comp="194" pin=1"/></net>

<net id="201"><net_src comp="42" pin="2"/><net_sink comp="194" pin=2"/></net>

<net id="205"><net_src comp="202" pin="1"/><net_sink comp="90" pin=1"/></net>

<net id="209"><net_src comp="60" pin="2"/><net_sink comp="206" pin=0"/></net>

<net id="210"><net_src comp="206" pin="1"/><net_sink comp="90" pin=0"/></net>

<net id="216"><net_src comp="20" pin="0"/><net_sink comp="211" pin=1"/></net>

<net id="222"><net_src comp="18" pin="0"/><net_sink comp="217" pin=1"/></net>

<net id="233"><net_src comp="226" pin="1"/><net_sink comp="229" pin=0"/></net>

<net id="234"><net_src comp="223" pin="1"/><net_sink comp="229" pin=1"/></net>

<net id="242"><net_src comp="72" pin="2"/><net_sink comp="239" pin=0"/></net>

<net id="246"><net_src comp="66" pin="2"/><net_sink comp="243" pin=0"/></net>

<net id="251"><net_src comp="243" pin="1"/><net_sink comp="247" pin=0"/></net>

<net id="252"><net_src comp="239" pin="1"/><net_sink comp="247" pin=1"/></net>

<net id="257"><net_src comp="66" pin="2"/><net_sink comp="253" pin=0"/></net>

<net id="258"><net_src comp="72" pin="2"/><net_sink comp="253" pin=1"/></net>

<net id="262"><net_src comp="259" pin="1"/><net_sink comp="90" pin=1"/></net>

<net id="266"><net_src comp="72" pin="2"/><net_sink comp="263" pin=0"/></net>

<net id="267"><net_src comp="263" pin="1"/><net_sink comp="90" pin=0"/></net>

<net id="271"><net_src comp="268" pin="1"/><net_sink comp="94" pin=1"/></net>

<net id="275"><net_src comp="66" pin="2"/><net_sink comp="272" pin=0"/></net>

<net id="276"><net_src comp="272" pin="1"/><net_sink comp="94" pin=0"/></net>

<net id="282"><net_src comp="20" pin="0"/><net_sink comp="277" pin=1"/></net>

<net id="283"><net_src comp="78" pin="2"/><net_sink comp="277" pin=2"/></net>

<net id="288"><net_src comp="22" pin="0"/><net_sink comp="284" pin=1"/></net>

<net id="293"><net_src comp="24" pin="0"/><net_sink comp="289" pin=1"/></net>

<net id="299"><net_src comp="284" pin="2"/><net_sink comp="294" pin=0"/></net>

<net id="300"><net_src comp="289" pin="2"/><net_sink comp="294" pin=1"/></net>

<net id="305"><net_src comp="22" pin="0"/><net_sink comp="301" pin=1"/></net>

<net id="310"><net_src comp="24" pin="0"/><net_sink comp="306" pin=1"/></net>

<net id="316"><net_src comp="301" pin="2"/><net_sink comp="311" pin=0"/></net>

<net id="317"><net_src comp="306" pin="2"/><net_sink comp="311" pin=1"/></net>

<net id="321"><net_src comp="318" pin="1"/><net_sink comp="90" pin=1"/></net>

<net id="325"><net_src comp="84" pin="2"/><net_sink comp="322" pin=0"/></net>

<net id="326"><net_src comp="322" pin="1"/><net_sink comp="90" pin=0"/></net>

<net id="332"><net_src comp="158" pin="2"/><net_sink comp="327" pin=1"/></net>

<net id="333"><net_src comp="140" pin="1"/><net_sink comp="327" pin=2"/></net>

<net id="337"><net_src comp="334" pin="1"/><net_sink comp="94" pin=1"/></net>

<net id="341"><net_src comp="338" pin="1"/><net_sink comp="94" pin=0"/></net>

<net id="345"><net_src comp="342" pin="1"/><net_sink comp="106" pin=0"/></net>

<net id="351"><net_src comp="158" pin="2"/><net_sink comp="346" pin=1"/></net>

<net id="352"><net_src comp="140" pin="1"/><net_sink comp="346" pin=2"/></net>

<net id="358"><net_src comp="170" pin="2"/><net_sink comp="353" pin=1"/></net>

<net id="359"><net_src comp="148" pin="1"/><net_sink comp="353" pin=2"/></net>

<net id="365"><net_src comp="158" pin="2"/><net_sink comp="360" pin=1"/></net>

<net id="366"><net_src comp="140" pin="1"/><net_sink comp="360" pin=2"/></net>

<net id="371"><net_src comp="32" pin="0"/><net_sink comp="367" pin=1"/></net>

<net id="376"><net_src comp="24" pin="0"/><net_sink comp="372" pin=1"/></net>

<net id="382"><net_src comp="170" pin="2"/><net_sink comp="377" pin=1"/></net>

<net id="383"><net_src comp="148" pin="1"/><net_sink comp="377" pin=2"/></net>

<net id="394"><net_src comp="387" pin="1"/><net_sink comp="390" pin=0"/></net>

<net id="395"><net_src comp="384" pin="1"/><net_sink comp="390" pin=1"/></net>

<net id="405"><net_src comp="396" pin="3"/><net_sink comp="401" pin=1"/></net>

<net id="410"><net_src comp="396" pin="3"/><net_sink comp="406" pin=1"/></net>

<net id="417"><net_src comp="396" pin="3"/><net_sink comp="414" pin=0"/></net>

<net id="422"><net_src comp="414" pin="1"/><net_sink comp="418" pin=0"/></net>

<net id="423"><net_src comp="411" pin="1"/><net_sink comp="418" pin=1"/></net>

<net id="428"><net_src comp="396" pin="3"/><net_sink comp="424" pin=0"/></net>

<net id="444"><net_src comp="437" pin="1"/><net_sink comp="440" pin=0"/></net>

<net id="453"><net_src comp="445" pin="2"/><net_sink comp="449" pin=0"/></net>

<net id="458"><net_src comp="34" pin="0"/><net_sink comp="454" pin=1"/></net>

<net id="463"><net_src comp="36" pin="0"/><net_sink comp="459" pin=1"/></net>

<net id="469"><net_src comp="454" pin="2"/><net_sink comp="464" pin=0"/></net>

<net id="470"><net_src comp="459" pin="2"/><net_sink comp="464" pin=2"/></net>

<net id="475"><net_src comp="22" pin="0"/><net_sink comp="471" pin=1"/></net>

<net id="480"><net_src comp="24" pin="0"/><net_sink comp="476" pin=1"/></net>

<net id="486"><net_src comp="471" pin="2"/><net_sink comp="481" pin=0"/></net>

<net id="487"><net_src comp="476" pin="2"/><net_sink comp="481" pin=1"/></net>

<net id="492"><net_src comp="34" pin="0"/><net_sink comp="488" pin=1"/></net>

<net id="497"><net_src comp="36" pin="0"/><net_sink comp="493" pin=1"/></net>

<net id="503"><net_src comp="488" pin="2"/><net_sink comp="498" pin=0"/></net>

<net id="504"><net_src comp="493" pin="2"/><net_sink comp="498" pin=2"/></net>

<net id="509"><net_src comp="34" pin="0"/><net_sink comp="505" pin=1"/></net>

<net id="514"><net_src comp="38" pin="0"/><net_sink comp="510" pin=1"/></net>

<net id="520"><net_src comp="505" pin="2"/><net_sink comp="515" pin=0"/></net>

<net id="521"><net_src comp="510" pin="2"/><net_sink comp="515" pin=2"/></net>

<net id="525"><net_src comp="522" pin="1"/><net_sink comp="90" pin=1"/></net>

<net id="526"><net_src comp="522" pin="1"/><net_sink comp="98" pin=0"/></net>

<net id="530"><net_src comp="527" pin="1"/><net_sink comp="90" pin=0"/></net>

<net id="531"><net_src comp="527" pin="1"/><net_sink comp="102" pin=1"/></net>

<net id="535"><net_src comp="532" pin="1"/><net_sink comp="94" pin=0"/></net>

<net id="536"><net_src comp="532" pin="1"/><net_sink comp="102" pin=0"/></net>

<net id="540"><net_src comp="537" pin="1"/><net_sink comp="94" pin=1"/></net>

<net id="541"><net_src comp="537" pin="1"/><net_sink comp="98" pin=1"/></net>

<net id="546"><net_src comp="26" pin="0"/><net_sink comp="542" pin=1"/></net>

<net id="551"><net_src comp="26" pin="0"/><net_sink comp="547" pin=1"/></net>

<net id="557"><net_src comp="158" pin="2"/><net_sink comp="552" pin=1"/></net>

<net id="558"><net_src comp="140" pin="1"/><net_sink comp="552" pin=2"/></net>

<net id="564"><net_src comp="170" pin="2"/><net_sink comp="559" pin=1"/></net>

<net id="565"><net_src comp="148" pin="1"/><net_sink comp="559" pin=2"/></net>

<net id="570"><net_src comp="24" pin="0"/><net_sink comp="566" pin=1"/></net>

<net id="576"><net_src comp="566" pin="2"/><net_sink comp="571" pin=1"/></net>

<net id="581"><net_src comp="24" pin="0"/><net_sink comp="577" pin=1"/></net>

<net id="587"><net_src comp="577" pin="2"/><net_sink comp="582" pin=1"/></net>

<net id="592"><net_src comp="40" pin="0"/><net_sink comp="588" pin=0"/></net>

<net id="593"><net_src comp="582" pin="3"/><net_sink comp="588" pin=1"/></net>

<net id="598"><net_src comp="588" pin="2"/><net_sink comp="594" pin=0"/></net>

<net id="599"><net_src comp="571" pin="3"/><net_sink comp="594" pin=1"/></net>

<net id="604"><net_src comp="594" pin="2"/><net_sink comp="600" pin=0"/></net>

<net id="605"><net_src comp="552" pin="3"/><net_sink comp="600" pin=1"/></net>

<net id="610"><net_src comp="600" pin="2"/><net_sink comp="606" pin=0"/></net>

<net id="611"><net_src comp="559" pin="3"/><net_sink comp="606" pin=1"/></net>

<net id="615"><net_src comp="48" pin="2"/><net_sink comp="612" pin=0"/></net>

<net id="616"><net_src comp="612" pin="1"/><net_sink comp="211" pin=2"/></net>

<net id="620"><net_src comp="54" pin="2"/><net_sink comp="617" pin=0"/></net>

<net id="621"><net_src comp="617" pin="1"/><net_sink comp="217" pin=2"/></net>

<net id="625"><net_src comp="188" pin="2"/><net_sink comp="622" pin=0"/></net>

<net id="626"><net_src comp="622" pin="1"/><net_sink comp="211" pin=0"/></net>

<net id="627"><net_src comp="622" pin="1"/><net_sink comp="217" pin=0"/></net>

<net id="628"><net_src comp="622" pin="1"/><net_sink comp="277" pin=0"/></net>

<net id="632"><net_src comp="194" pin="3"/><net_sink comp="629" pin=0"/></net>

<net id="633"><net_src comp="629" pin="1"/><net_sink comp="202" pin=0"/></net>

<net id="634"><net_src comp="629" pin="1"/><net_sink comp="111" pin=0"/></net>

<net id="638"><net_src comp="60" pin="2"/><net_sink comp="635" pin=0"/></net>

<net id="639"><net_src comp="635" pin="1"/><net_sink comp="111" pin=1"/></net>

<net id="643"><net_src comp="202" pin="1"/><net_sink comp="640" pin=0"/></net>

<net id="644"><net_src comp="640" pin="1"/><net_sink comp="90" pin=1"/></net>

<net id="648"><net_src comp="206" pin="1"/><net_sink comp="645" pin=0"/></net>

<net id="649"><net_src comp="645" pin="1"/><net_sink comp="90" pin=0"/></net>

<net id="653"><net_src comp="211" pin="3"/><net_sink comp="650" pin=0"/></net>

<net id="654"><net_src comp="650" pin="1"/><net_sink comp="226" pin=0"/></net>

<net id="655"><net_src comp="650" pin="1"/><net_sink comp="235" pin=0"/></net>

<net id="656"><net_src comp="650" pin="1"/><net_sink comp="268" pin=0"/></net>

<net id="657"><net_src comp="650" pin="1"/><net_sink comp="117" pin=0"/></net>

<net id="661"><net_src comp="217" pin="3"/><net_sink comp="658" pin=0"/></net>

<net id="662"><net_src comp="658" pin="1"/><net_sink comp="223" pin=0"/></net>

<net id="663"><net_src comp="658" pin="1"/><net_sink comp="235" pin=1"/></net>

<net id="664"><net_src comp="658" pin="1"/><net_sink comp="259" pin=0"/></net>

<net id="665"><net_src comp="658" pin="1"/><net_sink comp="111" pin=0"/></net>

<net id="669"><net_src comp="66" pin="2"/><net_sink comp="666" pin=0"/></net>

<net id="670"><net_src comp="666" pin="1"/><net_sink comp="117" pin=1"/></net>

<net id="674"><net_src comp="72" pin="2"/><net_sink comp="671" pin=0"/></net>

<net id="675"><net_src comp="671" pin="1"/><net_sink comp="111" pin=1"/></net>

<net id="679"><net_src comp="229" pin="2"/><net_sink comp="676" pin=0"/></net>

<net id="680"><net_src comp="676" pin="1"/><net_sink comp="284" pin=0"/></net>

<net id="684"><net_src comp="235" pin="2"/><net_sink comp="681" pin=0"/></net>

<net id="685"><net_src comp="681" pin="1"/><net_sink comp="289" pin=0"/></net>

<net id="686"><net_src comp="681" pin="1"/><net_sink comp="294" pin=2"/></net>

<net id="690"><net_src comp="247" pin="2"/><net_sink comp="687" pin=0"/></net>

<net id="691"><net_src comp="687" pin="1"/><net_sink comp="301" pin=0"/></net>

<net id="695"><net_src comp="253" pin="2"/><net_sink comp="692" pin=0"/></net>

<net id="696"><net_src comp="692" pin="1"/><net_sink comp="306" pin=0"/></net>

<net id="697"><net_src comp="692" pin="1"/><net_sink comp="311" pin=2"/></net>

<net id="701"><net_src comp="259" pin="1"/><net_sink comp="698" pin=0"/></net>

<net id="702"><net_src comp="698" pin="1"/><net_sink comp="90" pin=1"/></net>

<net id="706"><net_src comp="263" pin="1"/><net_sink comp="703" pin=0"/></net>

<net id="707"><net_src comp="703" pin="1"/><net_sink comp="90" pin=0"/></net>

<net id="711"><net_src comp="268" pin="1"/><net_sink comp="708" pin=0"/></net>

<net id="712"><net_src comp="708" pin="1"/><net_sink comp="94" pin=1"/></net>

<net id="716"><net_src comp="272" pin="1"/><net_sink comp="713" pin=0"/></net>

<net id="717"><net_src comp="713" pin="1"/><net_sink comp="94" pin=0"/></net>

<net id="721"><net_src comp="277" pin="3"/><net_sink comp="718" pin=0"/></net>

<net id="722"><net_src comp="718" pin="1"/><net_sink comp="318" pin=0"/></net>

<net id="723"><net_src comp="718" pin="1"/><net_sink comp="111" pin=0"/></net>

<net id="727"><net_src comp="294" pin="3"/><net_sink comp="724" pin=0"/></net>

<net id="728"><net_src comp="724" pin="1"/><net_sink comp="334" pin=0"/></net>

<net id="729"><net_src comp="724" pin="1"/><net_sink comp="117" pin=1"/></net>

<net id="733"><net_src comp="311" pin="3"/><net_sink comp="730" pin=0"/></net>

<net id="734"><net_src comp="730" pin="1"/><net_sink comp="338" pin=0"/></net>

<net id="735"><net_src comp="730" pin="1"/><net_sink comp="117" pin=0"/></net>

<net id="739"><net_src comp="152" pin="2"/><net_sink comp="736" pin=0"/></net>

<net id="740"><net_src comp="736" pin="1"/><net_sink comp="327" pin=0"/></net>

<net id="744"><net_src comp="84" pin="2"/><net_sink comp="741" pin=0"/></net>

<net id="745"><net_src comp="741" pin="1"/><net_sink comp="111" pin=1"/></net>

<net id="749"><net_src comp="318" pin="1"/><net_sink comp="746" pin=0"/></net>

<net id="750"><net_src comp="746" pin="1"/><net_sink comp="90" pin=1"/></net>

<net id="754"><net_src comp="322" pin="1"/><net_sink comp="751" pin=0"/></net>

<net id="755"><net_src comp="751" pin="1"/><net_sink comp="90" pin=0"/></net>

<net id="759"><net_src comp="327" pin="3"/><net_sink comp="756" pin=0"/></net>

<net id="760"><net_src comp="756" pin="1"/><net_sink comp="342" pin=0"/></net>

<net id="761"><net_src comp="756" pin="1"/><net_sink comp="131" pin=0"/></net>

<net id="765"><net_src comp="334" pin="1"/><net_sink comp="762" pin=0"/></net>

<net id="766"><net_src comp="762" pin="1"/><net_sink comp="94" pin=1"/></net>

<net id="770"><net_src comp="338" pin="1"/><net_sink comp="767" pin=0"/></net>

<net id="771"><net_src comp="767" pin="1"/><net_sink comp="94" pin=0"/></net>

<net id="775"><net_src comp="342" pin="1"/><net_sink comp="772" pin=0"/></net>

<net id="776"><net_src comp="772" pin="1"/><net_sink comp="106" pin=0"/></net>

<net id="780"><net_src comp="152" pin="2"/><net_sink comp="777" pin=0"/></net>

<net id="781"><net_src comp="777" pin="1"/><net_sink comp="346" pin=0"/></net>

<net id="785"><net_src comp="164" pin="2"/><net_sink comp="782" pin=0"/></net>

<net id="786"><net_src comp="782" pin="1"/><net_sink comp="353" pin=0"/></net>

<net id="790"><net_src comp="346" pin="3"/><net_sink comp="787" pin=0"/></net>

<net id="791"><net_src comp="787" pin="1"/><net_sink comp="384" pin=0"/></net>

<net id="792"><net_src comp="787" pin="1"/><net_sink comp="429" pin=1"/></net>

<net id="793"><net_src comp="787" pin="1"/><net_sink comp="433" pin=1"/></net>

<net id="794"><net_src comp="787" pin="1"/><net_sink comp="445" pin=1"/></net>

<net id="798"><net_src comp="353" pin="3"/><net_sink comp="795" pin=0"/></net>

<net id="799"><net_src comp="795" pin="1"/><net_sink comp="387" pin=0"/></net>

<net id="800"><net_src comp="795" pin="1"/><net_sink comp="429" pin=0"/></net>

<net id="801"><net_src comp="795" pin="1"/><net_sink comp="433" pin=0"/></net>

<net id="802"><net_src comp="795" pin="1"/><net_sink comp="449" pin=1"/></net>

<net id="806"><net_src comp="152" pin="2"/><net_sink comp="803" pin=0"/></net>

<net id="807"><net_src comp="803" pin="1"/><net_sink comp="360" pin=0"/></net>

<net id="811"><net_src comp="106" pin="2"/><net_sink comp="808" pin=0"/></net>

<net id="812"><net_src comp="808" pin="1"/><net_sink comp="367" pin=0"/></net>

<net id="816"><net_src comp="131" pin="2"/><net_sink comp="813" pin=0"/></net>

<net id="817"><net_src comp="813" pin="1"/><net_sink comp="372" pin=0"/></net>

<net id="818"><net_src comp="813" pin="1"/><net_sink comp="396" pin=2"/></net>

<net id="822"><net_src comp="164" pin="2"/><net_sink comp="819" pin=0"/></net>

<net id="823"><net_src comp="819" pin="1"/><net_sink comp="377" pin=0"/></net>

<net id="827"><net_src comp="360" pin="3"/><net_sink comp="824" pin=0"/></net>

<net id="828"><net_src comp="824" pin="1"/><net_sink comp="401" pin=0"/></net>

<net id="829"><net_src comp="824" pin="1"/><net_sink comp="406" pin=0"/></net>

<net id="830"><net_src comp="824" pin="1"/><net_sink comp="411" pin=0"/></net>

<net id="831"><net_src comp="824" pin="1"/><net_sink comp="424" pin=1"/></net>

<net id="835"><net_src comp="367" pin="2"/><net_sink comp="832" pin=0"/></net>

<net id="836"><net_src comp="832" pin="1"/><net_sink comp="396" pin=0"/></net>

<net id="840"><net_src comp="372" pin="2"/><net_sink comp="837" pin=0"/></net>

<net id="841"><net_src comp="837" pin="1"/><net_sink comp="396" pin=1"/></net>

<net id="845"><net_src comp="377" pin="3"/><net_sink comp="842" pin=0"/></net>

<net id="846"><net_src comp="842" pin="1"/><net_sink comp="437" pin=0"/></net>

<net id="847"><net_src comp="842" pin="1"/><net_sink comp="445" pin=0"/></net>

<net id="851"><net_src comp="390" pin="2"/><net_sink comp="848" pin=0"/></net>

<net id="852"><net_src comp="848" pin="1"/><net_sink comp="440" pin=1"/></net>

<net id="856"><net_src comp="401" pin="2"/><net_sink comp="853" pin=0"/></net>

<net id="857"><net_src comp="853" pin="1"/><net_sink comp="454" pin=0"/></net>

<net id="861"><net_src comp="406" pin="2"/><net_sink comp="858" pin=0"/></net>

<net id="862"><net_src comp="858" pin="1"/><net_sink comp="459" pin=0"/></net>

<net id="863"><net_src comp="858" pin="1"/><net_sink comp="464" pin=1"/></net>

<net id="867"><net_src comp="418" pin="2"/><net_sink comp="864" pin=0"/></net>

<net id="868"><net_src comp="864" pin="1"/><net_sink comp="471" pin=0"/></net>

<net id="872"><net_src comp="424" pin="2"/><net_sink comp="869" pin=0"/></net>

<net id="873"><net_src comp="869" pin="1"/><net_sink comp="476" pin=0"/></net>

<net id="874"><net_src comp="869" pin="1"/><net_sink comp="481" pin=2"/></net>

<net id="878"><net_src comp="429" pin="2"/><net_sink comp="875" pin=0"/></net>

<net id="879"><net_src comp="875" pin="1"/><net_sink comp="488" pin=0"/></net>

<net id="883"><net_src comp="433" pin="2"/><net_sink comp="880" pin=0"/></net>

<net id="884"><net_src comp="880" pin="1"/><net_sink comp="493" pin=0"/></net>

<net id="885"><net_src comp="880" pin="1"/><net_sink comp="498" pin=1"/></net>

<net id="889"><net_src comp="440" pin="2"/><net_sink comp="886" pin=0"/></net>

<net id="890"><net_src comp="886" pin="1"/><net_sink comp="505" pin=0"/></net>

<net id="894"><net_src comp="449" pin="2"/><net_sink comp="891" pin=0"/></net>

<net id="895"><net_src comp="891" pin="1"/><net_sink comp="510" pin=0"/></net>

<net id="896"><net_src comp="891" pin="1"/><net_sink comp="515" pin=1"/></net>

<net id="900"><net_src comp="464" pin="3"/><net_sink comp="897" pin=0"/></net>

<net id="901"><net_src comp="897" pin="1"/><net_sink comp="527" pin=0"/></net>

<net id="902"><net_src comp="897" pin="1"/><net_sink comp="111" pin=0"/></net>

<net id="903"><net_src comp="897" pin="1"/><net_sink comp="127" pin=1"/></net>

<net id="907"><net_src comp="481" pin="3"/><net_sink comp="904" pin=0"/></net>

<net id="908"><net_src comp="904" pin="1"/><net_sink comp="532" pin=0"/></net>

<net id="909"><net_src comp="904" pin="1"/><net_sink comp="117" pin=0"/></net>

<net id="910"><net_src comp="904" pin="1"/><net_sink comp="127" pin=0"/></net>

<net id="914"><net_src comp="498" pin="3"/><net_sink comp="911" pin=0"/></net>

<net id="915"><net_src comp="911" pin="1"/><net_sink comp="537" pin=0"/></net>

<net id="916"><net_src comp="911" pin="1"/><net_sink comp="117" pin=1"/></net>

<net id="917"><net_src comp="911" pin="1"/><net_sink comp="123" pin=1"/></net>

<net id="921"><net_src comp="515" pin="3"/><net_sink comp="918" pin=0"/></net>

<net id="922"><net_src comp="918" pin="1"/><net_sink comp="522" pin=0"/></net>

<net id="923"><net_src comp="918" pin="1"/><net_sink comp="111" pin=1"/></net>

<net id="924"><net_src comp="918" pin="1"/><net_sink comp="123" pin=0"/></net>

<net id="928"><net_src comp="522" pin="1"/><net_sink comp="925" pin=0"/></net>

<net id="929"><net_src comp="925" pin="1"/><net_sink comp="90" pin=1"/></net>

<net id="930"><net_src comp="925" pin="1"/><net_sink comp="98" pin=0"/></net>

<net id="934"><net_src comp="527" pin="1"/><net_sink comp="931" pin=0"/></net>

<net id="935"><net_src comp="931" pin="1"/><net_sink comp="90" pin=0"/></net>

<net id="936"><net_src comp="931" pin="1"/><net_sink comp="102" pin=1"/></net>

<net id="940"><net_src comp="532" pin="1"/><net_sink comp="937" pin=0"/></net>

<net id="941"><net_src comp="937" pin="1"/><net_sink comp="94" pin=0"/></net>

<net id="942"><net_src comp="937" pin="1"/><net_sink comp="102" pin=0"/></net>

<net id="946"><net_src comp="537" pin="1"/><net_sink comp="943" pin=0"/></net>

<net id="947"><net_src comp="943" pin="1"/><net_sink comp="94" pin=1"/></net>

<net id="948"><net_src comp="943" pin="1"/><net_sink comp="98" pin=1"/></net>

<net id="952"><net_src comp="98" pin="2"/><net_sink comp="949" pin=0"/></net>

<net id="953"><net_src comp="949" pin="1"/><net_sink comp="542" pin=0"/></net>

<net id="957"><net_src comp="102" pin="2"/><net_sink comp="954" pin=0"/></net>

<net id="958"><net_src comp="954" pin="1"/><net_sink comp="547" pin=0"/></net>

<net id="962"><net_src comp="152" pin="2"/><net_sink comp="959" pin=0"/></net>

<net id="963"><net_src comp="959" pin="1"/><net_sink comp="552" pin=0"/></net>

<net id="967"><net_src comp="164" pin="2"/><net_sink comp="964" pin=0"/></net>

<net id="968"><net_src comp="964" pin="1"/><net_sink comp="559" pin=0"/></net>

<net id="972"><net_src comp="542" pin="2"/><net_sink comp="969" pin=0"/></net>

<net id="973"><net_src comp="969" pin="1"/><net_sink comp="571" pin=0"/></net>

<net id="977"><net_src comp="123" pin="2"/><net_sink comp="974" pin=0"/></net>

<net id="978"><net_src comp="974" pin="1"/><net_sink comp="566" pin=0"/></net>

<net id="979"><net_src comp="974" pin="1"/><net_sink comp="571" pin=2"/></net>

<net id="983"><net_src comp="547" pin="2"/><net_sink comp="980" pin=0"/></net>

<net id="984"><net_src comp="980" pin="1"/><net_sink comp="582" pin=0"/></net>

<net id="988"><net_src comp="127" pin="2"/><net_sink comp="985" pin=0"/></net>

<net id="989"><net_src comp="985" pin="1"/><net_sink comp="577" pin=0"/></net>

<net id="990"><net_src comp="985" pin="1"/><net_sink comp="582" pin=2"/></net>

</net_list>

</model> 
---------------- Datapath Model END ------------------

* FSMD analyzer results:
  - Output states:
 - Input state : 
	Port: add_point_to_bucket : bucket_point_x_read | {1 }
	Port: add_point_to_bucket : bucket_point_y_read | {1 }
	Port: add_point_to_bucket : bucket_point_z_read | {7 }
	Port: add_point_to_bucket : bucket_point_t_read | {1 }
	Port: add_point_to_bucket : x | {6 }
	Port: add_point_to_bucket : y | {6 }
	Port: add_point_to_bucket : z | {8 }
	Port: add_point_to_bucket : t | {2 }
  - Chain level:
	State 1
		and_ln479 : 1
		T1 : 1
	State 2
		mul_ln302 : 1
	State 3
	State 4
	State 5
	State 6
		add_ln297 : 1
		add_ln298 : 1
		mul_ln299 : 1
		mul_ln300 : 1
	State 7
		X1_plus_Y1_2 : 1
		X2_plus_Y2_2 : 1
	State 8
		mul_ln301 : 1
		T1_T2_2 : 1
		mul_ln305 : 1
	State 9
		mul_ln303 : 1
	State 10
	State 11
	State 12
		X1_X2_2 : 1
		Y1_Y2_2 : 1
	State 13
	State 14
		Z1_Z2_2 : 1
		term1_2 : 1
		add_ln311 : 1
	State 15
		icmp_ln306 : 1
		term2 : 1
		zext_ln307_1 : 1
		add_ln307 : 2
		term3_1 : 1
		icmp_ln311 : 1
		sub_ln311_1 : 1
	State 16
		term2_2 : 1
		term3_2 : 1
		term4_2 : 1
		select_ln311 : 1
	State 17
		mul_ln311 : 1
		mul_ln314 : 1
		mul_ln315 : 1
		mul_ln318 : 1
	State 18
	State 19
	State 20
	State 21
	State 22
	State 23
		new_bucket_point_x : 1
		new_bucket_point_y : 1
		new_bucket_point_t : 1
		new_bucket_point_z : 1
		mrv_s : 2
		mrv_1 : 3
		mrv_2 : 4
		mrv_3 : 5
		ret_ln497 : 6


============================================================
+ Verbose Summary: Datapath Resource usage 
============================================================

* Functional unit list:
|----------|----------------------------------|---------|---------|---------|
| Operation|          Functional Unit         |   DSP   |    FF   |   LUT   |
|----------|----------------------------------|---------|---------|---------|
|          |             grp_fu_90            |   225   |   441   |   249   |
|          |             grp_fu_94            |   225   |   441   |   249   |
|          |             grp_fu_98            |   225   |   441   |   249   |
|          |            grp_fu_102            |   225   |   441   |   249   |
|    mul   |            grp_fu_106            |   225   |   441   |   249   |
|          |            grp_fu_111            |   134   |   441   |   249   |
|          |            grp_fu_117            |   134   |   441   |   249   |
|          |            grp_fu_123            |   134   |   441   |   249   |
|          |            grp_fu_127            |   134   |   441   |   249   |
|          |            grp_fu_131            |   134   |   441   |   249   |
|----------|----------------------------------|---------|---------|---------|
|          |            grp_fu_158            |    0    |    0    |   263   |
|          |            grp_fu_170            |    0    |    0    |   263   |
|          |         add_ln297_fu_229         |    0    |    0    |   263   |
|          |        X1_plus_Y1_1_fu_235       |    0    |    0    |   263   |
|          |         add_ln298_fu_247         |    0    |    0    |   263   |
|          |        X2_plus_Y2_1_fu_253       |    0    |    0    |   263   |
|          |         X1_plus_Y1_fu_289        |    0    |    0    |   263   |
|          |         X2_plus_Y2_fu_306        |    0    |    0    |   263   |
|    add   |       curve_d_T1_T2_fu_372       |    0    |    0    |   263   |
|          |         add_ln311_fu_390         |    0    |    0    |   263   |
|          |         add_ln307_fu_418         |    0    |    0    |   263   |
|          |          term3_1_fu_424          |    0    |    0    |   263   |
|          |          term2_1_fu_459          |    0    |    0    |   263   |
|          |           term3_fu_476           |    0    |    0    |   263   |
|          |          term4_1_fu_493          |    0    |    0    |   263   |
|          |        add_ln311_1_fu_510        |    0    |    0    |   263   |
|          |         add_ln316_fu_566         |    0    |    0    |   263   |
|          |         add_ln318_fu_577         |    0    |    0    |   263   |
|----------|----------------------------------|---------|---------|---------|
|          |            grp_fu_152            |    0    |    0    |   512   |
|          |            grp_fu_164            |    0    |    0    |   512   |
|          |         icmp_ln479_fu_176        |    0    |    0    |   263   |
|          |        icmp_ln479_1_fu_182       |    0    |    0    |   263   |
|          |         icmp_ln297_fu_284        |    0    |    0    |   263   |
|          |         icmp_ln298_fu_301        |    0    |    0    |   263   |
|   icmp   |         icmp_ln303_fu_367        |    0    |    0    |   509   |
|          |         icmp_ln306_fu_401        |    0    |    0    |   263   |
|          |         icmp_ln308_fu_429        |    0    |    0    |   263   |
|          |         icmp_ln311_fu_440        |    0    |    0    |   263   |
|          |         icmp_ln307_fu_471        |    0    |    0    |   263   |
|          |         icmp_ln315_fu_542        |    0    |    0    |   512   |
|          |         icmp_ln318_fu_547        |    0    |    0    |   512   |
|----------|----------------------------------|---------|---------|---------|
|          |             T1_fu_194            |    0    |    0    |   208   |
|          |             Y1_fu_211            |    0    |    0    |   208   |
|          |             X1_fu_217            |    0    |    0    |   208   |
|          |             Z1_fu_277            |    0    |    0    |   208   |
|          |        X1_plus_Y1_2_fu_294       |    0    |    0    |   208   |
|          |        X2_plus_Y2_2_fu_311       |    0    |    0    |   208   |
|          |          T1_T2_2_fu_327          |    0    |    0    |   208   |
|          |          X1_X2_2_fu_346          |    0    |    0    |   208   |
|          |          Y1_Y2_2_fu_353          |    0    |    0    |   208   |
|  select  |          Z1_Z2_2_fu_360          |    0    |    0    |   208   |
|          |          term1_2_fu_377          |    0    |    0    |   208   |
|          |      curve_d_T1_T2_2_fu_396      |    0    |    0    |   208   |
|          |          term2_2_fu_464          |    0    |    0    |   208   |
|          |          term3_2_fu_481          |    0    |    0    |   208   |
|          |          term4_2_fu_498          |    0    |    0    |   208   |
|          |        select_ln311_fu_515       |    0    |    0    |   208   |
|          |     new_bucket_point_x_fu_552    |    0    |    0    |   208   |
|          |     new_bucket_point_y_fu_559    |    0    |    0    |   208   |
|          |     new_bucket_point_t_fu_571    |    0    |    0    |   208   |
|          |     new_bucket_point_z_fu_582    |    0    |    0    |   208   |
|----------|----------------------------------|---------|---------|---------|
|          |           term2_fu_406           |    0    |    0    |   263   |
|    sub   |           term4_fu_433           |    0    |    0    |   263   |
|          |         sub_ln311_fu_445         |    0    |    0    |   258   |
|          |        sub_ln311_1_fu_449        |    0    |    0    |   258   |
|----------|----------------------------------|---------|---------|---------|
|          |         xor_ln306_fu_454         |    0    |    0    |    2    |
|    xor   |         xor_ln308_fu_488         |    0    |    0    |    2    |
|          |         xor_ln311_fu_505         |    0    |    0    |    2    |
|----------|----------------------------------|---------|---------|---------|
|    and   |         and_ln479_fu_188         |    0    |    0    |    2    |
|----------|----------------------------------|---------|---------|---------|
|          | bucket_point_t_read_1_read_fu_42 |    0    |    0    |    0    |
|          | bucket_point_y_read_1_read_fu_48 |    0    |    0    |    0    |
|          | bucket_point_x_read_1_read_fu_54 |    0    |    0    |    0    |
|   read   |         t_read_read_fu_60        |    0    |    0    |    0    |
|          |         y_read_read_fu_66        |    0    |    0    |    0    |
|          |         x_read_read_fu_72        |    0    |    0    |    0    |
|          | bucket_point_z_read_1_read_fu_78 |    0    |    0    |    0    |
|          |         z_read_read_fu_84        |    0    |    0    |    0    |
|----------|----------------------------------|---------|---------|---------|
|          |         zext_ln302_fu_202        |    0    |    0    |    0    |
|          |        zext_ln302_1_fu_206       |    0    |    0    |    0    |
|          |         zext_ln297_fu_223        |    0    |    0    |    0    |
|          |        zext_ln297_1_fu_226       |    0    |    0    |    0    |
|          |         zext_ln298_fu_239        |    0    |    0    |    0    |
|          |        zext_ln298_1_fu_243       |    0    |    0    |    0    |
|          |         zext_ln299_fu_259        |    0    |    0    |    0    |
|          |        zext_ln299_1_fu_263       |    0    |    0    |    0    |
|          |         zext_ln300_fu_268        |    0    |    0    |    0    |
|          |        zext_ln300_1_fu_272       |    0    |    0    |    0    |
|          |         zext_ln301_fu_318        |    0    |    0    |    0    |
|   zext   |        zext_ln301_1_fu_322       |    0    |    0    |    0    |
|          |         zext_ln305_fu_334        |    0    |    0    |    0    |
|          |        zext_ln305_1_fu_338       |    0    |    0    |    0    |
|          |         zext_ln303_fu_342        |    0    |    0    |    0    |
|          |         zext_ln311_fu_384        |    0    |    0    |    0    |
|          |        zext_ln311_1_fu_387       |    0    |    0    |    0    |
|          |         zext_ln307_fu_411        |    0    |    0    |    0    |
|          |        zext_ln307_1_fu_414       |    0    |    0    |    0    |
|          |        zext_ln311_2_fu_437       |    0    |    0    |    0    |
|          |        zext_ln311_3_fu_522       |    0    |    0    |    0    |
|          |        zext_ln311_4_fu_527       |    0    |    0    |    0    |
|          |         zext_ln314_fu_532        |    0    |    0    |    0    |
|          |        zext_ln314_1_fu_537       |    0    |    0    |    0    |
|----------|----------------------------------|---------|---------|---------|
|          |           mrv_s_fu_588           |    0    |    0    |    0    |
|insertvalue|           mrv_1_fu_594           |    0    |    0    |    0    |
|          |           mrv_2_fu_600           |    0    |    0    |    0    |
|          |           mrv_3_fu_606           |    0    |    0    |    0    |
|----------|----------------------------------|---------|---------|---------|
|   Total  |                                  |   1795  |   4410  |  17095  |
|----------|----------------------------------|---------|---------|---------|

Memories:
N/A

* Register list:
+-----------------------------+--------+
|                             |   FF   |
+-----------------------------+--------+
|       T1_T2_2_reg_756       |   256  |
|          T1_reg_629         |   256  |
|       X1_X2_2_reg_787       |   256  |
|     X1_plus_Y1_1_reg_681    |   256  |
|     X1_plus_Y1_2_reg_724    |   256  |
|          X1_reg_658         |   256  |
|     X2_plus_Y2_1_reg_692    |   256  |
|     X2_plus_Y2_2_reg_730    |   256  |
|       Y1_Y2_2_reg_795       |   256  |
|          Y1_reg_650         |   256  |
|       Z1_Z2_2_reg_824       |   256  |
|          Z1_reg_718         |   256  |
|      add_ln297_reg_676      |   257  |
|      add_ln298_reg_687      |   257  |
|      add_ln307_reg_864      |   257  |
|      add_ln311_reg_848      |   257  |
|      and_ln479_reg_622      |    1   |
|bucket_point_x_read_1_reg_617|   256  |
|bucket_point_y_read_1_reg_612|   256  |
|   curve_d_T1_T2_1_reg_813   |   256  |
|    curve_d_T1_T2_reg_837    |   256  |
|      icmp_ln299_reg_777     |    1   |
|      icmp_ln300_reg_782     |    1   |
|      icmp_ln301_reg_803     |    1   |
|      icmp_ln302_reg_736     |    1   |
|      icmp_ln303_reg_832     |    1   |
|      icmp_ln305_reg_819     |    1   |
|      icmp_ln306_reg_853     |    1   |
|      icmp_ln308_reg_875     |    1   |
|     icmp_ln311_1_reg_959    |    1   |
|      icmp_ln311_reg_886     |    1   |
|      icmp_ln314_reg_964     |    1   |
|      icmp_ln315_reg_969     |    1   |
|      icmp_ln318_reg_980     |    1   |
|      mul_ln303_reg_808      |   509  |
|      mul_ln315_reg_949      |   512  |
|      mul_ln316_reg_974      |   256  |
|     mul_ln318_1_reg_985     |   256  |
|      mul_ln318_reg_954      |   512  |
|           reg_136           |   512  |
|           reg_140           |   256  |
|           reg_144           |   512  |
|           reg_148           |   256  |
|     select_ln311_reg_918    |   256  |
|     sub_ln311_1_reg_891     |   256  |
|        t_read_reg_635       |   256  |
|       term1_2_reg_842       |   256  |
|       term2_2_reg_897       |   256  |
|        term2_reg_858        |   256  |
|       term3_1_reg_869       |   256  |
|       term3_2_reg_904       |   256  |
|       term4_2_reg_911       |   256  |
|        term4_reg_880        |   256  |
|        x_read_reg_671       |   256  |
|        y_read_reg_666       |   256  |
|        z_read_reg_741       |   256  |
|     zext_ln299_1_reg_703    |   512  |
|      zext_ln299_reg_698     |   512  |
|     zext_ln300_1_reg_713    |   512  |
|      zext_ln300_reg_708     |   512  |
|     zext_ln301_1_reg_751    |   512  |
|      zext_ln301_reg_746     |   512  |
|     zext_ln302_1_reg_645    |   512  |
|      zext_ln302_reg_640     |   512  |
|      zext_ln303_reg_772     |   509  |
|     zext_ln305_1_reg_767    |   512  |
|      zext_ln305_reg_762     |   512  |
|     zext_ln311_3_reg_925    |   512  |
|     zext_ln311_4_reg_931    |   512  |
|     zext_ln314_1_reg_943    |   512  |
|      zext_ln314_reg_937     |   512  |
+-----------------------------+--------+
|            Total            |  19724 |
+-----------------------------+--------+

* Multiplexer (MUX) list: 
|------------|------|------|------|--------||---------||---------||---------|
|    Comp    |  Pin | Size |  BW  | S x BW ||  Delay  ||    FF   ||   LUT   |
|------------|------|------|------|--------||---------||---------||---------|
|  grp_fu_90 |  p0  |   8  |  256 |  2048  ||    0    ||    43   |
|  grp_fu_90 |  p1  |   8  |  256 |  2048  ||    0    ||    43   |
|  grp_fu_94 |  p0  |   6  |  256 |  1536  ||    0    ||    31   |
|  grp_fu_94 |  p1  |   6  |  256 |  1536  ||    0    ||    31   |
|  grp_fu_98 |  p0  |   2  |  256 |   512  ||    0    ||    9    |
|  grp_fu_98 |  p1  |   2  |  256 |   512  ||    0    ||    9    |
| grp_fu_102 |  p0  |   2  |  256 |   512  ||    0    ||    9    |
| grp_fu_102 |  p1  |   2  |  256 |   512  ||    0    ||    9    |
| grp_fu_106 |  p0  |   2  |  256 |   512  ||    0    ||    9    |
| grp_fu_111 |  p0  |   4  |  256 |  1024  ||    0    ||    20   |
| grp_fu_111 |  p1  |   7  |  256 |  1792  ||    0    ||    37   |
| grp_fu_117 |  p0  |   3  |  256 |   768  ||    0    ||    14   |
| grp_fu_117 |  p1  |   4  |  256 |  1024  ||    0    ||    20   |
|------------|------|------|------|--------||---------||---------||---------|
|    Total   |      |      |      |  14336 ||  7.021  ||    0    ||   284   |
|------------|------|------|------|--------||---------||---------||---------|



* Summary:
+-----------+--------+--------+--------+--------+
|           |   DSP  |  Delay |   FF   |   LUT  |
+-----------+--------+--------+--------+--------+
|  Function |  1795  |    -   |  4410  |  17095 |
|   Memory  |    -   |    -   |    -   |    -   |
|Multiplexer|    -   |    7   |    0   |   284  |
|  Register |    -   |    -   |  19724 |    -   |
+-----------+--------+--------+--------+--------+
|   Total   |  1795  |    7   |  24134 |  17379 |
+-----------+--------+--------+--------+--------+
