

================================================================
== Vitis HLS Report for 'data_loader'
================================================================
* Date:           Tue Apr 29 06:14:32 2025

* Version:        2024.2 (Build 5238294 on Nov  8 2024)
* Project:        msm_2
* Solution:       solution1 (Vivado IP Flow Target)
* Product family: zynquplus
* Target device:  xczu7ev-ffvc1156-2-e


================================================================
== Performance Estimates
================================================================
+ Timing: 
    * Summary: 
    +--------+---------+----------+------------+
    |  Clock |  Target | Estimated| Uncertainty|
    +--------+---------+----------+------------+
    |ap_clk  |  4.00 ns|  2.920 ns|     1.08 ns|
    +--------+---------+----------+------------+

+ Latency: 
    * Summary: 
    +---------+---------+----------+----------+-----+-----+------------------------------------------------+
    |  Latency (cycles) |  Latency (absolute) |  Interval |                    Pipeline                    |
    |   min   |   max   |    min   |    max   | min | max |                      Type                      |
    +---------+---------+----------+----------+-----+-----+------------------------------------------------+
    |        ?|        ?|         ?|         ?|    0|    0|  loop auto-rewind stp (delay=0 clock cycles(s))|
    +---------+---------+----------+----------+-----+-----+------------------------------------------------+

    + Detail: 
        * Instance: 
        N/A

        * Loop: 
        +------------------+---------+---------+----------+-----------+-----------+------+----------+
        |                  |  Latency (cycles) | Iteration|  Initiation Interval  | Trip |          |
        |     Loop Name    |   min   |   max   |  Latency |  achieved |   target  | Count| Pipelined|
        +------------------+---------+---------+----------+-----------+-----------+------+----------+
        |- DATA_LOAD_LOOP  |        ?|        ?|        11|          1|          1|     ?|       yes|
        +------------------+---------+---------+----------+-----------+-----------+------+----------+



================================================================
== Utilization Estimates
================================================================
* Summary: 
+-----------------+---------+------+--------+--------+-----+
|       Name      | BRAM_18K|  DSP |   FF   |   LUT  | URAM|
+-----------------+---------+------+--------+--------+-----+
|DSP              |        -|     -|       -|       -|    -|
|Expression       |        -|     -|       0|     199|    -|
|FIFO             |        -|     -|       -|       -|    -|
|Instance         |        -|     -|       -|       -|    -|
|Memory           |        -|     -|       -|       -|    -|
|Multiplexer      |        -|     -|       0|     162|    -|
|Register         |        -|     -|    1760|      64|    -|
+-----------------+---------+------+--------+--------+-----+
|Total            |        0|     0|    1760|     425|    0|
+-----------------+---------+------+--------+--------+-----+
|Available        |      624|  1728|  460800|  230400|   96|
+-----------------+---------+------+--------+--------+-----+
|Utilization (%)  |        0|     0|      ~0|      ~0|    0|
+-----------------+---------+------+--------+--------+-----+

+ Detail: 
    * Instance: 
    N/A

    * DSP: 
    N/A

    * Memory: 
    N/A

    * FIFO: 
    N/A

    * Expression: 
    +------------------------------------------+----------+----+---+----+------------+------------+
    |               Variable Name              | Operation| DSP| FF| LUT| Bitwidth P0| Bitwidth P1|
    +------------------------------------------+----------+----+---+----+------------+------------+
    |add_ln399_fu_259_p2                       |         +|   0|  0|  38|          31|           1|
    |ap_block_state10_pp0_stage0_iter9_grp1    |       and|   0|  0|   2|           1|           1|
    |ap_block_state10_pp0_stage0_iter9_grp2    |       and|   0|  0|   2|           1|           1|
    |ap_block_state10_pp0_stage0_iter9_grp3    |       and|   0|  0|   2|           1|           1|
    |ap_block_state10_pp0_stage0_iter9_grp4    |       and|   0|  0|   2|           1|           1|
    |ap_block_state11_pp0_stage0_iter10_grp1   |       and|   0|  0|   2|           1|           1|
    |ap_block_state11_pp0_stage0_iter10_grp13  |       and|   0|  0|   2|           1|           1|
    |ap_block_state11_pp0_stage0_iter10_grp2   |       and|   0|  0|   2|           1|           1|
    |ap_block_state11_pp0_stage0_iter10_grp3   |       and|   0|  0|   2|           1|           1|
    |ap_block_state11_pp0_stage0_iter10_grp4   |       and|   0|  0|   2|           1|           1|
    |ap_block_state2_io_grp1                   |       and|   0|  0|   2|           1|           1|
    |ap_block_state2_io_grp2                   |       and|   0|  0|   2|           1|           1|
    |ap_block_state2_io_grp3                   |       and|   0|  0|   2|           1|           1|
    |ap_block_state2_io_grp4                   |       and|   0|  0|   2|           1|           1|
    |ap_condition_758                          |       and|   0|  0|   2|           1|           1|
    |ap_condition_940                          |       and|   0|  0|   2|           1|           1|
    |icmp_ln399_1_fu_253_p2                    |      icmp|   0|  0|  39|          32|          32|
    |icmp_ln399_fu_219_p2                      |      icmp|   0|  0|  39|          32|           1|
    |ap_block_pp0_stage0_01001_grp1            |        or|   0|  0|   2|           1|           1|
    |ap_block_pp0_stage0_01001_grp13           |        or|   0|  0|   2|           1|           1|
    |ap_block_pp0_stage0_01001_grp2            |        or|   0|  0|   2|           1|           1|
    |ap_block_pp0_stage0_01001_grp3            |        or|   0|  0|   2|           1|           1|
    |ap_block_pp0_stage0_01001_grp4            |        or|   0|  0|   2|           1|           1|
    |ap_block_pp0_stage0_11001                 |        or|   0|  0|   2|           1|           1|
    |ap_block_pp0_stage0_11001_grp1            |        or|   0|  0|   2|           1|           1|
    |ap_block_pp0_stage0_11001_grp2            |        or|   0|  0|   2|           1|           1|
    |ap_block_pp0_stage0_11001_grp3            |        or|   0|  0|   2|           1|           1|
    |ap_block_pp0_stage0_11001_grp4            |        or|   0|  0|   2|           1|           1|
    |empty_fu_229_p3                           |    select|   0|  0|  31|           1|          31|
    |ap_enable_pp0                             |       xor|   0|  0|   2|           1|           2|
    +------------------------------------------+----------+----+---+----+------------+------------+
    |Total                                     |          |   0|  0| 199|         122|          92|
    +------------------------------------------+----------+----+---+----+------------+------------+

    * Multiplexer: 
    +---------------------------+----+-----------+-----+-----------+
    |            Name           | LUT| Input Size| Bits| Total Bits|
    +---------------------------+----+-----------+-----+-----------+
    |ap_done_int                |   9|          2|    1|          2|
    |ap_enable_reg_pp0_iter1    |   9|          2|    1|          2|
    |ap_sig_allocacmp_i_load    |   9|          2|   31|         62|
    |gmem0_blk_n_AR             |   9|          2|    1|          2|
    |gmem0_blk_n_R              |   9|          2|    1|          2|
    |gmem1_blk_n_AR             |   9|          2|    1|          2|
    |gmem1_blk_n_R              |   9|          2|    1|          2|
    |gmem2_blk_n_AR             |   9|          2|    1|          2|
    |gmem2_blk_n_R              |   9|          2|    1|          2|
    |gmem3_blk_n_AR             |   9|          2|    1|          2|
    |gmem3_blk_n_R              |   9|          2|    1|          2|
    |i_fu_88                    |   9|          2|   31|         62|
    |real_start                 |   9|          2|    1|          2|
    |scalar_point_stream_blk_n  |   9|          2|    1|          2|
    |t_point_stream_blk_n       |   9|          2|    1|          2|
    |x_point_stream_blk_n       |   9|          2|    1|          2|
    |y_point_stream_blk_n       |   9|          2|    1|          2|
    |z_point_stream_blk_n       |   9|          2|    1|          2|
    +---------------------------+----+-----------+-----+-----------+
    |Total                      | 162|         36|   78|        156|
    +---------------------------+----+-----------+-----+-----------+

    * Register: 
    +--------------------------------------------------+-----+----+-----+-----------+
    |                       Name                       |  FF | LUT| Bits| Const Bits|
    +--------------------------------------------------+-----+----+-----+-----------+
    |ap_CS_fsm                                         |    1|   0|    1|          0|
    |ap_block_pp0_stage0_subdone_grp13_done_reg        |    1|   0|    1|          0|
    |ap_block_pp0_stage0_subdone_grp13_done_reg_iter0  |    1|   0|    1|          0|
    |ap_block_pp0_stage0_subdone_grp1_done_reg         |    1|   0|    1|          0|
    |ap_block_pp0_stage0_subdone_grp1_done_reg_iter0   |    1|   0|    1|          0|
    |ap_block_pp0_stage0_subdone_grp2_done_reg         |    1|   0|    1|          0|
    |ap_block_pp0_stage0_subdone_grp2_done_reg_iter0   |    1|   0|    1|          0|
    |ap_block_pp0_stage0_subdone_grp3_done_reg         |    1|   0|    1|          0|
    |ap_block_pp0_stage0_subdone_grp3_done_reg_iter0   |    1|   0|    1|          0|
    |ap_block_pp0_stage0_subdone_grp4_done_reg         |    1|   0|    1|          0|
    |ap_block_pp0_stage0_subdone_grp4_done_reg_iter0   |    1|   0|    1|          0|
    |ap_done_reg                                       |    1|   0|    1|          0|
    |ap_enable_reg_pp0_iter1                           |    1|   0|    1|          0|
    |ap_enable_reg_pp0_iter10                          |    1|   0|    1|          0|
    |ap_enable_reg_pp0_iter2                           |    1|   0|    1|          0|
    |ap_enable_reg_pp0_iter3                           |    1|   0|    1|          0|
    |ap_enable_reg_pp0_iter4                           |    1|   0|    1|          0|
    |ap_enable_reg_pp0_iter5                           |    1|   0|    1|          0|
    |ap_enable_reg_pp0_iter6                           |    1|   0|    1|          0|
    |ap_enable_reg_pp0_iter7                           |    1|   0|    1|          0|
    |ap_enable_reg_pp0_iter8                           |    1|   0|    1|          0|
    |ap_enable_reg_pp0_iter9                           |    1|   0|    1|          0|
    |ap_loop_exit_ready_pp0_iter1_reg                  |    1|   0|    1|          0|
    |ap_loop_exit_ready_pp0_iter2_reg                  |    1|   0|    1|          0|
    |ap_loop_exit_ready_pp0_iter3_reg                  |    1|   0|    1|          0|
    |ap_loop_exit_ready_pp0_iter4_reg                  |    1|   0|    1|          0|
    |ap_loop_exit_ready_pp0_iter5_reg                  |    1|   0|    1|          0|
    |ap_loop_exit_ready_pp0_iter6_reg                  |    1|   0|    1|          0|
    |ap_loop_exit_ready_pp0_iter7_reg                  |    1|   0|    1|          0|
    |ap_loop_exit_ready_pp0_iter8_reg                  |    1|   0|    1|          0|
    |ap_loop_exit_ready_pp0_iter9_reg                  |    1|   0|    1|          0|
    |first_iter_0_reg_207                              |    1|   0|    1|          0|
    |gmem0_addr_read_reg_418                           |  256|   0|  256|          0|
    |gmem1_addr_read_reg_423                           |  256|   0|  256|          0|
    |gmem2_addr_read_reg_428                           |  256|   0|  256|          0|
    |gmem3_addr_read_reg_433                           |  256|   0|  256|          0|
    |i_fu_88                                           |   31|   0|   31|          0|
    |icmp_ln399_1_reg_390                              |    1|   0|    1|          0|
    |scalar_array_read_reg_385                         |  256|   0|  256|          0|
    |start_once_reg                                    |    1|   0|    1|          0|
    |t_array_read_reg_357                              |   64|   0|   64|          0|
    |x_array_read_reg_372                              |   64|   0|   64|          0|
    |y_array_read_reg_367                              |   64|   0|   64|          0|
    |z_array_read_reg_362                              |   64|   0|   64|          0|
    |zext_ln399_reg_377                                |   31|   0|   64|         33|
    |icmp_ln399_1_reg_390                              |   64|  32|    1|          0|
    |scalar_array_read_reg_385                         |   64|  32|  256|          0|
    +--------------------------------------------------+-----+----+-----+-----------+
    |Total                                             | 1760|  64| 1922|         33|
    +--------------------------------------------------+-----+----+-----+-----------+



================================================================
== Interface
================================================================
* Summary: 
+------------------------------------+-----+-----+------------+---------------------+--------------+
|              RTL Ports             | Dir | Bits|  Protocol  |    Source Object    |    C Type    |
+------------------------------------+-----+-----+------------+---------------------+--------------+
|ap_clk                              |   in|    1|  ap_ctrl_hs|          data_loader|  return value|
|ap_rst                              |   in|    1|  ap_ctrl_hs|          data_loader|  return value|
|ap_start                            |   in|    1|  ap_ctrl_hs|          data_loader|  return value|
|start_full_n                        |   in|    1|  ap_ctrl_hs|          data_loader|  return value|
|ap_done                             |  out|    1|  ap_ctrl_hs|          data_loader|  return value|
|ap_continue                         |   in|    1|  ap_ctrl_hs|          data_loader|  return value|
|ap_idle                             |  out|    1|  ap_ctrl_hs|          data_loader|  return value|
|ap_ready                            |  out|    1|  ap_ctrl_hs|          data_loader|  return value|
|start_out                           |  out|    1|  ap_ctrl_hs|          data_loader|  return value|
|start_write                         |  out|    1|  ap_ctrl_hs|          data_loader|  return value|
|m_axi_gmem0_0_AWVALID               |  out|    1|       m_axi|                gmem0|       pointer|
|m_axi_gmem0_0_AWREADY               |   in|    1|       m_axi|                gmem0|       pointer|
|m_axi_gmem0_0_AWADDR                |  out|   64|       m_axi|                gmem0|       pointer|
|m_axi_gmem0_0_AWID                  |  out|    1|       m_axi|                gmem0|       pointer|
|m_axi_gmem0_0_AWLEN                 |  out|   32|       m_axi|                gmem0|       pointer|
|m_axi_gmem0_0_AWSIZE                |  out|    3|       m_axi|                gmem0|       pointer|
|m_axi_gmem0_0_AWBURST               |  out|    2|       m_axi|                gmem0|       pointer|
|m_axi_gmem0_0_AWLOCK                |  out|    2|       m_axi|                gmem0|       pointer|
|m_axi_gmem0_0_AWCACHE               |  out|    4|       m_axi|                gmem0|       pointer|
|m_axi_gmem0_0_AWPROT                |  out|    3|       m_axi|                gmem0|       pointer|
|m_axi_gmem0_0_AWQOS                 |  out|    4|       m_axi|                gmem0|       pointer|
|m_axi_gmem0_0_AWREGION              |  out|    4|       m_axi|                gmem0|       pointer|
|m_axi_gmem0_0_AWUSER                |  out|    1|       m_axi|                gmem0|       pointer|
|m_axi_gmem0_0_WVALID                |  out|    1|       m_axi|                gmem0|       pointer|
|m_axi_gmem0_0_WREADY                |   in|    1|       m_axi|                gmem0|       pointer|
|m_axi_gmem0_0_WDATA                 |  out|  256|       m_axi|                gmem0|       pointer|
|m_axi_gmem0_0_WSTRB                 |  out|   32|       m_axi|                gmem0|       pointer|
|m_axi_gmem0_0_WLAST                 |  out|    1|       m_axi|                gmem0|       pointer|
|m_axi_gmem0_0_WID                   |  out|    1|       m_axi|                gmem0|       pointer|
|m_axi_gmem0_0_WUSER                 |  out|    1|       m_axi|                gmem0|       pointer|
|m_axi_gmem0_0_ARVALID               |  out|    1|       m_axi|                gmem0|       pointer|
|m_axi_gmem0_0_ARREADY               |   in|    1|       m_axi|                gmem0|       pointer|
|m_axi_gmem0_0_ARADDR                |  out|   64|       m_axi|                gmem0|       pointer|
|m_axi_gmem0_0_ARID                  |  out|    1|       m_axi|                gmem0|       pointer|
|m_axi_gmem0_0_ARLEN                 |  out|   32|       m_axi|                gmem0|       pointer|
|m_axi_gmem0_0_ARSIZE                |  out|    3|       m_axi|                gmem0|       pointer|
|m_axi_gmem0_0_ARBURST               |  out|    2|       m_axi|                gmem0|       pointer|
|m_axi_gmem0_0_ARLOCK                |  out|    2|       m_axi|                gmem0|       pointer|
|m_axi_gmem0_0_ARCACHE               |  out|    4|       m_axi|                gmem0|       pointer|
|m_axi_gmem0_0_ARPROT                |  out|    3|       m_axi|                gmem0|       pointer|
|m_axi_gmem0_0_ARQOS                 |  out|    4|       m_axi|                gmem0|       pointer|
|m_axi_gmem0_0_ARREGION              |  out|    4|       m_axi|                gmem0|       pointer|
|m_axi_gmem0_0_ARUSER                |  out|    1|       m_axi|                gmem0|       pointer|
|m_axi_gmem0_0_RVALID                |   in|    1|       m_axi|                gmem0|       pointer|
|m_axi_gmem0_0_RREADY                |  out|    1|       m_axi|                gmem0|       pointer|
|m_axi_gmem0_0_RDATA                 |   in|  256|       m_axi|                gmem0|       pointer|
|m_axi_gmem0_0_RLAST                 |   in|    1|       m_axi|                gmem0|       pointer|
|m_axi_gmem0_0_RID                   |   in|    1|       m_axi|                gmem0|       pointer|
|m_axi_gmem0_0_RFIFONUM              |   in|    9|       m_axi|                gmem0|       pointer|
|m_axi_gmem0_0_RUSER                 |   in|    1|       m_axi|                gmem0|       pointer|
|m_axi_gmem0_0_RRESP                 |   in|    2|       m_axi|                gmem0|       pointer|
|m_axi_gmem0_0_BVALID                |   in|    1|       m_axi|                gmem0|       pointer|
|m_axi_gmem0_0_BREADY                |  out|    1|       m_axi|                gmem0|       pointer|
|m_axi_gmem0_0_BRESP                 |   in|    2|       m_axi|                gmem0|       pointer|
|m_axi_gmem0_0_BID                   |   in|    1|       m_axi|                gmem0|       pointer|
|m_axi_gmem0_0_BUSER                 |   in|    1|       m_axi|                gmem0|       pointer|
|m_axi_gmem1_0_AWVALID               |  out|    1|       m_axi|                gmem1|       pointer|
|m_axi_gmem1_0_AWREADY               |   in|    1|       m_axi|                gmem1|       pointer|
|m_axi_gmem1_0_AWADDR                |  out|   64|       m_axi|                gmem1|       pointer|
|m_axi_gmem1_0_AWID                  |  out|    1|       m_axi|                gmem1|       pointer|
|m_axi_gmem1_0_AWLEN                 |  out|   32|       m_axi|                gmem1|       pointer|
|m_axi_gmem1_0_AWSIZE                |  out|    3|       m_axi|                gmem1|       pointer|
|m_axi_gmem1_0_AWBURST               |  out|    2|       m_axi|                gmem1|       pointer|
|m_axi_gmem1_0_AWLOCK                |  out|    2|       m_axi|                gmem1|       pointer|
|m_axi_gmem1_0_AWCACHE               |  out|    4|       m_axi|                gmem1|       pointer|
|m_axi_gmem1_0_AWPROT                |  out|    3|       m_axi|                gmem1|       pointer|
|m_axi_gmem1_0_AWQOS                 |  out|    4|       m_axi|                gmem1|       pointer|
|m_axi_gmem1_0_AWREGION              |  out|    4|       m_axi|                gmem1|       pointer|
|m_axi_gmem1_0_AWUSER                |  out|    1|       m_axi|                gmem1|       pointer|
|m_axi_gmem1_0_WVALID                |  out|    1|       m_axi|                gmem1|       pointer|
|m_axi_gmem1_0_WREADY                |   in|    1|       m_axi|                gmem1|       pointer|
|m_axi_gmem1_0_WDATA                 |  out|  256|       m_axi|                gmem1|       pointer|
|m_axi_gmem1_0_WSTRB                 |  out|   32|       m_axi|                gmem1|       pointer|
|m_axi_gmem1_0_WLAST                 |  out|    1|       m_axi|                gmem1|       pointer|
|m_axi_gmem1_0_WID                   |  out|    1|       m_axi|                gmem1|       pointer|
|m_axi_gmem1_0_WUSER                 |  out|    1|       m_axi|                gmem1|       pointer|
|m_axi_gmem1_0_ARVALID               |  out|    1|       m_axi|                gmem1|       pointer|
|m_axi_gmem1_0_ARREADY               |   in|    1|       m_axi|                gmem1|       pointer|
|m_axi_gmem1_0_ARADDR                |  out|   64|       m_axi|                gmem1|       pointer|
|m_axi_gmem1_0_ARID                  |  out|    1|       m_axi|                gmem1|       pointer|
|m_axi_gmem1_0_ARLEN                 |  out|   32|       m_axi|                gmem1|       pointer|
|m_axi_gmem1_0_ARSIZE                |  out|    3|       m_axi|                gmem1|       pointer|
|m_axi_gmem1_0_ARBURST               |  out|    2|       m_axi|                gmem1|       pointer|
|m_axi_gmem1_0_ARLOCK                |  out|    2|       m_axi|                gmem1|       pointer|
|m_axi_gmem1_0_ARCACHE               |  out|    4|       m_axi|                gmem1|       pointer|
|m_axi_gmem1_0_ARPROT                |  out|    3|       m_axi|                gmem1|       pointer|
|m_axi_gmem1_0_ARQOS                 |  out|    4|       m_axi|                gmem1|       pointer|
|m_axi_gmem1_0_ARREGION              |  out|    4|       m_axi|                gmem1|       pointer|
|m_axi_gmem1_0_ARUSER                |  out|    1|       m_axi|                gmem1|       pointer|
|m_axi_gmem1_0_RVALID                |   in|    1|       m_axi|                gmem1|       pointer|
|m_axi_gmem1_0_RREADY                |  out|    1|       m_axi|                gmem1|       pointer|
|m_axi_gmem1_0_RDATA                 |   in|  256|       m_axi|                gmem1|       pointer|
|m_axi_gmem1_0_RLAST                 |   in|    1|       m_axi|                gmem1|       pointer|
|m_axi_gmem1_0_RID                   |   in|    1|       m_axi|                gmem1|       pointer|
|m_axi_gmem1_0_RFIFONUM              |   in|    9|       m_axi|                gmem1|       pointer|
|m_axi_gmem1_0_RUSER                 |   in|    1|       m_axi|                gmem1|       pointer|
|m_axi_gmem1_0_RRESP                 |   in|    2|       m_axi|                gmem1|       pointer|
|m_axi_gmem1_0_BVALID                |   in|    1|       m_axi|                gmem1|       pointer|
|m_axi_gmem1_0_BREADY                |  out|    1|       m_axi|                gmem1|       pointer|
|m_axi_gmem1_0_BRESP                 |   in|    2|       m_axi|                gmem1|       pointer|
|m_axi_gmem1_0_BID                   |   in|    1|       m_axi|                gmem1|       pointer|
|m_axi_gmem1_0_BUSER                 |   in|    1|       m_axi|                gmem1|       pointer|
|m_axi_gmem2_0_AWVALID               |  out|    1|       m_axi|                gmem2|       pointer|
|m_axi_gmem2_0_AWREADY               |   in|    1|       m_axi|                gmem2|       pointer|
|m_axi_gmem2_0_AWADDR                |  out|   64|       m_axi|                gmem2|       pointer|
|m_axi_gmem2_0_AWID                  |  out|    1|       m_axi|                gmem2|       pointer|
|m_axi_gmem2_0_AWLEN                 |  out|   32|       m_axi|                gmem2|       pointer|
|m_axi_gmem2_0_AWSIZE                |  out|    3|       m_axi|                gmem2|       pointer|
|m_axi_gmem2_0_AWBURST               |  out|    2|       m_axi|                gmem2|       pointer|
|m_axi_gmem2_0_AWLOCK                |  out|    2|       m_axi|                gmem2|       pointer|
|m_axi_gmem2_0_AWCACHE               |  out|    4|       m_axi|                gmem2|       pointer|
|m_axi_gmem2_0_AWPROT                |  out|    3|       m_axi|                gmem2|       pointer|
|m_axi_gmem2_0_AWQOS                 |  out|    4|       m_axi|                gmem2|       pointer|
|m_axi_gmem2_0_AWREGION              |  out|    4|       m_axi|                gmem2|       pointer|
|m_axi_gmem2_0_AWUSER                |  out|    1|       m_axi|                gmem2|       pointer|
|m_axi_gmem2_0_WVALID                |  out|    1|       m_axi|                gmem2|       pointer|
|m_axi_gmem2_0_WREADY                |   in|    1|       m_axi|                gmem2|       pointer|
|m_axi_gmem2_0_WDATA                 |  out|  256|       m_axi|                gmem2|       pointer|
|m_axi_gmem2_0_WSTRB                 |  out|   32|       m_axi|                gmem2|       pointer|
|m_axi_gmem2_0_WLAST                 |  out|    1|       m_axi|                gmem2|       pointer|
|m_axi_gmem2_0_WID                   |  out|    1|       m_axi|                gmem2|       pointer|
|m_axi_gmem2_0_WUSER                 |  out|    1|       m_axi|                gmem2|       pointer|
|m_axi_gmem2_0_ARVALID               |  out|    1|       m_axi|                gmem2|       pointer|
|m_axi_gmem2_0_ARREADY               |   in|    1|       m_axi|                gmem2|       pointer|
|m_axi_gmem2_0_ARADDR                |  out|   64|       m_axi|                gmem2|       pointer|
|m_axi_gmem2_0_ARID                  |  out|    1|       m_axi|                gmem2|       pointer|
|m_axi_gmem2_0_ARLEN                 |  out|   32|       m_axi|                gmem2|       pointer|
|m_axi_gmem2_0_ARSIZE                |  out|    3|       m_axi|                gmem2|       pointer|
|m_axi_gmem2_0_ARBURST               |  out|    2|       m_axi|                gmem2|       pointer|
|m_axi_gmem2_0_ARLOCK                |  out|    2|       m_axi|                gmem2|       pointer|
|m_axi_gmem2_0_ARCACHE               |  out|    4|       m_axi|                gmem2|       pointer|
|m_axi_gmem2_0_ARPROT                |  out|    3|       m_axi|                gmem2|       pointer|
|m_axi_gmem2_0_ARQOS                 |  out|    4|       m_axi|                gmem2|       pointer|
|m_axi_gmem2_0_ARREGION              |  out|    4|       m_axi|                gmem2|       pointer|
|m_axi_gmem2_0_ARUSER                |  out|    1|       m_axi|                gmem2|       pointer|
|m_axi_gmem2_0_RVALID                |   in|    1|       m_axi|                gmem2|       pointer|
|m_axi_gmem2_0_RREADY                |  out|    1|       m_axi|                gmem2|       pointer|
|m_axi_gmem2_0_RDATA                 |   in|  256|       m_axi|                gmem2|       pointer|
|m_axi_gmem2_0_RLAST                 |   in|    1|       m_axi|                gmem2|       pointer|
|m_axi_gmem2_0_RID                   |   in|    1|       m_axi|                gmem2|       pointer|
|m_axi_gmem2_0_RFIFONUM              |   in|    9|       m_axi|                gmem2|       pointer|
|m_axi_gmem2_0_RUSER                 |   in|    1|       m_axi|                gmem2|       pointer|
|m_axi_gmem2_0_RRESP                 |   in|    2|       m_axi|                gmem2|       pointer|
|m_axi_gmem2_0_BVALID                |   in|    1|       m_axi|                gmem2|       pointer|
|m_axi_gmem2_0_BREADY                |  out|    1|       m_axi|                gmem2|       pointer|
|m_axi_gmem2_0_BRESP                 |   in|    2|       m_axi|                gmem2|       pointer|
|m_axi_gmem2_0_BID                   |   in|    1|       m_axi|                gmem2|       pointer|
|m_axi_gmem2_0_BUSER                 |   in|    1|       m_axi|                gmem2|       pointer|
|m_axi_gmem3_0_AWVALID               |  out|    1|       m_axi|                gmem3|       pointer|
|m_axi_gmem3_0_AWREADY               |   in|    1|       m_axi|                gmem3|       pointer|
|m_axi_gmem3_0_AWADDR                |  out|   64|       m_axi|                gmem3|       pointer|
|m_axi_gmem3_0_AWID                  |  out|    1|       m_axi|                gmem3|       pointer|
|m_axi_gmem3_0_AWLEN                 |  out|   32|       m_axi|                gmem3|       pointer|
|m_axi_gmem3_0_AWSIZE                |  out|    3|       m_axi|                gmem3|       pointer|
|m_axi_gmem3_0_AWBURST               |  out|    2|       m_axi|                gmem3|       pointer|
|m_axi_gmem3_0_AWLOCK                |  out|    2|       m_axi|                gmem3|       pointer|
|m_axi_gmem3_0_AWCACHE               |  out|    4|       m_axi|                gmem3|       pointer|
|m_axi_gmem3_0_AWPROT                |  out|    3|       m_axi|                gmem3|       pointer|
|m_axi_gmem3_0_AWQOS                 |  out|    4|       m_axi|                gmem3|       pointer|
|m_axi_gmem3_0_AWREGION              |  out|    4|       m_axi|                gmem3|       pointer|
|m_axi_gmem3_0_AWUSER                |  out|    1|       m_axi|                gmem3|       pointer|
|m_axi_gmem3_0_WVALID                |  out|    1|       m_axi|                gmem3|       pointer|
|m_axi_gmem3_0_WREADY                |   in|    1|       m_axi|                gmem3|       pointer|
|m_axi_gmem3_0_WDATA                 |  out|  256|       m_axi|                gmem3|       pointer|
|m_axi_gmem3_0_WSTRB                 |  out|   32|       m_axi|                gmem3|       pointer|
|m_axi_gmem3_0_WLAST                 |  out|    1|       m_axi|                gmem3|       pointer|
|m_axi_gmem3_0_WID                   |  out|    1|       m_axi|                gmem3|       pointer|
|m_axi_gmem3_0_WUSER                 |  out|    1|       m_axi|                gmem3|       pointer|
|m_axi_gmem3_0_ARVALID               |  out|    1|       m_axi|                gmem3|       pointer|
|m_axi_gmem3_0_ARREADY               |   in|    1|       m_axi|                gmem3|       pointer|
|m_axi_gmem3_0_ARADDR                |  out|   64|       m_axi|                gmem3|       pointer|
|m_axi_gmem3_0_ARID                  |  out|    1|       m_axi|                gmem3|       pointer|
|m_axi_gmem3_0_ARLEN                 |  out|   32|       m_axi|                gmem3|       pointer|
|m_axi_gmem3_0_ARSIZE                |  out|    3|       m_axi|                gmem3|       pointer|
|m_axi_gmem3_0_ARBURST               |  out|    2|       m_axi|                gmem3|       pointer|
|m_axi_gmem3_0_ARLOCK                |  out|    2|       m_axi|                gmem3|       pointer|
|m_axi_gmem3_0_ARCACHE               |  out|    4|       m_axi|                gmem3|       pointer|
|m_axi_gmem3_0_ARPROT                |  out|    3|       m_axi|                gmem3|       pointer|
|m_axi_gmem3_0_ARQOS                 |  out|    4|       m_axi|                gmem3|       pointer|
|m_axi_gmem3_0_ARREGION              |  out|    4|       m_axi|                gmem3|       pointer|
|m_axi_gmem3_0_ARUSER                |  out|    1|       m_axi|                gmem3|       pointer|
|m_axi_gmem3_0_RVALID                |   in|    1|       m_axi|                gmem3|       pointer|
|m_axi_gmem3_0_RREADY                |  out|    1|       m_axi|                gmem3|       pointer|
|m_axi_gmem3_0_RDATA                 |   in|  256|       m_axi|                gmem3|       pointer|
|m_axi_gmem3_0_RLAST                 |   in|    1|       m_axi|                gmem3|       pointer|
|m_axi_gmem3_0_RID                   |   in|    1|       m_axi|                gmem3|       pointer|
|m_axi_gmem3_0_RFIFONUM              |   in|    9|       m_axi|                gmem3|       pointer|
|m_axi_gmem3_0_RUSER                 |   in|    1|       m_axi|                gmem3|       pointer|
|m_axi_gmem3_0_RRESP                 |   in|    2|       m_axi|                gmem3|       pointer|
|m_axi_gmem3_0_BVALID                |   in|    1|       m_axi|                gmem3|       pointer|
|m_axi_gmem3_0_BREADY                |  out|    1|       m_axi|                gmem3|       pointer|
|m_axi_gmem3_0_BRESP                 |   in|    2|       m_axi|                gmem3|       pointer|
|m_axi_gmem3_0_BID                   |   in|    1|       m_axi|                gmem3|       pointer|
|m_axi_gmem3_0_BUSER                 |   in|    1|       m_axi|                gmem3|       pointer|
|x_point_stream_din                  |  out|  256|     ap_fifo|       x_point_stream|       pointer|
|x_point_stream_full_n               |   in|    1|     ap_fifo|       x_point_stream|       pointer|
|x_point_stream_write                |  out|    1|     ap_fifo|       x_point_stream|       pointer|
|x_point_stream_num_data_valid       |   in|    7|     ap_fifo|       x_point_stream|       pointer|
|x_point_stream_fifo_cap             |   in|    7|     ap_fifo|       x_point_stream|       pointer|
|y_point_stream_din                  |  out|  256|     ap_fifo|       y_point_stream|       pointer|
|y_point_stream_full_n               |   in|    1|     ap_fifo|       y_point_stream|       pointer|
|y_point_stream_write                |  out|    1|     ap_fifo|       y_point_stream|       pointer|
|y_point_stream_num_data_valid       |   in|    7|     ap_fifo|       y_point_stream|       pointer|
|y_point_stream_fifo_cap             |   in|    7|     ap_fifo|       y_point_stream|       pointer|
|z_point_stream_din                  |  out|  256|     ap_fifo|       z_point_stream|       pointer|
|z_point_stream_full_n               |   in|    1|     ap_fifo|       z_point_stream|       pointer|
|z_point_stream_write                |  out|    1|     ap_fifo|       z_point_stream|       pointer|
|z_point_stream_num_data_valid       |   in|    7|     ap_fifo|       z_point_stream|       pointer|
|z_point_stream_fifo_cap             |   in|    7|     ap_fifo|       z_point_stream|       pointer|
|t_point_stream_din                  |  out|  256|     ap_fifo|       t_point_stream|       pointer|
|t_point_stream_full_n               |   in|    1|     ap_fifo|       t_point_stream|       pointer|
|t_point_stream_write                |  out|    1|     ap_fifo|       t_point_stream|       pointer|
|t_point_stream_num_data_valid       |   in|    3|     ap_fifo|       t_point_stream|       pointer|
|t_point_stream_fifo_cap             |   in|    3|     ap_fifo|       t_point_stream|       pointer|
|scalar_point_stream_din             |  out|  256|     ap_fifo|  scalar_point_stream|       pointer|
|scalar_point_stream_full_n          |   in|    1|     ap_fifo|  scalar_point_stream|       pointer|
|scalar_point_stream_write           |  out|    1|     ap_fifo|  scalar_point_stream|       pointer|
|scalar_point_stream_num_data_valid  |   in|    7|     ap_fifo|  scalar_point_stream|       pointer|
|scalar_point_stream_fifo_cap        |   in|    7|     ap_fifo|  scalar_point_stream|       pointer|
|x_array                             |   in|   64|     ap_none|              x_array|        scalar|
|y_array                             |   in|   64|     ap_none|              y_array|        scalar|
|z_array                             |   in|   64|     ap_none|              z_array|        scalar|
|t_array                             |   in|   64|     ap_none|              t_array|        scalar|
|scalar_array                        |   in|  256|     ap_none|         scalar_array|       pointer|
|degree                              |   in|   32|     ap_none|               degree|        scalar|
+------------------------------------+-----+-----+------------+---------------------+--------------+

============================================================
+ Verbose Summary: Synthesis Manager
============================================================
InlineROM: 1
ExposeGlobal: 0
============================================================
+ Verbose Summary: CDFG Model
============================================================
IsTopModel: 0
ResetActiveHigh: 1
IsCombinational: 2
IsDatapathOnly: 0
HasWiredReturn: 1
HasMFsm: 2
HasVarLatency: 1
IsPipeline: 0
IsRtlPipelined: 0
IsInstanceOverlapped: 0
IsDontTouch: 0
HasImplIP: 0
IsGatedGlobalClock: 0

+ Individual pipeline summary: 
  * Pipeline-0: initiation interval (II) = 1, depth = 11


============================================================
+ Verbose Summary: Schedule
============================================================
* Number of FSM states : 11
* Pipeline : 1
  Pipeline-0 : II = 1, D = 11, States = { 1 2 3 4 5 6 7 8 9 10 11 }
* Dataflow Pipeline: 0

* FSM state transitions: 
1 --> 2 
2 --> 3 
3 --> 4 
4 --> 5 
5 --> 6 
6 --> 7 
7 --> 8 
8 --> 9 
9 --> 10 
10 --> 11 
11 --> 

* FSM state operations: 

State 1 <SV = 0> <Delay = 1.87>
ST_1 : Operation 14 [1/1] (0.00ns)   --->   "%i = alloca i32 1"   --->   Operation 14 'alloca' 'i' <Predicate = true> <Delay = 0.00>
ST_1 : Operation 15 [1/1] (0.00ns)   --->   "%specinterface_ln0 = specinterface void @_ssdm_op_SpecInterface, i256 %scalar_point_stream, void @empty_3, i32 0, i32 0, void @empty_15, i32 0, i32 0, void @empty_15, void @empty_15, void @empty_15, i32 0, i32 0, i32 0, i32 0, void @empty_15, void @empty_15, i32 4294967295, i32 0, i32 0"   --->   Operation 15 'specinterface' 'specinterface_ln0' <Predicate = true> <Delay = 0.00>
ST_1 : Operation 16 [1/1] (0.00ns)   --->   "%specinterface_ln0 = specinterface void @_ssdm_op_SpecInterface, i256 %scalar_point_stream, void @empty_3, i32 0, i32 0, void @empty_15, i32 0, i32 0, void @empty_15, void @empty_15, void @empty_15, i32 0, i32 0, i32 0, i32 0, void @empty_15, void @empty_15, i32 4294967295, i32 0, i32 0"   --->   Operation 16 'specinterface' 'specinterface_ln0' <Predicate = true> <Delay = 0.00>
ST_1 : Operation 17 [1/1] (0.00ns)   --->   "%specinterface_ln0 = specinterface void @_ssdm_op_SpecInterface, i256 %scalar_point_stream, void @empty_3, i32 0, i32 0, void @empty_15, i32 0, i32 0, void @empty_15, void @empty_15, void @empty_15, i32 0, i32 0, i32 0, i32 0, void @empty_15, void @empty_15, i32 4294967295, i32 0, i32 0"   --->   Operation 17 'specinterface' 'specinterface_ln0' <Predicate = true> <Delay = 0.00>
ST_1 : Operation 18 [1/1] (0.00ns)   --->   "%specinterface_ln0 = specinterface void @_ssdm_op_SpecInterface, i256 %t_point_stream, void @empty_3, i32 0, i32 0, void @empty_15, i32 0, i32 0, void @empty_15, void @empty_15, void @empty_15, i32 0, i32 0, i32 0, i32 0, void @empty_15, void @empty_15, i32 4294967295, i32 0, i32 0"   --->   Operation 18 'specinterface' 'specinterface_ln0' <Predicate = true> <Delay = 0.00>
ST_1 : Operation 19 [1/1] (0.00ns)   --->   "%specinterface_ln0 = specinterface void @_ssdm_op_SpecInterface, i256 %t_point_stream, void @empty_3, i32 0, i32 0, void @empty_15, i32 0, i32 0, void @empty_15, void @empty_15, void @empty_15, i32 0, i32 0, i32 0, i32 0, void @empty_15, void @empty_15, i32 4294967295, i32 0, i32 0"   --->   Operation 19 'specinterface' 'specinterface_ln0' <Predicate = true> <Delay = 0.00>
ST_1 : Operation 20 [1/1] (0.00ns)   --->   "%specinterface_ln0 = specinterface void @_ssdm_op_SpecInterface, i256 %t_point_stream, void @empty_3, i32 0, i32 0, void @empty_15, i32 0, i32 0, void @empty_15, void @empty_15, void @empty_15, i32 0, i32 0, i32 0, i32 0, void @empty_15, void @empty_15, i32 4294967295, i32 0, i32 0"   --->   Operation 20 'specinterface' 'specinterface_ln0' <Predicate = true> <Delay = 0.00>
ST_1 : Operation 21 [1/1] (0.00ns)   --->   "%specinterface_ln0 = specinterface void @_ssdm_op_SpecInterface, i256 %x_point_stream, void @empty_3, i32 0, i32 0, void @empty_15, i32 0, i32 0, void @empty_15, void @empty_15, void @empty_15, i32 0, i32 0, i32 0, i32 0, void @empty_15, void @empty_15, i32 4294967295, i32 0, i32 0"   --->   Operation 21 'specinterface' 'specinterface_ln0' <Predicate = true> <Delay = 0.00>
ST_1 : Operation 22 [1/1] (0.00ns)   --->   "%specinterface_ln0 = specinterface void @_ssdm_op_SpecInterface, i256 %x_point_stream, void @empty_3, i32 0, i32 0, void @empty_15, i32 0, i32 0, void @empty_15, void @empty_15, void @empty_15, i32 0, i32 0, i32 0, i32 0, void @empty_15, void @empty_15, i32 4294967295, i32 0, i32 0"   --->   Operation 22 'specinterface' 'specinterface_ln0' <Predicate = true> <Delay = 0.00>
ST_1 : Operation 23 [1/1] (0.00ns)   --->   "%specinterface_ln0 = specinterface void @_ssdm_op_SpecInterface, i256 %x_point_stream, void @empty_3, i32 0, i32 0, void @empty_15, i32 0, i32 0, void @empty_15, void @empty_15, void @empty_15, i32 0, i32 0, i32 0, i32 0, void @empty_15, void @empty_15, i32 4294967295, i32 0, i32 0"   --->   Operation 23 'specinterface' 'specinterface_ln0' <Predicate = true> <Delay = 0.00>
ST_1 : Operation 24 [1/1] (0.00ns)   --->   "%specinterface_ln0 = specinterface void @_ssdm_op_SpecInterface, i256 %y_point_stream, void @empty_3, i32 0, i32 0, void @empty_15, i32 0, i32 0, void @empty_15, void @empty_15, void @empty_15, i32 0, i32 0, i32 0, i32 0, void @empty_15, void @empty_15, i32 4294967295, i32 0, i32 0"   --->   Operation 24 'specinterface' 'specinterface_ln0' <Predicate = true> <Delay = 0.00>
ST_1 : Operation 25 [1/1] (0.00ns)   --->   "%specinterface_ln0 = specinterface void @_ssdm_op_SpecInterface, i256 %y_point_stream, void @empty_3, i32 0, i32 0, void @empty_15, i32 0, i32 0, void @empty_15, void @empty_15, void @empty_15, i32 0, i32 0, i32 0, i32 0, void @empty_15, void @empty_15, i32 4294967295, i32 0, i32 0"   --->   Operation 25 'specinterface' 'specinterface_ln0' <Predicate = true> <Delay = 0.00>
ST_1 : Operation 26 [1/1] (0.00ns)   --->   "%specinterface_ln0 = specinterface void @_ssdm_op_SpecInterface, i256 %y_point_stream, void @empty_3, i32 0, i32 0, void @empty_15, i32 0, i32 0, void @empty_15, void @empty_15, void @empty_15, i32 0, i32 0, i32 0, i32 0, void @empty_15, void @empty_15, i32 4294967295, i32 0, i32 0"   --->   Operation 26 'specinterface' 'specinterface_ln0' <Predicate = true> <Delay = 0.00>
ST_1 : Operation 27 [1/1] (0.00ns)   --->   "%specinterface_ln0 = specinterface void @_ssdm_op_SpecInterface, i256 %z_point_stream, void @empty_3, i32 0, i32 0, void @empty_15, i32 0, i32 0, void @empty_15, void @empty_15, void @empty_15, i32 0, i32 0, i32 0, i32 0, void @empty_15, void @empty_15, i32 4294967295, i32 0, i32 0"   --->   Operation 27 'specinterface' 'specinterface_ln0' <Predicate = true> <Delay = 0.00>
ST_1 : Operation 28 [1/1] (0.00ns)   --->   "%specinterface_ln0 = specinterface void @_ssdm_op_SpecInterface, i256 %z_point_stream, void @empty_3, i32 0, i32 0, void @empty_15, i32 0, i32 0, void @empty_15, void @empty_15, void @empty_15, i32 0, i32 0, i32 0, i32 0, void @empty_15, void @empty_15, i32 4294967295, i32 0, i32 0"   --->   Operation 28 'specinterface' 'specinterface_ln0' <Predicate = true> <Delay = 0.00>
ST_1 : Operation 29 [1/1] (0.00ns)   --->   "%specinterface_ln0 = specinterface void @_ssdm_op_SpecInterface, i256 %z_point_stream, void @empty_3, i32 0, i32 0, void @empty_15, i32 0, i32 0, void @empty_15, void @empty_15, void @empty_15, i32 0, i32 0, i32 0, i32 0, void @empty_15, void @empty_15, i32 4294967295, i32 0, i32 0"   --->   Operation 29 'specinterface' 'specinterface_ln0' <Predicate = true> <Delay = 0.00>
ST_1 : Operation 30 [1/1] (0.00ns)   --->   "%specinterface_ln0 = specinterface void @_ssdm_op_SpecInterface, i256 %scalar_point_stream, void @empty_3, i32 0, i32 0, void @empty_15, i32 0, i32 0, void @empty_15, void @empty_15, void @empty_15, i32 0, i32 0, i32 0, i32 0, void @empty_15, void @empty_15, i32 4294967295, i32 0, i32 0"   --->   Operation 30 'specinterface' 'specinterface_ln0' <Predicate = true> <Delay = 0.00>
ST_1 : Operation 31 [1/1] (0.00ns)   --->   "%specinterface_ln0 = specinterface void @_ssdm_op_SpecInterface, i256 %t_point_stream, void @empty_3, i32 0, i32 0, void @empty_15, i32 0, i32 0, void @empty_15, void @empty_15, void @empty_15, i32 0, i32 0, i32 0, i32 0, void @empty_15, void @empty_15, i32 4294967295, i32 0, i32 0"   --->   Operation 31 'specinterface' 'specinterface_ln0' <Predicate = true> <Delay = 0.00>
ST_1 : Operation 32 [1/1] (0.00ns)   --->   "%specinterface_ln0 = specinterface void @_ssdm_op_SpecInterface, i256 %z_point_stream, void @empty_3, i32 0, i32 0, void @empty_15, i32 0, i32 0, void @empty_15, void @empty_15, void @empty_15, i32 0, i32 0, i32 0, i32 0, void @empty_15, void @empty_15, i32 4294967295, i32 0, i32 0"   --->   Operation 32 'specinterface' 'specinterface_ln0' <Predicate = true> <Delay = 0.00>
ST_1 : Operation 33 [1/1] (0.00ns)   --->   "%specinterface_ln0 = specinterface void @_ssdm_op_SpecInterface, i256 %y_point_stream, void @empty_3, i32 0, i32 0, void @empty_15, i32 0, i32 0, void @empty_15, void @empty_15, void @empty_15, i32 0, i32 0, i32 0, i32 0, void @empty_15, void @empty_15, i32 4294967295, i32 0, i32 0"   --->   Operation 33 'specinterface' 'specinterface_ln0' <Predicate = true> <Delay = 0.00>
ST_1 : Operation 34 [1/1] (0.00ns)   --->   "%specinterface_ln0 = specinterface void @_ssdm_op_SpecInterface, i256 %x_point_stream, void @empty_3, i32 0, i32 0, void @empty_15, i32 0, i32 0, void @empty_15, void @empty_15, void @empty_15, i32 0, i32 0, i32 0, i32 0, void @empty_15, void @empty_15, i32 4294967295, i32 0, i32 0"   --->   Operation 34 'specinterface' 'specinterface_ln0' <Predicate = true> <Delay = 0.00>
ST_1 : Operation 35 [1/1] (0.00ns)   --->   "%specinterface_ln0 = specinterface void @_ssdm_op_SpecInterface, i256 %gmem3, void @empty_11, i32 0, i32 0, void @empty_15, i32 0, i32 0, void @empty_22, void @empty_1, void @empty_15, i32 16, i32 16, i32 16, i32 16, void @empty_15, void @empty_15, i32 4294967295, i32 0, i32 0"   --->   Operation 35 'specinterface' 'specinterface_ln0' <Predicate = true> <Delay = 0.00>
ST_1 : Operation 36 [1/1] (0.00ns)   --->   "%specinterface_ln0 = specinterface void @_ssdm_op_SpecInterface, i256 %gmem2, void @empty_11, i32 0, i32 0, void @empty_15, i32 0, i32 0, void @empty_23, void @empty_1, void @empty_15, i32 16, i32 16, i32 16, i32 16, void @empty_15, void @empty_15, i32 4294967295, i32 0, i32 0"   --->   Operation 36 'specinterface' 'specinterface_ln0' <Predicate = true> <Delay = 0.00>
ST_1 : Operation 37 [1/1] (0.00ns)   --->   "%specinterface_ln0 = specinterface void @_ssdm_op_SpecInterface, i256 %gmem1, void @empty_11, i32 0, i32 0, void @empty_15, i32 0, i32 0, void @empty_24, void @empty_1, void @empty_15, i32 16, i32 16, i32 16, i32 16, void @empty_15, void @empty_15, i32 4294967295, i32 0, i32 0"   --->   Operation 37 'specinterface' 'specinterface_ln0' <Predicate = true> <Delay = 0.00>
ST_1 : Operation 38 [1/1] (0.00ns)   --->   "%specinterface_ln0 = specinterface void @_ssdm_op_SpecInterface, i256 %gmem0, void @empty_11, i32 0, i32 0, void @empty_15, i32 0, i32 0, void @empty_0, void @empty_1, void @empty_15, i32 16, i32 16, i32 16, i32 16, void @empty_15, void @empty_15, i32 4294967295, i32 0, i32 0"   --->   Operation 38 'specinterface' 'specinterface_ln0' <Predicate = true> <Delay = 0.00>
ST_1 : Operation 39 [1/1] (0.00ns)   --->   "%degree_read = read i32 @_ssdm_op_Read.ap_auto.i32, i32 %degree" [../src/msm.cpp:378]   --->   Operation 39 'read' 'degree_read' <Predicate = true> <Delay = 0.00>
ST_1 : Operation 40 [1/1] (0.00ns)   --->   "%t_array_read = read i64 @_ssdm_op_Read.ap_auto.i64, i64 %t_array" [../src/msm.cpp:378]   --->   Operation 40 'read' 't_array_read' <Predicate = true> <Delay = 0.00>
ST_1 : Operation 41 [1/1] (0.00ns)   --->   "%z_array_read = read i64 @_ssdm_op_Read.ap_auto.i64, i64 %z_array" [../src/msm.cpp:378]   --->   Operation 41 'read' 'z_array_read' <Predicate = true> <Delay = 0.00>
ST_1 : Operation 42 [1/1] (0.00ns)   --->   "%y_array_read = read i64 @_ssdm_op_Read.ap_auto.i64, i64 %y_array" [../src/msm.cpp:378]   --->   Operation 42 'read' 'y_array_read' <Predicate = true> <Delay = 0.00>
ST_1 : Operation 43 [1/1] (0.00ns)   --->   "%x_array_read = read i64 @_ssdm_op_Read.ap_auto.i64, i64 %x_array" [../src/msm.cpp:378]   --->   Operation 43 'read' 'x_array_read' <Predicate = true> <Delay = 0.00>
ST_1 : Operation 44 [1/1] (1.01ns)   --->   "%icmp_ln399 = icmp_sgt  i32 %degree_read, i32 0" [../src/msm.cpp:399]   --->   Operation 44 'icmp' 'icmp_ln399' <Predicate = true> <Delay = 1.01> <CoreInst = "Cmp">   --->   Core 9 'Cmp' <Latency = 0> <II = 1> <Delay = 1.01> <FuncUnit> <Opcode : 'seteq' 'setne' 'setle' 'setge' 'setlt' 'setgt'> <InPorts = 2> <OutPorts = 1>
ST_1 : Operation 45 [1/1] (0.00ns)   --->   "%trunc_ln399 = trunc i32 %degree_read" [../src/msm.cpp:399]   --->   Operation 45 'trunc' 'trunc_ln399' <Predicate = true> <Delay = 0.00>
ST_1 : Operation 46 [1/1] (0.41ns)   --->   "%empty = select i1 %icmp_ln399, i31 %trunc_ln399, i31 0" [../src/msm.cpp:399]   --->   Operation 46 'select' 'empty' <Predicate = true> <Delay = 0.41> <CoreInst = "Sel">   --->   Core 73 'Sel' <Latency = 0> <II = 1> <Delay = 0.41> <FuncUnit> <Opcode : 'select'> <InPorts = 3> <OutPorts = 1>
ST_1 : Operation 47 [1/1] (0.00ns)   --->   "%zext_ln399 = zext i31 %empty" [../src/msm.cpp:399]   --->   Operation 47 'zext' 'zext_ln399' <Predicate = true> <Delay = 0.00>
ST_1 : Operation 48 [1/1] (0.00ns)   --->   "%scalar_array_read = read i256 @_ssdm_op_Read.ap_auto.i256P0A, i256 %scalar_array"   --->   Operation 48 'read' 'scalar_array_read' <Predicate = true> <Delay = 0.00>
ST_1 : Operation 49 [1/1] (0.42ns)   --->   "%store_ln0 = store i31 0, i31 %i"   --->   Operation 49 'store' 'store_ln0' <Predicate = true> <Delay = 0.42>
ST_1 : Operation 50 [1/1] (0.42ns)   --->   "%br_ln399 = br void %for.inc.i" [../src/msm.cpp:399]   --->   Operation 50 'br' 'br_ln399' <Predicate = true> <Delay = 0.42>
ST_1 : Operation 51 [1/1] (0.00ns)   --->   "%first_iter_0 = phi i1 0, void %for.inc.split.i, i1 1, void %entry"   --->   Operation 51 'phi' 'first_iter_0' <Predicate = true> <Delay = 0.00>
ST_1 : Operation 52 [1/1] (0.00ns)   --->   "%i_load = load i31 %i" [../src/msm.cpp:399]   --->   Operation 52 'load' 'i_load' <Predicate = true> <Delay = 0.00>
ST_1 : Operation 53 [1/1] (0.00ns)   --->   "%zext_ln378 = zext i31 %i_load" [../src/msm.cpp:378]   --->   Operation 53 'zext' 'zext_ln378' <Predicate = true> <Delay = 0.00>
ST_1 : Operation 54 [1/1] (1.01ns)   --->   "%icmp_ln399_1 = icmp_slt  i32 %zext_ln378, i32 %degree_read" [../src/msm.cpp:399]   --->   Operation 54 'icmp' 'icmp_ln399_1' <Predicate = true> <Delay = 1.01> <CoreInst = "Cmp">   --->   Core 9 'Cmp' <Latency = 0> <II = 1> <Delay = 1.01> <FuncUnit> <Opcode : 'seteq' 'setne' 'setle' 'setge' 'setlt' 'setgt'> <InPorts = 2> <OutPorts = 1>
ST_1 : Operation 55 [1/1] (0.00ns)   --->   "%br_ln399 = br i1 %icmp_ln399_1, void %data_loader.exit, void %new.body.for.inc.i" [../src/msm.cpp:399]   --->   Operation 55 'br' 'br_ln399' <Predicate = true> <Delay = 0.00>
ST_1 : Operation 56 [1/1] (0.00ns)   --->   "%br_ln399 = br i1 %first_iter_0, void %for.inc.split.i, void %for.first.iter.for.inc.i" [../src/msm.cpp:399]   --->   Operation 56 'br' 'br_ln399' <Predicate = (icmp_ln399_1)> <Delay = 0.00>
ST_1 : Operation 57 [1/1] (1.00ns)   --->   "%add_ln399 = add i31 %i_load, i31 1" [../src/msm.cpp:399]   --->   Operation 57 'add' 'add_ln399' <Predicate = (icmp_ln399_1)> <Delay = 1.00> <CoreInst = "Adder">   --->   Core 1 'Adder' <Latency = 0> <II = 1> <Delay = 1.00> <FuncUnit> <Opcode : 'add' 'sub'> <InPorts = 2> <OutPorts = 1>
ST_1 : Operation 58 [1/1] (0.42ns)   --->   "%store_ln399 = store i31 %add_ln399, i31 %i" [../src/msm.cpp:399]   --->   Operation 58 'store' 'store_ln399' <Predicate = (icmp_ln399_1)> <Delay = 0.42>
ST_1 : Operation 59 [1/1] (0.00ns)   --->   "%br_ln399 = br void %for.inc.i" [../src/msm.cpp:399]   --->   Operation 59 'br' 'br_ln399' <Predicate = (icmp_ln399_1)> <Delay = 0.00>

State 2 <SV = 1> <Delay = 2.92>
ST_2 : Operation 60 [1/1] (0.00ns)   --->   "%trunc_ln399_1 = partselect i59 @_ssdm_op_PartSelect.i59.i64.i32.i32, i64 %x_array_read, i32 5, i32 63" [../src/msm.cpp:399]   --->   Operation 60 'partselect' 'trunc_ln399_1' <Predicate = true> <Delay = 0.00>
ST_2 : Operation 61 [1/1] (0.00ns)   --->   "%sext_ln399 = sext i59 %trunc_ln399_1" [../src/msm.cpp:399]   --->   Operation 61 'sext' 'sext_ln399' <Predicate = true> <Delay = 0.00>
ST_2 : Operation 62 [1/1] (0.00ns)   --->   "%gmem0_addr = getelementptr i256 %gmem0, i64 %sext_ln399" [../src/msm.cpp:399]   --->   Operation 62 'getelementptr' 'gmem0_addr' <Predicate = true> <Delay = 0.00>
ST_2 : Operation 63 [1/1] (0.00ns)   --->   "%trunc_ln399_2 = partselect i59 @_ssdm_op_PartSelect.i59.i64.i32.i32, i64 %y_array_read, i32 5, i32 63" [../src/msm.cpp:399]   --->   Operation 63 'partselect' 'trunc_ln399_2' <Predicate = true> <Delay = 0.00>
ST_2 : Operation 64 [1/1] (0.00ns)   --->   "%sext_ln399_1 = sext i59 %trunc_ln399_2" [../src/msm.cpp:399]   --->   Operation 64 'sext' 'sext_ln399_1' <Predicate = true> <Delay = 0.00>
ST_2 : Operation 65 [1/1] (0.00ns)   --->   "%gmem1_addr = getelementptr i256 %gmem1, i64 %sext_ln399_1" [../src/msm.cpp:399]   --->   Operation 65 'getelementptr' 'gmem1_addr' <Predicate = true> <Delay = 0.00>
ST_2 : Operation 66 [1/1] (0.00ns)   --->   "%trunc_ln399_3 = partselect i59 @_ssdm_op_PartSelect.i59.i64.i32.i32, i64 %z_array_read, i32 5, i32 63" [../src/msm.cpp:399]   --->   Operation 66 'partselect' 'trunc_ln399_3' <Predicate = true> <Delay = 0.00>
ST_2 : Operation 67 [1/1] (0.00ns)   --->   "%sext_ln399_2 = sext i59 %trunc_ln399_3" [../src/msm.cpp:399]   --->   Operation 67 'sext' 'sext_ln399_2' <Predicate = true> <Delay = 0.00>
ST_2 : Operation 68 [1/1] (0.00ns)   --->   "%gmem2_addr = getelementptr i256 %gmem2, i64 %sext_ln399_2" [../src/msm.cpp:399]   --->   Operation 68 'getelementptr' 'gmem2_addr' <Predicate = true> <Delay = 0.00>
ST_2 : Operation 69 [1/1] (0.00ns)   --->   "%trunc_ln399_4 = partselect i59 @_ssdm_op_PartSelect.i59.i64.i32.i32, i64 %t_array_read, i32 5, i32 63" [../src/msm.cpp:399]   --->   Operation 69 'partselect' 'trunc_ln399_4' <Predicate = true> <Delay = 0.00>
ST_2 : Operation 70 [1/1] (0.00ns)   --->   "%sext_ln399_3 = sext i59 %trunc_ln399_4" [../src/msm.cpp:399]   --->   Operation 70 'sext' 'sext_ln399_3' <Predicate = true> <Delay = 0.00>
ST_2 : Operation 71 [1/1] (0.00ns)   --->   "%gmem3_addr = getelementptr i256 %gmem3, i64 %sext_ln399_3" [../src/msm.cpp:399]   --->   Operation 71 'getelementptr' 'gmem3_addr' <Predicate = true> <Delay = 0.00>
ST_2 : Operation 72 [8/8] (2.92ns)   --->   "%empty_50 = readreq i1 @_ssdm_op_ReadReq.m_axi.p1i256, i64 %gmem0_addr, i64 %zext_ln399" [../src/msm.cpp:399]   --->   Operation 72 'readreq' 'empty_50' <Predicate = (first_iter_0)> <Delay = 2.92> <CoreInst = "m_axi">   --->   Core 119 'm_axi' <Latency = 6> <II = 1> <Delay = 1.00> <Adapter> <Opcode : 'read' 'write' 'readreq' 'writereq' 'writeresp'>
ST_2 : Operation 73 [8/8] (2.92ns)   --->   "%empty_51 = readreq i1 @_ssdm_op_ReadReq.m_axi.p1i256, i64 %gmem1_addr, i64 %zext_ln399" [../src/msm.cpp:399]   --->   Operation 73 'readreq' 'empty_51' <Predicate = (first_iter_0)> <Delay = 2.92> <CoreInst = "m_axi">   --->   Core 119 'm_axi' <Latency = 6> <II = 1> <Delay = 1.00> <Adapter> <Opcode : 'read' 'write' 'readreq' 'writereq' 'writeresp'>
ST_2 : Operation 74 [8/8] (2.92ns)   --->   "%empty_52 = readreq i1 @_ssdm_op_ReadReq.m_axi.p1i256, i64 %gmem2_addr, i64 %zext_ln399" [../src/msm.cpp:399]   --->   Operation 74 'readreq' 'empty_52' <Predicate = (first_iter_0)> <Delay = 2.92> <CoreInst = "m_axi">   --->   Core 119 'm_axi' <Latency = 6> <II = 1> <Delay = 1.00> <Adapter> <Opcode : 'read' 'write' 'readreq' 'writereq' 'writeresp'>
ST_2 : Operation 75 [8/8] (2.92ns)   --->   "%empty_53 = readreq i1 @_ssdm_op_ReadReq.m_axi.p1i256, i64 %gmem3_addr, i64 %zext_ln399" [../src/msm.cpp:399]   --->   Operation 75 'readreq' 'empty_53' <Predicate = (first_iter_0)> <Delay = 2.92> <CoreInst = "m_axi">   --->   Core 119 'm_axi' <Latency = 6> <II = 1> <Delay = 1.00> <Adapter> <Opcode : 'read' 'write' 'readreq' 'writereq' 'writeresp'>

State 3 <SV = 2> <Delay = 2.92>
ST_3 : Operation 76 [7/8] (2.92ns)   --->   "%empty_50 = readreq i1 @_ssdm_op_ReadReq.m_axi.p1i256, i64 %gmem0_addr, i64 %zext_ln399" [../src/msm.cpp:399]   --->   Operation 76 'readreq' 'empty_50' <Predicate = (first_iter_0)> <Delay = 2.92> <CoreInst = "m_axi">   --->   Core 119 'm_axi' <Latency = 6> <II = 1> <Delay = 1.00> <Adapter> <Opcode : 'read' 'write' 'readreq' 'writereq' 'writeresp'>
ST_3 : Operation 77 [7/8] (2.92ns)   --->   "%empty_51 = readreq i1 @_ssdm_op_ReadReq.m_axi.p1i256, i64 %gmem1_addr, i64 %zext_ln399" [../src/msm.cpp:399]   --->   Operation 77 'readreq' 'empty_51' <Predicate = (first_iter_0)> <Delay = 2.92> <CoreInst = "m_axi">   --->   Core 119 'm_axi' <Latency = 6> <II = 1> <Delay = 1.00> <Adapter> <Opcode : 'read' 'write' 'readreq' 'writereq' 'writeresp'>
ST_3 : Operation 78 [7/8] (2.92ns)   --->   "%empty_52 = readreq i1 @_ssdm_op_ReadReq.m_axi.p1i256, i64 %gmem2_addr, i64 %zext_ln399" [../src/msm.cpp:399]   --->   Operation 78 'readreq' 'empty_52' <Predicate = (first_iter_0)> <Delay = 2.92> <CoreInst = "m_axi">   --->   Core 119 'm_axi' <Latency = 6> <II = 1> <Delay = 1.00> <Adapter> <Opcode : 'read' 'write' 'readreq' 'writereq' 'writeresp'>
ST_3 : Operation 79 [7/8] (2.92ns)   --->   "%empty_53 = readreq i1 @_ssdm_op_ReadReq.m_axi.p1i256, i64 %gmem3_addr, i64 %zext_ln399" [../src/msm.cpp:399]   --->   Operation 79 'readreq' 'empty_53' <Predicate = (first_iter_0)> <Delay = 2.92> <CoreInst = "m_axi">   --->   Core 119 'm_axi' <Latency = 6> <II = 1> <Delay = 1.00> <Adapter> <Opcode : 'read' 'write' 'readreq' 'writereq' 'writeresp'>

State 4 <SV = 3> <Delay = 2.92>
ST_4 : Operation 80 [6/8] (2.92ns)   --->   "%empty_50 = readreq i1 @_ssdm_op_ReadReq.m_axi.p1i256, i64 %gmem0_addr, i64 %zext_ln399" [../src/msm.cpp:399]   --->   Operation 80 'readreq' 'empty_50' <Predicate = (first_iter_0)> <Delay = 2.92> <CoreInst = "m_axi">   --->   Core 119 'm_axi' <Latency = 6> <II = 1> <Delay = 1.00> <Adapter> <Opcode : 'read' 'write' 'readreq' 'writereq' 'writeresp'>
ST_4 : Operation 81 [6/8] (2.92ns)   --->   "%empty_51 = readreq i1 @_ssdm_op_ReadReq.m_axi.p1i256, i64 %gmem1_addr, i64 %zext_ln399" [../src/msm.cpp:399]   --->   Operation 81 'readreq' 'empty_51' <Predicate = (first_iter_0)> <Delay = 2.92> <CoreInst = "m_axi">   --->   Core 119 'm_axi' <Latency = 6> <II = 1> <Delay = 1.00> <Adapter> <Opcode : 'read' 'write' 'readreq' 'writereq' 'writeresp'>
ST_4 : Operation 82 [6/8] (2.92ns)   --->   "%empty_52 = readreq i1 @_ssdm_op_ReadReq.m_axi.p1i256, i64 %gmem2_addr, i64 %zext_ln399" [../src/msm.cpp:399]   --->   Operation 82 'readreq' 'empty_52' <Predicate = (first_iter_0)> <Delay = 2.92> <CoreInst = "m_axi">   --->   Core 119 'm_axi' <Latency = 6> <II = 1> <Delay = 1.00> <Adapter> <Opcode : 'read' 'write' 'readreq' 'writereq' 'writeresp'>
ST_4 : Operation 83 [6/8] (2.92ns)   --->   "%empty_53 = readreq i1 @_ssdm_op_ReadReq.m_axi.p1i256, i64 %gmem3_addr, i64 %zext_ln399" [../src/msm.cpp:399]   --->   Operation 83 'readreq' 'empty_53' <Predicate = (first_iter_0)> <Delay = 2.92> <CoreInst = "m_axi">   --->   Core 119 'm_axi' <Latency = 6> <II = 1> <Delay = 1.00> <Adapter> <Opcode : 'read' 'write' 'readreq' 'writereq' 'writeresp'>

State 5 <SV = 4> <Delay = 2.92>
ST_5 : Operation 84 [5/8] (2.92ns)   --->   "%empty_50 = readreq i1 @_ssdm_op_ReadReq.m_axi.p1i256, i64 %gmem0_addr, i64 %zext_ln399" [../src/msm.cpp:399]   --->   Operation 84 'readreq' 'empty_50' <Predicate = (first_iter_0)> <Delay = 2.92> <CoreInst = "m_axi">   --->   Core 119 'm_axi' <Latency = 6> <II = 1> <Delay = 1.00> <Adapter> <Opcode : 'read' 'write' 'readreq' 'writereq' 'writeresp'>
ST_5 : Operation 85 [5/8] (2.92ns)   --->   "%empty_51 = readreq i1 @_ssdm_op_ReadReq.m_axi.p1i256, i64 %gmem1_addr, i64 %zext_ln399" [../src/msm.cpp:399]   --->   Operation 85 'readreq' 'empty_51' <Predicate = (first_iter_0)> <Delay = 2.92> <CoreInst = "m_axi">   --->   Core 119 'm_axi' <Latency = 6> <II = 1> <Delay = 1.00> <Adapter> <Opcode : 'read' 'write' 'readreq' 'writereq' 'writeresp'>
ST_5 : Operation 86 [5/8] (2.92ns)   --->   "%empty_52 = readreq i1 @_ssdm_op_ReadReq.m_axi.p1i256, i64 %gmem2_addr, i64 %zext_ln399" [../src/msm.cpp:399]   --->   Operation 86 'readreq' 'empty_52' <Predicate = (first_iter_0)> <Delay = 2.92> <CoreInst = "m_axi">   --->   Core 119 'm_axi' <Latency = 6> <II = 1> <Delay = 1.00> <Adapter> <Opcode : 'read' 'write' 'readreq' 'writereq' 'writeresp'>
ST_5 : Operation 87 [5/8] (2.92ns)   --->   "%empty_53 = readreq i1 @_ssdm_op_ReadReq.m_axi.p1i256, i64 %gmem3_addr, i64 %zext_ln399" [../src/msm.cpp:399]   --->   Operation 87 'readreq' 'empty_53' <Predicate = (first_iter_0)> <Delay = 2.92> <CoreInst = "m_axi">   --->   Core 119 'm_axi' <Latency = 6> <II = 1> <Delay = 1.00> <Adapter> <Opcode : 'read' 'write' 'readreq' 'writereq' 'writeresp'>

State 6 <SV = 5> <Delay = 2.92>
ST_6 : Operation 88 [4/8] (2.92ns)   --->   "%empty_50 = readreq i1 @_ssdm_op_ReadReq.m_axi.p1i256, i64 %gmem0_addr, i64 %zext_ln399" [../src/msm.cpp:399]   --->   Operation 88 'readreq' 'empty_50' <Predicate = (first_iter_0)> <Delay = 2.92> <CoreInst = "m_axi">   --->   Core 119 'm_axi' <Latency = 6> <II = 1> <Delay = 1.00> <Adapter> <Opcode : 'read' 'write' 'readreq' 'writereq' 'writeresp'>
ST_6 : Operation 89 [4/8] (2.92ns)   --->   "%empty_51 = readreq i1 @_ssdm_op_ReadReq.m_axi.p1i256, i64 %gmem1_addr, i64 %zext_ln399" [../src/msm.cpp:399]   --->   Operation 89 'readreq' 'empty_51' <Predicate = (first_iter_0)> <Delay = 2.92> <CoreInst = "m_axi">   --->   Core 119 'm_axi' <Latency = 6> <II = 1> <Delay = 1.00> <Adapter> <Opcode : 'read' 'write' 'readreq' 'writereq' 'writeresp'>
ST_6 : Operation 90 [4/8] (2.92ns)   --->   "%empty_52 = readreq i1 @_ssdm_op_ReadReq.m_axi.p1i256, i64 %gmem2_addr, i64 %zext_ln399" [../src/msm.cpp:399]   --->   Operation 90 'readreq' 'empty_52' <Predicate = (first_iter_0)> <Delay = 2.92> <CoreInst = "m_axi">   --->   Core 119 'm_axi' <Latency = 6> <II = 1> <Delay = 1.00> <Adapter> <Opcode : 'read' 'write' 'readreq' 'writereq' 'writeresp'>
ST_6 : Operation 91 [4/8] (2.92ns)   --->   "%empty_53 = readreq i1 @_ssdm_op_ReadReq.m_axi.p1i256, i64 %gmem3_addr, i64 %zext_ln399" [../src/msm.cpp:399]   --->   Operation 91 'readreq' 'empty_53' <Predicate = (first_iter_0)> <Delay = 2.92> <CoreInst = "m_axi">   --->   Core 119 'm_axi' <Latency = 6> <II = 1> <Delay = 1.00> <Adapter> <Opcode : 'read' 'write' 'readreq' 'writereq' 'writeresp'>

State 7 <SV = 6> <Delay = 2.92>
ST_7 : Operation 92 [3/8] (2.92ns)   --->   "%empty_50 = readreq i1 @_ssdm_op_ReadReq.m_axi.p1i256, i64 %gmem0_addr, i64 %zext_ln399" [../src/msm.cpp:399]   --->   Operation 92 'readreq' 'empty_50' <Predicate = (first_iter_0)> <Delay = 2.92> <CoreInst = "m_axi">   --->   Core 119 'm_axi' <Latency = 6> <II = 1> <Delay = 1.00> <Adapter> <Opcode : 'read' 'write' 'readreq' 'writereq' 'writeresp'>
ST_7 : Operation 93 [3/8] (2.92ns)   --->   "%empty_51 = readreq i1 @_ssdm_op_ReadReq.m_axi.p1i256, i64 %gmem1_addr, i64 %zext_ln399" [../src/msm.cpp:399]   --->   Operation 93 'readreq' 'empty_51' <Predicate = (first_iter_0)> <Delay = 2.92> <CoreInst = "m_axi">   --->   Core 119 'm_axi' <Latency = 6> <II = 1> <Delay = 1.00> <Adapter> <Opcode : 'read' 'write' 'readreq' 'writereq' 'writeresp'>
ST_7 : Operation 94 [3/8] (2.92ns)   --->   "%empty_52 = readreq i1 @_ssdm_op_ReadReq.m_axi.p1i256, i64 %gmem2_addr, i64 %zext_ln399" [../src/msm.cpp:399]   --->   Operation 94 'readreq' 'empty_52' <Predicate = (first_iter_0)> <Delay = 2.92> <CoreInst = "m_axi">   --->   Core 119 'm_axi' <Latency = 6> <II = 1> <Delay = 1.00> <Adapter> <Opcode : 'read' 'write' 'readreq' 'writereq' 'writeresp'>
ST_7 : Operation 95 [3/8] (2.92ns)   --->   "%empty_53 = readreq i1 @_ssdm_op_ReadReq.m_axi.p1i256, i64 %gmem3_addr, i64 %zext_ln399" [../src/msm.cpp:399]   --->   Operation 95 'readreq' 'empty_53' <Predicate = (first_iter_0)> <Delay = 2.92> <CoreInst = "m_axi">   --->   Core 119 'm_axi' <Latency = 6> <II = 1> <Delay = 1.00> <Adapter> <Opcode : 'read' 'write' 'readreq' 'writereq' 'writeresp'>

State 8 <SV = 7> <Delay = 2.92>
ST_8 : Operation 96 [2/8] (2.92ns)   --->   "%empty_50 = readreq i1 @_ssdm_op_ReadReq.m_axi.p1i256, i64 %gmem0_addr, i64 %zext_ln399" [../src/msm.cpp:399]   --->   Operation 96 'readreq' 'empty_50' <Predicate = (first_iter_0)> <Delay = 2.92> <CoreInst = "m_axi">   --->   Core 119 'm_axi' <Latency = 6> <II = 1> <Delay = 1.00> <Adapter> <Opcode : 'read' 'write' 'readreq' 'writereq' 'writeresp'>
ST_8 : Operation 97 [2/8] (2.92ns)   --->   "%empty_51 = readreq i1 @_ssdm_op_ReadReq.m_axi.p1i256, i64 %gmem1_addr, i64 %zext_ln399" [../src/msm.cpp:399]   --->   Operation 97 'readreq' 'empty_51' <Predicate = (first_iter_0)> <Delay = 2.92> <CoreInst = "m_axi">   --->   Core 119 'm_axi' <Latency = 6> <II = 1> <Delay = 1.00> <Adapter> <Opcode : 'read' 'write' 'readreq' 'writereq' 'writeresp'>
ST_8 : Operation 98 [2/8] (2.92ns)   --->   "%empty_52 = readreq i1 @_ssdm_op_ReadReq.m_axi.p1i256, i64 %gmem2_addr, i64 %zext_ln399" [../src/msm.cpp:399]   --->   Operation 98 'readreq' 'empty_52' <Predicate = (first_iter_0)> <Delay = 2.92> <CoreInst = "m_axi">   --->   Core 119 'm_axi' <Latency = 6> <II = 1> <Delay = 1.00> <Adapter> <Opcode : 'read' 'write' 'readreq' 'writereq' 'writeresp'>
ST_8 : Operation 99 [2/8] (2.92ns)   --->   "%empty_53 = readreq i1 @_ssdm_op_ReadReq.m_axi.p1i256, i64 %gmem3_addr, i64 %zext_ln399" [../src/msm.cpp:399]   --->   Operation 99 'readreq' 'empty_53' <Predicate = (first_iter_0)> <Delay = 2.92> <CoreInst = "m_axi">   --->   Core 119 'm_axi' <Latency = 6> <II = 1> <Delay = 1.00> <Adapter> <Opcode : 'read' 'write' 'readreq' 'writereq' 'writeresp'>

State 9 <SV = 8> <Delay = 2.92>
ST_9 : Operation 100 [1/8] (2.92ns)   --->   "%empty_50 = readreq i1 @_ssdm_op_ReadReq.m_axi.p1i256, i64 %gmem0_addr, i64 %zext_ln399" [../src/msm.cpp:399]   --->   Operation 100 'readreq' 'empty_50' <Predicate = (first_iter_0)> <Delay = 2.92> <CoreInst = "m_axi">   --->   Core 119 'm_axi' <Latency = 6> <II = 1> <Delay = 1.00> <Adapter> <Opcode : 'read' 'write' 'readreq' 'writereq' 'writeresp'>
ST_9 : Operation 101 [1/8] (2.92ns)   --->   "%empty_51 = readreq i1 @_ssdm_op_ReadReq.m_axi.p1i256, i64 %gmem1_addr, i64 %zext_ln399" [../src/msm.cpp:399]   --->   Operation 101 'readreq' 'empty_51' <Predicate = (first_iter_0)> <Delay = 2.92> <CoreInst = "m_axi">   --->   Core 119 'm_axi' <Latency = 6> <II = 1> <Delay = 1.00> <Adapter> <Opcode : 'read' 'write' 'readreq' 'writereq' 'writeresp'>
ST_9 : Operation 102 [1/8] (2.92ns)   --->   "%empty_52 = readreq i1 @_ssdm_op_ReadReq.m_axi.p1i256, i64 %gmem2_addr, i64 %zext_ln399" [../src/msm.cpp:399]   --->   Operation 102 'readreq' 'empty_52' <Predicate = (first_iter_0)> <Delay = 2.92> <CoreInst = "m_axi">   --->   Core 119 'm_axi' <Latency = 6> <II = 1> <Delay = 1.00> <Adapter> <Opcode : 'read' 'write' 'readreq' 'writereq' 'writeresp'>
ST_9 : Operation 103 [1/8] (2.92ns)   --->   "%empty_53 = readreq i1 @_ssdm_op_ReadReq.m_axi.p1i256, i64 %gmem3_addr, i64 %zext_ln399" [../src/msm.cpp:399]   --->   Operation 103 'readreq' 'empty_53' <Predicate = (first_iter_0)> <Delay = 2.92> <CoreInst = "m_axi">   --->   Core 119 'm_axi' <Latency = 6> <II = 1> <Delay = 1.00> <Adapter> <Opcode : 'read' 'write' 'readreq' 'writereq' 'writeresp'>
ST_9 : Operation 104 [1/1] (0.00ns)   --->   "%br_ln399 = br void %for.inc.split.i" [../src/msm.cpp:399]   --->   Operation 104 'br' 'br_ln399' <Predicate = (first_iter_0)> <Delay = 0.00>

State 10 <SV = 9> <Delay = 2.92>
ST_10 : Operation 105 [1/1] (2.92ns)   --->   "%gmem0_addr_read = read i256 @_ssdm_op_Read.m_axi.p1i256, i64 %gmem0_addr" [../src/msm.cpp:402]   --->   Operation 105 'read' 'gmem0_addr_read' <Predicate = (icmp_ln399_1)> <Delay = 2.92> <CoreInst = "m_axi">   --->   Core 119 'm_axi' <Latency = 3> <II = 1> <Delay = 1.00> <Adapter> <Opcode : 'read' 'write' 'readreq' 'writereq' 'writeresp'>
ST_10 : Operation 106 [1/1] (2.92ns)   --->   "%gmem1_addr_read = read i256 @_ssdm_op_Read.m_axi.p1i256, i64 %gmem1_addr" [../src/msm.cpp:403]   --->   Operation 106 'read' 'gmem1_addr_read' <Predicate = (icmp_ln399_1)> <Delay = 2.92> <CoreInst = "m_axi">   --->   Core 119 'm_axi' <Latency = 3> <II = 1> <Delay = 1.00> <Adapter> <Opcode : 'read' 'write' 'readreq' 'writereq' 'writeresp'>
ST_10 : Operation 107 [1/1] (2.92ns)   --->   "%gmem2_addr_read = read i256 @_ssdm_op_Read.m_axi.p1i256, i64 %gmem2_addr" [../src/msm.cpp:404]   --->   Operation 107 'read' 'gmem2_addr_read' <Predicate = (icmp_ln399_1)> <Delay = 2.92> <CoreInst = "m_axi">   --->   Core 119 'm_axi' <Latency = 3> <II = 1> <Delay = 1.00> <Adapter> <Opcode : 'read' 'write' 'readreq' 'writereq' 'writeresp'>
ST_10 : Operation 108 [1/1] (2.92ns)   --->   "%gmem3_addr_read = read i256 @_ssdm_op_Read.m_axi.p1i256, i64 %gmem3_addr" [../src/msm.cpp:405]   --->   Operation 108 'read' 'gmem3_addr_read' <Predicate = (icmp_ln399_1)> <Delay = 2.92> <CoreInst = "m_axi">   --->   Core 119 'm_axi' <Latency = 3> <II = 1> <Delay = 1.00> <Adapter> <Opcode : 'read' 'write' 'readreq' 'writereq' 'writeresp'>
ST_10 : Operation 116 [1/1] (0.42ns)   --->   "%ret_ln0 = ret"   --->   Operation 116 'ret' 'ret_ln0' <Predicate = (!icmp_ln399_1)> <Delay = 0.42>

State 11 <SV = 10> <Delay = 1.46>
ST_11 : Operation 109 [1/1] (0.00ns)   --->   "%specpipeline_ln401 = specpipeline void @_ssdm_op_SpecPipeline, i32 1, i32 0, i32 0, i32 0, void @empty_15" [../src/msm.cpp:401]   --->   Operation 109 'specpipeline' 'specpipeline_ln401' <Predicate = (icmp_ln399_1)> <Delay = 0.00>
ST_11 : Operation 110 [1/1] (0.00ns)   --->   "%specloopname_ln399 = specloopname void @_ssdm_op_SpecLoopName, void @empty_5" [../src/msm.cpp:399]   --->   Operation 110 'specloopname' 'specloopname_ln399' <Predicate = (icmp_ln399_1)> <Delay = 0.00>
ST_11 : Operation 111 [1/1] ( I:1.46ns O:1.46ns )   --->   "%write_ln402 = write void @_ssdm_op_Write.ap_fifo.volatile.i256P0A, i256 %x_point_stream, i256 %gmem0_addr_read" [../src/msm.cpp:402]   --->   Operation 111 'write' 'write_ln402' <Predicate = (icmp_ln399_1)> <Delay = 1.46> <CoreInst = "FIFO">   --->   Core 77 'FIFO' <Latency = 0> <II = 1> <Delay = 1.55> <Storage> <Opcode : 'read' 'write' 'nbread' 'nbwrite'> <Ports = 0> <Width = 256> <Depth = 64> <FIFO>
ST_11 : Operation 112 [1/1] ( I:1.46ns O:1.46ns )   --->   "%write_ln403 = write void @_ssdm_op_Write.ap_fifo.volatile.i256P0A, i256 %y_point_stream, i256 %gmem1_addr_read" [../src/msm.cpp:403]   --->   Operation 112 'write' 'write_ln403' <Predicate = (icmp_ln399_1)> <Delay = 1.46> <CoreInst = "FIFO">   --->   Core 77 'FIFO' <Latency = 0> <II = 1> <Delay = 1.55> <Storage> <Opcode : 'read' 'write' 'nbread' 'nbwrite'> <Ports = 0> <Width = 256> <Depth = 64> <FIFO>
ST_11 : Operation 113 [1/1] ( I:1.46ns O:1.46ns )   --->   "%write_ln404 = write void @_ssdm_op_Write.ap_fifo.volatile.i256P0A, i256 %z_point_stream, i256 %gmem2_addr_read" [../src/msm.cpp:404]   --->   Operation 113 'write' 'write_ln404' <Predicate = (icmp_ln399_1)> <Delay = 1.46> <CoreInst = "FIFO">   --->   Core 77 'FIFO' <Latency = 0> <II = 1> <Delay = 1.55> <Storage> <Opcode : 'read' 'write' 'nbread' 'nbwrite'> <Ports = 0> <Width = 256> <Depth = 64> <FIFO>
ST_11 : Operation 114 [1/1] ( I:1.46ns O:1.46ns )   --->   "%write_ln405 = write void @_ssdm_op_Write.ap_fifo.volatile.i256P0A, i256 %t_point_stream, i256 %gmem3_addr_read" [../src/msm.cpp:405]   --->   Operation 114 'write' 'write_ln405' <Predicate = (icmp_ln399_1)> <Delay = 1.46> <CoreInst = "FIFO_SRL">   --->   Core 80 'FIFO_SRL' <Latency = 0> <II = 1> <Delay = 1.83> <Storage> <Opcode : 'read' 'write' 'nbread' 'nbwrite'> <Ports = 0> <Width = 256> <Depth = 2> <FIFO>
ST_11 : Operation 115 [1/1] ( I:1.46ns O:1.46ns )   --->   "%write_ln406 = write void @_ssdm_op_Write.ap_fifo.volatile.i256P0A, i256 %scalar_point_stream, i256 %scalar_array_read" [../src/msm.cpp:406]   --->   Operation 115 'write' 'write_ln406' <Predicate = (icmp_ln399_1)> <Delay = 1.46> <CoreInst = "FIFO">   --->   Core 77 'FIFO' <Latency = 0> <II = 1> <Delay = 1.55> <Storage> <Opcode : 'read' 'write' 'nbread' 'nbwrite'> <Ports = 0> <Width = 256> <Depth = 64> <FIFO>


============================================================
+ Verbose Summary: Binding
============================================================
STG Binding: 
---------------- STG Properties BEGIN ----------------
- Is combinational: 0
- Is one-state seq: 0
- Is datapath-only: 0
- Is pipelined: 0
- Is top level: 0
Port [ Return ] is wired: 1; IO mode=ap_ctrl_hs:ce=0
Port [ gmem0]:  wired=1; compound=1; hidden=0; nouse=0; global=0; static=0; extern=0; dir=0; type=4; pingpong=0; private_global=0; IO mode=m_axi:ce=0
Port [ x_array]:  wired=1; compound=0; hidden=0; nouse=0; global=0; static=0; extern=0; dir=0; type=0; pingpong=0; private_global=0; IO mode=ap_none:ce=0
Port [ gmem1]:  wired=1; compound=1; hidden=0; nouse=0; global=0; static=0; extern=0; dir=0; type=4; pingpong=0; private_global=0; IO mode=m_axi:ce=0
Port [ y_array]:  wired=1; compound=0; hidden=0; nouse=0; global=0; static=0; extern=0; dir=0; type=0; pingpong=0; private_global=0; IO mode=ap_none:ce=0
Port [ gmem2]:  wired=1; compound=1; hidden=0; nouse=0; global=0; static=0; extern=0; dir=0; type=4; pingpong=0; private_global=0; IO mode=m_axi:ce=0
Port [ z_array]:  wired=1; compound=0; hidden=0; nouse=0; global=0; static=0; extern=0; dir=0; type=0; pingpong=0; private_global=0; IO mode=ap_none:ce=0
Port [ gmem3]:  wired=1; compound=1; hidden=0; nouse=0; global=0; static=0; extern=0; dir=0; type=4; pingpong=0; private_global=0; IO mode=m_axi:ce=0
Port [ t_array]:  wired=1; compound=0; hidden=0; nouse=0; global=0; static=0; extern=0; dir=0; type=0; pingpong=0; private_global=0; IO mode=ap_none:ce=0
Port [ scalar_array]:  wired=1; compound=0; hidden=0; nouse=0; global=0; static=0; extern=0; dir=0; type=0; pingpong=0; private_global=0; IO mode=ap_none:ce=0
Port [ degree]:  wired=1; compound=0; hidden=0; nouse=0; global=0; static=0; extern=0; dir=0; type=0; pingpong=0; private_global=0; IO mode=ap_none:ce=0
Port [ x_point_stream]:  wired=1; compound=1; hidden=0; nouse=0; global=1; static=1; extern=0; dir=1; type=3; pingpong=0; private_global=0; IO mode=ap_fifo:ce=0
Port [ y_point_stream]:  wired=1; compound=1; hidden=0; nouse=0; global=1; static=1; extern=0; dir=1; type=3; pingpong=0; private_global=0; IO mode=ap_fifo:ce=0
Port [ z_point_stream]:  wired=1; compound=1; hidden=0; nouse=0; global=1; static=1; extern=0; dir=1; type=3; pingpong=0; private_global=0; IO mode=ap_fifo:ce=0
Port [ t_point_stream]:  wired=1; compound=1; hidden=0; nouse=0; global=1; static=1; extern=0; dir=1; type=3; pingpong=0; private_global=0; IO mode=ap_fifo:ce=0
Port [ scalar_point_stream]:  wired=1; compound=1; hidden=0; nouse=0; global=1; static=1; extern=0; dir=1; type=3; pingpong=0; private_global=0; IO mode=ap_fifo:ce=0
---------------- STG Properties END ------------------

---------------- Datapath Model BEGIN ----------------

<LifeTime>
<method=bitvector/>
i                  (alloca       ) [ 010000000000]
specinterface_ln0  (specinterface) [ 000000000000]
specinterface_ln0  (specinterface) [ 000000000000]
specinterface_ln0  (specinterface) [ 000000000000]
specinterface_ln0  (specinterface) [ 000000000000]
specinterface_ln0  (specinterface) [ 000000000000]
specinterface_ln0  (specinterface) [ 000000000000]
specinterface_ln0  (specinterface) [ 000000000000]
specinterface_ln0  (specinterface) [ 000000000000]
specinterface_ln0  (specinterface) [ 000000000000]
specinterface_ln0  (specinterface) [ 000000000000]
specinterface_ln0  (specinterface) [ 000000000000]
specinterface_ln0  (specinterface) [ 000000000000]
specinterface_ln0  (specinterface) [ 000000000000]
specinterface_ln0  (specinterface) [ 000000000000]
specinterface_ln0  (specinterface) [ 000000000000]
specinterface_ln0  (specinterface) [ 000000000000]
specinterface_ln0  (specinterface) [ 000000000000]
specinterface_ln0  (specinterface) [ 000000000000]
specinterface_ln0  (specinterface) [ 000000000000]
specinterface_ln0  (specinterface) [ 000000000000]
specinterface_ln0  (specinterface) [ 000000000000]
specinterface_ln0  (specinterface) [ 000000000000]
specinterface_ln0  (specinterface) [ 000000000000]
specinterface_ln0  (specinterface) [ 000000000000]
degree_read        (read         ) [ 000000000000]
t_array_read       (read         ) [ 011000000000]
z_array_read       (read         ) [ 011000000000]
y_array_read       (read         ) [ 011000000000]
x_array_read       (read         ) [ 011000000000]
icmp_ln399         (icmp         ) [ 000000000000]
trunc_ln399        (trunc        ) [ 000000000000]
empty              (select       ) [ 000000000000]
zext_ln399         (zext         ) [ 011111111100]
scalar_array_read  (read         ) [ 011111111111]
store_ln0          (store        ) [ 000000000000]
br_ln399           (br           ) [ 000000000000]
first_iter_0       (phi          ) [ 011111111100]
i_load             (load         ) [ 000000000000]
zext_ln378         (zext         ) [ 000000000000]
icmp_ln399_1       (icmp         ) [ 011111111111]
br_ln399           (br           ) [ 000000000000]
br_ln399           (br           ) [ 000000000000]
add_ln399          (add          ) [ 000000000000]
store_ln399        (store        ) [ 000000000000]
br_ln399           (br           ) [ 010000000000]
trunc_ln399_1      (partselect   ) [ 000000000000]
sext_ln399         (sext         ) [ 000000000000]
gmem0_addr         (getelementptr) [ 010111111110]
trunc_ln399_2      (partselect   ) [ 000000000000]
sext_ln399_1       (sext         ) [ 000000000000]
gmem1_addr         (getelementptr) [ 010111111110]
trunc_ln399_3      (partselect   ) [ 000000000000]
sext_ln399_2       (sext         ) [ 000000000000]
gmem2_addr         (getelementptr) [ 010111111110]
trunc_ln399_4      (partselect   ) [ 000000000000]
sext_ln399_3       (sext         ) [ 000000000000]
gmem3_addr         (getelementptr) [ 010111111110]
empty_50           (readreq      ) [ 000000000000]
empty_51           (readreq      ) [ 000000000000]
empty_52           (readreq      ) [ 000000000000]
empty_53           (readreq      ) [ 000000000000]
br_ln399           (br           ) [ 000000000000]
gmem0_addr_read    (read         ) [ 010000000001]
gmem1_addr_read    (read         ) [ 010000000001]
gmem2_addr_read    (read         ) [ 010000000001]
gmem3_addr_read    (read         ) [ 010000000001]
specpipeline_ln401 (specpipeline ) [ 000000000000]
specloopname_ln399 (specloopname ) [ 000000000000]
write_ln402        (write        ) [ 000000000000]
write_ln403        (write        ) [ 000000000000]
write_ln404        (write        ) [ 000000000000]
write_ln405        (write        ) [ 000000000000]
write_ln406        (write        ) [ 000000000000]
ret_ln0            (ret          ) [ 000000000000]
</LifeTime>

<model>

<comp_list>
<comp id="0" class="1000" name="gmem0">
<pin_list>
<pin id="1" dir="1" index="0" bw="1" slack="0"/>
</pin_list>
<bind>
<StgValue><ssdm name="gmem0"/><MemPortTyVec>0 </MemPortTyVec>
</StgValue>
</bind>
</comp>

<comp id="2" class="1000" name="x_array">
<pin_list>
<pin id="3" dir="1" index="0" bw="1" slack="0"/>
</pin_list>
<bind>
<StgValue><ssdm name="x_array"/></StgValue>
</bind>
</comp>

<comp id="4" class="1000" name="gmem1">
<pin_list>
<pin id="5" dir="1" index="0" bw="1" slack="0"/>
</pin_list>
<bind>
<StgValue><ssdm name="gmem1"/><MemPortTyVec>0 </MemPortTyVec>
</StgValue>
</bind>
</comp>

<comp id="6" class="1000" name="y_array">
<pin_list>
<pin id="7" dir="1" index="0" bw="1" slack="0"/>
</pin_list>
<bind>
<StgValue><ssdm name="y_array"/></StgValue>
</bind>
</comp>

<comp id="8" class="1000" name="gmem2">
<pin_list>
<pin id="9" dir="1" index="0" bw="1" slack="0"/>
</pin_list>
<bind>
<StgValue><ssdm name="gmem2"/><MemPortTyVec>0 </MemPortTyVec>
</StgValue>
</bind>
</comp>

<comp id="10" class="1000" name="z_array">
<pin_list>
<pin id="11" dir="1" index="0" bw="1" slack="0"/>
</pin_list>
<bind>
<StgValue><ssdm name="z_array"/></StgValue>
</bind>
</comp>

<comp id="12" class="1000" name="gmem3">
<pin_list>
<pin id="13" dir="1" index="0" bw="1" slack="0"/>
</pin_list>
<bind>
<StgValue><ssdm name="gmem3"/><MemPortTyVec>0 </MemPortTyVec>
</StgValue>
</bind>
</comp>

<comp id="14" class="1000" name="t_array">
<pin_list>
<pin id="15" dir="1" index="0" bw="1" slack="0"/>
</pin_list>
<bind>
<StgValue><ssdm name="t_array"/></StgValue>
</bind>
</comp>

<comp id="16" class="1000" name="scalar_array">
<pin_list>
<pin id="17" dir="1" index="0" bw="1" slack="0"/>
</pin_list>
<bind>
<StgValue><ssdm name="scalar_array"/></StgValue>
</bind>
</comp>

<comp id="18" class="1000" name="degree">
<pin_list>
<pin id="19" dir="1" index="0" bw="1" slack="0"/>
</pin_list>
<bind>
<StgValue><ssdm name="degree"/></StgValue>
</bind>
</comp>

<comp id="20" class="1000" name="x_point_stream">
<pin_list>
<pin id="21" dir="1" index="0" bw="1" slack="0"/>
</pin_list>
<bind>
<StgValue><ssdm name="x_point_stream"/></StgValue>
</bind>
</comp>

<comp id="22" class="1000" name="y_point_stream">
<pin_list>
<pin id="23" dir="1" index="0" bw="1" slack="0"/>
</pin_list>
<bind>
<StgValue><ssdm name="y_point_stream"/></StgValue>
</bind>
</comp>

<comp id="24" class="1000" name="z_point_stream">
<pin_list>
<pin id="25" dir="1" index="0" bw="1" slack="0"/>
</pin_list>
<bind>
<StgValue><ssdm name="z_point_stream"/></StgValue>
</bind>
</comp>

<comp id="26" class="1000" name="t_point_stream">
<pin_list>
<pin id="27" dir="1" index="0" bw="1" slack="0"/>
</pin_list>
<bind>
<StgValue><ssdm name="t_point_stream"/></StgValue>
</bind>
</comp>

<comp id="28" class="1000" name="scalar_point_stream">
<pin_list>
<pin id="29" dir="1" index="0" bw="1" slack="0"/>
</pin_list>
<bind>
<StgValue><ssdm name="scalar_point_stream"/></StgValue>
</bind>
</comp>

<comp id="30" class="1001" name="const_30">
<pin_list>
<pin id="31" dir="1" index="0" bw="1" slack="0"/>
</pin_list>
<bind>
<StgValue><ssdm name=""/></StgValue>
</bind>
</comp>

<comp id="32" class="1001" name="const_32">
<pin_list>
<pin id="33" dir="1" index="0" bw="1" slack="2147483647"/>
</pin_list>
<bind>
<StgValue><ssdm name="_ssdm_op_SpecInterface"/></StgValue>
</bind>
</comp>

<comp id="34" class="1001" name="const_34">
<pin_list>
<pin id="35" dir="1" index="0" bw="1" slack="2147483647"/>
</pin_list>
<bind>
<StgValue><ssdm name="empty_3"/></StgValue>
</bind>
</comp>

<comp id="36" class="1001" name="const_36">
<pin_list>
<pin id="37" dir="1" index="0" bw="1" slack="0"/>
</pin_list>
<bind>
<StgValue><ssdm name=""/></StgValue>
</bind>
</comp>

<comp id="38" class="1001" name="const_38">
<pin_list>
<pin id="39" dir="1" index="0" bw="1" slack="2147483647"/>
</pin_list>
<bind>
<StgValue><ssdm name="empty_15"/></StgValue>
</bind>
</comp>

<comp id="40" class="1001" name="const_40">
<pin_list>
<pin id="41" dir="1" index="0" bw="1" slack="2147483647"/>
</pin_list>
<bind>
<StgValue><ssdm name=""/></StgValue>
</bind>
</comp>

<comp id="42" class="1001" name="const_42">
<pin_list>
<pin id="43" dir="1" index="0" bw="1" slack="2147483647"/>
</pin_list>
<bind>
<StgValue><ssdm name="empty_11"/></StgValue>
</bind>
</comp>

<comp id="44" class="1001" name="const_44">
<pin_list>
<pin id="45" dir="1" index="0" bw="1" slack="2147483647"/>
</pin_list>
<bind>
<StgValue><ssdm name="empty_22"/></StgValue>
</bind>
</comp>

<comp id="46" class="1001" name="const_46">
<pin_list>
<pin id="47" dir="1" index="0" bw="1" slack="2147483647"/>
</pin_list>
<bind>
<StgValue><ssdm name="empty_1"/></StgValue>
</bind>
</comp>

<comp id="48" class="1001" name="const_48">
<pin_list>
<pin id="49" dir="1" index="0" bw="1" slack="2147483647"/>
</pin_list>
<bind>
<StgValue><ssdm name=""/></StgValue>
</bind>
</comp>

<comp id="50" class="1001" name="const_50">
<pin_list>
<pin id="51" dir="1" index="0" bw="1" slack="2147483647"/>
</pin_list>
<bind>
<StgValue><ssdm name="empty_23"/></StgValue>
</bind>
</comp>

<comp id="52" class="1001" name="const_52">
<pin_list>
<pin id="53" dir="1" index="0" bw="1" slack="2147483647"/>
</pin_list>
<bind>
<StgValue><ssdm name="empty_24"/></StgValue>
</bind>
</comp>

<comp id="54" class="1001" name="const_54">
<pin_list>
<pin id="55" dir="1" index="0" bw="1" slack="2147483647"/>
</pin_list>
<bind>
<StgValue><ssdm name="empty_0"/></StgValue>
</bind>
</comp>

<comp id="56" class="1001" name="const_56">
<pin_list>
<pin id="57" dir="1" index="0" bw="1" slack="0"/>
</pin_list>
<bind>
<StgValue><ssdm name="_ssdm_op_Read.ap_auto.i32"/></StgValue>
</bind>
</comp>

<comp id="58" class="1001" name="const_58">
<pin_list>
<pin id="59" dir="1" index="0" bw="1" slack="0"/>
</pin_list>
<bind>
<StgValue><ssdm name="_ssdm_op_Read.ap_auto.i64"/></StgValue>
</bind>
</comp>

<comp id="60" class="1001" name="const_60">
<pin_list>
<pin id="61" dir="1" index="0" bw="1" slack="0"/>
</pin_list>
<bind>
<StgValue><ssdm name=""/></StgValue>
</bind>
</comp>

<comp id="62" class="1001" name="const_62">
<pin_list>
<pin id="63" dir="1" index="0" bw="1" slack="0"/>
</pin_list>
<bind>
<StgValue><ssdm name="_ssdm_op_Read.ap_auto.i256P0A"/></StgValue>
</bind>
</comp>

<comp id="64" class="1001" name="const_64">
<pin_list>
<pin id="65" dir="1" index="0" bw="1" slack="0"/>
</pin_list>
<bind>
<StgValue><ssdm name=""/></StgValue>
</bind>
</comp>

<comp id="66" class="1001" name="const_66">
<pin_list>
<pin id="67" dir="1" index="0" bw="1" slack="0"/>
</pin_list>
<bind>
<StgValue><ssdm name=""/></StgValue>
</bind>
</comp>

<comp id="68" class="1001" name="const_68">
<pin_list>
<pin id="69" dir="1" index="0" bw="1" slack="0"/>
</pin_list>
<bind>
<StgValue><ssdm name=""/></StgValue>
</bind>
</comp>

<comp id="70" class="1001" name="const_70">
<pin_list>
<pin id="71" dir="1" index="0" bw="1" slack="0"/>
</pin_list>
<bind>
<StgValue><ssdm name="_ssdm_op_PartSelect.i59.i64.i32.i32"/></StgValue>
</bind>
</comp>

<comp id="72" class="1001" name="const_72">
<pin_list>
<pin id="73" dir="1" index="0" bw="1" slack="0"/>
</pin_list>
<bind>
<StgValue><ssdm name=""/></StgValue>
</bind>
</comp>

<comp id="74" class="1001" name="const_74">
<pin_list>
<pin id="75" dir="1" index="0" bw="1" slack="0"/>
</pin_list>
<bind>
<StgValue><ssdm name=""/></StgValue>
</bind>
</comp>

<comp id="76" class="1001" name="const_76">
<pin_list>
<pin id="77" dir="1" index="0" bw="1" slack="0"/>
</pin_list>
<bind>
<StgValue><ssdm name="_ssdm_op_ReadReq.m_axi.p1i256"/></StgValue>
</bind>
</comp>

<comp id="78" class="1001" name="const_78">
<pin_list>
<pin id="79" dir="1" index="0" bw="1" slack="0"/>
</pin_list>
<bind>
<StgValue><ssdm name="_ssdm_op_Read.m_axi.p1i256"/></StgValue>
</bind>
</comp>

<comp id="80" class="1001" name="const_80">
<pin_list>
<pin id="81" dir="1" index="0" bw="1" slack="2147483647"/>
</pin_list>
<bind>
<StgValue><ssdm name="_ssdm_op_SpecPipeline"/></StgValue>
</bind>
</comp>

<comp id="82" class="1001" name="const_82">
<pin_list>
<pin id="83" dir="1" index="0" bw="1" slack="2147483647"/>
</pin_list>
<bind>
<StgValue><ssdm name="_ssdm_op_SpecLoopName"/></StgValue>
</bind>
</comp>

<comp id="84" class="1001" name="const_84">
<pin_list>
<pin id="85" dir="1" index="0" bw="1" slack="2147483647"/>
</pin_list>
<bind>
<StgValue><ssdm name="empty_5"/></StgValue>
</bind>
</comp>

<comp id="86" class="1001" name="const_86">
<pin_list>
<pin id="87" dir="1" index="0" bw="1" slack="0"/>
</pin_list>
<bind>
<StgValue><ssdm name="_ssdm_op_Write.ap_fifo.volatile.i256P0A"/></StgValue>
</bind>
</comp>

<comp id="88" class="1004" name="i_fu_88">
<pin_list>
<pin id="89" dir="0" index="0" bw="1" slack="0"/>
<pin id="90" dir="1" index="1" bw="31" slack="0"/>
</pin_list>
<bind>
<opcode="alloca(26) " fcode="alloca"/>
<opset="i/1 "/>
</bind>
</comp>

<comp id="92" class="1004" name="degree_read_read_fu_92">
<pin_list>
<pin id="93" dir="0" index="0" bw="32" slack="0"/>
<pin id="94" dir="0" index="1" bw="32" slack="0"/>
<pin id="95" dir="1" index="2" bw="32" slack="0"/>
</pin_list>
<bind>
<opcode="read(1150) " fcode="read"/>
<opset="degree_read/1 "/>
</bind>
</comp>

<comp id="98" class="1004" name="t_array_read_read_fu_98">
<pin_list>
<pin id="99" dir="0" index="0" bw="64" slack="0"/>
<pin id="100" dir="0" index="1" bw="64" slack="0"/>
<pin id="101" dir="1" index="2" bw="64" slack="1"/>
</pin_list>
<bind>
<opcode="read(1150) " fcode="read"/>
<opset="t_array_read/1 "/>
</bind>
</comp>

<comp id="104" class="1004" name="z_array_read_read_fu_104">
<pin_list>
<pin id="105" dir="0" index="0" bw="64" slack="0"/>
<pin id="106" dir="0" index="1" bw="64" slack="0"/>
<pin id="107" dir="1" index="2" bw="64" slack="1"/>
</pin_list>
<bind>
<opcode="read(1150) " fcode="read"/>
<opset="z_array_read/1 "/>
</bind>
</comp>

<comp id="110" class="1004" name="y_array_read_read_fu_110">
<pin_list>
<pin id="111" dir="0" index="0" bw="64" slack="0"/>
<pin id="112" dir="0" index="1" bw="64" slack="0"/>
<pin id="113" dir="1" index="2" bw="64" slack="1"/>
</pin_list>
<bind>
<opcode="read(1150) " fcode="read"/>
<opset="y_array_read/1 "/>
</bind>
</comp>

<comp id="116" class="1004" name="x_array_read_read_fu_116">
<pin_list>
<pin id="117" dir="0" index="0" bw="64" slack="0"/>
<pin id="118" dir="0" index="1" bw="64" slack="0"/>
<pin id="119" dir="1" index="2" bw="64" slack="1"/>
</pin_list>
<bind>
<opcode="read(1150) " fcode="read"/>
<opset="x_array_read/1 "/>
</bind>
</comp>

<comp id="122" class="1004" name="scalar_array_read_read_fu_122">
<pin_list>
<pin id="123" dir="0" index="0" bw="256" slack="0"/>
<pin id="124" dir="0" index="1" bw="256" slack="0"/>
<pin id="125" dir="1" index="2" bw="256" slack="10"/>
</pin_list>
<bind>
<opcode="read(1150) " fcode="read"/>
<opset="scalar_array_read/1 "/>
</bind>
</comp>

<comp id="128" class="1004" name="grp_readreq_fu_128">
<pin_list>
<pin id="129" dir="0" index="0" bw="1" slack="0"/>
<pin id="130" dir="0" index="1" bw="256" slack="0"/>
<pin id="131" dir="0" index="2" bw="31" slack="1"/>
<pin id="132" dir="1" index="3" bw="1" slack="2147483647"/>
</pin_list>
<bind>
<opcode="readreq(1154) " fcode="readreq"/>
<opset="empty_50/2 "/>
</bind>
</comp>

<comp id="134" class="1004" name="grp_readreq_fu_134">
<pin_list>
<pin id="135" dir="0" index="0" bw="1" slack="0"/>
<pin id="136" dir="0" index="1" bw="256" slack="0"/>
<pin id="137" dir="0" index="2" bw="31" slack="1"/>
<pin id="138" dir="1" index="3" bw="1" slack="2147483647"/>
</pin_list>
<bind>
<opcode="readreq(1154) " fcode="readreq"/>
<opset="empty_51/2 "/>
</bind>
</comp>

<comp id="140" class="1004" name="grp_readreq_fu_140">
<pin_list>
<pin id="141" dir="0" index="0" bw="1" slack="0"/>
<pin id="142" dir="0" index="1" bw="256" slack="0"/>
<pin id="143" dir="0" index="2" bw="31" slack="1"/>
<pin id="144" dir="1" index="3" bw="1" slack="2147483647"/>
</pin_list>
<bind>
<opcode="readreq(1154) " fcode="readreq"/>
<opset="empty_52/2 "/>
</bind>
</comp>

<comp id="146" class="1004" name="grp_readreq_fu_146">
<pin_list>
<pin id="147" dir="0" index="0" bw="1" slack="0"/>
<pin id="148" dir="0" index="1" bw="256" slack="0"/>
<pin id="149" dir="0" index="2" bw="31" slack="1"/>
<pin id="150" dir="1" index="3" bw="1" slack="2147483647"/>
</pin_list>
<bind>
<opcode="readreq(1154) " fcode="readreq"/>
<opset="empty_53/2 "/>
</bind>
</comp>

<comp id="152" class="1004" name="gmem0_addr_read_read_fu_152">
<pin_list>
<pin id="153" dir="0" index="0" bw="256" slack="0"/>
<pin id="154" dir="0" index="1" bw="256" slack="8"/>
<pin id="155" dir="1" index="2" bw="256" slack="1"/>
</pin_list>
<bind>
<opcode="read(1150) " fcode="read"/>
<opset="gmem0_addr_read/10 "/>
</bind>
</comp>

<comp id="157" class="1004" name="gmem1_addr_read_read_fu_157">
<pin_list>
<pin id="158" dir="0" index="0" bw="256" slack="0"/>
<pin id="159" dir="0" index="1" bw="256" slack="8"/>
<pin id="160" dir="1" index="2" bw="256" slack="1"/>
</pin_list>
<bind>
<opcode="read(1150) " fcode="read"/>
<opset="gmem1_addr_read/10 "/>
</bind>
</comp>

<comp id="162" class="1004" name="gmem2_addr_read_read_fu_162">
<pin_list>
<pin id="163" dir="0" index="0" bw="256" slack="0"/>
<pin id="164" dir="0" index="1" bw="256" slack="8"/>
<pin id="165" dir="1" index="2" bw="256" slack="1"/>
</pin_list>
<bind>
<opcode="read(1150) " fcode="read"/>
<opset="gmem2_addr_read/10 "/>
</bind>
</comp>

<comp id="167" class="1004" name="gmem3_addr_read_read_fu_167">
<pin_list>
<pin id="168" dir="0" index="0" bw="256" slack="0"/>
<pin id="169" dir="0" index="1" bw="256" slack="8"/>
<pin id="170" dir="1" index="2" bw="256" slack="1"/>
</pin_list>
<bind>
<opcode="read(1150) " fcode="read"/>
<opset="gmem3_addr_read/10 "/>
</bind>
</comp>

<comp id="172" class="1004" name="write_ln402_write_fu_172">
<pin_list>
<pin id="173" dir="0" index="0" bw="0" slack="0"/>
<pin id="174" dir="0" index="1" bw="256" slack="0"/>
<pin id="175" dir="0" index="2" bw="256" slack="1"/>
<pin id="176" dir="1" index="3" bw="0" slack="2147483647"/>
</pin_list>
<bind>
<opcode="write(1151) " fcode="write"/>
<opset="write_ln402/11 "/>
</bind>
</comp>

<comp id="179" class="1004" name="write_ln403_write_fu_179">
<pin_list>
<pin id="180" dir="0" index="0" bw="0" slack="0"/>
<pin id="181" dir="0" index="1" bw="256" slack="0"/>
<pin id="182" dir="0" index="2" bw="256" slack="1"/>
<pin id="183" dir="1" index="3" bw="0" slack="2147483647"/>
</pin_list>
<bind>
<opcode="write(1151) " fcode="write"/>
<opset="write_ln403/11 "/>
</bind>
</comp>

<comp id="186" class="1004" name="write_ln404_write_fu_186">
<pin_list>
<pin id="187" dir="0" index="0" bw="0" slack="0"/>
<pin id="188" dir="0" index="1" bw="256" slack="0"/>
<pin id="189" dir="0" index="2" bw="256" slack="1"/>
<pin id="190" dir="1" index="3" bw="0" slack="2147483647"/>
</pin_list>
<bind>
<opcode="write(1151) " fcode="write"/>
<opset="write_ln404/11 "/>
</bind>
</comp>

<comp id="193" class="1004" name="write_ln405_write_fu_193">
<pin_list>
<pin id="194" dir="0" index="0" bw="0" slack="0"/>
<pin id="195" dir="0" index="1" bw="256" slack="0"/>
<pin id="196" dir="0" index="2" bw="256" slack="1"/>
<pin id="197" dir="1" index="3" bw="0" slack="2147483647"/>
</pin_list>
<bind>
<opcode="write(1151) " fcode="write"/>
<opset="write_ln405/11 "/>
</bind>
</comp>

<comp id="200" class="1004" name="write_ln406_write_fu_200">
<pin_list>
<pin id="201" dir="0" index="0" bw="0" slack="0"/>
<pin id="202" dir="0" index="1" bw="256" slack="0"/>
<pin id="203" dir="0" index="2" bw="256" slack="10"/>
<pin id="204" dir="1" index="3" bw="0" slack="2147483647"/>
</pin_list>
<bind>
<opcode="write(1151) " fcode="write"/>
<opset="write_ln406/11 "/>
</bind>
</comp>

<comp id="207" class="1005" name="first_iter_0_reg_207">
<pin_list>
<pin id="208" dir="0" index="0" bw="1" slack="1"/>
<pin id="209" dir="1" index="1" bw="1" slack="2147483647"/>
</pin_list>
<bind>
<opset="first_iter_0 (phireg) "/>
</bind>
</comp>

<comp id="210" class="1004" name="first_iter_0_phi_fu_210">
<pin_list>
<pin id="211" dir="0" index="0" bw="1" slack="0"/>
<pin id="212" dir="0" index="1" bw="0" slack="2147483647"/>
<pin id="213" dir="0" index="2" bw="1" slack="0"/>
<pin id="214" dir="0" index="3" bw="0" slack="2147483647"/>
<pin id="215" dir="1" index="4" bw="1" slack="1"/>
</pin_list>
<bind>
<opcode="phi(47) " fcode="phi"/>
<opset="first_iter_0/1 "/>
</bind>
</comp>

<comp id="219" class="1004" name="icmp_ln399_fu_219">
<pin_list>
<pin id="220" dir="0" index="0" bw="32" slack="0"/>
<pin id="221" dir="0" index="1" bw="32" slack="0"/>
<pin id="222" dir="1" index="2" bw="1" slack="0"/>
</pin_list>
<bind>
<opcode="icmp(45) " fcode="icmp"/>
<opset="icmp_ln399/1 "/>
</bind>
</comp>

<comp id="225" class="1004" name="trunc_ln399_fu_225">
<pin_list>
<pin id="226" dir="0" index="0" bw="32" slack="0"/>
<pin id="227" dir="1" index="1" bw="31" slack="0"/>
</pin_list>
<bind>
<opcode="trunc(33) " fcode="trunc"/>
<opset="trunc_ln399/1 "/>
</bind>
</comp>

<comp id="229" class="1004" name="empty_fu_229">
<pin_list>
<pin id="230" dir="0" index="0" bw="1" slack="0"/>
<pin id="231" dir="0" index="1" bw="31" slack="0"/>
<pin id="232" dir="0" index="2" bw="31" slack="0"/>
<pin id="233" dir="1" index="3" bw="31" slack="0"/>
</pin_list>
<bind>
<opcode="select(49) " fcode="select"/>
<opset="empty/1 "/>
</bind>
</comp>

<comp id="237" class="1004" name="zext_ln399_fu_237">
<pin_list>
<pin id="238" dir="0" index="0" bw="31" slack="0"/>
<pin id="239" dir="1" index="1" bw="64" slack="1"/>
</pin_list>
<bind>
<opcode="zext(34) " fcode="zext"/>
<opset="zext_ln399/1 "/>
</bind>
</comp>

<comp id="241" class="1004" name="store_ln0_store_fu_241">
<pin_list>
<pin id="242" dir="0" index="0" bw="1" slack="0"/>
<pin id="243" dir="0" index="1" bw="31" slack="0"/>
<pin id="244" dir="1" index="2" bw="0" slack="2147483647"/>
</pin_list>
<bind>
<opcode="store(28) " fcode="store"/>
<opset="store_ln0/1 "/>
</bind>
</comp>

<comp id="246" class="1004" name="i_load_load_fu_246">
<pin_list>
<pin id="247" dir="0" index="0" bw="31" slack="0"/>
<pin id="248" dir="1" index="1" bw="31" slack="0"/>
</pin_list>
<bind>
<opcode="load(27) " fcode="load"/>
<opset="i_load/1 "/>
</bind>
</comp>

<comp id="249" class="1004" name="zext_ln378_fu_249">
<pin_list>
<pin id="250" dir="0" index="0" bw="31" slack="0"/>
<pin id="251" dir="1" index="1" bw="32" slack="0"/>
</pin_list>
<bind>
<opcode="zext(34) " fcode="zext"/>
<opset="zext_ln378/1 "/>
</bind>
</comp>

<comp id="253" class="1004" name="icmp_ln399_1_fu_253">
<pin_list>
<pin id="254" dir="0" index="0" bw="32" slack="0"/>
<pin id="255" dir="0" index="1" bw="32" slack="0"/>
<pin id="256" dir="1" index="2" bw="1" slack="1"/>
</pin_list>
<bind>
<opcode="icmp(45) " fcode="icmp"/>
<opset="icmp_ln399_1/1 "/>
</bind>
</comp>

<comp id="259" class="1004" name="add_ln399_fu_259">
<pin_list>
<pin id="260" dir="0" index="0" bw="31" slack="0"/>
<pin id="261" dir="0" index="1" bw="1" slack="0"/>
<pin id="262" dir="1" index="2" bw="31" slack="0"/>
</pin_list>
<bind>
<opcode="add(8) " fcode="add"/>
<opset="add_ln399/1 "/>
</bind>
</comp>

<comp id="265" class="1004" name="store_ln399_store_fu_265">
<pin_list>
<pin id="266" dir="0" index="0" bw="31" slack="0"/>
<pin id="267" dir="0" index="1" bw="31" slack="0"/>
<pin id="268" dir="1" index="2" bw="0" slack="2147483647"/>
</pin_list>
<bind>
<opcode="store(28) " fcode="store"/>
<opset="store_ln399/1 "/>
</bind>
</comp>

<comp id="270" class="1004" name="trunc_ln399_1_fu_270">
<pin_list>
<pin id="271" dir="0" index="0" bw="59" slack="0"/>
<pin id="272" dir="0" index="1" bw="64" slack="1"/>
<pin id="273" dir="0" index="2" bw="4" slack="0"/>
<pin id="274" dir="0" index="3" bw="7" slack="0"/>
<pin id="275" dir="1" index="4" bw="59" slack="0"/>
</pin_list>
<bind>
<opcode="partselect(1002) " fcode="partselect"/>
<opset="trunc_ln399_1/2 "/>
</bind>
</comp>

<comp id="279" class="1004" name="sext_ln399_fu_279">
<pin_list>
<pin id="280" dir="0" index="0" bw="59" slack="0"/>
<pin id="281" dir="1" index="1" bw="64" slack="0"/>
</pin_list>
<bind>
<opcode="sext(35) " fcode="sext"/>
<opset="sext_ln399/2 "/>
</bind>
</comp>

<comp id="283" class="1004" name="gmem0_addr_fu_283">
<pin_list>
<pin id="284" dir="0" index="0" bw="64" slack="0"/>
<pin id="285" dir="0" index="1" bw="64" slack="0"/>
<pin id="286" dir="1" index="2" bw="64" slack="0"/>
</pin_list>
<bind>
<opcode="getelementptr(29) " fcode="getelementptr"/>
<opset="gmem0_addr/2 "/>
</bind>
</comp>

<comp id="290" class="1004" name="trunc_ln399_2_fu_290">
<pin_list>
<pin id="291" dir="0" index="0" bw="59" slack="0"/>
<pin id="292" dir="0" index="1" bw="64" slack="1"/>
<pin id="293" dir="0" index="2" bw="4" slack="0"/>
<pin id="294" dir="0" index="3" bw="7" slack="0"/>
<pin id="295" dir="1" index="4" bw="59" slack="0"/>
</pin_list>
<bind>
<opcode="partselect(1002) " fcode="partselect"/>
<opset="trunc_ln399_2/2 "/>
</bind>
</comp>

<comp id="299" class="1004" name="sext_ln399_1_fu_299">
<pin_list>
<pin id="300" dir="0" index="0" bw="59" slack="0"/>
<pin id="301" dir="1" index="1" bw="64" slack="0"/>
</pin_list>
<bind>
<opcode="sext(35) " fcode="sext"/>
<opset="sext_ln399_1/2 "/>
</bind>
</comp>

<comp id="303" class="1004" name="gmem1_addr_fu_303">
<pin_list>
<pin id="304" dir="0" index="0" bw="64" slack="0"/>
<pin id="305" dir="0" index="1" bw="64" slack="0"/>
<pin id="306" dir="1" index="2" bw="64" slack="0"/>
</pin_list>
<bind>
<opcode="getelementptr(29) " fcode="getelementptr"/>
<opset="gmem1_addr/2 "/>
</bind>
</comp>

<comp id="310" class="1004" name="trunc_ln399_3_fu_310">
<pin_list>
<pin id="311" dir="0" index="0" bw="59" slack="0"/>
<pin id="312" dir="0" index="1" bw="64" slack="1"/>
<pin id="313" dir="0" index="2" bw="4" slack="0"/>
<pin id="314" dir="0" index="3" bw="7" slack="0"/>
<pin id="315" dir="1" index="4" bw="59" slack="0"/>
</pin_list>
<bind>
<opcode="partselect(1002) " fcode="partselect"/>
<opset="trunc_ln399_3/2 "/>
</bind>
</comp>

<comp id="319" class="1004" name="sext_ln399_2_fu_319">
<pin_list>
<pin id="320" dir="0" index="0" bw="59" slack="0"/>
<pin id="321" dir="1" index="1" bw="64" slack="0"/>
</pin_list>
<bind>
<opcode="sext(35) " fcode="sext"/>
<opset="sext_ln399_2/2 "/>
</bind>
</comp>

<comp id="323" class="1004" name="gmem2_addr_fu_323">
<pin_list>
<pin id="324" dir="0" index="0" bw="64" slack="0"/>
<pin id="325" dir="0" index="1" bw="64" slack="0"/>
<pin id="326" dir="1" index="2" bw="64" slack="0"/>
</pin_list>
<bind>
<opcode="getelementptr(29) " fcode="getelementptr"/>
<opset="gmem2_addr/2 "/>
</bind>
</comp>

<comp id="330" class="1004" name="trunc_ln399_4_fu_330">
<pin_list>
<pin id="331" dir="0" index="0" bw="59" slack="0"/>
<pin id="332" dir="0" index="1" bw="64" slack="1"/>
<pin id="333" dir="0" index="2" bw="4" slack="0"/>
<pin id="334" dir="0" index="3" bw="7" slack="0"/>
<pin id="335" dir="1" index="4" bw="59" slack="0"/>
</pin_list>
<bind>
<opcode="partselect(1002) " fcode="partselect"/>
<opset="trunc_ln399_4/2 "/>
</bind>
</comp>

<comp id="339" class="1004" name="sext_ln399_3_fu_339">
<pin_list>
<pin id="340" dir="0" index="0" bw="59" slack="0"/>
<pin id="341" dir="1" index="1" bw="64" slack="0"/>
</pin_list>
<bind>
<opcode="sext(35) " fcode="sext"/>
<opset="sext_ln399_3/2 "/>
</bind>
</comp>

<comp id="343" class="1004" name="gmem3_addr_fu_343">
<pin_list>
<pin id="344" dir="0" index="0" bw="64" slack="0"/>
<pin id="345" dir="0" index="1" bw="64" slack="0"/>
<pin id="346" dir="1" index="2" bw="64" slack="0"/>
</pin_list>
<bind>
<opcode="getelementptr(29) " fcode="getelementptr"/>
<opset="gmem3_addr/2 "/>
</bind>
</comp>

<comp id="350" class="1005" name="i_reg_350">
<pin_list>
<pin id="351" dir="0" index="0" bw="31" slack="0"/>
<pin id="352" dir="1" index="1" bw="31" slack="0"/>
</pin_list>
<bind>
<opset="i "/>
</bind>
</comp>

<comp id="357" class="1005" name="t_array_read_reg_357">
<pin_list>
<pin id="358" dir="0" index="0" bw="64" slack="1"/>
<pin id="359" dir="1" index="1" bw="64" slack="1"/>
</pin_list>
<bind>
<opset="t_array_read "/>
</bind>
</comp>

<comp id="362" class="1005" name="z_array_read_reg_362">
<pin_list>
<pin id="363" dir="0" index="0" bw="64" slack="1"/>
<pin id="364" dir="1" index="1" bw="64" slack="1"/>
</pin_list>
<bind>
<opset="z_array_read "/>
</bind>
</comp>

<comp id="367" class="1005" name="y_array_read_reg_367">
<pin_list>
<pin id="368" dir="0" index="0" bw="64" slack="1"/>
<pin id="369" dir="1" index="1" bw="64" slack="1"/>
</pin_list>
<bind>
<opset="y_array_read "/>
</bind>
</comp>

<comp id="372" class="1005" name="x_array_read_reg_372">
<pin_list>
<pin id="373" dir="0" index="0" bw="64" slack="1"/>
<pin id="374" dir="1" index="1" bw="64" slack="1"/>
</pin_list>
<bind>
<opset="x_array_read "/>
</bind>
</comp>

<comp id="377" class="1005" name="zext_ln399_reg_377">
<pin_list>
<pin id="378" dir="0" index="0" bw="64" slack="1"/>
<pin id="379" dir="1" index="1" bw="64" slack="1"/>
</pin_list>
<bind>
<opset="zext_ln399 "/>
</bind>
</comp>

<comp id="385" class="1005" name="scalar_array_read_reg_385">
<pin_list>
<pin id="386" dir="0" index="0" bw="256" slack="10"/>
<pin id="387" dir="1" index="1" bw="256" slack="10"/>
</pin_list>
<bind>
<opset="scalar_array_read "/>
</bind>
</comp>

<comp id="390" class="1005" name="icmp_ln399_1_reg_390">
<pin_list>
<pin id="391" dir="0" index="0" bw="1" slack="1"/>
<pin id="392" dir="1" index="1" bw="1" slack="2147483647"/>
</pin_list>
<bind>
<opset="icmp_ln399_1 "/>
</bind>
</comp>

<comp id="394" class="1005" name="gmem0_addr_reg_394">
<pin_list>
<pin id="395" dir="0" index="0" bw="256" slack="1"/>
<pin id="396" dir="1" index="1" bw="256" slack="1"/>
</pin_list>
<bind>
<opset="gmem0_addr "/>
</bind>
</comp>

<comp id="400" class="1005" name="gmem1_addr_reg_400">
<pin_list>
<pin id="401" dir="0" index="0" bw="256" slack="1"/>
<pin id="402" dir="1" index="1" bw="256" slack="1"/>
</pin_list>
<bind>
<opset="gmem1_addr "/>
</bind>
</comp>

<comp id="406" class="1005" name="gmem2_addr_reg_406">
<pin_list>
<pin id="407" dir="0" index="0" bw="256" slack="1"/>
<pin id="408" dir="1" index="1" bw="256" slack="1"/>
</pin_list>
<bind>
<opset="gmem2_addr "/>
</bind>
</comp>

<comp id="412" class="1005" name="gmem3_addr_reg_412">
<pin_list>
<pin id="413" dir="0" index="0" bw="256" slack="1"/>
<pin id="414" dir="1" index="1" bw="256" slack="1"/>
</pin_list>
<bind>
<opset="gmem3_addr "/>
</bind>
</comp>

<comp id="418" class="1005" name="gmem0_addr_read_reg_418">
<pin_list>
<pin id="419" dir="0" index="0" bw="256" slack="1"/>
<pin id="420" dir="1" index="1" bw="256" slack="1"/>
</pin_list>
<bind>
<opset="gmem0_addr_read "/>
</bind>
</comp>

<comp id="423" class="1005" name="gmem1_addr_read_reg_423">
<pin_list>
<pin id="424" dir="0" index="0" bw="256" slack="1"/>
<pin id="425" dir="1" index="1" bw="256" slack="1"/>
</pin_list>
<bind>
<opset="gmem1_addr_read "/>
</bind>
</comp>

<comp id="428" class="1005" name="gmem2_addr_read_reg_428">
<pin_list>
<pin id="429" dir="0" index="0" bw="256" slack="1"/>
<pin id="430" dir="1" index="1" bw="256" slack="1"/>
</pin_list>
<bind>
<opset="gmem2_addr_read "/>
</bind>
</comp>

<comp id="433" class="1005" name="gmem3_addr_read_reg_433">
<pin_list>
<pin id="434" dir="0" index="0" bw="256" slack="1"/>
<pin id="435" dir="1" index="1" bw="256" slack="1"/>
</pin_list>
<bind>
<opset="gmem3_addr_read "/>
</bind>
</comp>

</comp_list>

<net_list>
<net id="91"><net_src comp="30" pin="0"/><net_sink comp="88" pin=0"/></net>

<net id="96"><net_src comp="56" pin="0"/><net_sink comp="92" pin=0"/></net>

<net id="97"><net_src comp="18" pin="0"/><net_sink comp="92" pin=1"/></net>

<net id="102"><net_src comp="58" pin="0"/><net_sink comp="98" pin=0"/></net>

<net id="103"><net_src comp="14" pin="0"/><net_sink comp="98" pin=1"/></net>

<net id="108"><net_src comp="58" pin="0"/><net_sink comp="104" pin=0"/></net>

<net id="109"><net_src comp="10" pin="0"/><net_sink comp="104" pin=1"/></net>

<net id="114"><net_src comp="58" pin="0"/><net_sink comp="110" pin=0"/></net>

<net id="115"><net_src comp="6" pin="0"/><net_sink comp="110" pin=1"/></net>

<net id="120"><net_src comp="58" pin="0"/><net_sink comp="116" pin=0"/></net>

<net id="121"><net_src comp="2" pin="0"/><net_sink comp="116" pin=1"/></net>

<net id="126"><net_src comp="62" pin="0"/><net_sink comp="122" pin=0"/></net>

<net id="127"><net_src comp="16" pin="0"/><net_sink comp="122" pin=1"/></net>

<net id="133"><net_src comp="76" pin="0"/><net_sink comp="128" pin=0"/></net>

<net id="139"><net_src comp="76" pin="0"/><net_sink comp="134" pin=0"/></net>

<net id="145"><net_src comp="76" pin="0"/><net_sink comp="140" pin=0"/></net>

<net id="151"><net_src comp="76" pin="0"/><net_sink comp="146" pin=0"/></net>

<net id="156"><net_src comp="78" pin="0"/><net_sink comp="152" pin=0"/></net>

<net id="161"><net_src comp="78" pin="0"/><net_sink comp="157" pin=0"/></net>

<net id="166"><net_src comp="78" pin="0"/><net_sink comp="162" pin=0"/></net>

<net id="171"><net_src comp="78" pin="0"/><net_sink comp="167" pin=0"/></net>

<net id="177"><net_src comp="86" pin="0"/><net_sink comp="172" pin=0"/></net>

<net id="178"><net_src comp="20" pin="0"/><net_sink comp="172" pin=1"/></net>

<net id="184"><net_src comp="86" pin="0"/><net_sink comp="179" pin=0"/></net>

<net id="185"><net_src comp="22" pin="0"/><net_sink comp="179" pin=1"/></net>

<net id="191"><net_src comp="86" pin="0"/><net_sink comp="186" pin=0"/></net>

<net id="192"><net_src comp="24" pin="0"/><net_sink comp="186" pin=1"/></net>

<net id="198"><net_src comp="86" pin="0"/><net_sink comp="193" pin=0"/></net>

<net id="199"><net_src comp="26" pin="0"/><net_sink comp="193" pin=1"/></net>

<net id="205"><net_src comp="86" pin="0"/><net_sink comp="200" pin=0"/></net>

<net id="206"><net_src comp="28" pin="0"/><net_sink comp="200" pin=1"/></net>

<net id="216"><net_src comp="64" pin="0"/><net_sink comp="210" pin=0"/></net>

<net id="217"><net_src comp="66" pin="0"/><net_sink comp="210" pin=2"/></net>

<net id="218"><net_src comp="210" pin="4"/><net_sink comp="207" pin=0"/></net>

<net id="223"><net_src comp="92" pin="2"/><net_sink comp="219" pin=0"/></net>

<net id="224"><net_src comp="36" pin="0"/><net_sink comp="219" pin=1"/></net>

<net id="228"><net_src comp="92" pin="2"/><net_sink comp="225" pin=0"/></net>

<net id="234"><net_src comp="219" pin="2"/><net_sink comp="229" pin=0"/></net>

<net id="235"><net_src comp="225" pin="1"/><net_sink comp="229" pin=1"/></net>

<net id="236"><net_src comp="60" pin="0"/><net_sink comp="229" pin=2"/></net>

<net id="240"><net_src comp="229" pin="3"/><net_sink comp="237" pin=0"/></net>

<net id="245"><net_src comp="60" pin="0"/><net_sink comp="241" pin=0"/></net>

<net id="252"><net_src comp="246" pin="1"/><net_sink comp="249" pin=0"/></net>

<net id="257"><net_src comp="249" pin="1"/><net_sink comp="253" pin=0"/></net>

<net id="258"><net_src comp="92" pin="2"/><net_sink comp="253" pin=1"/></net>

<net id="263"><net_src comp="246" pin="1"/><net_sink comp="259" pin=0"/></net>

<net id="264"><net_src comp="68" pin="0"/><net_sink comp="259" pin=1"/></net>

<net id="269"><net_src comp="259" pin="2"/><net_sink comp="265" pin=0"/></net>

<net id="276"><net_src comp="70" pin="0"/><net_sink comp="270" pin=0"/></net>

<net id="277"><net_src comp="72" pin="0"/><net_sink comp="270" pin=2"/></net>

<net id="278"><net_src comp="74" pin="0"/><net_sink comp="270" pin=3"/></net>

<net id="282"><net_src comp="270" pin="4"/><net_sink comp="279" pin=0"/></net>

<net id="287"><net_src comp="0" pin="0"/><net_sink comp="283" pin=0"/></net>

<net id="288"><net_src comp="279" pin="1"/><net_sink comp="283" pin=1"/></net>

<net id="289"><net_src comp="283" pin="2"/><net_sink comp="128" pin=1"/></net>

<net id="296"><net_src comp="70" pin="0"/><net_sink comp="290" pin=0"/></net>

<net id="297"><net_src comp="72" pin="0"/><net_sink comp="290" pin=2"/></net>

<net id="298"><net_src comp="74" pin="0"/><net_sink comp="290" pin=3"/></net>

<net id="302"><net_src comp="290" pin="4"/><net_sink comp="299" pin=0"/></net>

<net id="307"><net_src comp="4" pin="0"/><net_sink comp="303" pin=0"/></net>

<net id="308"><net_src comp="299" pin="1"/><net_sink comp="303" pin=1"/></net>

<net id="309"><net_src comp="303" pin="2"/><net_sink comp="134" pin=1"/></net>

<net id="316"><net_src comp="70" pin="0"/><net_sink comp="310" pin=0"/></net>

<net id="317"><net_src comp="72" pin="0"/><net_sink comp="310" pin=2"/></net>

<net id="318"><net_src comp="74" pin="0"/><net_sink comp="310" pin=3"/></net>

<net id="322"><net_src comp="310" pin="4"/><net_sink comp="319" pin=0"/></net>

<net id="327"><net_src comp="8" pin="0"/><net_sink comp="323" pin=0"/></net>

<net id="328"><net_src comp="319" pin="1"/><net_sink comp="323" pin=1"/></net>

<net id="329"><net_src comp="323" pin="2"/><net_sink comp="140" pin=1"/></net>

<net id="336"><net_src comp="70" pin="0"/><net_sink comp="330" pin=0"/></net>

<net id="337"><net_src comp="72" pin="0"/><net_sink comp="330" pin=2"/></net>

<net id="338"><net_src comp="74" pin="0"/><net_sink comp="330" pin=3"/></net>

<net id="342"><net_src comp="330" pin="4"/><net_sink comp="339" pin=0"/></net>

<net id="347"><net_src comp="12" pin="0"/><net_sink comp="343" pin=0"/></net>

<net id="348"><net_src comp="339" pin="1"/><net_sink comp="343" pin=1"/></net>

<net id="349"><net_src comp="343" pin="2"/><net_sink comp="146" pin=1"/></net>

<net id="353"><net_src comp="88" pin="1"/><net_sink comp="350" pin=0"/></net>

<net id="354"><net_src comp="350" pin="1"/><net_sink comp="241" pin=1"/></net>

<net id="355"><net_src comp="350" pin="1"/><net_sink comp="246" pin=0"/></net>

<net id="356"><net_src comp="350" pin="1"/><net_sink comp="265" pin=1"/></net>

<net id="360"><net_src comp="98" pin="2"/><net_sink comp="357" pin=0"/></net>

<net id="361"><net_src comp="357" pin="1"/><net_sink comp="330" pin=1"/></net>

<net id="365"><net_src comp="104" pin="2"/><net_sink comp="362" pin=0"/></net>

<net id="366"><net_src comp="362" pin="1"/><net_sink comp="310" pin=1"/></net>

<net id="370"><net_src comp="110" pin="2"/><net_sink comp="367" pin=0"/></net>

<net id="371"><net_src comp="367" pin="1"/><net_sink comp="290" pin=1"/></net>

<net id="375"><net_src comp="116" pin="2"/><net_sink comp="372" pin=0"/></net>

<net id="376"><net_src comp="372" pin="1"/><net_sink comp="270" pin=1"/></net>

<net id="380"><net_src comp="237" pin="1"/><net_sink comp="377" pin=0"/></net>

<net id="381"><net_src comp="377" pin="1"/><net_sink comp="128" pin=2"/></net>

<net id="382"><net_src comp="377" pin="1"/><net_sink comp="134" pin=2"/></net>

<net id="383"><net_src comp="377" pin="1"/><net_sink comp="140" pin=2"/></net>

<net id="384"><net_src comp="377" pin="1"/><net_sink comp="146" pin=2"/></net>

<net id="388"><net_src comp="122" pin="2"/><net_sink comp="385" pin=0"/></net>

<net id="389"><net_src comp="385" pin="1"/><net_sink comp="200" pin=2"/></net>

<net id="393"><net_src comp="253" pin="2"/><net_sink comp="390" pin=0"/></net>

<net id="397"><net_src comp="283" pin="2"/><net_sink comp="394" pin=0"/></net>

<net id="398"><net_src comp="394" pin="1"/><net_sink comp="128" pin=1"/></net>

<net id="399"><net_src comp="394" pin="1"/><net_sink comp="152" pin=1"/></net>

<net id="403"><net_src comp="303" pin="2"/><net_sink comp="400" pin=0"/></net>

<net id="404"><net_src comp="400" pin="1"/><net_sink comp="134" pin=1"/></net>

<net id="405"><net_src comp="400" pin="1"/><net_sink comp="157" pin=1"/></net>

<net id="409"><net_src comp="323" pin="2"/><net_sink comp="406" pin=0"/></net>

<net id="410"><net_src comp="406" pin="1"/><net_sink comp="140" pin=1"/></net>

<net id="411"><net_src comp="406" pin="1"/><net_sink comp="162" pin=1"/></net>

<net id="415"><net_src comp="343" pin="2"/><net_sink comp="412" pin=0"/></net>

<net id="416"><net_src comp="412" pin="1"/><net_sink comp="146" pin=1"/></net>

<net id="417"><net_src comp="412" pin="1"/><net_sink comp="167" pin=1"/></net>

<net id="421"><net_src comp="152" pin="2"/><net_sink comp="418" pin=0"/></net>

<net id="422"><net_src comp="418" pin="1"/><net_sink comp="172" pin=2"/></net>

<net id="426"><net_src comp="157" pin="2"/><net_sink comp="423" pin=0"/></net>

<net id="427"><net_src comp="423" pin="1"/><net_sink comp="179" pin=2"/></net>

<net id="431"><net_src comp="162" pin="2"/><net_sink comp="428" pin=0"/></net>

<net id="432"><net_src comp="428" pin="1"/><net_sink comp="186" pin=2"/></net>

<net id="436"><net_src comp="167" pin="2"/><net_sink comp="433" pin=0"/></net>

<net id="437"><net_src comp="433" pin="1"/><net_sink comp="193" pin=2"/></net>

</net_list>

</model> 
---------------- Datapath Model END ------------------

* FSMD analyzer results:
  - Output states:
	Port: gmem0 | {}
	Port: gmem1 | {}
	Port: gmem2 | {}
	Port: gmem3 | {}
	Port: scalar_array | {}
	Port: x_point_stream | {11 }
	Port: y_point_stream | {11 }
	Port: z_point_stream | {11 }
	Port: t_point_stream | {11 }
	Port: scalar_point_stream | {11 }
 - Input state : 
	Port: data_loader : gmem0 | {2 3 4 5 6 7 8 9 10 }
	Port: data_loader : x_array | {1 }
	Port: data_loader : gmem1 | {2 3 4 5 6 7 8 9 10 }
	Port: data_loader : y_array | {1 }
	Port: data_loader : gmem2 | {2 3 4 5 6 7 8 9 10 }
	Port: data_loader : z_array | {1 }
	Port: data_loader : gmem3 | {2 3 4 5 6 7 8 9 10 }
	Port: data_loader : t_array | {1 }
	Port: data_loader : scalar_array | {1 }
	Port: data_loader : degree | {1 }
	Port: data_loader : x_point_stream | {}
	Port: data_loader : y_point_stream | {}
	Port: data_loader : z_point_stream | {}
	Port: data_loader : t_point_stream | {}
	Port: data_loader : scalar_point_stream | {}
  - Chain level:
	State 1
		empty : 1
		zext_ln399 : 2
		store_ln0 : 1
		first_iter_0 : 1
		i_load : 1
		zext_ln378 : 2
		icmp_ln399_1 : 3
		br_ln399 : 4
		br_ln399 : 2
		add_ln399 : 2
		store_ln399 : 3
	State 2
		sext_ln399 : 1
		gmem0_addr : 2
		sext_ln399_1 : 1
		gmem1_addr : 2
		sext_ln399_2 : 1
		gmem2_addr : 2
		sext_ln399_3 : 1
		gmem3_addr : 2
		empty_50 : 3
		empty_51 : 3
		empty_52 : 3
		empty_53 : 3
	State 3
	State 4
	State 5
	State 6
	State 7
	State 8
	State 9
	State 10
	State 11


============================================================
+ Verbose Summary: Datapath Resource usage 
============================================================

* Functional unit list:
|----------|-------------------------------|---------|---------|
| Operation|        Functional Unit        |    FF   |   LUT   |
|----------|-------------------------------|---------|---------|
|   icmp   |       icmp_ln399_fu_219       |    0    |    39   |
|          |      icmp_ln399_1_fu_253      |    0    |    39   |
|----------|-------------------------------|---------|---------|
|    add   |        add_ln399_fu_259       |    0    |    38   |
|----------|-------------------------------|---------|---------|
|  select  |          empty_fu_229         |    0    |    31   |
|----------|-------------------------------|---------|---------|
|          |     degree_read_read_fu_92    |    0    |    0    |
|          |    t_array_read_read_fu_98    |    0    |    0    |
|          |    z_array_read_read_fu_104   |    0    |    0    |
|          |    y_array_read_read_fu_110   |    0    |    0    |
|   read   |    x_array_read_read_fu_116   |    0    |    0    |
|          | scalar_array_read_read_fu_122 |    0    |    0    |
|          |  gmem0_addr_read_read_fu_152  |    0    |    0    |
|          |  gmem1_addr_read_read_fu_157  |    0    |    0    |
|          |  gmem2_addr_read_read_fu_162  |    0    |    0    |
|          |  gmem3_addr_read_read_fu_167  |    0    |    0    |
|----------|-------------------------------|---------|---------|
|          |       grp_readreq_fu_128      |    0    |    0    |
|  readreq |       grp_readreq_fu_134      |    0    |    0    |
|          |       grp_readreq_fu_140      |    0    |    0    |
|          |       grp_readreq_fu_146      |    0    |    0    |
|----------|-------------------------------|---------|---------|
|          |    write_ln402_write_fu_172   |    0    |    0    |
|          |    write_ln403_write_fu_179   |    0    |    0    |
|   write  |    write_ln404_write_fu_186   |    0    |    0    |
|          |    write_ln405_write_fu_193   |    0    |    0    |
|          |    write_ln406_write_fu_200   |    0    |    0    |
|----------|-------------------------------|---------|---------|
|   trunc  |       trunc_ln399_fu_225      |    0    |    0    |
|----------|-------------------------------|---------|---------|
|   zext   |       zext_ln399_fu_237       |    0    |    0    |
|          |       zext_ln378_fu_249       |    0    |    0    |
|----------|-------------------------------|---------|---------|
|          |      trunc_ln399_1_fu_270     |    0    |    0    |
|partselect|      trunc_ln399_2_fu_290     |    0    |    0    |
|          |      trunc_ln399_3_fu_310     |    0    |    0    |
|          |      trunc_ln399_4_fu_330     |    0    |    0    |
|----------|-------------------------------|---------|---------|
|          |       sext_ln399_fu_279       |    0    |    0    |
|   sext   |      sext_ln399_1_fu_299      |    0    |    0    |
|          |      sext_ln399_2_fu_319      |    0    |    0    |
|          |      sext_ln399_3_fu_339      |    0    |    0    |
|----------|-------------------------------|---------|---------|
|   Total  |                               |    0    |   147   |
|----------|-------------------------------|---------|---------|

Memories:
N/A

* Register list:
+-------------------------+--------+
|                         |   FF   |
+-------------------------+--------+
|   first_iter_0_reg_207  |    1   |
| gmem0_addr_read_reg_418 |   256  |
|    gmem0_addr_reg_394   |   256  |
| gmem1_addr_read_reg_423 |   256  |
|    gmem1_addr_reg_400   |   256  |
| gmem2_addr_read_reg_428 |   256  |
|    gmem2_addr_reg_406   |   256  |
| gmem3_addr_read_reg_433 |   256  |
|    gmem3_addr_reg_412   |   256  |
|        i_reg_350        |   31   |
|   icmp_ln399_1_reg_390  |    1   |
|scalar_array_read_reg_385|   256  |
|   t_array_read_reg_357  |   64   |
|   x_array_read_reg_372  |   64   |
|   y_array_read_reg_367  |   64   |
|   z_array_read_reg_362  |   64   |
|    zext_ln399_reg_377   |   64   |
+-------------------------+--------+
|          Total          |  2657  |
+-------------------------+--------+

* Multiplexer (MUX) list: 
|--------------------|------|------|------|--------||---------||---------||---------|
|        Comp        |  Pin | Size |  BW  | S x BW ||  Delay  ||    FF   ||   LUT   |
|--------------------|------|------|------|--------||---------||---------||---------|
| grp_readreq_fu_128 |  p1  |   2  |  256 |   512  ||    0    ||    9    |
| grp_readreq_fu_134 |  p1  |   2  |  256 |   512  ||    0    ||    9    |
| grp_readreq_fu_140 |  p1  |   2  |  256 |   512  ||    0    ||    9    |
| grp_readreq_fu_146 |  p1  |   2  |  256 |   512  ||    0    ||    9    |
|--------------------|------|------|------|--------||---------||---------||---------|
|        Total       |      |      |      |  2048  ||  1.708  ||    0    ||    36   |
|--------------------|------|------|------|--------||---------||---------||---------|



* Summary:
+-----------+--------+--------+--------+
|           |  Delay |   FF   |   LUT  |
+-----------+--------+--------+--------+
|  Function |    -   |    0   |   147  |
|   Memory  |    -   |    -   |    -   |
|Multiplexer|    1   |    0   |   36   |
|  Register |    -   |  2657  |    -   |
+-----------+--------+--------+--------+
|   Total   |    1   |  2657  |   183  |
+-----------+--------+--------+--------+
