

================================================================
== Vitis HLS Report for 'data_loader_Pipeline_DATA_LOAD_LOOP'
================================================================
* Date:           Wed Apr 23 12:35:29 2025

* Version:        2024.2 (Build 5238294 on Nov  8 2024)
* Project:        msm_2
* Solution:       solution1 (Vivado IP Flow Target)
* Product family: zynquplus
* Target device:  xczu7ev-ffvc1156-2-e


================================================================
== Performance Estimates
================================================================
+ Timing: 
    * Summary: 
    +--------+---------+----------+------------+
    |  Clock |  Target | Estimated| Uncertainty|
    +--------+---------+----------+------------+
    |ap_clk  |  4.00 ns|  2.920 ns|     1.08 ns|
    +--------+---------+----------+------------+

+ Latency: 
    * Summary: 
    +---------+---------+----------+----------+-----+-----+------------------------------------------------+
    |  Latency (cycles) |  Latency (absolute) |  Interval |                    Pipeline                    |
    |   min   |   max   |    min   |    max   | min | max |                      Type                      |
    +---------+---------+----------+----------+-----+-----+------------------------------------------------+
    |        ?|        ?|         ?|         ?|    0|    0|  loop auto-rewind stp (delay=0 clock cycles(s))|
    +---------+---------+----------+----------+-----+-----+------------------------------------------------+

    + Detail: 
        * Instance: 
        N/A

        * Loop: 
        +------------------+---------+---------+----------+-----------+-----------+------+----------+
        |                  |  Latency (cycles) | Iteration|  Initiation Interval  | Trip |          |
        |     Loop Name    |   min   |   max   |  Latency |  achieved |   target  | Count| Pipelined|
        +------------------+---------+---------+----------+-----------+-----------+------+----------+
        |- DATA_LOAD_LOOP  |        ?|        ?|        12|          2|          1|     ?|       yes|
        +------------------+---------+---------+----------+-----------+-----------+------+----------+

============================================================
+ Verbose Summary: Synthesis Manager
============================================================
InlineROM: 1
ExposeGlobal: 0
============================================================
+ Verbose Summary: CDFG Model
============================================================
IsTopModel: 0
ResetActiveHigh: 1
IsCombinational: 0
IsDatapathOnly: 0
HasWiredReturn: 1
HasMFsm: 2
HasVarLatency: 1
IsPipeline: 0
IsRtlPipelined: 0
IsInstanceOverlapped: 0
IsDontTouch: 0
HasImplIP: 0
IsGatedGlobalClock: 0

+ Individual pipeline summary: 
  * Pipeline-0: initiation interval (II) = 2, depth = 12


============================================================
+ Verbose Summary: Schedule
============================================================
* Number of FSM states : 12
* Pipeline : 1
  Pipeline-0 : II = 2, D = 12, States = { 1 2 3 4 5 6 7 8 9 10 11 12 }
* Dataflow Pipeline: 0

* FSM state transitions: 
1 --> 2 
2 --> 3 
3 --> 4 
4 --> 5 
5 --> 6 
6 --> 7 
7 --> 8 
8 --> 9 
9 --> 10 
10 --> 11 
11 --> 12 
12 --> 

* FSM state operations: 

State 1 <SV = 0> <Delay = 1.87>
ST_1 : Operation 15 [1/1] (0.00ns)   --->   "%i = alloca i32 1" [../src/msm.cpp:420]   --->   Operation 15 'alloca' 'i' <Predicate = true> <Delay = 0.00>
ST_1 : Operation 16 [1/1] (0.00ns)   --->   "%specinterface_ln0 = specinterface void @_ssdm_op_SpecInterface, i256 %gmem0_0, void @empty_5, i32 0, i32 0, void @empty_10, i32 0, i32 1024, void @empty_9, void @empty_8, void @empty_10, i32 4, i32 16, i32 16, i32 16, void @empty_10, void @empty_10, i32 4294967295, i32 0, i32 0"   --->   Operation 16 'specinterface' 'specinterface_ln0' <Predicate = true> <Delay = 0.00>
ST_1 : Operation 17 [1/1] (0.00ns)   --->   "%specinterface_ln0 = specinterface void @_ssdm_op_SpecInterface, i256 %gmem0_1, void @empty_5, i32 0, i32 0, void @empty_10, i32 0, i32 1024, void @empty_36, void @empty_8, void @empty_10, i32 4, i32 16, i32 16, i32 16, void @empty_10, void @empty_10, i32 4294967295, i32 0, i32 0"   --->   Operation 17 'specinterface' 'specinterface_ln0' <Predicate = true> <Delay = 0.00>
ST_1 : Operation 18 [1/1] (0.00ns)   --->   "%specinterface_ln0 = specinterface void @_ssdm_op_SpecInterface, i256 %gmem0_2, void @empty_5, i32 0, i32 0, void @empty_10, i32 0, i32 1024, void @empty_18, void @empty_8, void @empty_10, i32 4, i32 16, i32 16, i32 16, void @empty_10, void @empty_10, i32 4294967295, i32 0, i32 0"   --->   Operation 18 'specinterface' 'specinterface_ln0' <Predicate = true> <Delay = 0.00>
ST_1 : Operation 19 [1/1] (0.00ns)   --->   "%specinterface_ln0 = specinterface void @_ssdm_op_SpecInterface, i256 %gmem0_3, void @empty_5, i32 0, i32 0, void @empty_10, i32 0, i32 1024, void @empty_56, void @empty_8, void @empty_10, i32 4, i32 16, i32 16, i32 16, void @empty_10, void @empty_10, i32 4294967295, i32 0, i32 0"   --->   Operation 19 'specinterface' 'specinterface_ln0' <Predicate = true> <Delay = 0.00>
ST_1 : Operation 20 [1/1] (0.00ns)   --->   "%specinterface_ln0 = specinterface void @_ssdm_op_SpecInterface, i256 %gmem1_0, void @empty_5, i32 0, i32 0, void @empty_10, i32 0, i32 1024, void @empty_46, void @empty_8, void @empty_10, i32 4, i32 16, i32 16, i32 16, void @empty_10, void @empty_10, i32 4294967295, i32 0, i32 0"   --->   Operation 20 'specinterface' 'specinterface_ln0' <Predicate = true> <Delay = 0.00>
ST_1 : Operation 21 [1/1] (0.00ns)   --->   "%specinterface_ln0 = specinterface void @_ssdm_op_SpecInterface, i256 %gmem1_1, void @empty_5, i32 0, i32 0, void @empty_10, i32 0, i32 1024, void @empty_44, void @empty_8, void @empty_10, i32 4, i32 16, i32 16, i32 16, void @empty_10, void @empty_10, i32 4294967295, i32 0, i32 0"   --->   Operation 21 'specinterface' 'specinterface_ln0' <Predicate = true> <Delay = 0.00>
ST_1 : Operation 22 [1/1] (0.00ns)   --->   "%specinterface_ln0 = specinterface void @_ssdm_op_SpecInterface, i256 %gmem1_2, void @empty_5, i32 0, i32 0, void @empty_10, i32 0, i32 1024, void @empty_43, void @empty_8, void @empty_10, i32 4, i32 16, i32 16, i32 16, void @empty_10, void @empty_10, i32 4294967295, i32 0, i32 0"   --->   Operation 22 'specinterface' 'specinterface_ln0' <Predicate = true> <Delay = 0.00>
ST_1 : Operation 23 [1/1] (0.00ns)   --->   "%specinterface_ln0 = specinterface void @_ssdm_op_SpecInterface, i256 %gmem1_3, void @empty_5, i32 0, i32 0, void @empty_10, i32 0, i32 1024, void @empty_6, void @empty_8, void @empty_10, i32 4, i32 16, i32 16, i32 16, void @empty_10, void @empty_10, i32 4294967295, i32 0, i32 0"   --->   Operation 23 'specinterface' 'specinterface_ln0' <Predicate = true> <Delay = 0.00>
ST_1 : Operation 24 [1/1] (0.00ns)   --->   "%specinterface_ln0 = specinterface void @_ssdm_op_SpecInterface, i256 %gmem2_0, void @empty_5, i32 0, i32 0, void @empty_10, i32 0, i32 1024, void @empty_11, void @empty_8, void @empty_10, i32 4, i32 16, i32 16, i32 16, void @empty_10, void @empty_10, i32 4294967295, i32 0, i32 0"   --->   Operation 24 'specinterface' 'specinterface_ln0' <Predicate = true> <Delay = 0.00>
ST_1 : Operation 25 [1/1] (0.00ns)   --->   "%specinterface_ln0 = specinterface void @_ssdm_op_SpecInterface, i256 %gmem2_1, void @empty_5, i32 0, i32 0, void @empty_10, i32 0, i32 1024, void @empty_27, void @empty_8, void @empty_10, i32 4, i32 16, i32 16, i32 16, void @empty_10, void @empty_10, i32 4294967295, i32 0, i32 0"   --->   Operation 25 'specinterface' 'specinterface_ln0' <Predicate = true> <Delay = 0.00>
ST_1 : Operation 26 [1/1] (0.00ns)   --->   "%specinterface_ln0 = specinterface void @_ssdm_op_SpecInterface, i256 %gmem2_2, void @empty_5, i32 0, i32 0, void @empty_10, i32 0, i32 1024, void @empty_3, void @empty_8, void @empty_10, i32 4, i32 16, i32 16, i32 16, void @empty_10, void @empty_10, i32 4294967295, i32 0, i32 0"   --->   Operation 26 'specinterface' 'specinterface_ln0' <Predicate = true> <Delay = 0.00>
ST_1 : Operation 27 [1/1] (0.00ns)   --->   "%specinterface_ln0 = specinterface void @_ssdm_op_SpecInterface, i256 %gmem2_3, void @empty_5, i32 0, i32 0, void @empty_10, i32 0, i32 1024, void @empty_13, void @empty_8, void @empty_10, i32 4, i32 16, i32 16, i32 16, void @empty_10, void @empty_10, i32 4294967295, i32 0, i32 0"   --->   Operation 27 'specinterface' 'specinterface_ln0' <Predicate = true> <Delay = 0.00>
ST_1 : Operation 28 [1/1] (0.00ns)   --->   "%specinterface_ln0 = specinterface void @_ssdm_op_SpecInterface, i256 %gmem3_0, void @empty_5, i32 0, i32 0, void @empty_10, i32 0, i32 1024, void @empty, void @empty_8, void @empty_10, i32 4, i32 16, i32 16, i32 16, void @empty_10, void @empty_10, i32 4294967295, i32 0, i32 0"   --->   Operation 28 'specinterface' 'specinterface_ln0' <Predicate = true> <Delay = 0.00>
ST_1 : Operation 29 [1/1] (0.00ns)   --->   "%specinterface_ln0 = specinterface void @_ssdm_op_SpecInterface, i256 %gmem3_1, void @empty_5, i32 0, i32 0, void @empty_10, i32 0, i32 1024, void @empty_14, void @empty_8, void @empty_10, i32 4, i32 16, i32 16, i32 16, void @empty_10, void @empty_10, i32 4294967295, i32 0, i32 0"   --->   Operation 29 'specinterface' 'specinterface_ln0' <Predicate = true> <Delay = 0.00>
ST_1 : Operation 30 [1/1] (0.00ns)   --->   "%specinterface_ln0 = specinterface void @_ssdm_op_SpecInterface, i256 %gmem3_2, void @empty_5, i32 0, i32 0, void @empty_10, i32 0, i32 1024, void @empty_15, void @empty_8, void @empty_10, i32 4, i32 16, i32 16, i32 16, void @empty_10, void @empty_10, i32 4294967295, i32 0, i32 0"   --->   Operation 30 'specinterface' 'specinterface_ln0' <Predicate = true> <Delay = 0.00>
ST_1 : Operation 31 [1/1] (0.00ns)   --->   "%specinterface_ln0 = specinterface void @_ssdm_op_SpecInterface, i256 %gmem3_3, void @empty_5, i32 0, i32 0, void @empty_10, i32 0, i32 1024, void @empty_34, void @empty_8, void @empty_10, i32 4, i32 16, i32 16, i32 16, void @empty_10, void @empty_10, i32 4294967295, i32 0, i32 0"   --->   Operation 31 'specinterface' 'specinterface_ln0' <Predicate = true> <Delay = 0.00>
ST_1 : Operation 32 [1/1] (0.00ns)   --->   "%specinterface_ln0 = specinterface void @_ssdm_op_SpecInterface, i256 %scalar_point_stream, void @empty_39, i32 0, i32 0, void @empty_10, i32 0, i32 0, void @empty_10, void @empty_10, void @empty_10, i32 0, i32 0, i32 0, i32 0, void @empty_10, void @empty_10, i32 4294967295, i32 0, i32 0"   --->   Operation 32 'specinterface' 'specinterface_ln0' <Predicate = true> <Delay = 0.00>
ST_1 : Operation 33 [1/1] (0.00ns)   --->   "%specinterface_ln0 = specinterface void @_ssdm_op_SpecInterface, i256 %t_point_stream, void @empty_39, i32 0, i32 0, void @empty_10, i32 0, i32 0, void @empty_10, void @empty_10, void @empty_10, i32 0, i32 0, i32 0, i32 0, void @empty_10, void @empty_10, i32 4294967295, i32 0, i32 0"   --->   Operation 33 'specinterface' 'specinterface_ln0' <Predicate = true> <Delay = 0.00>
ST_1 : Operation 34 [1/1] (0.00ns)   --->   "%specinterface_ln0 = specinterface void @_ssdm_op_SpecInterface, i256 %z_point_stream, void @empty_39, i32 0, i32 0, void @empty_10, i32 0, i32 0, void @empty_10, void @empty_10, void @empty_10, i32 0, i32 0, i32 0, i32 0, void @empty_10, void @empty_10, i32 4294967295, i32 0, i32 0"   --->   Operation 34 'specinterface' 'specinterface_ln0' <Predicate = true> <Delay = 0.00>
ST_1 : Operation 35 [1/1] (0.00ns)   --->   "%specinterface_ln0 = specinterface void @_ssdm_op_SpecInterface, i256 %y_point_stream, void @empty_39, i32 0, i32 0, void @empty_10, i32 0, i32 0, void @empty_10, void @empty_10, void @empty_10, i32 0, i32 0, i32 0, i32 0, void @empty_10, void @empty_10, i32 4294967295, i32 0, i32 0"   --->   Operation 35 'specinterface' 'specinterface_ln0' <Predicate = true> <Delay = 0.00>
ST_1 : Operation 36 [1/1] (0.00ns)   --->   "%specinterface_ln0 = specinterface void @_ssdm_op_SpecInterface, i256 %x_point_stream, void @empty_39, i32 0, i32 0, void @empty_10, i32 0, i32 0, void @empty_10, void @empty_10, void @empty_10, i32 0, i32 0, i32 0, i32 0, void @empty_10, void @empty_10, i32 4294967295, i32 0, i32 0"   --->   Operation 36 'specinterface' 'specinterface_ln0' <Predicate = true> <Delay = 0.00>
ST_1 : Operation 37 [1/1] (0.00ns)   --->   "%scalar_array_3_read = read i64 @_ssdm_op_Read.ap_auto.i64, i64 %scalar_array_3" [../src/msm.cpp:399]   --->   Operation 37 'read' 'scalar_array_3_read' <Predicate = true> <Delay = 0.00>
ST_1 : Operation 38 [1/1] (0.00ns)   --->   "%scalar_array_2_read = read i64 @_ssdm_op_Read.ap_auto.i64, i64 %scalar_array_2" [../src/msm.cpp:399]   --->   Operation 38 'read' 'scalar_array_2_read' <Predicate = true> <Delay = 0.00>
ST_1 : Operation 39 [1/1] (0.00ns)   --->   "%scalar_array_1_read = read i64 @_ssdm_op_Read.ap_auto.i64, i64 %scalar_array_1" [../src/msm.cpp:399]   --->   Operation 39 'read' 'scalar_array_1_read' <Predicate = true> <Delay = 0.00>
ST_1 : Operation 40 [1/1] (0.00ns)   --->   "%scalar_array_0_read = read i64 @_ssdm_op_Read.ap_auto.i64, i64 %scalar_array_0" [../src/msm.cpp:399]   --->   Operation 40 'read' 'scalar_array_0_read' <Predicate = true> <Delay = 0.00>
ST_1 : Operation 41 [1/1] (0.00ns)   --->   "%t_array_3_read = read i64 @_ssdm_op_Read.ap_auto.i64, i64 %t_array_3" [../src/msm.cpp:399]   --->   Operation 41 'read' 't_array_3_read' <Predicate = true> <Delay = 0.00>
ST_1 : Operation 42 [1/1] (0.00ns)   --->   "%t_array_2_read = read i64 @_ssdm_op_Read.ap_auto.i64, i64 %t_array_2" [../src/msm.cpp:399]   --->   Operation 42 'read' 't_array_2_read' <Predicate = true> <Delay = 0.00>
ST_1 : Operation 43 [1/1] (0.00ns)   --->   "%t_array_1_read = read i64 @_ssdm_op_Read.ap_auto.i64, i64 %t_array_1" [../src/msm.cpp:399]   --->   Operation 43 'read' 't_array_1_read' <Predicate = true> <Delay = 0.00>
ST_1 : Operation 44 [1/1] (0.00ns)   --->   "%t_array_0_read = read i64 @_ssdm_op_Read.ap_auto.i64, i64 %t_array_0" [../src/msm.cpp:399]   --->   Operation 44 'read' 't_array_0_read' <Predicate = true> <Delay = 0.00>
ST_1 : Operation 45 [1/1] (0.00ns)   --->   "%z_array_3_read = read i64 @_ssdm_op_Read.ap_auto.i64, i64 %z_array_3" [../src/msm.cpp:399]   --->   Operation 45 'read' 'z_array_3_read' <Predicate = true> <Delay = 0.00>
ST_1 : Operation 46 [1/1] (0.00ns)   --->   "%z_array_2_read = read i64 @_ssdm_op_Read.ap_auto.i64, i64 %z_array_2" [../src/msm.cpp:399]   --->   Operation 46 'read' 'z_array_2_read' <Predicate = true> <Delay = 0.00>
ST_1 : Operation 47 [1/1] (0.00ns)   --->   "%z_array_1_read = read i64 @_ssdm_op_Read.ap_auto.i64, i64 %z_array_1" [../src/msm.cpp:399]   --->   Operation 47 'read' 'z_array_1_read' <Predicate = true> <Delay = 0.00>
ST_1 : Operation 48 [1/1] (0.00ns)   --->   "%z_array_0_read = read i64 @_ssdm_op_Read.ap_auto.i64, i64 %z_array_0" [../src/msm.cpp:399]   --->   Operation 48 'read' 'z_array_0_read' <Predicate = true> <Delay = 0.00>
ST_1 : Operation 49 [1/1] (0.00ns)   --->   "%y_array_3_read = read i64 @_ssdm_op_Read.ap_auto.i64, i64 %y_array_3" [../src/msm.cpp:399]   --->   Operation 49 'read' 'y_array_3_read' <Predicate = true> <Delay = 0.00>
ST_1 : Operation 50 [1/1] (0.00ns)   --->   "%y_array_2_read = read i64 @_ssdm_op_Read.ap_auto.i64, i64 %y_array_2" [../src/msm.cpp:399]   --->   Operation 50 'read' 'y_array_2_read' <Predicate = true> <Delay = 0.00>
ST_1 : Operation 51 [1/1] (0.00ns)   --->   "%y_array_1_read = read i64 @_ssdm_op_Read.ap_auto.i64, i64 %y_array_1" [../src/msm.cpp:399]   --->   Operation 51 'read' 'y_array_1_read' <Predicate = true> <Delay = 0.00>
ST_1 : Operation 52 [1/1] (0.00ns)   --->   "%y_array_0_read = read i64 @_ssdm_op_Read.ap_auto.i64, i64 %y_array_0" [../src/msm.cpp:399]   --->   Operation 52 'read' 'y_array_0_read' <Predicate = true> <Delay = 0.00>
ST_1 : Operation 53 [1/1] (0.00ns)   --->   "%x_array_3_read = read i64 @_ssdm_op_Read.ap_auto.i64, i64 %x_array_3" [../src/msm.cpp:399]   --->   Operation 53 'read' 'x_array_3_read' <Predicate = true> <Delay = 0.00>
ST_1 : Operation 54 [1/1] (0.00ns)   --->   "%x_array_2_read = read i64 @_ssdm_op_Read.ap_auto.i64, i64 %x_array_2" [../src/msm.cpp:399]   --->   Operation 54 'read' 'x_array_2_read' <Predicate = true> <Delay = 0.00>
ST_1 : Operation 55 [1/1] (0.00ns)   --->   "%x_array_1_read = read i64 @_ssdm_op_Read.ap_auto.i64, i64 %x_array_1" [../src/msm.cpp:399]   --->   Operation 55 'read' 'x_array_1_read' <Predicate = true> <Delay = 0.00>
ST_1 : Operation 56 [1/1] (0.00ns)   --->   "%x_array_0_read = read i64 @_ssdm_op_Read.ap_auto.i64, i64 %x_array_0" [../src/msm.cpp:399]   --->   Operation 56 'read' 'x_array_0_read' <Predicate = true> <Delay = 0.00>
ST_1 : Operation 57 [1/1] (0.00ns)   --->   "%degree_read = read i32 @_ssdm_op_Read.ap_auto.i32, i32 %degree" [../src/msm.cpp:399]   --->   Operation 57 'read' 'degree_read' <Predicate = true> <Delay = 0.00>
ST_1 : Operation 58 [1/1] (0.42ns)   --->   "%store_ln420 = store i31 0, i31 %i" [../src/msm.cpp:420]   --->   Operation 58 'store' 'store_ln420' <Predicate = true> <Delay = 0.42>
ST_1 : Operation 59 [1/1] (0.00ns)   --->   "%br_ln0 = br void %for.inc.i"   --->   Operation 59 'br' 'br_ln0' <Predicate = true> <Delay = 0.00>
ST_1 : Operation 60 [1/1] (0.00ns)   --->   "%i_2 = load i31 %i" [../src/msm.cpp:420]   --->   Operation 60 'load' 'i_2' <Predicate = true> <Delay = 0.00>
ST_1 : Operation 61 [1/1] (0.00ns)   --->   "%zext_ln420 = zext i31 %i_2" [../src/msm.cpp:420]   --->   Operation 61 'zext' 'zext_ln420' <Predicate = true> <Delay = 0.00>
ST_1 : Operation 62 [1/1] (1.01ns)   --->   "%icmp_ln420 = icmp_slt  i32 %zext_ln420, i32 %degree_read" [../src/msm.cpp:420]   --->   Operation 62 'icmp' 'icmp_ln420' <Predicate = true> <Delay = 1.01> <CoreInst = "Cmp">   --->   Core 9 'Cmp' <Latency = 0> <II = 1> <Delay = 1.01> <FuncUnit> <Opcode : 'seteq' 'setne' 'setle' 'setge' 'setlt' 'setgt'> <InPorts = 2> <OutPorts = 1>
ST_1 : Operation 63 [1/1] (0.00ns)   --->   "%br_ln420 = br i1 %icmp_ln420, void %data_loader.exit.exitStub, void %for.inc.split.i" [../src/msm.cpp:420]   --->   Operation 63 'br' 'br_ln420' <Predicate = true> <Delay = 0.00>
ST_1 : Operation 64 [1/1] (1.00ns)   --->   "%add_ln420 = add i31 %i_2, i31 1" [../src/msm.cpp:420]   --->   Operation 64 'add' 'add_ln420' <Predicate = (icmp_ln420)> <Delay = 1.00> <CoreInst = "Adder">   --->   Core 1 'Adder' <Latency = 0> <II = 1> <Delay = 1.00> <FuncUnit> <Opcode : 'add' 'sub'> <InPorts = 2> <OutPorts = 1>
ST_1 : Operation 65 [1/1] (0.00ns)   --->   "%trunc_ln420 = trunc i31 %i_2" [../src/msm.cpp:420]   --->   Operation 65 'trunc' 'trunc_ln420' <Predicate = (icmp_ln420)> <Delay = 0.00>
ST_1 : Operation 66 [1/1] (0.00ns)   --->   "%tmp = partselect i29 @_ssdm_op_PartSelect.i29.i31.i32.i32, i31 %i_2, i32 2, i32 30" [../src/msm.cpp:423]   --->   Operation 66 'partselect' 'tmp' <Predicate = (icmp_ln420)> <Delay = 0.00>
ST_1 : Operation 67 [1/1] (0.00ns)   --->   "%and_ln = bitconcatenate i34 @_ssdm_op_BitConcatenate.i34.i29.i5, i29 %tmp, i5 0" [../src/msm.cpp:423]   --->   Operation 67 'bitconcatenate' 'and_ln' <Predicate = (icmp_ln420)> <Delay = 0.00>
ST_1 : Operation 68 [1/1] (0.00ns)   --->   "%zext_ln423 = zext i34 %and_ln" [../src/msm.cpp:423]   --->   Operation 68 'zext' 'zext_ln423' <Predicate = (icmp_ln420)> <Delay = 0.00>
ST_1 : Operation 69 [1/1] (1.08ns)   --->   "%add_ln423 = add i64 %zext_ln423, i64 %x_array_0_read" [../src/msm.cpp:423]   --->   Operation 69 'add' 'add_ln423' <Predicate = (icmp_ln420)> <Delay = 1.08> <CoreInst = "Adder">   --->   Core 1 'Adder' <Latency = 0> <II = 1> <Delay = 1.08> <FuncUnit> <Opcode : 'add' 'sub'> <InPorts = 2> <OutPorts = 1>
ST_1 : Operation 70 [1/1] (1.08ns)   --->   "%add_ln423_1 = add i64 %zext_ln423, i64 %x_array_1_read" [../src/msm.cpp:423]   --->   Operation 70 'add' 'add_ln423_1' <Predicate = (icmp_ln420)> <Delay = 1.08> <CoreInst = "Adder">   --->   Core 1 'Adder' <Latency = 0> <II = 1> <Delay = 1.08> <FuncUnit> <Opcode : 'add' 'sub'> <InPorts = 2> <OutPorts = 1>
ST_1 : Operation 71 [1/1] (1.08ns)   --->   "%add_ln423_2 = add i64 %zext_ln423, i64 %x_array_2_read" [../src/msm.cpp:423]   --->   Operation 71 'add' 'add_ln423_2' <Predicate = (icmp_ln420)> <Delay = 1.08> <CoreInst = "Adder">   --->   Core 1 'Adder' <Latency = 0> <II = 1> <Delay = 1.08> <FuncUnit> <Opcode : 'add' 'sub'> <InPorts = 2> <OutPorts = 1>
ST_1 : Operation 72 [1/1] (1.08ns)   --->   "%add_ln423_3 = add i64 %zext_ln423, i64 %x_array_3_read" [../src/msm.cpp:423]   --->   Operation 72 'add' 'add_ln423_3' <Predicate = (icmp_ln420)> <Delay = 1.08> <CoreInst = "Adder">   --->   Core 1 'Adder' <Latency = 0> <II = 1> <Delay = 1.08> <FuncUnit> <Opcode : 'add' 'sub'> <InPorts = 2> <OutPorts = 1>
ST_1 : Operation 73 [1/1] (0.00ns)   --->   "%trunc_ln = partselect i59 @_ssdm_op_PartSelect.i59.i64.i32.i32, i64 %add_ln423, i32 5, i32 63" [../src/msm.cpp:423]   --->   Operation 73 'partselect' 'trunc_ln' <Predicate = (icmp_ln420)> <Delay = 0.00>
ST_1 : Operation 74 [1/1] (0.00ns)   --->   "%trunc_ln423_1 = partselect i59 @_ssdm_op_PartSelect.i59.i64.i32.i32, i64 %add_ln423_1, i32 5, i32 63" [../src/msm.cpp:423]   --->   Operation 74 'partselect' 'trunc_ln423_1' <Predicate = (icmp_ln420)> <Delay = 0.00>
ST_1 : Operation 75 [1/1] (0.00ns)   --->   "%trunc_ln423_2 = partselect i59 @_ssdm_op_PartSelect.i59.i64.i32.i32, i64 %add_ln423_2, i32 5, i32 63" [../src/msm.cpp:423]   --->   Operation 75 'partselect' 'trunc_ln423_2' <Predicate = (icmp_ln420)> <Delay = 0.00>
ST_1 : Operation 76 [1/1] (0.00ns)   --->   "%trunc_ln423_3 = partselect i59 @_ssdm_op_PartSelect.i59.i64.i32.i32, i64 %add_ln423_3, i32 5, i32 63" [../src/msm.cpp:423]   --->   Operation 76 'partselect' 'trunc_ln423_3' <Predicate = (icmp_ln420)> <Delay = 0.00>
ST_1 : Operation 77 [1/1] (1.08ns)   --->   "%add_ln424 = add i64 %zext_ln423, i64 %y_array_0_read" [../src/msm.cpp:424]   --->   Operation 77 'add' 'add_ln424' <Predicate = (icmp_ln420)> <Delay = 1.08> <CoreInst = "Adder">   --->   Core 1 'Adder' <Latency = 0> <II = 1> <Delay = 1.08> <FuncUnit> <Opcode : 'add' 'sub'> <InPorts = 2> <OutPorts = 1>
ST_1 : Operation 78 [1/1] (1.08ns)   --->   "%add_ln424_1 = add i64 %zext_ln423, i64 %y_array_1_read" [../src/msm.cpp:424]   --->   Operation 78 'add' 'add_ln424_1' <Predicate = (icmp_ln420)> <Delay = 1.08> <CoreInst = "Adder">   --->   Core 1 'Adder' <Latency = 0> <II = 1> <Delay = 1.08> <FuncUnit> <Opcode : 'add' 'sub'> <InPorts = 2> <OutPorts = 1>
ST_1 : Operation 79 [1/1] (1.08ns)   --->   "%add_ln424_2 = add i64 %zext_ln423, i64 %y_array_2_read" [../src/msm.cpp:424]   --->   Operation 79 'add' 'add_ln424_2' <Predicate = (icmp_ln420)> <Delay = 1.08> <CoreInst = "Adder">   --->   Core 1 'Adder' <Latency = 0> <II = 1> <Delay = 1.08> <FuncUnit> <Opcode : 'add' 'sub'> <InPorts = 2> <OutPorts = 1>
ST_1 : Operation 80 [1/1] (1.08ns)   --->   "%add_ln424_3 = add i64 %zext_ln423, i64 %y_array_3_read" [../src/msm.cpp:424]   --->   Operation 80 'add' 'add_ln424_3' <Predicate = (icmp_ln420)> <Delay = 1.08> <CoreInst = "Adder">   --->   Core 1 'Adder' <Latency = 0> <II = 1> <Delay = 1.08> <FuncUnit> <Opcode : 'add' 'sub'> <InPorts = 2> <OutPorts = 1>
ST_1 : Operation 81 [1/1] (0.00ns)   --->   "%trunc_ln1 = partselect i59 @_ssdm_op_PartSelect.i59.i64.i32.i32, i64 %add_ln424, i32 5, i32 63" [../src/msm.cpp:424]   --->   Operation 81 'partselect' 'trunc_ln1' <Predicate = (icmp_ln420)> <Delay = 0.00>
ST_1 : Operation 82 [1/1] (0.00ns)   --->   "%trunc_ln424_1 = partselect i59 @_ssdm_op_PartSelect.i59.i64.i32.i32, i64 %add_ln424_1, i32 5, i32 63" [../src/msm.cpp:424]   --->   Operation 82 'partselect' 'trunc_ln424_1' <Predicate = (icmp_ln420)> <Delay = 0.00>
ST_1 : Operation 83 [1/1] (0.00ns)   --->   "%trunc_ln424_2 = partselect i59 @_ssdm_op_PartSelect.i59.i64.i32.i32, i64 %add_ln424_2, i32 5, i32 63" [../src/msm.cpp:424]   --->   Operation 83 'partselect' 'trunc_ln424_2' <Predicate = (icmp_ln420)> <Delay = 0.00>
ST_1 : Operation 84 [1/1] (0.00ns)   --->   "%trunc_ln424_3 = partselect i59 @_ssdm_op_PartSelect.i59.i64.i32.i32, i64 %add_ln424_3, i32 5, i32 63" [../src/msm.cpp:424]   --->   Operation 84 'partselect' 'trunc_ln424_3' <Predicate = (icmp_ln420)> <Delay = 0.00>
ST_1 : Operation 85 [1/1] (1.08ns)   --->   "%add_ln425 = add i64 %zext_ln423, i64 %z_array_0_read" [../src/msm.cpp:425]   --->   Operation 85 'add' 'add_ln425' <Predicate = (icmp_ln420)> <Delay = 1.08> <CoreInst = "Adder">   --->   Core 1 'Adder' <Latency = 0> <II = 1> <Delay = 1.08> <FuncUnit> <Opcode : 'add' 'sub'> <InPorts = 2> <OutPorts = 1>
ST_1 : Operation 86 [1/1] (1.08ns)   --->   "%add_ln425_1 = add i64 %zext_ln423, i64 %z_array_1_read" [../src/msm.cpp:425]   --->   Operation 86 'add' 'add_ln425_1' <Predicate = (icmp_ln420)> <Delay = 1.08> <CoreInst = "Adder">   --->   Core 1 'Adder' <Latency = 0> <II = 1> <Delay = 1.08> <FuncUnit> <Opcode : 'add' 'sub'> <InPorts = 2> <OutPorts = 1>
ST_1 : Operation 87 [1/1] (1.08ns)   --->   "%add_ln425_2 = add i64 %zext_ln423, i64 %z_array_2_read" [../src/msm.cpp:425]   --->   Operation 87 'add' 'add_ln425_2' <Predicate = (icmp_ln420)> <Delay = 1.08> <CoreInst = "Adder">   --->   Core 1 'Adder' <Latency = 0> <II = 1> <Delay = 1.08> <FuncUnit> <Opcode : 'add' 'sub'> <InPorts = 2> <OutPorts = 1>
ST_1 : Operation 88 [1/1] (1.08ns)   --->   "%add_ln425_3 = add i64 %zext_ln423, i64 %z_array_3_read" [../src/msm.cpp:425]   --->   Operation 88 'add' 'add_ln425_3' <Predicate = (icmp_ln420)> <Delay = 1.08> <CoreInst = "Adder">   --->   Core 1 'Adder' <Latency = 0> <II = 1> <Delay = 1.08> <FuncUnit> <Opcode : 'add' 'sub'> <InPorts = 2> <OutPorts = 1>
ST_1 : Operation 89 [1/1] (0.00ns)   --->   "%trunc_ln2 = partselect i59 @_ssdm_op_PartSelect.i59.i64.i32.i32, i64 %add_ln425, i32 5, i32 63" [../src/msm.cpp:425]   --->   Operation 89 'partselect' 'trunc_ln2' <Predicate = (icmp_ln420)> <Delay = 0.00>
ST_1 : Operation 90 [1/1] (0.00ns)   --->   "%trunc_ln425_1 = partselect i59 @_ssdm_op_PartSelect.i59.i64.i32.i32, i64 %add_ln425_1, i32 5, i32 63" [../src/msm.cpp:425]   --->   Operation 90 'partselect' 'trunc_ln425_1' <Predicate = (icmp_ln420)> <Delay = 0.00>
ST_1 : Operation 91 [1/1] (0.00ns)   --->   "%trunc_ln425_2 = partselect i59 @_ssdm_op_PartSelect.i59.i64.i32.i32, i64 %add_ln425_2, i32 5, i32 63" [../src/msm.cpp:425]   --->   Operation 91 'partselect' 'trunc_ln425_2' <Predicate = (icmp_ln420)> <Delay = 0.00>
ST_1 : Operation 92 [1/1] (0.00ns)   --->   "%trunc_ln425_3 = partselect i59 @_ssdm_op_PartSelect.i59.i64.i32.i32, i64 %add_ln425_3, i32 5, i32 63" [../src/msm.cpp:425]   --->   Operation 92 'partselect' 'trunc_ln425_3' <Predicate = (icmp_ln420)> <Delay = 0.00>
ST_1 : Operation 93 [1/1] (1.08ns)   --->   "%add_ln427 = add i64 %zext_ln423, i64 %scalar_array_0_read" [../src/msm.cpp:427]   --->   Operation 93 'add' 'add_ln427' <Predicate = (icmp_ln420)> <Delay = 1.08> <CoreInst = "Adder">   --->   Core 1 'Adder' <Latency = 0> <II = 1> <Delay = 1.08> <FuncUnit> <Opcode : 'add' 'sub'> <InPorts = 2> <OutPorts = 1>
ST_1 : Operation 94 [1/1] (1.08ns)   --->   "%add_ln427_1 = add i64 %zext_ln423, i64 %scalar_array_1_read" [../src/msm.cpp:427]   --->   Operation 94 'add' 'add_ln427_1' <Predicate = (icmp_ln420)> <Delay = 1.08> <CoreInst = "Adder">   --->   Core 1 'Adder' <Latency = 0> <II = 1> <Delay = 1.08> <FuncUnit> <Opcode : 'add' 'sub'> <InPorts = 2> <OutPorts = 1>
ST_1 : Operation 95 [1/1] (1.08ns)   --->   "%add_ln427_2 = add i64 %zext_ln423, i64 %scalar_array_2_read" [../src/msm.cpp:427]   --->   Operation 95 'add' 'add_ln427_2' <Predicate = (icmp_ln420)> <Delay = 1.08> <CoreInst = "Adder">   --->   Core 1 'Adder' <Latency = 0> <II = 1> <Delay = 1.08> <FuncUnit> <Opcode : 'add' 'sub'> <InPorts = 2> <OutPorts = 1>
ST_1 : Operation 96 [1/1] (1.08ns)   --->   "%add_ln427_3 = add i64 %zext_ln423, i64 %scalar_array_3_read" [../src/msm.cpp:427]   --->   Operation 96 'add' 'add_ln427_3' <Predicate = (icmp_ln420)> <Delay = 1.08> <CoreInst = "Adder">   --->   Core 1 'Adder' <Latency = 0> <II = 1> <Delay = 1.08> <FuncUnit> <Opcode : 'add' 'sub'> <InPorts = 2> <OutPorts = 1>
ST_1 : Operation 97 [1/1] (0.00ns)   --->   "%trunc_ln4 = partselect i59 @_ssdm_op_PartSelect.i59.i64.i32.i32, i64 %add_ln427, i32 5, i32 63" [../src/msm.cpp:427]   --->   Operation 97 'partselect' 'trunc_ln4' <Predicate = (icmp_ln420)> <Delay = 0.00>
ST_1 : Operation 98 [1/1] (0.00ns)   --->   "%trunc_ln427_1 = partselect i59 @_ssdm_op_PartSelect.i59.i64.i32.i32, i64 %add_ln427_1, i32 5, i32 63" [../src/msm.cpp:427]   --->   Operation 98 'partselect' 'trunc_ln427_1' <Predicate = (icmp_ln420)> <Delay = 0.00>
ST_1 : Operation 99 [1/1] (0.00ns)   --->   "%trunc_ln427_2 = partselect i59 @_ssdm_op_PartSelect.i59.i64.i32.i32, i64 %add_ln427_2, i32 5, i32 63" [../src/msm.cpp:427]   --->   Operation 99 'partselect' 'trunc_ln427_2' <Predicate = (icmp_ln420)> <Delay = 0.00>
ST_1 : Operation 100 [1/1] (0.00ns)   --->   "%trunc_ln427_3 = partselect i59 @_ssdm_op_PartSelect.i59.i64.i32.i32, i64 %add_ln427_3, i32 5, i32 63" [../src/msm.cpp:427]   --->   Operation 100 'partselect' 'trunc_ln427_3' <Predicate = (icmp_ln420)> <Delay = 0.00>
ST_1 : Operation 101 [1/1] (0.42ns)   --->   "%store_ln420 = store i31 %add_ln420, i31 %i" [../src/msm.cpp:420]   --->   Operation 101 'store' 'store_ln420' <Predicate = (icmp_ln420)> <Delay = 0.42>

State 2 <SV = 1> <Delay = 2.92>
ST_2 : Operation 102 [1/1] (0.00ns)   --->   "%sext_ln423 = sext i59 %trunc_ln" [../src/msm.cpp:423]   --->   Operation 102 'sext' 'sext_ln423' <Predicate = (icmp_ln420 & trunc_ln420 == 0)> <Delay = 0.00>
ST_2 : Operation 103 [1/1] (0.00ns)   --->   "%gmem0_0_addr = getelementptr i256 %gmem0_0, i64 %sext_ln423" [../src/msm.cpp:423]   --->   Operation 103 'getelementptr' 'gmem0_0_addr' <Predicate = (icmp_ln420 & trunc_ln420 == 0)> <Delay = 0.00>
ST_2 : Operation 104 [8/8] (2.92ns)   --->   "%gmem0_0_load_req = readreq i1 @_ssdm_op_ReadReq.m_axi.i256P1A, i256 %gmem0_0_addr, i64 1" [../src/msm.cpp:423]   --->   Operation 104 'readreq' 'gmem0_0_load_req' <Predicate = (icmp_ln420 & trunc_ln420 == 0)> <Delay = 2.92> <CoreInst = "m_axi">   --->   Core 119 'm_axi' <Latency = 6> <II = 1> <Delay = 1.00> <Adapter> <Opcode : 'read' 'write' 'readreq' 'writereq' 'writeresp'>
ST_2 : Operation 105 [1/1] (0.00ns)   --->   "%sext_ln423_1 = sext i59 %trunc_ln423_1" [../src/msm.cpp:423]   --->   Operation 105 'sext' 'sext_ln423_1' <Predicate = (icmp_ln420 & trunc_ln420 == 1)> <Delay = 0.00>
ST_2 : Operation 106 [1/1] (0.00ns)   --->   "%gmem0_1_addr = getelementptr i256 %gmem0_1, i64 %sext_ln423_1" [../src/msm.cpp:423]   --->   Operation 106 'getelementptr' 'gmem0_1_addr' <Predicate = (icmp_ln420 & trunc_ln420 == 1)> <Delay = 0.00>
ST_2 : Operation 107 [8/8] (2.92ns)   --->   "%gmem0_1_load_req = readreq i1 @_ssdm_op_ReadReq.m_axi.i256P1A, i256 %gmem0_1_addr, i64 1" [../src/msm.cpp:423]   --->   Operation 107 'readreq' 'gmem0_1_load_req' <Predicate = (icmp_ln420 & trunc_ln420 == 1)> <Delay = 2.92> <CoreInst = "m_axi">   --->   Core 119 'm_axi' <Latency = 6> <II = 1> <Delay = 1.00> <Adapter> <Opcode : 'read' 'write' 'readreq' 'writereq' 'writeresp'>
ST_2 : Operation 108 [1/1] (0.00ns)   --->   "%sext_ln423_2 = sext i59 %trunc_ln423_2" [../src/msm.cpp:423]   --->   Operation 108 'sext' 'sext_ln423_2' <Predicate = (icmp_ln420 & trunc_ln420 == 2)> <Delay = 0.00>
ST_2 : Operation 109 [1/1] (0.00ns)   --->   "%gmem0_2_addr = getelementptr i256 %gmem0_2, i64 %sext_ln423_2" [../src/msm.cpp:423]   --->   Operation 109 'getelementptr' 'gmem0_2_addr' <Predicate = (icmp_ln420 & trunc_ln420 == 2)> <Delay = 0.00>
ST_2 : Operation 110 [8/8] (2.92ns)   --->   "%gmem0_2_load_req = readreq i1 @_ssdm_op_ReadReq.m_axi.i256P1A, i256 %gmem0_2_addr, i64 1" [../src/msm.cpp:423]   --->   Operation 110 'readreq' 'gmem0_2_load_req' <Predicate = (icmp_ln420 & trunc_ln420 == 2)> <Delay = 2.92> <CoreInst = "m_axi">   --->   Core 119 'm_axi' <Latency = 6> <II = 1> <Delay = 1.00> <Adapter> <Opcode : 'read' 'write' 'readreq' 'writereq' 'writeresp'>
ST_2 : Operation 111 [1/1] (0.00ns)   --->   "%sext_ln423_3 = sext i59 %trunc_ln423_3" [../src/msm.cpp:423]   --->   Operation 111 'sext' 'sext_ln423_3' <Predicate = (icmp_ln420 & trunc_ln420 == 3)> <Delay = 0.00>
ST_2 : Operation 112 [1/1] (0.00ns)   --->   "%gmem0_3_addr = getelementptr i256 %gmem0_3, i64 %sext_ln423_3" [../src/msm.cpp:423]   --->   Operation 112 'getelementptr' 'gmem0_3_addr' <Predicate = (icmp_ln420 & trunc_ln420 == 3)> <Delay = 0.00>
ST_2 : Operation 113 [8/8] (2.92ns)   --->   "%gmem0_3_load_req = readreq i1 @_ssdm_op_ReadReq.m_axi.i256P1A, i256 %gmem0_3_addr, i64 1" [../src/msm.cpp:423]   --->   Operation 113 'readreq' 'gmem0_3_load_req' <Predicate = (icmp_ln420 & trunc_ln420 == 3)> <Delay = 2.92> <CoreInst = "m_axi">   --->   Core 119 'm_axi' <Latency = 6> <II = 1> <Delay = 1.00> <Adapter> <Opcode : 'read' 'write' 'readreq' 'writereq' 'writeresp'>
ST_2 : Operation 114 [1/1] (0.00ns)   --->   "%sext_ln424 = sext i59 %trunc_ln1" [../src/msm.cpp:424]   --->   Operation 114 'sext' 'sext_ln424' <Predicate = (icmp_ln420 & trunc_ln420 == 0)> <Delay = 0.00>
ST_2 : Operation 115 [1/1] (0.00ns)   --->   "%gmem1_0_addr = getelementptr i256 %gmem1_0, i64 %sext_ln424" [../src/msm.cpp:424]   --->   Operation 115 'getelementptr' 'gmem1_0_addr' <Predicate = (icmp_ln420 & trunc_ln420 == 0)> <Delay = 0.00>
ST_2 : Operation 116 [8/8] (2.92ns)   --->   "%gmem1_0_load_req = readreq i1 @_ssdm_op_ReadReq.m_axi.i256P1A, i256 %gmem1_0_addr, i64 1" [../src/msm.cpp:424]   --->   Operation 116 'readreq' 'gmem1_0_load_req' <Predicate = (icmp_ln420 & trunc_ln420 == 0)> <Delay = 2.92> <CoreInst = "m_axi">   --->   Core 119 'm_axi' <Latency = 6> <II = 1> <Delay = 1.00> <Adapter> <Opcode : 'read' 'write' 'readreq' 'writereq' 'writeresp'>
ST_2 : Operation 117 [1/1] (0.00ns)   --->   "%sext_ln424_1 = sext i59 %trunc_ln424_1" [../src/msm.cpp:424]   --->   Operation 117 'sext' 'sext_ln424_1' <Predicate = (icmp_ln420 & trunc_ln420 == 1)> <Delay = 0.00>
ST_2 : Operation 118 [1/1] (0.00ns)   --->   "%gmem1_1_addr = getelementptr i256 %gmem1_1, i64 %sext_ln424_1" [../src/msm.cpp:424]   --->   Operation 118 'getelementptr' 'gmem1_1_addr' <Predicate = (icmp_ln420 & trunc_ln420 == 1)> <Delay = 0.00>
ST_2 : Operation 119 [8/8] (2.92ns)   --->   "%gmem1_1_load_req = readreq i1 @_ssdm_op_ReadReq.m_axi.i256P1A, i256 %gmem1_1_addr, i64 1" [../src/msm.cpp:424]   --->   Operation 119 'readreq' 'gmem1_1_load_req' <Predicate = (icmp_ln420 & trunc_ln420 == 1)> <Delay = 2.92> <CoreInst = "m_axi">   --->   Core 119 'm_axi' <Latency = 6> <II = 1> <Delay = 1.00> <Adapter> <Opcode : 'read' 'write' 'readreq' 'writereq' 'writeresp'>
ST_2 : Operation 120 [1/1] (0.00ns)   --->   "%sext_ln424_2 = sext i59 %trunc_ln424_2" [../src/msm.cpp:424]   --->   Operation 120 'sext' 'sext_ln424_2' <Predicate = (icmp_ln420 & trunc_ln420 == 2)> <Delay = 0.00>
ST_2 : Operation 121 [1/1] (0.00ns)   --->   "%gmem1_2_addr = getelementptr i256 %gmem1_2, i64 %sext_ln424_2" [../src/msm.cpp:424]   --->   Operation 121 'getelementptr' 'gmem1_2_addr' <Predicate = (icmp_ln420 & trunc_ln420 == 2)> <Delay = 0.00>
ST_2 : Operation 122 [8/8] (2.92ns)   --->   "%gmem1_2_load_req = readreq i1 @_ssdm_op_ReadReq.m_axi.i256P1A, i256 %gmem1_2_addr, i64 1" [../src/msm.cpp:424]   --->   Operation 122 'readreq' 'gmem1_2_load_req' <Predicate = (icmp_ln420 & trunc_ln420 == 2)> <Delay = 2.92> <CoreInst = "m_axi">   --->   Core 119 'm_axi' <Latency = 6> <II = 1> <Delay = 1.00> <Adapter> <Opcode : 'read' 'write' 'readreq' 'writereq' 'writeresp'>
ST_2 : Operation 123 [1/1] (0.00ns)   --->   "%sext_ln424_3 = sext i59 %trunc_ln424_3" [../src/msm.cpp:424]   --->   Operation 123 'sext' 'sext_ln424_3' <Predicate = (icmp_ln420 & trunc_ln420 == 3)> <Delay = 0.00>
ST_2 : Operation 124 [1/1] (0.00ns)   --->   "%gmem1_3_addr = getelementptr i256 %gmem1_3, i64 %sext_ln424_3" [../src/msm.cpp:424]   --->   Operation 124 'getelementptr' 'gmem1_3_addr' <Predicate = (icmp_ln420 & trunc_ln420 == 3)> <Delay = 0.00>
ST_2 : Operation 125 [8/8] (2.92ns)   --->   "%gmem1_3_load_req = readreq i1 @_ssdm_op_ReadReq.m_axi.i256P1A, i256 %gmem1_3_addr, i64 1" [../src/msm.cpp:424]   --->   Operation 125 'readreq' 'gmem1_3_load_req' <Predicate = (icmp_ln420 & trunc_ln420 == 3)> <Delay = 2.92> <CoreInst = "m_axi">   --->   Core 119 'm_axi' <Latency = 6> <II = 1> <Delay = 1.00> <Adapter> <Opcode : 'read' 'write' 'readreq' 'writereq' 'writeresp'>
ST_2 : Operation 126 [1/1] (0.00ns)   --->   "%sext_ln425 = sext i59 %trunc_ln2" [../src/msm.cpp:425]   --->   Operation 126 'sext' 'sext_ln425' <Predicate = (icmp_ln420 & trunc_ln420 == 0)> <Delay = 0.00>
ST_2 : Operation 127 [1/1] (0.00ns)   --->   "%gmem2_0_addr = getelementptr i256 %gmem2_0, i64 %sext_ln425" [../src/msm.cpp:425]   --->   Operation 127 'getelementptr' 'gmem2_0_addr' <Predicate = (icmp_ln420 & trunc_ln420 == 0)> <Delay = 0.00>
ST_2 : Operation 128 [8/8] (2.92ns)   --->   "%gmem2_0_load_req = readreq i1 @_ssdm_op_ReadReq.m_axi.i256P1A, i256 %gmem2_0_addr, i64 1" [../src/msm.cpp:425]   --->   Operation 128 'readreq' 'gmem2_0_load_req' <Predicate = (icmp_ln420 & trunc_ln420 == 0)> <Delay = 2.92> <CoreInst = "m_axi">   --->   Core 119 'm_axi' <Latency = 6> <II = 1> <Delay = 1.00> <Adapter> <Opcode : 'read' 'write' 'readreq' 'writereq' 'writeresp'>
ST_2 : Operation 129 [1/1] (0.00ns)   --->   "%sext_ln425_1 = sext i59 %trunc_ln425_1" [../src/msm.cpp:425]   --->   Operation 129 'sext' 'sext_ln425_1' <Predicate = (icmp_ln420 & trunc_ln420 == 1)> <Delay = 0.00>
ST_2 : Operation 130 [1/1] (0.00ns)   --->   "%gmem2_1_addr = getelementptr i256 %gmem2_1, i64 %sext_ln425_1" [../src/msm.cpp:425]   --->   Operation 130 'getelementptr' 'gmem2_1_addr' <Predicate = (icmp_ln420 & trunc_ln420 == 1)> <Delay = 0.00>
ST_2 : Operation 131 [8/8] (2.92ns)   --->   "%gmem2_1_load_req = readreq i1 @_ssdm_op_ReadReq.m_axi.i256P1A, i256 %gmem2_1_addr, i64 1" [../src/msm.cpp:425]   --->   Operation 131 'readreq' 'gmem2_1_load_req' <Predicate = (icmp_ln420 & trunc_ln420 == 1)> <Delay = 2.92> <CoreInst = "m_axi">   --->   Core 119 'm_axi' <Latency = 6> <II = 1> <Delay = 1.00> <Adapter> <Opcode : 'read' 'write' 'readreq' 'writereq' 'writeresp'>
ST_2 : Operation 132 [1/1] (0.00ns)   --->   "%sext_ln425_2 = sext i59 %trunc_ln425_2" [../src/msm.cpp:425]   --->   Operation 132 'sext' 'sext_ln425_2' <Predicate = (icmp_ln420 & trunc_ln420 == 2)> <Delay = 0.00>
ST_2 : Operation 133 [1/1] (0.00ns)   --->   "%gmem2_2_addr = getelementptr i256 %gmem2_2, i64 %sext_ln425_2" [../src/msm.cpp:425]   --->   Operation 133 'getelementptr' 'gmem2_2_addr' <Predicate = (icmp_ln420 & trunc_ln420 == 2)> <Delay = 0.00>
ST_2 : Operation 134 [8/8] (2.92ns)   --->   "%gmem2_2_load_req = readreq i1 @_ssdm_op_ReadReq.m_axi.i256P1A, i256 %gmem2_2_addr, i64 1" [../src/msm.cpp:425]   --->   Operation 134 'readreq' 'gmem2_2_load_req' <Predicate = (icmp_ln420 & trunc_ln420 == 2)> <Delay = 2.92> <CoreInst = "m_axi">   --->   Core 119 'm_axi' <Latency = 6> <II = 1> <Delay = 1.00> <Adapter> <Opcode : 'read' 'write' 'readreq' 'writereq' 'writeresp'>
ST_2 : Operation 135 [1/1] (0.00ns)   --->   "%sext_ln425_3 = sext i59 %trunc_ln425_3" [../src/msm.cpp:425]   --->   Operation 135 'sext' 'sext_ln425_3' <Predicate = (icmp_ln420 & trunc_ln420 == 3)> <Delay = 0.00>
ST_2 : Operation 136 [1/1] (0.00ns)   --->   "%gmem2_3_addr = getelementptr i256 %gmem2_3, i64 %sext_ln425_3" [../src/msm.cpp:425]   --->   Operation 136 'getelementptr' 'gmem2_3_addr' <Predicate = (icmp_ln420 & trunc_ln420 == 3)> <Delay = 0.00>
ST_2 : Operation 137 [8/8] (2.92ns)   --->   "%gmem2_3_load_req = readreq i1 @_ssdm_op_ReadReq.m_axi.i256P1A, i256 %gmem2_3_addr, i64 1" [../src/msm.cpp:425]   --->   Operation 137 'readreq' 'gmem2_3_load_req' <Predicate = (icmp_ln420 & trunc_ln420 == 3)> <Delay = 2.92> <CoreInst = "m_axi">   --->   Core 119 'm_axi' <Latency = 6> <II = 1> <Delay = 1.00> <Adapter> <Opcode : 'read' 'write' 'readreq' 'writereq' 'writeresp'>
ST_2 : Operation 138 [1/1] (1.08ns)   --->   "%add_ln426 = add i64 %zext_ln423, i64 %t_array_0_read" [../src/msm.cpp:426]   --->   Operation 138 'add' 'add_ln426' <Predicate = (icmp_ln420 & trunc_ln420 == 0)> <Delay = 1.08> <CoreInst = "Adder">   --->   Core 1 'Adder' <Latency = 0> <II = 1> <Delay = 1.08> <FuncUnit> <Opcode : 'add' 'sub'> <InPorts = 2> <OutPorts = 1>
ST_2 : Operation 139 [1/1] (1.08ns)   --->   "%add_ln426_1 = add i64 %zext_ln423, i64 %t_array_1_read" [../src/msm.cpp:426]   --->   Operation 139 'add' 'add_ln426_1' <Predicate = (icmp_ln420 & trunc_ln420 == 1)> <Delay = 1.08> <CoreInst = "Adder">   --->   Core 1 'Adder' <Latency = 0> <II = 1> <Delay = 1.08> <FuncUnit> <Opcode : 'add' 'sub'> <InPorts = 2> <OutPorts = 1>
ST_2 : Operation 140 [1/1] (1.08ns)   --->   "%add_ln426_2 = add i64 %zext_ln423, i64 %t_array_2_read" [../src/msm.cpp:426]   --->   Operation 140 'add' 'add_ln426_2' <Predicate = (icmp_ln420 & trunc_ln420 == 2)> <Delay = 1.08> <CoreInst = "Adder">   --->   Core 1 'Adder' <Latency = 0> <II = 1> <Delay = 1.08> <FuncUnit> <Opcode : 'add' 'sub'> <InPorts = 2> <OutPorts = 1>
ST_2 : Operation 141 [1/1] (1.08ns)   --->   "%add_ln426_3 = add i64 %zext_ln423, i64 %t_array_3_read" [../src/msm.cpp:426]   --->   Operation 141 'add' 'add_ln426_3' <Predicate = (icmp_ln420 & trunc_ln420 == 3)> <Delay = 1.08> <CoreInst = "Adder">   --->   Core 1 'Adder' <Latency = 0> <II = 1> <Delay = 1.08> <FuncUnit> <Opcode : 'add' 'sub'> <InPorts = 2> <OutPorts = 1>
ST_2 : Operation 142 [1/1] (0.00ns)   --->   "%trunc_ln3 = partselect i59 @_ssdm_op_PartSelect.i59.i64.i32.i32, i64 %add_ln426, i32 5, i32 63" [../src/msm.cpp:426]   --->   Operation 142 'partselect' 'trunc_ln3' <Predicate = (icmp_ln420 & trunc_ln420 == 0)> <Delay = 0.00>
ST_2 : Operation 143 [1/1] (0.00ns)   --->   "%trunc_ln426_1 = partselect i59 @_ssdm_op_PartSelect.i59.i64.i32.i32, i64 %add_ln426_1, i32 5, i32 63" [../src/msm.cpp:426]   --->   Operation 143 'partselect' 'trunc_ln426_1' <Predicate = (icmp_ln420 & trunc_ln420 == 1)> <Delay = 0.00>
ST_2 : Operation 144 [1/1] (0.00ns)   --->   "%trunc_ln426_2 = partselect i59 @_ssdm_op_PartSelect.i59.i64.i32.i32, i64 %add_ln426_2, i32 5, i32 63" [../src/msm.cpp:426]   --->   Operation 144 'partselect' 'trunc_ln426_2' <Predicate = (icmp_ln420 & trunc_ln420 == 2)> <Delay = 0.00>
ST_2 : Operation 145 [1/1] (0.00ns)   --->   "%trunc_ln426_3 = partselect i59 @_ssdm_op_PartSelect.i59.i64.i32.i32, i64 %add_ln426_3, i32 5, i32 63" [../src/msm.cpp:426]   --->   Operation 145 'partselect' 'trunc_ln426_3' <Predicate = (icmp_ln420 & trunc_ln420 == 3)> <Delay = 0.00>
ST_2 : Operation 146 [1/1] (0.00ns)   --->   "%sext_ln427 = sext i59 %trunc_ln4" [../src/msm.cpp:427]   --->   Operation 146 'sext' 'sext_ln427' <Predicate = (icmp_ln420 & trunc_ln420 == 0)> <Delay = 0.00>
ST_2 : Operation 147 [1/1] (0.00ns)   --->   "%gmem3_0_addr = getelementptr i256 %gmem3_0, i64 %sext_ln427" [../src/msm.cpp:427]   --->   Operation 147 'getelementptr' 'gmem3_0_addr' <Predicate = (icmp_ln420 & trunc_ln420 == 0)> <Delay = 0.00>
ST_2 : Operation 148 [8/8] (2.92ns)   --->   "%gmem3_0_load_req = readreq i1 @_ssdm_op_ReadReq.m_axi.i256P1A, i256 %gmem3_0_addr, i64 1" [../src/msm.cpp:427]   --->   Operation 148 'readreq' 'gmem3_0_load_req' <Predicate = (icmp_ln420 & trunc_ln420 == 0)> <Delay = 2.92> <CoreInst = "m_axi">   --->   Core 119 'm_axi' <Latency = 6> <II = 1> <Delay = 1.00> <Adapter> <Opcode : 'read' 'write' 'readreq' 'writereq' 'writeresp'>
ST_2 : Operation 149 [1/1] (0.00ns)   --->   "%sext_ln427_1 = sext i59 %trunc_ln427_1" [../src/msm.cpp:427]   --->   Operation 149 'sext' 'sext_ln427_1' <Predicate = (icmp_ln420 & trunc_ln420 == 1)> <Delay = 0.00>
ST_2 : Operation 150 [1/1] (0.00ns)   --->   "%gmem3_1_addr = getelementptr i256 %gmem3_1, i64 %sext_ln427_1" [../src/msm.cpp:427]   --->   Operation 150 'getelementptr' 'gmem3_1_addr' <Predicate = (icmp_ln420 & trunc_ln420 == 1)> <Delay = 0.00>
ST_2 : Operation 151 [8/8] (2.92ns)   --->   "%gmem3_1_load_req = readreq i1 @_ssdm_op_ReadReq.m_axi.i256P1A, i256 %gmem3_1_addr, i64 1" [../src/msm.cpp:427]   --->   Operation 151 'readreq' 'gmem3_1_load_req' <Predicate = (icmp_ln420 & trunc_ln420 == 1)> <Delay = 2.92> <CoreInst = "m_axi">   --->   Core 119 'm_axi' <Latency = 6> <II = 1> <Delay = 1.00> <Adapter> <Opcode : 'read' 'write' 'readreq' 'writereq' 'writeresp'>
ST_2 : Operation 152 [1/1] (0.00ns)   --->   "%sext_ln427_2 = sext i59 %trunc_ln427_2" [../src/msm.cpp:427]   --->   Operation 152 'sext' 'sext_ln427_2' <Predicate = (icmp_ln420 & trunc_ln420 == 2)> <Delay = 0.00>
ST_2 : Operation 153 [1/1] (0.00ns)   --->   "%gmem3_2_addr = getelementptr i256 %gmem3_2, i64 %sext_ln427_2" [../src/msm.cpp:427]   --->   Operation 153 'getelementptr' 'gmem3_2_addr' <Predicate = (icmp_ln420 & trunc_ln420 == 2)> <Delay = 0.00>
ST_2 : Operation 154 [8/8] (2.92ns)   --->   "%gmem3_2_load_req = readreq i1 @_ssdm_op_ReadReq.m_axi.i256P1A, i256 %gmem3_2_addr, i64 1" [../src/msm.cpp:427]   --->   Operation 154 'readreq' 'gmem3_2_load_req' <Predicate = (icmp_ln420 & trunc_ln420 == 2)> <Delay = 2.92> <CoreInst = "m_axi">   --->   Core 119 'm_axi' <Latency = 6> <II = 1> <Delay = 1.00> <Adapter> <Opcode : 'read' 'write' 'readreq' 'writereq' 'writeresp'>
ST_2 : Operation 155 [1/1] (0.00ns)   --->   "%sext_ln427_3 = sext i59 %trunc_ln427_3" [../src/msm.cpp:427]   --->   Operation 155 'sext' 'sext_ln427_3' <Predicate = (icmp_ln420 & trunc_ln420 == 3)> <Delay = 0.00>
ST_2 : Operation 156 [1/1] (0.00ns)   --->   "%gmem3_3_addr = getelementptr i256 %gmem3_3, i64 %sext_ln427_3" [../src/msm.cpp:427]   --->   Operation 156 'getelementptr' 'gmem3_3_addr' <Predicate = (icmp_ln420 & trunc_ln420 == 3)> <Delay = 0.00>
ST_2 : Operation 157 [8/8] (2.92ns)   --->   "%gmem3_3_load_req = readreq i1 @_ssdm_op_ReadReq.m_axi.i256P1A, i256 %gmem3_3_addr, i64 1" [../src/msm.cpp:427]   --->   Operation 157 'readreq' 'gmem3_3_load_req' <Predicate = (icmp_ln420 & trunc_ln420 == 3)> <Delay = 2.92> <CoreInst = "m_axi">   --->   Core 119 'm_axi' <Latency = 6> <II = 1> <Delay = 1.00> <Adapter> <Opcode : 'read' 'write' 'readreq' 'writereq' 'writeresp'>

State 3 <SV = 2> <Delay = 2.92>
ST_3 : Operation 158 [7/8] (2.92ns)   --->   "%gmem0_0_load_req = readreq i1 @_ssdm_op_ReadReq.m_axi.i256P1A, i256 %gmem0_0_addr, i64 1" [../src/msm.cpp:423]   --->   Operation 158 'readreq' 'gmem0_0_load_req' <Predicate = (trunc_ln420 == 0)> <Delay = 2.92> <CoreInst = "m_axi">   --->   Core 119 'm_axi' <Latency = 6> <II = 1> <Delay = 1.00> <Adapter> <Opcode : 'read' 'write' 'readreq' 'writereq' 'writeresp'>
ST_3 : Operation 159 [7/8] (2.92ns)   --->   "%gmem0_1_load_req = readreq i1 @_ssdm_op_ReadReq.m_axi.i256P1A, i256 %gmem0_1_addr, i64 1" [../src/msm.cpp:423]   --->   Operation 159 'readreq' 'gmem0_1_load_req' <Predicate = (trunc_ln420 == 1)> <Delay = 2.92> <CoreInst = "m_axi">   --->   Core 119 'm_axi' <Latency = 6> <II = 1> <Delay = 1.00> <Adapter> <Opcode : 'read' 'write' 'readreq' 'writereq' 'writeresp'>
ST_3 : Operation 160 [7/8] (2.92ns)   --->   "%gmem0_2_load_req = readreq i1 @_ssdm_op_ReadReq.m_axi.i256P1A, i256 %gmem0_2_addr, i64 1" [../src/msm.cpp:423]   --->   Operation 160 'readreq' 'gmem0_2_load_req' <Predicate = (trunc_ln420 == 2)> <Delay = 2.92> <CoreInst = "m_axi">   --->   Core 119 'm_axi' <Latency = 6> <II = 1> <Delay = 1.00> <Adapter> <Opcode : 'read' 'write' 'readreq' 'writereq' 'writeresp'>
ST_3 : Operation 161 [7/8] (2.92ns)   --->   "%gmem0_3_load_req = readreq i1 @_ssdm_op_ReadReq.m_axi.i256P1A, i256 %gmem0_3_addr, i64 1" [../src/msm.cpp:423]   --->   Operation 161 'readreq' 'gmem0_3_load_req' <Predicate = (trunc_ln420 == 3)> <Delay = 2.92> <CoreInst = "m_axi">   --->   Core 119 'm_axi' <Latency = 6> <II = 1> <Delay = 1.00> <Adapter> <Opcode : 'read' 'write' 'readreq' 'writereq' 'writeresp'>
ST_3 : Operation 162 [7/8] (2.92ns)   --->   "%gmem1_0_load_req = readreq i1 @_ssdm_op_ReadReq.m_axi.i256P1A, i256 %gmem1_0_addr, i64 1" [../src/msm.cpp:424]   --->   Operation 162 'readreq' 'gmem1_0_load_req' <Predicate = (trunc_ln420 == 0)> <Delay = 2.92> <CoreInst = "m_axi">   --->   Core 119 'm_axi' <Latency = 6> <II = 1> <Delay = 1.00> <Adapter> <Opcode : 'read' 'write' 'readreq' 'writereq' 'writeresp'>
ST_3 : Operation 163 [7/8] (2.92ns)   --->   "%gmem1_1_load_req = readreq i1 @_ssdm_op_ReadReq.m_axi.i256P1A, i256 %gmem1_1_addr, i64 1" [../src/msm.cpp:424]   --->   Operation 163 'readreq' 'gmem1_1_load_req' <Predicate = (trunc_ln420 == 1)> <Delay = 2.92> <CoreInst = "m_axi">   --->   Core 119 'm_axi' <Latency = 6> <II = 1> <Delay = 1.00> <Adapter> <Opcode : 'read' 'write' 'readreq' 'writereq' 'writeresp'>
ST_3 : Operation 164 [7/8] (2.92ns)   --->   "%gmem1_2_load_req = readreq i1 @_ssdm_op_ReadReq.m_axi.i256P1A, i256 %gmem1_2_addr, i64 1" [../src/msm.cpp:424]   --->   Operation 164 'readreq' 'gmem1_2_load_req' <Predicate = (trunc_ln420 == 2)> <Delay = 2.92> <CoreInst = "m_axi">   --->   Core 119 'm_axi' <Latency = 6> <II = 1> <Delay = 1.00> <Adapter> <Opcode : 'read' 'write' 'readreq' 'writereq' 'writeresp'>
ST_3 : Operation 165 [7/8] (2.92ns)   --->   "%gmem1_3_load_req = readreq i1 @_ssdm_op_ReadReq.m_axi.i256P1A, i256 %gmem1_3_addr, i64 1" [../src/msm.cpp:424]   --->   Operation 165 'readreq' 'gmem1_3_load_req' <Predicate = (trunc_ln420 == 3)> <Delay = 2.92> <CoreInst = "m_axi">   --->   Core 119 'm_axi' <Latency = 6> <II = 1> <Delay = 1.00> <Adapter> <Opcode : 'read' 'write' 'readreq' 'writereq' 'writeresp'>
ST_3 : Operation 166 [7/8] (2.92ns)   --->   "%gmem2_0_load_req = readreq i1 @_ssdm_op_ReadReq.m_axi.i256P1A, i256 %gmem2_0_addr, i64 1" [../src/msm.cpp:425]   --->   Operation 166 'readreq' 'gmem2_0_load_req' <Predicate = (trunc_ln420 == 0)> <Delay = 2.92> <CoreInst = "m_axi">   --->   Core 119 'm_axi' <Latency = 6> <II = 1> <Delay = 1.00> <Adapter> <Opcode : 'read' 'write' 'readreq' 'writereq' 'writeresp'>
ST_3 : Operation 167 [7/8] (2.92ns)   --->   "%gmem2_1_load_req = readreq i1 @_ssdm_op_ReadReq.m_axi.i256P1A, i256 %gmem2_1_addr, i64 1" [../src/msm.cpp:425]   --->   Operation 167 'readreq' 'gmem2_1_load_req' <Predicate = (trunc_ln420 == 1)> <Delay = 2.92> <CoreInst = "m_axi">   --->   Core 119 'm_axi' <Latency = 6> <II = 1> <Delay = 1.00> <Adapter> <Opcode : 'read' 'write' 'readreq' 'writereq' 'writeresp'>
ST_3 : Operation 168 [7/8] (2.92ns)   --->   "%gmem2_2_load_req = readreq i1 @_ssdm_op_ReadReq.m_axi.i256P1A, i256 %gmem2_2_addr, i64 1" [../src/msm.cpp:425]   --->   Operation 168 'readreq' 'gmem2_2_load_req' <Predicate = (trunc_ln420 == 2)> <Delay = 2.92> <CoreInst = "m_axi">   --->   Core 119 'm_axi' <Latency = 6> <II = 1> <Delay = 1.00> <Adapter> <Opcode : 'read' 'write' 'readreq' 'writereq' 'writeresp'>
ST_3 : Operation 169 [7/8] (2.92ns)   --->   "%gmem2_3_load_req = readreq i1 @_ssdm_op_ReadReq.m_axi.i256P1A, i256 %gmem2_3_addr, i64 1" [../src/msm.cpp:425]   --->   Operation 169 'readreq' 'gmem2_3_load_req' <Predicate = (trunc_ln420 == 3)> <Delay = 2.92> <CoreInst = "m_axi">   --->   Core 119 'm_axi' <Latency = 6> <II = 1> <Delay = 1.00> <Adapter> <Opcode : 'read' 'write' 'readreq' 'writereq' 'writeresp'>
ST_3 : Operation 170 [1/1] (0.00ns)   --->   "%sext_ln426 = sext i59 %trunc_ln3" [../src/msm.cpp:426]   --->   Operation 170 'sext' 'sext_ln426' <Predicate = (trunc_ln420 == 0)> <Delay = 0.00>
ST_3 : Operation 171 [1/1] (0.00ns)   --->   "%gmem2_0_addr_1 = getelementptr i256 %gmem2_0, i64 %sext_ln426" [../src/msm.cpp:426]   --->   Operation 171 'getelementptr' 'gmem2_0_addr_1' <Predicate = (trunc_ln420 == 0)> <Delay = 0.00>
ST_3 : Operation 172 [8/8] (2.92ns)   --->   "%gmem2_0_load_1_req = readreq i1 @_ssdm_op_ReadReq.m_axi.i256P1A, i256 %gmem2_0_addr_1, i64 1" [../src/msm.cpp:426]   --->   Operation 172 'readreq' 'gmem2_0_load_1_req' <Predicate = (trunc_ln420 == 0)> <Delay = 2.92> <CoreInst = "m_axi">   --->   Core 119 'm_axi' <Latency = 6> <II = 1> <Delay = 1.00> <Adapter> <Opcode : 'read' 'write' 'readreq' 'writereq' 'writeresp'>
ST_3 : Operation 173 [1/1] (0.00ns)   --->   "%sext_ln426_1 = sext i59 %trunc_ln426_1" [../src/msm.cpp:426]   --->   Operation 173 'sext' 'sext_ln426_1' <Predicate = (trunc_ln420 == 1)> <Delay = 0.00>
ST_3 : Operation 174 [1/1] (0.00ns)   --->   "%gmem2_1_addr_1 = getelementptr i256 %gmem2_1, i64 %sext_ln426_1" [../src/msm.cpp:426]   --->   Operation 174 'getelementptr' 'gmem2_1_addr_1' <Predicate = (trunc_ln420 == 1)> <Delay = 0.00>
ST_3 : Operation 175 [8/8] (2.92ns)   --->   "%gmem2_1_load_1_req = readreq i1 @_ssdm_op_ReadReq.m_axi.i256P1A, i256 %gmem2_1_addr_1, i64 1" [../src/msm.cpp:426]   --->   Operation 175 'readreq' 'gmem2_1_load_1_req' <Predicate = (trunc_ln420 == 1)> <Delay = 2.92> <CoreInst = "m_axi">   --->   Core 119 'm_axi' <Latency = 6> <II = 1> <Delay = 1.00> <Adapter> <Opcode : 'read' 'write' 'readreq' 'writereq' 'writeresp'>
ST_3 : Operation 176 [1/1] (0.00ns)   --->   "%sext_ln426_2 = sext i59 %trunc_ln426_2" [../src/msm.cpp:426]   --->   Operation 176 'sext' 'sext_ln426_2' <Predicate = (trunc_ln420 == 2)> <Delay = 0.00>
ST_3 : Operation 177 [1/1] (0.00ns)   --->   "%gmem2_2_addr_1 = getelementptr i256 %gmem2_2, i64 %sext_ln426_2" [../src/msm.cpp:426]   --->   Operation 177 'getelementptr' 'gmem2_2_addr_1' <Predicate = (trunc_ln420 == 2)> <Delay = 0.00>
ST_3 : Operation 178 [8/8] (2.92ns)   --->   "%gmem2_2_load_1_req = readreq i1 @_ssdm_op_ReadReq.m_axi.i256P1A, i256 %gmem2_2_addr_1, i64 1" [../src/msm.cpp:426]   --->   Operation 178 'readreq' 'gmem2_2_load_1_req' <Predicate = (trunc_ln420 == 2)> <Delay = 2.92> <CoreInst = "m_axi">   --->   Core 119 'm_axi' <Latency = 6> <II = 1> <Delay = 1.00> <Adapter> <Opcode : 'read' 'write' 'readreq' 'writereq' 'writeresp'>
ST_3 : Operation 179 [1/1] (0.00ns)   --->   "%sext_ln426_3 = sext i59 %trunc_ln426_3" [../src/msm.cpp:426]   --->   Operation 179 'sext' 'sext_ln426_3' <Predicate = (trunc_ln420 == 3)> <Delay = 0.00>
ST_3 : Operation 180 [1/1] (0.00ns)   --->   "%gmem2_3_addr_1 = getelementptr i256 %gmem2_3, i64 %sext_ln426_3" [../src/msm.cpp:426]   --->   Operation 180 'getelementptr' 'gmem2_3_addr_1' <Predicate = (trunc_ln420 == 3)> <Delay = 0.00>
ST_3 : Operation 181 [8/8] (2.92ns)   --->   "%gmem2_3_load_1_req = readreq i1 @_ssdm_op_ReadReq.m_axi.i256P1A, i256 %gmem2_3_addr_1, i64 1" [../src/msm.cpp:426]   --->   Operation 181 'readreq' 'gmem2_3_load_1_req' <Predicate = (trunc_ln420 == 3)> <Delay = 2.92> <CoreInst = "m_axi">   --->   Core 119 'm_axi' <Latency = 6> <II = 1> <Delay = 1.00> <Adapter> <Opcode : 'read' 'write' 'readreq' 'writereq' 'writeresp'>
ST_3 : Operation 182 [7/8] (2.92ns)   --->   "%gmem3_0_load_req = readreq i1 @_ssdm_op_ReadReq.m_axi.i256P1A, i256 %gmem3_0_addr, i64 1" [../src/msm.cpp:427]   --->   Operation 182 'readreq' 'gmem3_0_load_req' <Predicate = (trunc_ln420 == 0)> <Delay = 2.92> <CoreInst = "m_axi">   --->   Core 119 'm_axi' <Latency = 6> <II = 1> <Delay = 1.00> <Adapter> <Opcode : 'read' 'write' 'readreq' 'writereq' 'writeresp'>
ST_3 : Operation 183 [7/8] (2.92ns)   --->   "%gmem3_1_load_req = readreq i1 @_ssdm_op_ReadReq.m_axi.i256P1A, i256 %gmem3_1_addr, i64 1" [../src/msm.cpp:427]   --->   Operation 183 'readreq' 'gmem3_1_load_req' <Predicate = (trunc_ln420 == 1)> <Delay = 2.92> <CoreInst = "m_axi">   --->   Core 119 'm_axi' <Latency = 6> <II = 1> <Delay = 1.00> <Adapter> <Opcode : 'read' 'write' 'readreq' 'writereq' 'writeresp'>
ST_3 : Operation 184 [7/8] (2.92ns)   --->   "%gmem3_2_load_req = readreq i1 @_ssdm_op_ReadReq.m_axi.i256P1A, i256 %gmem3_2_addr, i64 1" [../src/msm.cpp:427]   --->   Operation 184 'readreq' 'gmem3_2_load_req' <Predicate = (trunc_ln420 == 2)> <Delay = 2.92> <CoreInst = "m_axi">   --->   Core 119 'm_axi' <Latency = 6> <II = 1> <Delay = 1.00> <Adapter> <Opcode : 'read' 'write' 'readreq' 'writereq' 'writeresp'>
ST_3 : Operation 185 [7/8] (2.92ns)   --->   "%gmem3_3_load_req = readreq i1 @_ssdm_op_ReadReq.m_axi.i256P1A, i256 %gmem3_3_addr, i64 1" [../src/msm.cpp:427]   --->   Operation 185 'readreq' 'gmem3_3_load_req' <Predicate = (trunc_ln420 == 3)> <Delay = 2.92> <CoreInst = "m_axi">   --->   Core 119 'm_axi' <Latency = 6> <II = 1> <Delay = 1.00> <Adapter> <Opcode : 'read' 'write' 'readreq' 'writereq' 'writeresp'>

State 4 <SV = 3> <Delay = 2.92>
ST_4 : Operation 186 [6/8] (2.92ns)   --->   "%gmem0_0_load_req = readreq i1 @_ssdm_op_ReadReq.m_axi.i256P1A, i256 %gmem0_0_addr, i64 1" [../src/msm.cpp:423]   --->   Operation 186 'readreq' 'gmem0_0_load_req' <Predicate = (trunc_ln420 == 0)> <Delay = 2.92> <CoreInst = "m_axi">   --->   Core 119 'm_axi' <Latency = 6> <II = 1> <Delay = 1.00> <Adapter> <Opcode : 'read' 'write' 'readreq' 'writereq' 'writeresp'>
ST_4 : Operation 187 [6/8] (2.92ns)   --->   "%gmem0_1_load_req = readreq i1 @_ssdm_op_ReadReq.m_axi.i256P1A, i256 %gmem0_1_addr, i64 1" [../src/msm.cpp:423]   --->   Operation 187 'readreq' 'gmem0_1_load_req' <Predicate = (trunc_ln420 == 1)> <Delay = 2.92> <CoreInst = "m_axi">   --->   Core 119 'm_axi' <Latency = 6> <II = 1> <Delay = 1.00> <Adapter> <Opcode : 'read' 'write' 'readreq' 'writereq' 'writeresp'>
ST_4 : Operation 188 [6/8] (2.92ns)   --->   "%gmem0_2_load_req = readreq i1 @_ssdm_op_ReadReq.m_axi.i256P1A, i256 %gmem0_2_addr, i64 1" [../src/msm.cpp:423]   --->   Operation 188 'readreq' 'gmem0_2_load_req' <Predicate = (trunc_ln420 == 2)> <Delay = 2.92> <CoreInst = "m_axi">   --->   Core 119 'm_axi' <Latency = 6> <II = 1> <Delay = 1.00> <Adapter> <Opcode : 'read' 'write' 'readreq' 'writereq' 'writeresp'>
ST_4 : Operation 189 [6/8] (2.92ns)   --->   "%gmem0_3_load_req = readreq i1 @_ssdm_op_ReadReq.m_axi.i256P1A, i256 %gmem0_3_addr, i64 1" [../src/msm.cpp:423]   --->   Operation 189 'readreq' 'gmem0_3_load_req' <Predicate = (trunc_ln420 == 3)> <Delay = 2.92> <CoreInst = "m_axi">   --->   Core 119 'm_axi' <Latency = 6> <II = 1> <Delay = 1.00> <Adapter> <Opcode : 'read' 'write' 'readreq' 'writereq' 'writeresp'>
ST_4 : Operation 190 [6/8] (2.92ns)   --->   "%gmem1_0_load_req = readreq i1 @_ssdm_op_ReadReq.m_axi.i256P1A, i256 %gmem1_0_addr, i64 1" [../src/msm.cpp:424]   --->   Operation 190 'readreq' 'gmem1_0_load_req' <Predicate = (trunc_ln420 == 0)> <Delay = 2.92> <CoreInst = "m_axi">   --->   Core 119 'm_axi' <Latency = 6> <II = 1> <Delay = 1.00> <Adapter> <Opcode : 'read' 'write' 'readreq' 'writereq' 'writeresp'>
ST_4 : Operation 191 [6/8] (2.92ns)   --->   "%gmem1_1_load_req = readreq i1 @_ssdm_op_ReadReq.m_axi.i256P1A, i256 %gmem1_1_addr, i64 1" [../src/msm.cpp:424]   --->   Operation 191 'readreq' 'gmem1_1_load_req' <Predicate = (trunc_ln420 == 1)> <Delay = 2.92> <CoreInst = "m_axi">   --->   Core 119 'm_axi' <Latency = 6> <II = 1> <Delay = 1.00> <Adapter> <Opcode : 'read' 'write' 'readreq' 'writereq' 'writeresp'>
ST_4 : Operation 192 [6/8] (2.92ns)   --->   "%gmem1_2_load_req = readreq i1 @_ssdm_op_ReadReq.m_axi.i256P1A, i256 %gmem1_2_addr, i64 1" [../src/msm.cpp:424]   --->   Operation 192 'readreq' 'gmem1_2_load_req' <Predicate = (trunc_ln420 == 2)> <Delay = 2.92> <CoreInst = "m_axi">   --->   Core 119 'm_axi' <Latency = 6> <II = 1> <Delay = 1.00> <Adapter> <Opcode : 'read' 'write' 'readreq' 'writereq' 'writeresp'>
ST_4 : Operation 193 [6/8] (2.92ns)   --->   "%gmem1_3_load_req = readreq i1 @_ssdm_op_ReadReq.m_axi.i256P1A, i256 %gmem1_3_addr, i64 1" [../src/msm.cpp:424]   --->   Operation 193 'readreq' 'gmem1_3_load_req' <Predicate = (trunc_ln420 == 3)> <Delay = 2.92> <CoreInst = "m_axi">   --->   Core 119 'm_axi' <Latency = 6> <II = 1> <Delay = 1.00> <Adapter> <Opcode : 'read' 'write' 'readreq' 'writereq' 'writeresp'>
ST_4 : Operation 194 [6/8] (2.92ns)   --->   "%gmem2_0_load_req = readreq i1 @_ssdm_op_ReadReq.m_axi.i256P1A, i256 %gmem2_0_addr, i64 1" [../src/msm.cpp:425]   --->   Operation 194 'readreq' 'gmem2_0_load_req' <Predicate = (trunc_ln420 == 0)> <Delay = 2.92> <CoreInst = "m_axi">   --->   Core 119 'm_axi' <Latency = 6> <II = 1> <Delay = 1.00> <Adapter> <Opcode : 'read' 'write' 'readreq' 'writereq' 'writeresp'>
ST_4 : Operation 195 [6/8] (2.92ns)   --->   "%gmem2_1_load_req = readreq i1 @_ssdm_op_ReadReq.m_axi.i256P1A, i256 %gmem2_1_addr, i64 1" [../src/msm.cpp:425]   --->   Operation 195 'readreq' 'gmem2_1_load_req' <Predicate = (trunc_ln420 == 1)> <Delay = 2.92> <CoreInst = "m_axi">   --->   Core 119 'm_axi' <Latency = 6> <II = 1> <Delay = 1.00> <Adapter> <Opcode : 'read' 'write' 'readreq' 'writereq' 'writeresp'>
ST_4 : Operation 196 [6/8] (2.92ns)   --->   "%gmem2_2_load_req = readreq i1 @_ssdm_op_ReadReq.m_axi.i256P1A, i256 %gmem2_2_addr, i64 1" [../src/msm.cpp:425]   --->   Operation 196 'readreq' 'gmem2_2_load_req' <Predicate = (trunc_ln420 == 2)> <Delay = 2.92> <CoreInst = "m_axi">   --->   Core 119 'm_axi' <Latency = 6> <II = 1> <Delay = 1.00> <Adapter> <Opcode : 'read' 'write' 'readreq' 'writereq' 'writeresp'>
ST_4 : Operation 197 [6/8] (2.92ns)   --->   "%gmem2_3_load_req = readreq i1 @_ssdm_op_ReadReq.m_axi.i256P1A, i256 %gmem2_3_addr, i64 1" [../src/msm.cpp:425]   --->   Operation 197 'readreq' 'gmem2_3_load_req' <Predicate = (trunc_ln420 == 3)> <Delay = 2.92> <CoreInst = "m_axi">   --->   Core 119 'm_axi' <Latency = 6> <II = 1> <Delay = 1.00> <Adapter> <Opcode : 'read' 'write' 'readreq' 'writereq' 'writeresp'>
ST_4 : Operation 198 [7/8] (2.92ns)   --->   "%gmem2_0_load_1_req = readreq i1 @_ssdm_op_ReadReq.m_axi.i256P1A, i256 %gmem2_0_addr_1, i64 1" [../src/msm.cpp:426]   --->   Operation 198 'readreq' 'gmem2_0_load_1_req' <Predicate = (trunc_ln420 == 0)> <Delay = 2.92> <CoreInst = "m_axi">   --->   Core 119 'm_axi' <Latency = 6> <II = 1> <Delay = 1.00> <Adapter> <Opcode : 'read' 'write' 'readreq' 'writereq' 'writeresp'>
ST_4 : Operation 199 [7/8] (2.92ns)   --->   "%gmem2_1_load_1_req = readreq i1 @_ssdm_op_ReadReq.m_axi.i256P1A, i256 %gmem2_1_addr_1, i64 1" [../src/msm.cpp:426]   --->   Operation 199 'readreq' 'gmem2_1_load_1_req' <Predicate = (trunc_ln420 == 1)> <Delay = 2.92> <CoreInst = "m_axi">   --->   Core 119 'm_axi' <Latency = 6> <II = 1> <Delay = 1.00> <Adapter> <Opcode : 'read' 'write' 'readreq' 'writereq' 'writeresp'>
ST_4 : Operation 200 [7/8] (2.92ns)   --->   "%gmem2_2_load_1_req = readreq i1 @_ssdm_op_ReadReq.m_axi.i256P1A, i256 %gmem2_2_addr_1, i64 1" [../src/msm.cpp:426]   --->   Operation 200 'readreq' 'gmem2_2_load_1_req' <Predicate = (trunc_ln420 == 2)> <Delay = 2.92> <CoreInst = "m_axi">   --->   Core 119 'm_axi' <Latency = 6> <II = 1> <Delay = 1.00> <Adapter> <Opcode : 'read' 'write' 'readreq' 'writereq' 'writeresp'>
ST_4 : Operation 201 [7/8] (2.92ns)   --->   "%gmem2_3_load_1_req = readreq i1 @_ssdm_op_ReadReq.m_axi.i256P1A, i256 %gmem2_3_addr_1, i64 1" [../src/msm.cpp:426]   --->   Operation 201 'readreq' 'gmem2_3_load_1_req' <Predicate = (trunc_ln420 == 3)> <Delay = 2.92> <CoreInst = "m_axi">   --->   Core 119 'm_axi' <Latency = 6> <II = 1> <Delay = 1.00> <Adapter> <Opcode : 'read' 'write' 'readreq' 'writereq' 'writeresp'>
ST_4 : Operation 202 [6/8] (2.92ns)   --->   "%gmem3_0_load_req = readreq i1 @_ssdm_op_ReadReq.m_axi.i256P1A, i256 %gmem3_0_addr, i64 1" [../src/msm.cpp:427]   --->   Operation 202 'readreq' 'gmem3_0_load_req' <Predicate = (trunc_ln420 == 0)> <Delay = 2.92> <CoreInst = "m_axi">   --->   Core 119 'm_axi' <Latency = 6> <II = 1> <Delay = 1.00> <Adapter> <Opcode : 'read' 'write' 'readreq' 'writereq' 'writeresp'>
ST_4 : Operation 203 [6/8] (2.92ns)   --->   "%gmem3_1_load_req = readreq i1 @_ssdm_op_ReadReq.m_axi.i256P1A, i256 %gmem3_1_addr, i64 1" [../src/msm.cpp:427]   --->   Operation 203 'readreq' 'gmem3_1_load_req' <Predicate = (trunc_ln420 == 1)> <Delay = 2.92> <CoreInst = "m_axi">   --->   Core 119 'm_axi' <Latency = 6> <II = 1> <Delay = 1.00> <Adapter> <Opcode : 'read' 'write' 'readreq' 'writereq' 'writeresp'>
ST_4 : Operation 204 [6/8] (2.92ns)   --->   "%gmem3_2_load_req = readreq i1 @_ssdm_op_ReadReq.m_axi.i256P1A, i256 %gmem3_2_addr, i64 1" [../src/msm.cpp:427]   --->   Operation 204 'readreq' 'gmem3_2_load_req' <Predicate = (trunc_ln420 == 2)> <Delay = 2.92> <CoreInst = "m_axi">   --->   Core 119 'm_axi' <Latency = 6> <II = 1> <Delay = 1.00> <Adapter> <Opcode : 'read' 'write' 'readreq' 'writereq' 'writeresp'>
ST_4 : Operation 205 [6/8] (2.92ns)   --->   "%gmem3_3_load_req = readreq i1 @_ssdm_op_ReadReq.m_axi.i256P1A, i256 %gmem3_3_addr, i64 1" [../src/msm.cpp:427]   --->   Operation 205 'readreq' 'gmem3_3_load_req' <Predicate = (trunc_ln420 == 3)> <Delay = 2.92> <CoreInst = "m_axi">   --->   Core 119 'm_axi' <Latency = 6> <II = 1> <Delay = 1.00> <Adapter> <Opcode : 'read' 'write' 'readreq' 'writereq' 'writeresp'>

State 5 <SV = 4> <Delay = 2.92>
ST_5 : Operation 206 [5/8] (2.92ns)   --->   "%gmem0_0_load_req = readreq i1 @_ssdm_op_ReadReq.m_axi.i256P1A, i256 %gmem0_0_addr, i64 1" [../src/msm.cpp:423]   --->   Operation 206 'readreq' 'gmem0_0_load_req' <Predicate = (trunc_ln420 == 0)> <Delay = 2.92> <CoreInst = "m_axi">   --->   Core 119 'm_axi' <Latency = 6> <II = 1> <Delay = 1.00> <Adapter> <Opcode : 'read' 'write' 'readreq' 'writereq' 'writeresp'>
ST_5 : Operation 207 [5/8] (2.92ns)   --->   "%gmem0_1_load_req = readreq i1 @_ssdm_op_ReadReq.m_axi.i256P1A, i256 %gmem0_1_addr, i64 1" [../src/msm.cpp:423]   --->   Operation 207 'readreq' 'gmem0_1_load_req' <Predicate = (trunc_ln420 == 1)> <Delay = 2.92> <CoreInst = "m_axi">   --->   Core 119 'm_axi' <Latency = 6> <II = 1> <Delay = 1.00> <Adapter> <Opcode : 'read' 'write' 'readreq' 'writereq' 'writeresp'>
ST_5 : Operation 208 [5/8] (2.92ns)   --->   "%gmem0_2_load_req = readreq i1 @_ssdm_op_ReadReq.m_axi.i256P1A, i256 %gmem0_2_addr, i64 1" [../src/msm.cpp:423]   --->   Operation 208 'readreq' 'gmem0_2_load_req' <Predicate = (trunc_ln420 == 2)> <Delay = 2.92> <CoreInst = "m_axi">   --->   Core 119 'm_axi' <Latency = 6> <II = 1> <Delay = 1.00> <Adapter> <Opcode : 'read' 'write' 'readreq' 'writereq' 'writeresp'>
ST_5 : Operation 209 [5/8] (2.92ns)   --->   "%gmem0_3_load_req = readreq i1 @_ssdm_op_ReadReq.m_axi.i256P1A, i256 %gmem0_3_addr, i64 1" [../src/msm.cpp:423]   --->   Operation 209 'readreq' 'gmem0_3_load_req' <Predicate = (trunc_ln420 == 3)> <Delay = 2.92> <CoreInst = "m_axi">   --->   Core 119 'm_axi' <Latency = 6> <II = 1> <Delay = 1.00> <Adapter> <Opcode : 'read' 'write' 'readreq' 'writereq' 'writeresp'>
ST_5 : Operation 210 [5/8] (2.92ns)   --->   "%gmem1_0_load_req = readreq i1 @_ssdm_op_ReadReq.m_axi.i256P1A, i256 %gmem1_0_addr, i64 1" [../src/msm.cpp:424]   --->   Operation 210 'readreq' 'gmem1_0_load_req' <Predicate = (trunc_ln420 == 0)> <Delay = 2.92> <CoreInst = "m_axi">   --->   Core 119 'm_axi' <Latency = 6> <II = 1> <Delay = 1.00> <Adapter> <Opcode : 'read' 'write' 'readreq' 'writereq' 'writeresp'>
ST_5 : Operation 211 [5/8] (2.92ns)   --->   "%gmem1_1_load_req = readreq i1 @_ssdm_op_ReadReq.m_axi.i256P1A, i256 %gmem1_1_addr, i64 1" [../src/msm.cpp:424]   --->   Operation 211 'readreq' 'gmem1_1_load_req' <Predicate = (trunc_ln420 == 1)> <Delay = 2.92> <CoreInst = "m_axi">   --->   Core 119 'm_axi' <Latency = 6> <II = 1> <Delay = 1.00> <Adapter> <Opcode : 'read' 'write' 'readreq' 'writereq' 'writeresp'>
ST_5 : Operation 212 [5/8] (2.92ns)   --->   "%gmem1_2_load_req = readreq i1 @_ssdm_op_ReadReq.m_axi.i256P1A, i256 %gmem1_2_addr, i64 1" [../src/msm.cpp:424]   --->   Operation 212 'readreq' 'gmem1_2_load_req' <Predicate = (trunc_ln420 == 2)> <Delay = 2.92> <CoreInst = "m_axi">   --->   Core 119 'm_axi' <Latency = 6> <II = 1> <Delay = 1.00> <Adapter> <Opcode : 'read' 'write' 'readreq' 'writereq' 'writeresp'>
ST_5 : Operation 213 [5/8] (2.92ns)   --->   "%gmem1_3_load_req = readreq i1 @_ssdm_op_ReadReq.m_axi.i256P1A, i256 %gmem1_3_addr, i64 1" [../src/msm.cpp:424]   --->   Operation 213 'readreq' 'gmem1_3_load_req' <Predicate = (trunc_ln420 == 3)> <Delay = 2.92> <CoreInst = "m_axi">   --->   Core 119 'm_axi' <Latency = 6> <II = 1> <Delay = 1.00> <Adapter> <Opcode : 'read' 'write' 'readreq' 'writereq' 'writeresp'>
ST_5 : Operation 214 [5/8] (2.92ns)   --->   "%gmem2_0_load_req = readreq i1 @_ssdm_op_ReadReq.m_axi.i256P1A, i256 %gmem2_0_addr, i64 1" [../src/msm.cpp:425]   --->   Operation 214 'readreq' 'gmem2_0_load_req' <Predicate = (trunc_ln420 == 0)> <Delay = 2.92> <CoreInst = "m_axi">   --->   Core 119 'm_axi' <Latency = 6> <II = 1> <Delay = 1.00> <Adapter> <Opcode : 'read' 'write' 'readreq' 'writereq' 'writeresp'>
ST_5 : Operation 215 [5/8] (2.92ns)   --->   "%gmem2_1_load_req = readreq i1 @_ssdm_op_ReadReq.m_axi.i256P1A, i256 %gmem2_1_addr, i64 1" [../src/msm.cpp:425]   --->   Operation 215 'readreq' 'gmem2_1_load_req' <Predicate = (trunc_ln420 == 1)> <Delay = 2.92> <CoreInst = "m_axi">   --->   Core 119 'm_axi' <Latency = 6> <II = 1> <Delay = 1.00> <Adapter> <Opcode : 'read' 'write' 'readreq' 'writereq' 'writeresp'>
ST_5 : Operation 216 [5/8] (2.92ns)   --->   "%gmem2_2_load_req = readreq i1 @_ssdm_op_ReadReq.m_axi.i256P1A, i256 %gmem2_2_addr, i64 1" [../src/msm.cpp:425]   --->   Operation 216 'readreq' 'gmem2_2_load_req' <Predicate = (trunc_ln420 == 2)> <Delay = 2.92> <CoreInst = "m_axi">   --->   Core 119 'm_axi' <Latency = 6> <II = 1> <Delay = 1.00> <Adapter> <Opcode : 'read' 'write' 'readreq' 'writereq' 'writeresp'>
ST_5 : Operation 217 [5/8] (2.92ns)   --->   "%gmem2_3_load_req = readreq i1 @_ssdm_op_ReadReq.m_axi.i256P1A, i256 %gmem2_3_addr, i64 1" [../src/msm.cpp:425]   --->   Operation 217 'readreq' 'gmem2_3_load_req' <Predicate = (trunc_ln420 == 3)> <Delay = 2.92> <CoreInst = "m_axi">   --->   Core 119 'm_axi' <Latency = 6> <II = 1> <Delay = 1.00> <Adapter> <Opcode : 'read' 'write' 'readreq' 'writereq' 'writeresp'>
ST_5 : Operation 218 [6/8] (2.92ns)   --->   "%gmem2_0_load_1_req = readreq i1 @_ssdm_op_ReadReq.m_axi.i256P1A, i256 %gmem2_0_addr_1, i64 1" [../src/msm.cpp:426]   --->   Operation 218 'readreq' 'gmem2_0_load_1_req' <Predicate = (trunc_ln420 == 0)> <Delay = 2.92> <CoreInst = "m_axi">   --->   Core 119 'm_axi' <Latency = 6> <II = 1> <Delay = 1.00> <Adapter> <Opcode : 'read' 'write' 'readreq' 'writereq' 'writeresp'>
ST_5 : Operation 219 [6/8] (2.92ns)   --->   "%gmem2_1_load_1_req = readreq i1 @_ssdm_op_ReadReq.m_axi.i256P1A, i256 %gmem2_1_addr_1, i64 1" [../src/msm.cpp:426]   --->   Operation 219 'readreq' 'gmem2_1_load_1_req' <Predicate = (trunc_ln420 == 1)> <Delay = 2.92> <CoreInst = "m_axi">   --->   Core 119 'm_axi' <Latency = 6> <II = 1> <Delay = 1.00> <Adapter> <Opcode : 'read' 'write' 'readreq' 'writereq' 'writeresp'>
ST_5 : Operation 220 [6/8] (2.92ns)   --->   "%gmem2_2_load_1_req = readreq i1 @_ssdm_op_ReadReq.m_axi.i256P1A, i256 %gmem2_2_addr_1, i64 1" [../src/msm.cpp:426]   --->   Operation 220 'readreq' 'gmem2_2_load_1_req' <Predicate = (trunc_ln420 == 2)> <Delay = 2.92> <CoreInst = "m_axi">   --->   Core 119 'm_axi' <Latency = 6> <II = 1> <Delay = 1.00> <Adapter> <Opcode : 'read' 'write' 'readreq' 'writereq' 'writeresp'>
ST_5 : Operation 221 [6/8] (2.92ns)   --->   "%gmem2_3_load_1_req = readreq i1 @_ssdm_op_ReadReq.m_axi.i256P1A, i256 %gmem2_3_addr_1, i64 1" [../src/msm.cpp:426]   --->   Operation 221 'readreq' 'gmem2_3_load_1_req' <Predicate = (trunc_ln420 == 3)> <Delay = 2.92> <CoreInst = "m_axi">   --->   Core 119 'm_axi' <Latency = 6> <II = 1> <Delay = 1.00> <Adapter> <Opcode : 'read' 'write' 'readreq' 'writereq' 'writeresp'>
ST_5 : Operation 222 [5/8] (2.92ns)   --->   "%gmem3_0_load_req = readreq i1 @_ssdm_op_ReadReq.m_axi.i256P1A, i256 %gmem3_0_addr, i64 1" [../src/msm.cpp:427]   --->   Operation 222 'readreq' 'gmem3_0_load_req' <Predicate = (trunc_ln420 == 0)> <Delay = 2.92> <CoreInst = "m_axi">   --->   Core 119 'm_axi' <Latency = 6> <II = 1> <Delay = 1.00> <Adapter> <Opcode : 'read' 'write' 'readreq' 'writereq' 'writeresp'>
ST_5 : Operation 223 [5/8] (2.92ns)   --->   "%gmem3_1_load_req = readreq i1 @_ssdm_op_ReadReq.m_axi.i256P1A, i256 %gmem3_1_addr, i64 1" [../src/msm.cpp:427]   --->   Operation 223 'readreq' 'gmem3_1_load_req' <Predicate = (trunc_ln420 == 1)> <Delay = 2.92> <CoreInst = "m_axi">   --->   Core 119 'm_axi' <Latency = 6> <II = 1> <Delay = 1.00> <Adapter> <Opcode : 'read' 'write' 'readreq' 'writereq' 'writeresp'>
ST_5 : Operation 224 [5/8] (2.92ns)   --->   "%gmem3_2_load_req = readreq i1 @_ssdm_op_ReadReq.m_axi.i256P1A, i256 %gmem3_2_addr, i64 1" [../src/msm.cpp:427]   --->   Operation 224 'readreq' 'gmem3_2_load_req' <Predicate = (trunc_ln420 == 2)> <Delay = 2.92> <CoreInst = "m_axi">   --->   Core 119 'm_axi' <Latency = 6> <II = 1> <Delay = 1.00> <Adapter> <Opcode : 'read' 'write' 'readreq' 'writereq' 'writeresp'>
ST_5 : Operation 225 [5/8] (2.92ns)   --->   "%gmem3_3_load_req = readreq i1 @_ssdm_op_ReadReq.m_axi.i256P1A, i256 %gmem3_3_addr, i64 1" [../src/msm.cpp:427]   --->   Operation 225 'readreq' 'gmem3_3_load_req' <Predicate = (trunc_ln420 == 3)> <Delay = 2.92> <CoreInst = "m_axi">   --->   Core 119 'm_axi' <Latency = 6> <II = 1> <Delay = 1.00> <Adapter> <Opcode : 'read' 'write' 'readreq' 'writereq' 'writeresp'>

State 6 <SV = 5> <Delay = 2.92>
ST_6 : Operation 226 [4/8] (2.92ns)   --->   "%gmem0_0_load_req = readreq i1 @_ssdm_op_ReadReq.m_axi.i256P1A, i256 %gmem0_0_addr, i64 1" [../src/msm.cpp:423]   --->   Operation 226 'readreq' 'gmem0_0_load_req' <Predicate = (trunc_ln420 == 0)> <Delay = 2.92> <CoreInst = "m_axi">   --->   Core 119 'm_axi' <Latency = 6> <II = 1> <Delay = 1.00> <Adapter> <Opcode : 'read' 'write' 'readreq' 'writereq' 'writeresp'>
ST_6 : Operation 227 [4/8] (2.92ns)   --->   "%gmem0_1_load_req = readreq i1 @_ssdm_op_ReadReq.m_axi.i256P1A, i256 %gmem0_1_addr, i64 1" [../src/msm.cpp:423]   --->   Operation 227 'readreq' 'gmem0_1_load_req' <Predicate = (trunc_ln420 == 1)> <Delay = 2.92> <CoreInst = "m_axi">   --->   Core 119 'm_axi' <Latency = 6> <II = 1> <Delay = 1.00> <Adapter> <Opcode : 'read' 'write' 'readreq' 'writereq' 'writeresp'>
ST_6 : Operation 228 [4/8] (2.92ns)   --->   "%gmem0_2_load_req = readreq i1 @_ssdm_op_ReadReq.m_axi.i256P1A, i256 %gmem0_2_addr, i64 1" [../src/msm.cpp:423]   --->   Operation 228 'readreq' 'gmem0_2_load_req' <Predicate = (trunc_ln420 == 2)> <Delay = 2.92> <CoreInst = "m_axi">   --->   Core 119 'm_axi' <Latency = 6> <II = 1> <Delay = 1.00> <Adapter> <Opcode : 'read' 'write' 'readreq' 'writereq' 'writeresp'>
ST_6 : Operation 229 [4/8] (2.92ns)   --->   "%gmem0_3_load_req = readreq i1 @_ssdm_op_ReadReq.m_axi.i256P1A, i256 %gmem0_3_addr, i64 1" [../src/msm.cpp:423]   --->   Operation 229 'readreq' 'gmem0_3_load_req' <Predicate = (trunc_ln420 == 3)> <Delay = 2.92> <CoreInst = "m_axi">   --->   Core 119 'm_axi' <Latency = 6> <II = 1> <Delay = 1.00> <Adapter> <Opcode : 'read' 'write' 'readreq' 'writereq' 'writeresp'>
ST_6 : Operation 230 [4/8] (2.92ns)   --->   "%gmem1_0_load_req = readreq i1 @_ssdm_op_ReadReq.m_axi.i256P1A, i256 %gmem1_0_addr, i64 1" [../src/msm.cpp:424]   --->   Operation 230 'readreq' 'gmem1_0_load_req' <Predicate = (trunc_ln420 == 0)> <Delay = 2.92> <CoreInst = "m_axi">   --->   Core 119 'm_axi' <Latency = 6> <II = 1> <Delay = 1.00> <Adapter> <Opcode : 'read' 'write' 'readreq' 'writereq' 'writeresp'>
ST_6 : Operation 231 [4/8] (2.92ns)   --->   "%gmem1_1_load_req = readreq i1 @_ssdm_op_ReadReq.m_axi.i256P1A, i256 %gmem1_1_addr, i64 1" [../src/msm.cpp:424]   --->   Operation 231 'readreq' 'gmem1_1_load_req' <Predicate = (trunc_ln420 == 1)> <Delay = 2.92> <CoreInst = "m_axi">   --->   Core 119 'm_axi' <Latency = 6> <II = 1> <Delay = 1.00> <Adapter> <Opcode : 'read' 'write' 'readreq' 'writereq' 'writeresp'>
ST_6 : Operation 232 [4/8] (2.92ns)   --->   "%gmem1_2_load_req = readreq i1 @_ssdm_op_ReadReq.m_axi.i256P1A, i256 %gmem1_2_addr, i64 1" [../src/msm.cpp:424]   --->   Operation 232 'readreq' 'gmem1_2_load_req' <Predicate = (trunc_ln420 == 2)> <Delay = 2.92> <CoreInst = "m_axi">   --->   Core 119 'm_axi' <Latency = 6> <II = 1> <Delay = 1.00> <Adapter> <Opcode : 'read' 'write' 'readreq' 'writereq' 'writeresp'>
ST_6 : Operation 233 [4/8] (2.92ns)   --->   "%gmem1_3_load_req = readreq i1 @_ssdm_op_ReadReq.m_axi.i256P1A, i256 %gmem1_3_addr, i64 1" [../src/msm.cpp:424]   --->   Operation 233 'readreq' 'gmem1_3_load_req' <Predicate = (trunc_ln420 == 3)> <Delay = 2.92> <CoreInst = "m_axi">   --->   Core 119 'm_axi' <Latency = 6> <II = 1> <Delay = 1.00> <Adapter> <Opcode : 'read' 'write' 'readreq' 'writereq' 'writeresp'>
ST_6 : Operation 234 [4/8] (2.92ns)   --->   "%gmem2_0_load_req = readreq i1 @_ssdm_op_ReadReq.m_axi.i256P1A, i256 %gmem2_0_addr, i64 1" [../src/msm.cpp:425]   --->   Operation 234 'readreq' 'gmem2_0_load_req' <Predicate = (trunc_ln420 == 0)> <Delay = 2.92> <CoreInst = "m_axi">   --->   Core 119 'm_axi' <Latency = 6> <II = 1> <Delay = 1.00> <Adapter> <Opcode : 'read' 'write' 'readreq' 'writereq' 'writeresp'>
ST_6 : Operation 235 [4/8] (2.92ns)   --->   "%gmem2_1_load_req = readreq i1 @_ssdm_op_ReadReq.m_axi.i256P1A, i256 %gmem2_1_addr, i64 1" [../src/msm.cpp:425]   --->   Operation 235 'readreq' 'gmem2_1_load_req' <Predicate = (trunc_ln420 == 1)> <Delay = 2.92> <CoreInst = "m_axi">   --->   Core 119 'm_axi' <Latency = 6> <II = 1> <Delay = 1.00> <Adapter> <Opcode : 'read' 'write' 'readreq' 'writereq' 'writeresp'>
ST_6 : Operation 236 [4/8] (2.92ns)   --->   "%gmem2_2_load_req = readreq i1 @_ssdm_op_ReadReq.m_axi.i256P1A, i256 %gmem2_2_addr, i64 1" [../src/msm.cpp:425]   --->   Operation 236 'readreq' 'gmem2_2_load_req' <Predicate = (trunc_ln420 == 2)> <Delay = 2.92> <CoreInst = "m_axi">   --->   Core 119 'm_axi' <Latency = 6> <II = 1> <Delay = 1.00> <Adapter> <Opcode : 'read' 'write' 'readreq' 'writereq' 'writeresp'>
ST_6 : Operation 237 [4/8] (2.92ns)   --->   "%gmem2_3_load_req = readreq i1 @_ssdm_op_ReadReq.m_axi.i256P1A, i256 %gmem2_3_addr, i64 1" [../src/msm.cpp:425]   --->   Operation 237 'readreq' 'gmem2_3_load_req' <Predicate = (trunc_ln420 == 3)> <Delay = 2.92> <CoreInst = "m_axi">   --->   Core 119 'm_axi' <Latency = 6> <II = 1> <Delay = 1.00> <Adapter> <Opcode : 'read' 'write' 'readreq' 'writereq' 'writeresp'>
ST_6 : Operation 238 [5/8] (2.92ns)   --->   "%gmem2_0_load_1_req = readreq i1 @_ssdm_op_ReadReq.m_axi.i256P1A, i256 %gmem2_0_addr_1, i64 1" [../src/msm.cpp:426]   --->   Operation 238 'readreq' 'gmem2_0_load_1_req' <Predicate = (trunc_ln420 == 0)> <Delay = 2.92> <CoreInst = "m_axi">   --->   Core 119 'm_axi' <Latency = 6> <II = 1> <Delay = 1.00> <Adapter> <Opcode : 'read' 'write' 'readreq' 'writereq' 'writeresp'>
ST_6 : Operation 239 [5/8] (2.92ns)   --->   "%gmem2_1_load_1_req = readreq i1 @_ssdm_op_ReadReq.m_axi.i256P1A, i256 %gmem2_1_addr_1, i64 1" [../src/msm.cpp:426]   --->   Operation 239 'readreq' 'gmem2_1_load_1_req' <Predicate = (trunc_ln420 == 1)> <Delay = 2.92> <CoreInst = "m_axi">   --->   Core 119 'm_axi' <Latency = 6> <II = 1> <Delay = 1.00> <Adapter> <Opcode : 'read' 'write' 'readreq' 'writereq' 'writeresp'>
ST_6 : Operation 240 [5/8] (2.92ns)   --->   "%gmem2_2_load_1_req = readreq i1 @_ssdm_op_ReadReq.m_axi.i256P1A, i256 %gmem2_2_addr_1, i64 1" [../src/msm.cpp:426]   --->   Operation 240 'readreq' 'gmem2_2_load_1_req' <Predicate = (trunc_ln420 == 2)> <Delay = 2.92> <CoreInst = "m_axi">   --->   Core 119 'm_axi' <Latency = 6> <II = 1> <Delay = 1.00> <Adapter> <Opcode : 'read' 'write' 'readreq' 'writereq' 'writeresp'>
ST_6 : Operation 241 [5/8] (2.92ns)   --->   "%gmem2_3_load_1_req = readreq i1 @_ssdm_op_ReadReq.m_axi.i256P1A, i256 %gmem2_3_addr_1, i64 1" [../src/msm.cpp:426]   --->   Operation 241 'readreq' 'gmem2_3_load_1_req' <Predicate = (trunc_ln420 == 3)> <Delay = 2.92> <CoreInst = "m_axi">   --->   Core 119 'm_axi' <Latency = 6> <II = 1> <Delay = 1.00> <Adapter> <Opcode : 'read' 'write' 'readreq' 'writereq' 'writeresp'>
ST_6 : Operation 242 [4/8] (2.92ns)   --->   "%gmem3_0_load_req = readreq i1 @_ssdm_op_ReadReq.m_axi.i256P1A, i256 %gmem3_0_addr, i64 1" [../src/msm.cpp:427]   --->   Operation 242 'readreq' 'gmem3_0_load_req' <Predicate = (trunc_ln420 == 0)> <Delay = 2.92> <CoreInst = "m_axi">   --->   Core 119 'm_axi' <Latency = 6> <II = 1> <Delay = 1.00> <Adapter> <Opcode : 'read' 'write' 'readreq' 'writereq' 'writeresp'>
ST_6 : Operation 243 [4/8] (2.92ns)   --->   "%gmem3_1_load_req = readreq i1 @_ssdm_op_ReadReq.m_axi.i256P1A, i256 %gmem3_1_addr, i64 1" [../src/msm.cpp:427]   --->   Operation 243 'readreq' 'gmem3_1_load_req' <Predicate = (trunc_ln420 == 1)> <Delay = 2.92> <CoreInst = "m_axi">   --->   Core 119 'm_axi' <Latency = 6> <II = 1> <Delay = 1.00> <Adapter> <Opcode : 'read' 'write' 'readreq' 'writereq' 'writeresp'>
ST_6 : Operation 244 [4/8] (2.92ns)   --->   "%gmem3_2_load_req = readreq i1 @_ssdm_op_ReadReq.m_axi.i256P1A, i256 %gmem3_2_addr, i64 1" [../src/msm.cpp:427]   --->   Operation 244 'readreq' 'gmem3_2_load_req' <Predicate = (trunc_ln420 == 2)> <Delay = 2.92> <CoreInst = "m_axi">   --->   Core 119 'm_axi' <Latency = 6> <II = 1> <Delay = 1.00> <Adapter> <Opcode : 'read' 'write' 'readreq' 'writereq' 'writeresp'>
ST_6 : Operation 245 [4/8] (2.92ns)   --->   "%gmem3_3_load_req = readreq i1 @_ssdm_op_ReadReq.m_axi.i256P1A, i256 %gmem3_3_addr, i64 1" [../src/msm.cpp:427]   --->   Operation 245 'readreq' 'gmem3_3_load_req' <Predicate = (trunc_ln420 == 3)> <Delay = 2.92> <CoreInst = "m_axi">   --->   Core 119 'm_axi' <Latency = 6> <II = 1> <Delay = 1.00> <Adapter> <Opcode : 'read' 'write' 'readreq' 'writereq' 'writeresp'>

State 7 <SV = 6> <Delay = 2.92>
ST_7 : Operation 246 [3/8] (2.92ns)   --->   "%gmem0_0_load_req = readreq i1 @_ssdm_op_ReadReq.m_axi.i256P1A, i256 %gmem0_0_addr, i64 1" [../src/msm.cpp:423]   --->   Operation 246 'readreq' 'gmem0_0_load_req' <Predicate = (trunc_ln420 == 0)> <Delay = 2.92> <CoreInst = "m_axi">   --->   Core 119 'm_axi' <Latency = 6> <II = 1> <Delay = 1.00> <Adapter> <Opcode : 'read' 'write' 'readreq' 'writereq' 'writeresp'>
ST_7 : Operation 247 [3/8] (2.92ns)   --->   "%gmem0_1_load_req = readreq i1 @_ssdm_op_ReadReq.m_axi.i256P1A, i256 %gmem0_1_addr, i64 1" [../src/msm.cpp:423]   --->   Operation 247 'readreq' 'gmem0_1_load_req' <Predicate = (trunc_ln420 == 1)> <Delay = 2.92> <CoreInst = "m_axi">   --->   Core 119 'm_axi' <Latency = 6> <II = 1> <Delay = 1.00> <Adapter> <Opcode : 'read' 'write' 'readreq' 'writereq' 'writeresp'>
ST_7 : Operation 248 [3/8] (2.92ns)   --->   "%gmem0_2_load_req = readreq i1 @_ssdm_op_ReadReq.m_axi.i256P1A, i256 %gmem0_2_addr, i64 1" [../src/msm.cpp:423]   --->   Operation 248 'readreq' 'gmem0_2_load_req' <Predicate = (trunc_ln420 == 2)> <Delay = 2.92> <CoreInst = "m_axi">   --->   Core 119 'm_axi' <Latency = 6> <II = 1> <Delay = 1.00> <Adapter> <Opcode : 'read' 'write' 'readreq' 'writereq' 'writeresp'>
ST_7 : Operation 249 [3/8] (2.92ns)   --->   "%gmem0_3_load_req = readreq i1 @_ssdm_op_ReadReq.m_axi.i256P1A, i256 %gmem0_3_addr, i64 1" [../src/msm.cpp:423]   --->   Operation 249 'readreq' 'gmem0_3_load_req' <Predicate = (trunc_ln420 == 3)> <Delay = 2.92> <CoreInst = "m_axi">   --->   Core 119 'm_axi' <Latency = 6> <II = 1> <Delay = 1.00> <Adapter> <Opcode : 'read' 'write' 'readreq' 'writereq' 'writeresp'>
ST_7 : Operation 250 [3/8] (2.92ns)   --->   "%gmem1_0_load_req = readreq i1 @_ssdm_op_ReadReq.m_axi.i256P1A, i256 %gmem1_0_addr, i64 1" [../src/msm.cpp:424]   --->   Operation 250 'readreq' 'gmem1_0_load_req' <Predicate = (trunc_ln420 == 0)> <Delay = 2.92> <CoreInst = "m_axi">   --->   Core 119 'm_axi' <Latency = 6> <II = 1> <Delay = 1.00> <Adapter> <Opcode : 'read' 'write' 'readreq' 'writereq' 'writeresp'>
ST_7 : Operation 251 [3/8] (2.92ns)   --->   "%gmem1_1_load_req = readreq i1 @_ssdm_op_ReadReq.m_axi.i256P1A, i256 %gmem1_1_addr, i64 1" [../src/msm.cpp:424]   --->   Operation 251 'readreq' 'gmem1_1_load_req' <Predicate = (trunc_ln420 == 1)> <Delay = 2.92> <CoreInst = "m_axi">   --->   Core 119 'm_axi' <Latency = 6> <II = 1> <Delay = 1.00> <Adapter> <Opcode : 'read' 'write' 'readreq' 'writereq' 'writeresp'>
ST_7 : Operation 252 [3/8] (2.92ns)   --->   "%gmem1_2_load_req = readreq i1 @_ssdm_op_ReadReq.m_axi.i256P1A, i256 %gmem1_2_addr, i64 1" [../src/msm.cpp:424]   --->   Operation 252 'readreq' 'gmem1_2_load_req' <Predicate = (trunc_ln420 == 2)> <Delay = 2.92> <CoreInst = "m_axi">   --->   Core 119 'm_axi' <Latency = 6> <II = 1> <Delay = 1.00> <Adapter> <Opcode : 'read' 'write' 'readreq' 'writereq' 'writeresp'>
ST_7 : Operation 253 [3/8] (2.92ns)   --->   "%gmem1_3_load_req = readreq i1 @_ssdm_op_ReadReq.m_axi.i256P1A, i256 %gmem1_3_addr, i64 1" [../src/msm.cpp:424]   --->   Operation 253 'readreq' 'gmem1_3_load_req' <Predicate = (trunc_ln420 == 3)> <Delay = 2.92> <CoreInst = "m_axi">   --->   Core 119 'm_axi' <Latency = 6> <II = 1> <Delay = 1.00> <Adapter> <Opcode : 'read' 'write' 'readreq' 'writereq' 'writeresp'>
ST_7 : Operation 254 [3/8] (2.92ns)   --->   "%gmem2_0_load_req = readreq i1 @_ssdm_op_ReadReq.m_axi.i256P1A, i256 %gmem2_0_addr, i64 1" [../src/msm.cpp:425]   --->   Operation 254 'readreq' 'gmem2_0_load_req' <Predicate = (trunc_ln420 == 0)> <Delay = 2.92> <CoreInst = "m_axi">   --->   Core 119 'm_axi' <Latency = 6> <II = 1> <Delay = 1.00> <Adapter> <Opcode : 'read' 'write' 'readreq' 'writereq' 'writeresp'>
ST_7 : Operation 255 [3/8] (2.92ns)   --->   "%gmem2_1_load_req = readreq i1 @_ssdm_op_ReadReq.m_axi.i256P1A, i256 %gmem2_1_addr, i64 1" [../src/msm.cpp:425]   --->   Operation 255 'readreq' 'gmem2_1_load_req' <Predicate = (trunc_ln420 == 1)> <Delay = 2.92> <CoreInst = "m_axi">   --->   Core 119 'm_axi' <Latency = 6> <II = 1> <Delay = 1.00> <Adapter> <Opcode : 'read' 'write' 'readreq' 'writereq' 'writeresp'>
ST_7 : Operation 256 [3/8] (2.92ns)   --->   "%gmem2_2_load_req = readreq i1 @_ssdm_op_ReadReq.m_axi.i256P1A, i256 %gmem2_2_addr, i64 1" [../src/msm.cpp:425]   --->   Operation 256 'readreq' 'gmem2_2_load_req' <Predicate = (trunc_ln420 == 2)> <Delay = 2.92> <CoreInst = "m_axi">   --->   Core 119 'm_axi' <Latency = 6> <II = 1> <Delay = 1.00> <Adapter> <Opcode : 'read' 'write' 'readreq' 'writereq' 'writeresp'>
ST_7 : Operation 257 [3/8] (2.92ns)   --->   "%gmem2_3_load_req = readreq i1 @_ssdm_op_ReadReq.m_axi.i256P1A, i256 %gmem2_3_addr, i64 1" [../src/msm.cpp:425]   --->   Operation 257 'readreq' 'gmem2_3_load_req' <Predicate = (trunc_ln420 == 3)> <Delay = 2.92> <CoreInst = "m_axi">   --->   Core 119 'm_axi' <Latency = 6> <II = 1> <Delay = 1.00> <Adapter> <Opcode : 'read' 'write' 'readreq' 'writereq' 'writeresp'>
ST_7 : Operation 258 [4/8] (2.92ns)   --->   "%gmem2_0_load_1_req = readreq i1 @_ssdm_op_ReadReq.m_axi.i256P1A, i256 %gmem2_0_addr_1, i64 1" [../src/msm.cpp:426]   --->   Operation 258 'readreq' 'gmem2_0_load_1_req' <Predicate = (trunc_ln420 == 0)> <Delay = 2.92> <CoreInst = "m_axi">   --->   Core 119 'm_axi' <Latency = 6> <II = 1> <Delay = 1.00> <Adapter> <Opcode : 'read' 'write' 'readreq' 'writereq' 'writeresp'>
ST_7 : Operation 259 [4/8] (2.92ns)   --->   "%gmem2_1_load_1_req = readreq i1 @_ssdm_op_ReadReq.m_axi.i256P1A, i256 %gmem2_1_addr_1, i64 1" [../src/msm.cpp:426]   --->   Operation 259 'readreq' 'gmem2_1_load_1_req' <Predicate = (trunc_ln420 == 1)> <Delay = 2.92> <CoreInst = "m_axi">   --->   Core 119 'm_axi' <Latency = 6> <II = 1> <Delay = 1.00> <Adapter> <Opcode : 'read' 'write' 'readreq' 'writereq' 'writeresp'>
ST_7 : Operation 260 [4/8] (2.92ns)   --->   "%gmem2_2_load_1_req = readreq i1 @_ssdm_op_ReadReq.m_axi.i256P1A, i256 %gmem2_2_addr_1, i64 1" [../src/msm.cpp:426]   --->   Operation 260 'readreq' 'gmem2_2_load_1_req' <Predicate = (trunc_ln420 == 2)> <Delay = 2.92> <CoreInst = "m_axi">   --->   Core 119 'm_axi' <Latency = 6> <II = 1> <Delay = 1.00> <Adapter> <Opcode : 'read' 'write' 'readreq' 'writereq' 'writeresp'>
ST_7 : Operation 261 [4/8] (2.92ns)   --->   "%gmem2_3_load_1_req = readreq i1 @_ssdm_op_ReadReq.m_axi.i256P1A, i256 %gmem2_3_addr_1, i64 1" [../src/msm.cpp:426]   --->   Operation 261 'readreq' 'gmem2_3_load_1_req' <Predicate = (trunc_ln420 == 3)> <Delay = 2.92> <CoreInst = "m_axi">   --->   Core 119 'm_axi' <Latency = 6> <II = 1> <Delay = 1.00> <Adapter> <Opcode : 'read' 'write' 'readreq' 'writereq' 'writeresp'>
ST_7 : Operation 262 [3/8] (2.92ns)   --->   "%gmem3_0_load_req = readreq i1 @_ssdm_op_ReadReq.m_axi.i256P1A, i256 %gmem3_0_addr, i64 1" [../src/msm.cpp:427]   --->   Operation 262 'readreq' 'gmem3_0_load_req' <Predicate = (trunc_ln420 == 0)> <Delay = 2.92> <CoreInst = "m_axi">   --->   Core 119 'm_axi' <Latency = 6> <II = 1> <Delay = 1.00> <Adapter> <Opcode : 'read' 'write' 'readreq' 'writereq' 'writeresp'>
ST_7 : Operation 263 [3/8] (2.92ns)   --->   "%gmem3_1_load_req = readreq i1 @_ssdm_op_ReadReq.m_axi.i256P1A, i256 %gmem3_1_addr, i64 1" [../src/msm.cpp:427]   --->   Operation 263 'readreq' 'gmem3_1_load_req' <Predicate = (trunc_ln420 == 1)> <Delay = 2.92> <CoreInst = "m_axi">   --->   Core 119 'm_axi' <Latency = 6> <II = 1> <Delay = 1.00> <Adapter> <Opcode : 'read' 'write' 'readreq' 'writereq' 'writeresp'>
ST_7 : Operation 264 [3/8] (2.92ns)   --->   "%gmem3_2_load_req = readreq i1 @_ssdm_op_ReadReq.m_axi.i256P1A, i256 %gmem3_2_addr, i64 1" [../src/msm.cpp:427]   --->   Operation 264 'readreq' 'gmem3_2_load_req' <Predicate = (trunc_ln420 == 2)> <Delay = 2.92> <CoreInst = "m_axi">   --->   Core 119 'm_axi' <Latency = 6> <II = 1> <Delay = 1.00> <Adapter> <Opcode : 'read' 'write' 'readreq' 'writereq' 'writeresp'>
ST_7 : Operation 265 [3/8] (2.92ns)   --->   "%gmem3_3_load_req = readreq i1 @_ssdm_op_ReadReq.m_axi.i256P1A, i256 %gmem3_3_addr, i64 1" [../src/msm.cpp:427]   --->   Operation 265 'readreq' 'gmem3_3_load_req' <Predicate = (trunc_ln420 == 3)> <Delay = 2.92> <CoreInst = "m_axi">   --->   Core 119 'm_axi' <Latency = 6> <II = 1> <Delay = 1.00> <Adapter> <Opcode : 'read' 'write' 'readreq' 'writereq' 'writeresp'>

State 8 <SV = 7> <Delay = 2.92>
ST_8 : Operation 266 [2/8] (2.92ns)   --->   "%gmem0_0_load_req = readreq i1 @_ssdm_op_ReadReq.m_axi.i256P1A, i256 %gmem0_0_addr, i64 1" [../src/msm.cpp:423]   --->   Operation 266 'readreq' 'gmem0_0_load_req' <Predicate = (trunc_ln420 == 0)> <Delay = 2.92> <CoreInst = "m_axi">   --->   Core 119 'm_axi' <Latency = 6> <II = 1> <Delay = 1.00> <Adapter> <Opcode : 'read' 'write' 'readreq' 'writereq' 'writeresp'>
ST_8 : Operation 267 [2/8] (2.92ns)   --->   "%gmem0_1_load_req = readreq i1 @_ssdm_op_ReadReq.m_axi.i256P1A, i256 %gmem0_1_addr, i64 1" [../src/msm.cpp:423]   --->   Operation 267 'readreq' 'gmem0_1_load_req' <Predicate = (trunc_ln420 == 1)> <Delay = 2.92> <CoreInst = "m_axi">   --->   Core 119 'm_axi' <Latency = 6> <II = 1> <Delay = 1.00> <Adapter> <Opcode : 'read' 'write' 'readreq' 'writereq' 'writeresp'>
ST_8 : Operation 268 [2/8] (2.92ns)   --->   "%gmem0_2_load_req = readreq i1 @_ssdm_op_ReadReq.m_axi.i256P1A, i256 %gmem0_2_addr, i64 1" [../src/msm.cpp:423]   --->   Operation 268 'readreq' 'gmem0_2_load_req' <Predicate = (trunc_ln420 == 2)> <Delay = 2.92> <CoreInst = "m_axi">   --->   Core 119 'm_axi' <Latency = 6> <II = 1> <Delay = 1.00> <Adapter> <Opcode : 'read' 'write' 'readreq' 'writereq' 'writeresp'>
ST_8 : Operation 269 [2/8] (2.92ns)   --->   "%gmem0_3_load_req = readreq i1 @_ssdm_op_ReadReq.m_axi.i256P1A, i256 %gmem0_3_addr, i64 1" [../src/msm.cpp:423]   --->   Operation 269 'readreq' 'gmem0_3_load_req' <Predicate = (trunc_ln420 == 3)> <Delay = 2.92> <CoreInst = "m_axi">   --->   Core 119 'm_axi' <Latency = 6> <II = 1> <Delay = 1.00> <Adapter> <Opcode : 'read' 'write' 'readreq' 'writereq' 'writeresp'>
ST_8 : Operation 270 [2/8] (2.92ns)   --->   "%gmem1_0_load_req = readreq i1 @_ssdm_op_ReadReq.m_axi.i256P1A, i256 %gmem1_0_addr, i64 1" [../src/msm.cpp:424]   --->   Operation 270 'readreq' 'gmem1_0_load_req' <Predicate = (trunc_ln420 == 0)> <Delay = 2.92> <CoreInst = "m_axi">   --->   Core 119 'm_axi' <Latency = 6> <II = 1> <Delay = 1.00> <Adapter> <Opcode : 'read' 'write' 'readreq' 'writereq' 'writeresp'>
ST_8 : Operation 271 [2/8] (2.92ns)   --->   "%gmem1_1_load_req = readreq i1 @_ssdm_op_ReadReq.m_axi.i256P1A, i256 %gmem1_1_addr, i64 1" [../src/msm.cpp:424]   --->   Operation 271 'readreq' 'gmem1_1_load_req' <Predicate = (trunc_ln420 == 1)> <Delay = 2.92> <CoreInst = "m_axi">   --->   Core 119 'm_axi' <Latency = 6> <II = 1> <Delay = 1.00> <Adapter> <Opcode : 'read' 'write' 'readreq' 'writereq' 'writeresp'>
ST_8 : Operation 272 [2/8] (2.92ns)   --->   "%gmem1_2_load_req = readreq i1 @_ssdm_op_ReadReq.m_axi.i256P1A, i256 %gmem1_2_addr, i64 1" [../src/msm.cpp:424]   --->   Operation 272 'readreq' 'gmem1_2_load_req' <Predicate = (trunc_ln420 == 2)> <Delay = 2.92> <CoreInst = "m_axi">   --->   Core 119 'm_axi' <Latency = 6> <II = 1> <Delay = 1.00> <Adapter> <Opcode : 'read' 'write' 'readreq' 'writereq' 'writeresp'>
ST_8 : Operation 273 [2/8] (2.92ns)   --->   "%gmem1_3_load_req = readreq i1 @_ssdm_op_ReadReq.m_axi.i256P1A, i256 %gmem1_3_addr, i64 1" [../src/msm.cpp:424]   --->   Operation 273 'readreq' 'gmem1_3_load_req' <Predicate = (trunc_ln420 == 3)> <Delay = 2.92> <CoreInst = "m_axi">   --->   Core 119 'm_axi' <Latency = 6> <II = 1> <Delay = 1.00> <Adapter> <Opcode : 'read' 'write' 'readreq' 'writereq' 'writeresp'>
ST_8 : Operation 274 [2/8] (2.92ns)   --->   "%gmem2_0_load_req = readreq i1 @_ssdm_op_ReadReq.m_axi.i256P1A, i256 %gmem2_0_addr, i64 1" [../src/msm.cpp:425]   --->   Operation 274 'readreq' 'gmem2_0_load_req' <Predicate = (trunc_ln420 == 0)> <Delay = 2.92> <CoreInst = "m_axi">   --->   Core 119 'm_axi' <Latency = 6> <II = 1> <Delay = 1.00> <Adapter> <Opcode : 'read' 'write' 'readreq' 'writereq' 'writeresp'>
ST_8 : Operation 275 [2/8] (2.92ns)   --->   "%gmem2_1_load_req = readreq i1 @_ssdm_op_ReadReq.m_axi.i256P1A, i256 %gmem2_1_addr, i64 1" [../src/msm.cpp:425]   --->   Operation 275 'readreq' 'gmem2_1_load_req' <Predicate = (trunc_ln420 == 1)> <Delay = 2.92> <CoreInst = "m_axi">   --->   Core 119 'm_axi' <Latency = 6> <II = 1> <Delay = 1.00> <Adapter> <Opcode : 'read' 'write' 'readreq' 'writereq' 'writeresp'>
ST_8 : Operation 276 [2/8] (2.92ns)   --->   "%gmem2_2_load_req = readreq i1 @_ssdm_op_ReadReq.m_axi.i256P1A, i256 %gmem2_2_addr, i64 1" [../src/msm.cpp:425]   --->   Operation 276 'readreq' 'gmem2_2_load_req' <Predicate = (trunc_ln420 == 2)> <Delay = 2.92> <CoreInst = "m_axi">   --->   Core 119 'm_axi' <Latency = 6> <II = 1> <Delay = 1.00> <Adapter> <Opcode : 'read' 'write' 'readreq' 'writereq' 'writeresp'>
ST_8 : Operation 277 [2/8] (2.92ns)   --->   "%gmem2_3_load_req = readreq i1 @_ssdm_op_ReadReq.m_axi.i256P1A, i256 %gmem2_3_addr, i64 1" [../src/msm.cpp:425]   --->   Operation 277 'readreq' 'gmem2_3_load_req' <Predicate = (trunc_ln420 == 3)> <Delay = 2.92> <CoreInst = "m_axi">   --->   Core 119 'm_axi' <Latency = 6> <II = 1> <Delay = 1.00> <Adapter> <Opcode : 'read' 'write' 'readreq' 'writereq' 'writeresp'>
ST_8 : Operation 278 [3/8] (2.92ns)   --->   "%gmem2_0_load_1_req = readreq i1 @_ssdm_op_ReadReq.m_axi.i256P1A, i256 %gmem2_0_addr_1, i64 1" [../src/msm.cpp:426]   --->   Operation 278 'readreq' 'gmem2_0_load_1_req' <Predicate = (trunc_ln420 == 0)> <Delay = 2.92> <CoreInst = "m_axi">   --->   Core 119 'm_axi' <Latency = 6> <II = 1> <Delay = 1.00> <Adapter> <Opcode : 'read' 'write' 'readreq' 'writereq' 'writeresp'>
ST_8 : Operation 279 [3/8] (2.92ns)   --->   "%gmem2_1_load_1_req = readreq i1 @_ssdm_op_ReadReq.m_axi.i256P1A, i256 %gmem2_1_addr_1, i64 1" [../src/msm.cpp:426]   --->   Operation 279 'readreq' 'gmem2_1_load_1_req' <Predicate = (trunc_ln420 == 1)> <Delay = 2.92> <CoreInst = "m_axi">   --->   Core 119 'm_axi' <Latency = 6> <II = 1> <Delay = 1.00> <Adapter> <Opcode : 'read' 'write' 'readreq' 'writereq' 'writeresp'>
ST_8 : Operation 280 [3/8] (2.92ns)   --->   "%gmem2_2_load_1_req = readreq i1 @_ssdm_op_ReadReq.m_axi.i256P1A, i256 %gmem2_2_addr_1, i64 1" [../src/msm.cpp:426]   --->   Operation 280 'readreq' 'gmem2_2_load_1_req' <Predicate = (trunc_ln420 == 2)> <Delay = 2.92> <CoreInst = "m_axi">   --->   Core 119 'm_axi' <Latency = 6> <II = 1> <Delay = 1.00> <Adapter> <Opcode : 'read' 'write' 'readreq' 'writereq' 'writeresp'>
ST_8 : Operation 281 [3/8] (2.92ns)   --->   "%gmem2_3_load_1_req = readreq i1 @_ssdm_op_ReadReq.m_axi.i256P1A, i256 %gmem2_3_addr_1, i64 1" [../src/msm.cpp:426]   --->   Operation 281 'readreq' 'gmem2_3_load_1_req' <Predicate = (trunc_ln420 == 3)> <Delay = 2.92> <CoreInst = "m_axi">   --->   Core 119 'm_axi' <Latency = 6> <II = 1> <Delay = 1.00> <Adapter> <Opcode : 'read' 'write' 'readreq' 'writereq' 'writeresp'>
ST_8 : Operation 282 [2/8] (2.92ns)   --->   "%gmem3_0_load_req = readreq i1 @_ssdm_op_ReadReq.m_axi.i256P1A, i256 %gmem3_0_addr, i64 1" [../src/msm.cpp:427]   --->   Operation 282 'readreq' 'gmem3_0_load_req' <Predicate = (trunc_ln420 == 0)> <Delay = 2.92> <CoreInst = "m_axi">   --->   Core 119 'm_axi' <Latency = 6> <II = 1> <Delay = 1.00> <Adapter> <Opcode : 'read' 'write' 'readreq' 'writereq' 'writeresp'>
ST_8 : Operation 283 [2/8] (2.92ns)   --->   "%gmem3_1_load_req = readreq i1 @_ssdm_op_ReadReq.m_axi.i256P1A, i256 %gmem3_1_addr, i64 1" [../src/msm.cpp:427]   --->   Operation 283 'readreq' 'gmem3_1_load_req' <Predicate = (trunc_ln420 == 1)> <Delay = 2.92> <CoreInst = "m_axi">   --->   Core 119 'm_axi' <Latency = 6> <II = 1> <Delay = 1.00> <Adapter> <Opcode : 'read' 'write' 'readreq' 'writereq' 'writeresp'>
ST_8 : Operation 284 [2/8] (2.92ns)   --->   "%gmem3_2_load_req = readreq i1 @_ssdm_op_ReadReq.m_axi.i256P1A, i256 %gmem3_2_addr, i64 1" [../src/msm.cpp:427]   --->   Operation 284 'readreq' 'gmem3_2_load_req' <Predicate = (trunc_ln420 == 2)> <Delay = 2.92> <CoreInst = "m_axi">   --->   Core 119 'm_axi' <Latency = 6> <II = 1> <Delay = 1.00> <Adapter> <Opcode : 'read' 'write' 'readreq' 'writereq' 'writeresp'>
ST_8 : Operation 285 [2/8] (2.92ns)   --->   "%gmem3_3_load_req = readreq i1 @_ssdm_op_ReadReq.m_axi.i256P1A, i256 %gmem3_3_addr, i64 1" [../src/msm.cpp:427]   --->   Operation 285 'readreq' 'gmem3_3_load_req' <Predicate = (trunc_ln420 == 3)> <Delay = 2.92> <CoreInst = "m_axi">   --->   Core 119 'm_axi' <Latency = 6> <II = 1> <Delay = 1.00> <Adapter> <Opcode : 'read' 'write' 'readreq' 'writereq' 'writeresp'>

State 9 <SV = 8> <Delay = 2.92>
ST_9 : Operation 286 [1/8] (2.92ns)   --->   "%gmem0_0_load_req = readreq i1 @_ssdm_op_ReadReq.m_axi.i256P1A, i256 %gmem0_0_addr, i64 1" [../src/msm.cpp:423]   --->   Operation 286 'readreq' 'gmem0_0_load_req' <Predicate = (trunc_ln420 == 0)> <Delay = 2.92> <CoreInst = "m_axi">   --->   Core 119 'm_axi' <Latency = 6> <II = 1> <Delay = 1.00> <Adapter> <Opcode : 'read' 'write' 'readreq' 'writereq' 'writeresp'>
ST_9 : Operation 287 [1/8] (2.92ns)   --->   "%gmem0_1_load_req = readreq i1 @_ssdm_op_ReadReq.m_axi.i256P1A, i256 %gmem0_1_addr, i64 1" [../src/msm.cpp:423]   --->   Operation 287 'readreq' 'gmem0_1_load_req' <Predicate = (trunc_ln420 == 1)> <Delay = 2.92> <CoreInst = "m_axi">   --->   Core 119 'm_axi' <Latency = 6> <II = 1> <Delay = 1.00> <Adapter> <Opcode : 'read' 'write' 'readreq' 'writereq' 'writeresp'>
ST_9 : Operation 288 [1/8] (2.92ns)   --->   "%gmem0_2_load_req = readreq i1 @_ssdm_op_ReadReq.m_axi.i256P1A, i256 %gmem0_2_addr, i64 1" [../src/msm.cpp:423]   --->   Operation 288 'readreq' 'gmem0_2_load_req' <Predicate = (trunc_ln420 == 2)> <Delay = 2.92> <CoreInst = "m_axi">   --->   Core 119 'm_axi' <Latency = 6> <II = 1> <Delay = 1.00> <Adapter> <Opcode : 'read' 'write' 'readreq' 'writereq' 'writeresp'>
ST_9 : Operation 289 [1/8] (2.92ns)   --->   "%gmem0_3_load_req = readreq i1 @_ssdm_op_ReadReq.m_axi.i256P1A, i256 %gmem0_3_addr, i64 1" [../src/msm.cpp:423]   --->   Operation 289 'readreq' 'gmem0_3_load_req' <Predicate = (trunc_ln420 == 3)> <Delay = 2.92> <CoreInst = "m_axi">   --->   Core 119 'm_axi' <Latency = 6> <II = 1> <Delay = 1.00> <Adapter> <Opcode : 'read' 'write' 'readreq' 'writereq' 'writeresp'>
ST_9 : Operation 290 [1/8] (2.92ns)   --->   "%gmem1_0_load_req = readreq i1 @_ssdm_op_ReadReq.m_axi.i256P1A, i256 %gmem1_0_addr, i64 1" [../src/msm.cpp:424]   --->   Operation 290 'readreq' 'gmem1_0_load_req' <Predicate = (trunc_ln420 == 0)> <Delay = 2.92> <CoreInst = "m_axi">   --->   Core 119 'm_axi' <Latency = 6> <II = 1> <Delay = 1.00> <Adapter> <Opcode : 'read' 'write' 'readreq' 'writereq' 'writeresp'>
ST_9 : Operation 291 [1/8] (2.92ns)   --->   "%gmem1_1_load_req = readreq i1 @_ssdm_op_ReadReq.m_axi.i256P1A, i256 %gmem1_1_addr, i64 1" [../src/msm.cpp:424]   --->   Operation 291 'readreq' 'gmem1_1_load_req' <Predicate = (trunc_ln420 == 1)> <Delay = 2.92> <CoreInst = "m_axi">   --->   Core 119 'm_axi' <Latency = 6> <II = 1> <Delay = 1.00> <Adapter> <Opcode : 'read' 'write' 'readreq' 'writereq' 'writeresp'>
ST_9 : Operation 292 [1/8] (2.92ns)   --->   "%gmem1_2_load_req = readreq i1 @_ssdm_op_ReadReq.m_axi.i256P1A, i256 %gmem1_2_addr, i64 1" [../src/msm.cpp:424]   --->   Operation 292 'readreq' 'gmem1_2_load_req' <Predicate = (trunc_ln420 == 2)> <Delay = 2.92> <CoreInst = "m_axi">   --->   Core 119 'm_axi' <Latency = 6> <II = 1> <Delay = 1.00> <Adapter> <Opcode : 'read' 'write' 'readreq' 'writereq' 'writeresp'>
ST_9 : Operation 293 [1/8] (2.92ns)   --->   "%gmem1_3_load_req = readreq i1 @_ssdm_op_ReadReq.m_axi.i256P1A, i256 %gmem1_3_addr, i64 1" [../src/msm.cpp:424]   --->   Operation 293 'readreq' 'gmem1_3_load_req' <Predicate = (trunc_ln420 == 3)> <Delay = 2.92> <CoreInst = "m_axi">   --->   Core 119 'm_axi' <Latency = 6> <II = 1> <Delay = 1.00> <Adapter> <Opcode : 'read' 'write' 'readreq' 'writereq' 'writeresp'>
ST_9 : Operation 294 [1/8] (2.92ns)   --->   "%gmem2_0_load_req = readreq i1 @_ssdm_op_ReadReq.m_axi.i256P1A, i256 %gmem2_0_addr, i64 1" [../src/msm.cpp:425]   --->   Operation 294 'readreq' 'gmem2_0_load_req' <Predicate = (trunc_ln420 == 0)> <Delay = 2.92> <CoreInst = "m_axi">   --->   Core 119 'm_axi' <Latency = 6> <II = 1> <Delay = 1.00> <Adapter> <Opcode : 'read' 'write' 'readreq' 'writereq' 'writeresp'>
ST_9 : Operation 295 [1/8] (2.92ns)   --->   "%gmem2_1_load_req = readreq i1 @_ssdm_op_ReadReq.m_axi.i256P1A, i256 %gmem2_1_addr, i64 1" [../src/msm.cpp:425]   --->   Operation 295 'readreq' 'gmem2_1_load_req' <Predicate = (trunc_ln420 == 1)> <Delay = 2.92> <CoreInst = "m_axi">   --->   Core 119 'm_axi' <Latency = 6> <II = 1> <Delay = 1.00> <Adapter> <Opcode : 'read' 'write' 'readreq' 'writereq' 'writeresp'>
ST_9 : Operation 296 [1/8] (2.92ns)   --->   "%gmem2_2_load_req = readreq i1 @_ssdm_op_ReadReq.m_axi.i256P1A, i256 %gmem2_2_addr, i64 1" [../src/msm.cpp:425]   --->   Operation 296 'readreq' 'gmem2_2_load_req' <Predicate = (trunc_ln420 == 2)> <Delay = 2.92> <CoreInst = "m_axi">   --->   Core 119 'm_axi' <Latency = 6> <II = 1> <Delay = 1.00> <Adapter> <Opcode : 'read' 'write' 'readreq' 'writereq' 'writeresp'>
ST_9 : Operation 297 [1/8] (2.92ns)   --->   "%gmem2_3_load_req = readreq i1 @_ssdm_op_ReadReq.m_axi.i256P1A, i256 %gmem2_3_addr, i64 1" [../src/msm.cpp:425]   --->   Operation 297 'readreq' 'gmem2_3_load_req' <Predicate = (trunc_ln420 == 3)> <Delay = 2.92> <CoreInst = "m_axi">   --->   Core 119 'm_axi' <Latency = 6> <II = 1> <Delay = 1.00> <Adapter> <Opcode : 'read' 'write' 'readreq' 'writereq' 'writeresp'>
ST_9 : Operation 298 [2/8] (2.92ns)   --->   "%gmem2_0_load_1_req = readreq i1 @_ssdm_op_ReadReq.m_axi.i256P1A, i256 %gmem2_0_addr_1, i64 1" [../src/msm.cpp:426]   --->   Operation 298 'readreq' 'gmem2_0_load_1_req' <Predicate = (trunc_ln420 == 0)> <Delay = 2.92> <CoreInst = "m_axi">   --->   Core 119 'm_axi' <Latency = 6> <II = 1> <Delay = 1.00> <Adapter> <Opcode : 'read' 'write' 'readreq' 'writereq' 'writeresp'>
ST_9 : Operation 299 [2/8] (2.92ns)   --->   "%gmem2_1_load_1_req = readreq i1 @_ssdm_op_ReadReq.m_axi.i256P1A, i256 %gmem2_1_addr_1, i64 1" [../src/msm.cpp:426]   --->   Operation 299 'readreq' 'gmem2_1_load_1_req' <Predicate = (trunc_ln420 == 1)> <Delay = 2.92> <CoreInst = "m_axi">   --->   Core 119 'm_axi' <Latency = 6> <II = 1> <Delay = 1.00> <Adapter> <Opcode : 'read' 'write' 'readreq' 'writereq' 'writeresp'>
ST_9 : Operation 300 [2/8] (2.92ns)   --->   "%gmem2_2_load_1_req = readreq i1 @_ssdm_op_ReadReq.m_axi.i256P1A, i256 %gmem2_2_addr_1, i64 1" [../src/msm.cpp:426]   --->   Operation 300 'readreq' 'gmem2_2_load_1_req' <Predicate = (trunc_ln420 == 2)> <Delay = 2.92> <CoreInst = "m_axi">   --->   Core 119 'm_axi' <Latency = 6> <II = 1> <Delay = 1.00> <Adapter> <Opcode : 'read' 'write' 'readreq' 'writereq' 'writeresp'>
ST_9 : Operation 301 [2/8] (2.92ns)   --->   "%gmem2_3_load_1_req = readreq i1 @_ssdm_op_ReadReq.m_axi.i256P1A, i256 %gmem2_3_addr_1, i64 1" [../src/msm.cpp:426]   --->   Operation 301 'readreq' 'gmem2_3_load_1_req' <Predicate = (trunc_ln420 == 3)> <Delay = 2.92> <CoreInst = "m_axi">   --->   Core 119 'm_axi' <Latency = 6> <II = 1> <Delay = 1.00> <Adapter> <Opcode : 'read' 'write' 'readreq' 'writereq' 'writeresp'>
ST_9 : Operation 302 [1/8] (2.92ns)   --->   "%gmem3_0_load_req = readreq i1 @_ssdm_op_ReadReq.m_axi.i256P1A, i256 %gmem3_0_addr, i64 1" [../src/msm.cpp:427]   --->   Operation 302 'readreq' 'gmem3_0_load_req' <Predicate = (trunc_ln420 == 0)> <Delay = 2.92> <CoreInst = "m_axi">   --->   Core 119 'm_axi' <Latency = 6> <II = 1> <Delay = 1.00> <Adapter> <Opcode : 'read' 'write' 'readreq' 'writereq' 'writeresp'>
ST_9 : Operation 303 [1/8] (2.92ns)   --->   "%gmem3_1_load_req = readreq i1 @_ssdm_op_ReadReq.m_axi.i256P1A, i256 %gmem3_1_addr, i64 1" [../src/msm.cpp:427]   --->   Operation 303 'readreq' 'gmem3_1_load_req' <Predicate = (trunc_ln420 == 1)> <Delay = 2.92> <CoreInst = "m_axi">   --->   Core 119 'm_axi' <Latency = 6> <II = 1> <Delay = 1.00> <Adapter> <Opcode : 'read' 'write' 'readreq' 'writereq' 'writeresp'>
ST_9 : Operation 304 [1/8] (2.92ns)   --->   "%gmem3_2_load_req = readreq i1 @_ssdm_op_ReadReq.m_axi.i256P1A, i256 %gmem3_2_addr, i64 1" [../src/msm.cpp:427]   --->   Operation 304 'readreq' 'gmem3_2_load_req' <Predicate = (trunc_ln420 == 2)> <Delay = 2.92> <CoreInst = "m_axi">   --->   Core 119 'm_axi' <Latency = 6> <II = 1> <Delay = 1.00> <Adapter> <Opcode : 'read' 'write' 'readreq' 'writereq' 'writeresp'>
ST_9 : Operation 305 [1/8] (2.92ns)   --->   "%gmem3_3_load_req = readreq i1 @_ssdm_op_ReadReq.m_axi.i256P1A, i256 %gmem3_3_addr, i64 1" [../src/msm.cpp:427]   --->   Operation 305 'readreq' 'gmem3_3_load_req' <Predicate = (trunc_ln420 == 3)> <Delay = 2.92> <CoreInst = "m_axi">   --->   Core 119 'm_axi' <Latency = 6> <II = 1> <Delay = 1.00> <Adapter> <Opcode : 'read' 'write' 'readreq' 'writereq' 'writeresp'>

State 10 <SV = 9> <Delay = 2.92>
ST_10 : Operation 306 [1/1] (2.92ns)   --->   "%gmem0_0_addr_read = read i256 @_ssdm_op_Read.m_axi.i256P1A, i256 %gmem0_0_addr" [../src/msm.cpp:423]   --->   Operation 306 'read' 'gmem0_0_addr_read' <Predicate = (trunc_ln420 == 0)> <Delay = 2.92> <CoreInst = "m_axi">   --->   Core 119 'm_axi' <Latency = 3> <II = 1> <Delay = 1.00> <Adapter> <Opcode : 'read' 'write' 'readreq' 'writereq' 'writeresp'>
ST_10 : Operation 307 [1/1] (2.92ns)   --->   "%gmem0_1_addr_read = read i256 @_ssdm_op_Read.m_axi.i256P1A, i256 %gmem0_1_addr" [../src/msm.cpp:423]   --->   Operation 307 'read' 'gmem0_1_addr_read' <Predicate = (trunc_ln420 == 1)> <Delay = 2.92> <CoreInst = "m_axi">   --->   Core 119 'm_axi' <Latency = 3> <II = 1> <Delay = 1.00> <Adapter> <Opcode : 'read' 'write' 'readreq' 'writereq' 'writeresp'>
ST_10 : Operation 308 [1/1] (2.92ns)   --->   "%gmem0_2_addr_read = read i256 @_ssdm_op_Read.m_axi.i256P1A, i256 %gmem0_2_addr" [../src/msm.cpp:423]   --->   Operation 308 'read' 'gmem0_2_addr_read' <Predicate = (trunc_ln420 == 2)> <Delay = 2.92> <CoreInst = "m_axi">   --->   Core 119 'm_axi' <Latency = 3> <II = 1> <Delay = 1.00> <Adapter> <Opcode : 'read' 'write' 'readreq' 'writereq' 'writeresp'>
ST_10 : Operation 309 [1/1] (2.92ns)   --->   "%gmem0_3_addr_read = read i256 @_ssdm_op_Read.m_axi.i256P1A, i256 %gmem0_3_addr" [../src/msm.cpp:423]   --->   Operation 309 'read' 'gmem0_3_addr_read' <Predicate = (trunc_ln420 == 3)> <Delay = 2.92> <CoreInst = "m_axi">   --->   Core 119 'm_axi' <Latency = 3> <II = 1> <Delay = 1.00> <Adapter> <Opcode : 'read' 'write' 'readreq' 'writereq' 'writeresp'>
ST_10 : Operation 310 [1/1] (2.92ns)   --->   "%gmem1_0_addr_read = read i256 @_ssdm_op_Read.m_axi.i256P1A, i256 %gmem1_0_addr" [../src/msm.cpp:424]   --->   Operation 310 'read' 'gmem1_0_addr_read' <Predicate = (trunc_ln420 == 0)> <Delay = 2.92> <CoreInst = "m_axi">   --->   Core 119 'm_axi' <Latency = 3> <II = 1> <Delay = 1.00> <Adapter> <Opcode : 'read' 'write' 'readreq' 'writereq' 'writeresp'>
ST_10 : Operation 311 [1/1] (2.92ns)   --->   "%gmem1_1_addr_read = read i256 @_ssdm_op_Read.m_axi.i256P1A, i256 %gmem1_1_addr" [../src/msm.cpp:424]   --->   Operation 311 'read' 'gmem1_1_addr_read' <Predicate = (trunc_ln420 == 1)> <Delay = 2.92> <CoreInst = "m_axi">   --->   Core 119 'm_axi' <Latency = 3> <II = 1> <Delay = 1.00> <Adapter> <Opcode : 'read' 'write' 'readreq' 'writereq' 'writeresp'>
ST_10 : Operation 312 [1/1] (2.92ns)   --->   "%gmem1_2_addr_read = read i256 @_ssdm_op_Read.m_axi.i256P1A, i256 %gmem1_2_addr" [../src/msm.cpp:424]   --->   Operation 312 'read' 'gmem1_2_addr_read' <Predicate = (trunc_ln420 == 2)> <Delay = 2.92> <CoreInst = "m_axi">   --->   Core 119 'm_axi' <Latency = 3> <II = 1> <Delay = 1.00> <Adapter> <Opcode : 'read' 'write' 'readreq' 'writereq' 'writeresp'>
ST_10 : Operation 313 [1/1] (2.92ns)   --->   "%gmem1_3_addr_read = read i256 @_ssdm_op_Read.m_axi.i256P1A, i256 %gmem1_3_addr" [../src/msm.cpp:424]   --->   Operation 313 'read' 'gmem1_3_addr_read' <Predicate = (trunc_ln420 == 3)> <Delay = 2.92> <CoreInst = "m_axi">   --->   Core 119 'm_axi' <Latency = 3> <II = 1> <Delay = 1.00> <Adapter> <Opcode : 'read' 'write' 'readreq' 'writereq' 'writeresp'>
ST_10 : Operation 314 [1/1] (2.92ns)   --->   "%gmem2_0_addr_read = read i256 @_ssdm_op_Read.m_axi.i256P1A, i256 %gmem2_0_addr" [../src/msm.cpp:425]   --->   Operation 314 'read' 'gmem2_0_addr_read' <Predicate = (trunc_ln420 == 0)> <Delay = 2.92> <CoreInst = "m_axi">   --->   Core 119 'm_axi' <Latency = 3> <II = 1> <Delay = 1.00> <Adapter> <Opcode : 'read' 'write' 'readreq' 'writereq' 'writeresp'>
ST_10 : Operation 315 [1/1] (2.92ns)   --->   "%gmem2_1_addr_read = read i256 @_ssdm_op_Read.m_axi.i256P1A, i256 %gmem2_1_addr" [../src/msm.cpp:425]   --->   Operation 315 'read' 'gmem2_1_addr_read' <Predicate = (trunc_ln420 == 1)> <Delay = 2.92> <CoreInst = "m_axi">   --->   Core 119 'm_axi' <Latency = 3> <II = 1> <Delay = 1.00> <Adapter> <Opcode : 'read' 'write' 'readreq' 'writereq' 'writeresp'>
ST_10 : Operation 316 [1/1] (2.92ns)   --->   "%gmem2_2_addr_read = read i256 @_ssdm_op_Read.m_axi.i256P1A, i256 %gmem2_2_addr" [../src/msm.cpp:425]   --->   Operation 316 'read' 'gmem2_2_addr_read' <Predicate = (trunc_ln420 == 2)> <Delay = 2.92> <CoreInst = "m_axi">   --->   Core 119 'm_axi' <Latency = 3> <II = 1> <Delay = 1.00> <Adapter> <Opcode : 'read' 'write' 'readreq' 'writereq' 'writeresp'>
ST_10 : Operation 317 [1/1] (2.92ns)   --->   "%gmem2_3_addr_read = read i256 @_ssdm_op_Read.m_axi.i256P1A, i256 %gmem2_3_addr" [../src/msm.cpp:425]   --->   Operation 317 'read' 'gmem2_3_addr_read' <Predicate = (trunc_ln420 == 3)> <Delay = 2.92> <CoreInst = "m_axi">   --->   Core 119 'm_axi' <Latency = 3> <II = 1> <Delay = 1.00> <Adapter> <Opcode : 'read' 'write' 'readreq' 'writereq' 'writeresp'>
ST_10 : Operation 318 [1/8] (2.92ns)   --->   "%gmem2_0_load_1_req = readreq i1 @_ssdm_op_ReadReq.m_axi.i256P1A, i256 %gmem2_0_addr_1, i64 1" [../src/msm.cpp:426]   --->   Operation 318 'readreq' 'gmem2_0_load_1_req' <Predicate = (trunc_ln420 == 0)> <Delay = 2.92> <CoreInst = "m_axi">   --->   Core 119 'm_axi' <Latency = 6> <II = 1> <Delay = 1.00> <Adapter> <Opcode : 'read' 'write' 'readreq' 'writereq' 'writeresp'>
ST_10 : Operation 319 [1/8] (2.92ns)   --->   "%gmem2_1_load_1_req = readreq i1 @_ssdm_op_ReadReq.m_axi.i256P1A, i256 %gmem2_1_addr_1, i64 1" [../src/msm.cpp:426]   --->   Operation 319 'readreq' 'gmem2_1_load_1_req' <Predicate = (trunc_ln420 == 1)> <Delay = 2.92> <CoreInst = "m_axi">   --->   Core 119 'm_axi' <Latency = 6> <II = 1> <Delay = 1.00> <Adapter> <Opcode : 'read' 'write' 'readreq' 'writereq' 'writeresp'>
ST_10 : Operation 320 [1/8] (2.92ns)   --->   "%gmem2_2_load_1_req = readreq i1 @_ssdm_op_ReadReq.m_axi.i256P1A, i256 %gmem2_2_addr_1, i64 1" [../src/msm.cpp:426]   --->   Operation 320 'readreq' 'gmem2_2_load_1_req' <Predicate = (trunc_ln420 == 2)> <Delay = 2.92> <CoreInst = "m_axi">   --->   Core 119 'm_axi' <Latency = 6> <II = 1> <Delay = 1.00> <Adapter> <Opcode : 'read' 'write' 'readreq' 'writereq' 'writeresp'>
ST_10 : Operation 321 [1/8] (2.92ns)   --->   "%gmem2_3_load_1_req = readreq i1 @_ssdm_op_ReadReq.m_axi.i256P1A, i256 %gmem2_3_addr_1, i64 1" [../src/msm.cpp:426]   --->   Operation 321 'readreq' 'gmem2_3_load_1_req' <Predicate = (trunc_ln420 == 3)> <Delay = 2.92> <CoreInst = "m_axi">   --->   Core 119 'm_axi' <Latency = 6> <II = 1> <Delay = 1.00> <Adapter> <Opcode : 'read' 'write' 'readreq' 'writereq' 'writeresp'>
ST_10 : Operation 322 [1/1] (2.92ns)   --->   "%gmem3_0_addr_read = read i256 @_ssdm_op_Read.m_axi.i256P1A, i256 %gmem3_0_addr" [../src/msm.cpp:427]   --->   Operation 322 'read' 'gmem3_0_addr_read' <Predicate = (trunc_ln420 == 0)> <Delay = 2.92> <CoreInst = "m_axi">   --->   Core 119 'm_axi' <Latency = 3> <II = 1> <Delay = 1.00> <Adapter> <Opcode : 'read' 'write' 'readreq' 'writereq' 'writeresp'>
ST_10 : Operation 323 [1/1] (2.92ns)   --->   "%gmem3_1_addr_read = read i256 @_ssdm_op_Read.m_axi.i256P1A, i256 %gmem3_1_addr" [../src/msm.cpp:427]   --->   Operation 323 'read' 'gmem3_1_addr_read' <Predicate = (trunc_ln420 == 1)> <Delay = 2.92> <CoreInst = "m_axi">   --->   Core 119 'm_axi' <Latency = 3> <II = 1> <Delay = 1.00> <Adapter> <Opcode : 'read' 'write' 'readreq' 'writereq' 'writeresp'>
ST_10 : Operation 324 [1/1] (2.92ns)   --->   "%gmem3_2_addr_read = read i256 @_ssdm_op_Read.m_axi.i256P1A, i256 %gmem3_2_addr" [../src/msm.cpp:427]   --->   Operation 324 'read' 'gmem3_2_addr_read' <Predicate = (trunc_ln420 == 2)> <Delay = 2.92> <CoreInst = "m_axi">   --->   Core 119 'm_axi' <Latency = 3> <II = 1> <Delay = 1.00> <Adapter> <Opcode : 'read' 'write' 'readreq' 'writereq' 'writeresp'>
ST_10 : Operation 325 [1/1] (2.92ns)   --->   "%gmem3_3_addr_read = read i256 @_ssdm_op_Read.m_axi.i256P1A, i256 %gmem3_3_addr" [../src/msm.cpp:427]   --->   Operation 325 'read' 'gmem3_3_addr_read' <Predicate = (trunc_ln420 == 3)> <Delay = 2.92> <CoreInst = "m_axi">   --->   Core 119 'm_axi' <Latency = 3> <II = 1> <Delay = 1.00> <Adapter> <Opcode : 'read' 'write' 'readreq' 'writereq' 'writeresp'>
ST_10 : Operation 343 [1/1] (0.42ns)   --->   "%ret_ln0 = ret"   --->   Operation 343 'ret' 'ret_ln0' <Predicate = (!icmp_ln420)> <Delay = 0.42>

State 11 <SV = 10> <Delay = 2.92>
ST_11 : Operation 326 [1/1] (0.52ns)   --->   "%p_s = sparsemux i256 @_ssdm_op_SparseMux.ap_auto.4i256.i256.i2, i2 0, i256 %gmem0_0_addr_read, i2 1, i256 %gmem0_1_addr_read, i2 2, i256 %gmem0_2_addr_read, i2 3, i256 %gmem0_3_addr_read, i256 0, i2 %trunc_ln420" [../src/msm.cpp:423]   --->   Operation 326 'sparsemux' 'p_s' <Predicate = true> <Delay = 0.52> <CoreInst = "BinarySparseMux_DontCare">   --->   Core 149 'BinarySparseMux_DontCare' <Latency = 0> <II = 1> <Delay = 0.52> <FuncUnit> <Opcode : 'sparsemux'> <InPorts = 2> <OutPorts = 1>
ST_11 : Operation 327 [1/1] (0.52ns)   --->   "%p_1 = sparsemux i256 @_ssdm_op_SparseMux.ap_auto.4i256.i256.i2, i2 0, i256 %gmem1_0_addr_read, i2 1, i256 %gmem1_1_addr_read, i2 2, i256 %gmem1_2_addr_read, i2 3, i256 %gmem1_3_addr_read, i256 0, i2 %trunc_ln420" [../src/msm.cpp:424]   --->   Operation 327 'sparsemux' 'p_1' <Predicate = true> <Delay = 0.52> <CoreInst = "BinarySparseMux_DontCare">   --->   Core 149 'BinarySparseMux_DontCare' <Latency = 0> <II = 1> <Delay = 0.52> <FuncUnit> <Opcode : 'sparsemux'> <InPorts = 2> <OutPorts = 1>
ST_11 : Operation 328 [1/1] (0.52ns)   --->   "%p_2 = sparsemux i256 @_ssdm_op_SparseMux.ap_auto.4i256.i256.i2, i2 0, i256 %gmem2_0_addr_read, i2 1, i256 %gmem2_1_addr_read, i2 2, i256 %gmem2_2_addr_read, i2 3, i256 %gmem2_3_addr_read, i256 0, i2 %trunc_ln420" [../src/msm.cpp:425]   --->   Operation 328 'sparsemux' 'p_2' <Predicate = true> <Delay = 0.52> <CoreInst = "BinarySparseMux_DontCare">   --->   Core 149 'BinarySparseMux_DontCare' <Latency = 0> <II = 1> <Delay = 0.52> <FuncUnit> <Opcode : 'sparsemux'> <InPorts = 2> <OutPorts = 1>
ST_11 : Operation 329 [1/1] (2.92ns)   --->   "%gmem2_0_addr_1_read = read i256 @_ssdm_op_Read.m_axi.i256P1A, i256 %gmem2_0_addr_1" [../src/msm.cpp:426]   --->   Operation 329 'read' 'gmem2_0_addr_1_read' <Predicate = (trunc_ln420 == 0)> <Delay = 2.92> <CoreInst = "m_axi">   --->   Core 119 'm_axi' <Latency = 3> <II = 1> <Delay = 1.00> <Adapter> <Opcode : 'read' 'write' 'readreq' 'writereq' 'writeresp'>
ST_11 : Operation 330 [1/1] (2.92ns)   --->   "%gmem2_1_addr_1_read = read i256 @_ssdm_op_Read.m_axi.i256P1A, i256 %gmem2_1_addr_1" [../src/msm.cpp:426]   --->   Operation 330 'read' 'gmem2_1_addr_1_read' <Predicate = (trunc_ln420 == 1)> <Delay = 2.92> <CoreInst = "m_axi">   --->   Core 119 'm_axi' <Latency = 3> <II = 1> <Delay = 1.00> <Adapter> <Opcode : 'read' 'write' 'readreq' 'writereq' 'writeresp'>
ST_11 : Operation 331 [1/1] (2.92ns)   --->   "%gmem2_2_addr_1_read = read i256 @_ssdm_op_Read.m_axi.i256P1A, i256 %gmem2_2_addr_1" [../src/msm.cpp:426]   --->   Operation 331 'read' 'gmem2_2_addr_1_read' <Predicate = (trunc_ln420 == 2)> <Delay = 2.92> <CoreInst = "m_axi">   --->   Core 119 'm_axi' <Latency = 3> <II = 1> <Delay = 1.00> <Adapter> <Opcode : 'read' 'write' 'readreq' 'writereq' 'writeresp'>
ST_11 : Operation 332 [1/1] (2.92ns)   --->   "%gmem2_3_addr_1_read = read i256 @_ssdm_op_Read.m_axi.i256P1A, i256 %gmem2_3_addr_1" [../src/msm.cpp:426]   --->   Operation 332 'read' 'gmem2_3_addr_1_read' <Predicate = (trunc_ln420 == 3)> <Delay = 2.92> <CoreInst = "m_axi">   --->   Core 119 'm_axi' <Latency = 3> <II = 1> <Delay = 1.00> <Adapter> <Opcode : 'read' 'write' 'readreq' 'writereq' 'writeresp'>
ST_11 : Operation 333 [1/1] (0.52ns)   --->   "%p_0 = sparsemux i256 @_ssdm_op_SparseMux.ap_auto.4i256.i256.i2, i2 0, i256 %gmem3_0_addr_read, i2 1, i256 %gmem3_1_addr_read, i2 2, i256 %gmem3_2_addr_read, i2 3, i256 %gmem3_3_addr_read, i256 0, i2 %trunc_ln420" [../src/msm.cpp:427]   --->   Operation 333 'sparsemux' 'p_0' <Predicate = true> <Delay = 0.52> <CoreInst = "BinarySparseMux_DontCare">   --->   Core 149 'BinarySparseMux_DontCare' <Latency = 0> <II = 1> <Delay = 0.52> <FuncUnit> <Opcode : 'sparsemux'> <InPorts = 2> <OutPorts = 1>

State 12 <SV = 11> <Delay = 1.98>
ST_12 : Operation 334 [1/1] (0.00ns)   --->   "%specpipeline_ln422 = specpipeline void @_ssdm_op_SpecPipeline, i32 1, i32 0, i32 0, i32 0, void @empty_10" [../src/msm.cpp:422]   --->   Operation 334 'specpipeline' 'specpipeline_ln422' <Predicate = true> <Delay = 0.00>
ST_12 : Operation 335 [1/1] (0.00ns)   --->   "%specloopname_ln420 = specloopname void @_ssdm_op_SpecLoopName, void @empty_48" [../src/msm.cpp:420]   --->   Operation 335 'specloopname' 'specloopname_ln420' <Predicate = true> <Delay = 0.00>
ST_12 : Operation 336 [1/1] ( I:1.46ns O:1.46ns )   --->   "%write_ln423 = write void @_ssdm_op_Write.ap_fifo.volatile.i256P0A, i256 %x_point_stream, i256 %p_s" [../src/msm.cpp:423]   --->   Operation 336 'write' 'write_ln423' <Predicate = true> <Delay = 1.46> <CoreInst = "FIFO">   --->   Core 77 'FIFO' <Latency = 0> <II = 1> <Delay = 1.55> <Storage> <Opcode : 'read' 'write' 'nbread' 'nbwrite'> <Ports = 0> <Width = 256> <Depth = 64> <FIFO>
ST_12 : Operation 337 [1/1] ( I:1.46ns O:1.46ns )   --->   "%write_ln424 = write void @_ssdm_op_Write.ap_fifo.volatile.i256P0A, i256 %y_point_stream, i256 %p_1" [../src/msm.cpp:424]   --->   Operation 337 'write' 'write_ln424' <Predicate = true> <Delay = 1.46> <CoreInst = "FIFO">   --->   Core 77 'FIFO' <Latency = 0> <II = 1> <Delay = 1.55> <Storage> <Opcode : 'read' 'write' 'nbread' 'nbwrite'> <Ports = 0> <Width = 256> <Depth = 64> <FIFO>
ST_12 : Operation 338 [1/1] ( I:1.46ns O:1.46ns )   --->   "%write_ln425 = write void @_ssdm_op_Write.ap_fifo.volatile.i256P0A, i256 %z_point_stream, i256 %p_2" [../src/msm.cpp:425]   --->   Operation 338 'write' 'write_ln425' <Predicate = true> <Delay = 1.46> <CoreInst = "FIFO">   --->   Core 77 'FIFO' <Latency = 0> <II = 1> <Delay = 1.55> <Storage> <Opcode : 'read' 'write' 'nbread' 'nbwrite'> <Ports = 0> <Width = 256> <Depth = 64> <FIFO>
ST_12 : Operation 339 [1/1] (0.52ns)   --->   "%p_3 = sparsemux i256 @_ssdm_op_SparseMux.ap_auto.4i256.i256.i2, i2 0, i256 %gmem2_0_addr_1_read, i2 1, i256 %gmem2_1_addr_1_read, i2 2, i256 %gmem2_2_addr_1_read, i2 3, i256 %gmem2_3_addr_1_read, i256 0, i2 %trunc_ln420" [../src/msm.cpp:426]   --->   Operation 339 'sparsemux' 'p_3' <Predicate = true> <Delay = 0.52> <CoreInst = "BinarySparseMux_DontCare">   --->   Core 149 'BinarySparseMux_DontCare' <Latency = 0> <II = 1> <Delay = 0.52> <FuncUnit> <Opcode : 'sparsemux'> <InPorts = 2> <OutPorts = 1>
ST_12 : Operation 340 [1/1] ( I:1.46ns O:1.46ns )   --->   "%write_ln426 = write void @_ssdm_op_Write.ap_fifo.volatile.i256P0A, i256 %t_point_stream, i256 %p_3" [../src/msm.cpp:426]   --->   Operation 340 'write' 'write_ln426' <Predicate = true> <Delay = 1.46> <CoreInst = "FIFO_SRL">   --->   Core 80 'FIFO_SRL' <Latency = 0> <II = 1> <Delay = 1.83> <Storage> <Opcode : 'read' 'write' 'nbread' 'nbwrite'> <Ports = 0> <Width = 256> <Depth = 2> <FIFO>
ST_12 : Operation 341 [1/1] ( I:1.46ns O:1.46ns )   --->   "%write_ln427 = write void @_ssdm_op_Write.ap_fifo.volatile.i256P0A, i256 %scalar_point_stream, i256 %p_0" [../src/msm.cpp:427]   --->   Operation 341 'write' 'write_ln427' <Predicate = true> <Delay = 1.46> <CoreInst = "FIFO">   --->   Core 77 'FIFO' <Latency = 0> <II = 1> <Delay = 1.55> <Storage> <Opcode : 'read' 'write' 'nbread' 'nbwrite'> <Ports = 0> <Width = 256> <Depth = 64> <FIFO>
ST_12 : Operation 342 [1/1] (0.00ns)   --->   "%br_ln420 = br void %for.inc.i" [../src/msm.cpp:420]   --->   Operation 342 'br' 'br_ln420' <Predicate = true> <Delay = 0.00>


============================================================
+ Verbose Summary: Timing violations
============================================================
Target clock period: 4.000ns, clock uncertainty: 1.080ns.

 <State 1>: 1.870ns
The critical path consists of the following:
	'store' operation 0 bit ('store_ln420', ../src/msm.cpp:420) of constant 0 on local variable 'i', ../src/msm.cpp:420 [86]  (0.427 ns)
	'load' operation 31 bit ('i', ../src/msm.cpp:420) on local variable 'i', ../src/msm.cpp:420 [89]  (0.000 ns)
	'icmp' operation 1 bit ('icmp_ln420', ../src/msm.cpp:420) [91]  (1.016 ns)
	'store' operation 0 bit ('store_ln420', ../src/msm.cpp:420) of variable 'add_ln420', ../src/msm.cpp:420 on local variable 'i', ../src/msm.cpp:420 [231]  (0.427 ns)

 <State 2>: 2.920ns
The critical path consists of the following:
	'getelementptr' operation 256 bit ('gmem0_0_addr', ../src/msm.cpp:423) [107]  (0.000 ns)
	bus request operation ('gmem0_0_load_req', ../src/msm.cpp:423) on port 'gmem0_0' (../src/msm.cpp:423) [108]  (2.920 ns)

 <State 3>: 2.920ns
The critical path consists of the following:
	bus request operation ('gmem0_0_load_req', ../src/msm.cpp:423) on port 'gmem0_0' (../src/msm.cpp:423) [108]  (2.920 ns)

 <State 4>: 2.920ns
The critical path consists of the following:
	bus request operation ('gmem0_0_load_req', ../src/msm.cpp:423) on port 'gmem0_0' (../src/msm.cpp:423) [108]  (2.920 ns)

 <State 5>: 2.920ns
The critical path consists of the following:
	bus request operation ('gmem0_0_load_req', ../src/msm.cpp:423) on port 'gmem0_0' (../src/msm.cpp:423) [108]  (2.920 ns)

 <State 6>: 2.920ns
The critical path consists of the following:
	bus request operation ('gmem0_0_load_req', ../src/msm.cpp:423) on port 'gmem0_0' (../src/msm.cpp:423) [108]  (2.920 ns)

 <State 7>: 2.920ns
The critical path consists of the following:
	bus request operation ('gmem0_0_load_req', ../src/msm.cpp:423) on port 'gmem0_0' (../src/msm.cpp:423) [108]  (2.920 ns)

 <State 8>: 2.920ns
The critical path consists of the following:
	bus request operation ('gmem0_0_load_req', ../src/msm.cpp:423) on port 'gmem0_0' (../src/msm.cpp:423) [108]  (2.920 ns)

 <State 9>: 2.920ns
The critical path consists of the following:
	bus request operation ('gmem0_0_load_req', ../src/msm.cpp:423) on port 'gmem0_0' (../src/msm.cpp:423) [108]  (2.920 ns)

 <State 10>: 2.920ns
The critical path consists of the following:
	bus read operation ('gmem0_0_addr_read', ../src/msm.cpp:423) on port 'gmem0_0' (../src/msm.cpp:423) [109]  (2.920 ns)

 <State 11>: 2.920ns
The critical path consists of the following:
	bus read operation ('gmem2_0_addr_1_read', ../src/msm.cpp:426) on port 'gmem2_0' (../src/msm.cpp:426) [187]  (2.920 ns)

 <State 12>: 1.985ns
The critical path consists of the following:
	'sparsemux' operation 256 bit ('p_3', ../src/msm.cpp:426) [203]  (0.525 ns)
	fifo write operation ('write_ln426', ../src/msm.cpp:426) on port 't_point_stream' (../src/msm.cpp:426) [204]  (1.460 ns)


============================================================
+ Verbose Summary: Binding
============================================================
N/A
* FSMD analyzer results:
  - Output states:
 - Input state : 
  - Chain level:
	State 1
	State 2
	State 3
	State 4
	State 5
	State 6
	State 7
	State 8
	State 9
	State 10
	State 11
	State 12


============================================================
+ Verbose Summary: Datapath Resource usage 
============================================================
N/A
