

================================================================
== Vitis HLS Report for 'data_loader_Pipeline_DATA_LOAD_LOOP'
================================================================
* Date:           Wed Apr 23 12:35:29 2025

* Version:        2024.2 (Build 5238294 on Nov  8 2024)
* Project:        msm_2
* Solution:       solution1 (Vivado IP Flow Target)
* Product family: zynquplus
* Target device:  xczu7ev-ffvc1156-2-e


================================================================
== Performance Estimates
================================================================
+ Timing: 
    * Summary: 
    +--------+---------+----------+------------+
    |  Clock |  Target | Estimated| Uncertainty|
    +--------+---------+----------+------------+
    |ap_clk  |  4.00 ns|  2.920 ns|     1.08 ns|
    +--------+---------+----------+------------+

+ Latency: 
    * Summary: 
    +---------+---------+----------+----------+-----+-----+------------------------------------------------+
    |  Latency (cycles) |  Latency (absolute) |  Interval |                    Pipeline                    |
    |   min   |   max   |    min   |    max   | min | max |                      Type                      |
    +---------+---------+----------+----------+-----+-----+------------------------------------------------+
    |        ?|        ?|         ?|         ?|    0|    0|  loop auto-rewind stp (delay=0 clock cycles(s))|
    +---------+---------+----------+----------+-----+-----+------------------------------------------------+

    + Detail: 
        * Instance: 
        N/A

        * Loop: 
        +------------------+---------+---------+----------+-----------+-----------+------+----------+
        |                  |  Latency (cycles) | Iteration|  Initiation Interval  | Trip |          |
        |     Loop Name    |   min   |   max   |  Latency |  achieved |   target  | Count| Pipelined|
        +------------------+---------+---------+----------+-----------+-----------+------+----------+
        |- DATA_LOAD_LOOP  |        ?|        ?|        12|          2|          1|     ?|       yes|
        +------------------+---------+---------+----------+-----------+-----------+------+----------+

============================================================
+ Verbose Summary: Synthesis Manager
============================================================
InlineROM: 1
ExposeGlobal: 0
============================================================
+ Verbose Summary: CDFG Model
============================================================
IsTopModel: 0
ResetActiveHigh: 1
IsCombinational: 0
IsDatapathOnly: 0
HasWiredReturn: 1
HasMFsm: 2
HasVarLatency: 1
IsPipeline: 0
IsRtlPipelined: 0
IsInstanceOverlapped: 0
IsDontTouch: 0
HasImplIP: 0
IsGatedGlobalClock: 0

+ Individual pipeline summary: 
  * Pipeline-0: initiation interval (II) = 2, depth = 12


============================================================
+ Verbose Summary: Schedule
============================================================
* Number of FSM states : 12
* Pipeline : 1
  Pipeline-0 : II = 2, D = 12, States = { 1 2 3 4 5 6 7 8 9 10 11 12 }
* Dataflow Pipeline: 0

* FSM state transitions: 
1 --> 2 
2 --> 3 
3 --> 4 
4 --> 5 
5 --> 6 
6 --> 7 
7 --> 8 
8 --> 9 
9 --> 10 
10 --> 11 
11 --> 12 
12 --> 

* FSM state operations: 

State 1 <SV = 0> <Delay = 1.87>
ST_1 : Operation 15 [1/1] (0.00ns)   --->   "%i = alloca i32 1" [../src/msm.cpp:420]   --->   Operation 15 'alloca' 'i' <Predicate = true> <Delay = 0.00>
ST_1 : Operation 16 [1/1] (0.00ns)   --->   "%specinterface_ln0 = specinterface void @_ssdm_op_SpecInterface, i256 %gmem0_0, void @empty_5, i32 0, i32 0, void @empty_10, i32 0, i32 1024, void @empty_9, void @empty_8, void @empty_10, i32 4, i32 16, i32 16, i32 16, void @empty_10, void @empty_10, i32 4294967295, i32 0, i32 0"   --->   Operation 16 'specinterface' 'specinterface_ln0' <Predicate = true> <Delay = 0.00>
ST_1 : Operation 17 [1/1] (0.00ns)   --->   "%specinterface_ln0 = specinterface void @_ssdm_op_SpecInterface, i256 %gmem0_1, void @empty_5, i32 0, i32 0, void @empty_10, i32 0, i32 1024, void @empty_36, void @empty_8, void @empty_10, i32 4, i32 16, i32 16, i32 16, void @empty_10, void @empty_10, i32 4294967295, i32 0, i32 0"   --->   Operation 17 'specinterface' 'specinterface_ln0' <Predicate = true> <Delay = 0.00>
ST_1 : Operation 18 [1/1] (0.00ns)   --->   "%specinterface_ln0 = specinterface void @_ssdm_op_SpecInterface, i256 %gmem0_2, void @empty_5, i32 0, i32 0, void @empty_10, i32 0, i32 1024, void @empty_18, void @empty_8, void @empty_10, i32 4, i32 16, i32 16, i32 16, void @empty_10, void @empty_10, i32 4294967295, i32 0, i32 0"   --->   Operation 18 'specinterface' 'specinterface_ln0' <Predicate = true> <Delay = 0.00>
ST_1 : Operation 19 [1/1] (0.00ns)   --->   "%specinterface_ln0 = specinterface void @_ssdm_op_SpecInterface, i256 %gmem0_3, void @empty_5, i32 0, i32 0, void @empty_10, i32 0, i32 1024, void @empty_56, void @empty_8, void @empty_10, i32 4, i32 16, i32 16, i32 16, void @empty_10, void @empty_10, i32 4294967295, i32 0, i32 0"   --->   Operation 19 'specinterface' 'specinterface_ln0' <Predicate = true> <Delay = 0.00>
ST_1 : Operation 20 [1/1] (0.00ns)   --->   "%specinterface_ln0 = specinterface void @_ssdm_op_SpecInterface, i256 %gmem1_0, void @empty_5, i32 0, i32 0, void @empty_10, i32 0, i32 1024, void @empty_46, void @empty_8, void @empty_10, i32 4, i32 16, i32 16, i32 16, void @empty_10, void @empty_10, i32 4294967295, i32 0, i32 0"   --->   Operation 20 'specinterface' 'specinterface_ln0' <Predicate = true> <Delay = 0.00>
ST_1 : Operation 21 [1/1] (0.00ns)   --->   "%specinterface_ln0 = specinterface void @_ssdm_op_SpecInterface, i256 %gmem1_1, void @empty_5, i32 0, i32 0, void @empty_10, i32 0, i32 1024, void @empty_44, void @empty_8, void @empty_10, i32 4, i32 16, i32 16, i32 16, void @empty_10, void @empty_10, i32 4294967295, i32 0, i32 0"   --->   Operation 21 'specinterface' 'specinterface_ln0' <Predicate = true> <Delay = 0.00>
ST_1 : Operation 22 [1/1] (0.00ns)   --->   "%specinterface_ln0 = specinterface void @_ssdm_op_SpecInterface, i256 %gmem1_2, void @empty_5, i32 0, i32 0, void @empty_10, i32 0, i32 1024, void @empty_43, void @empty_8, void @empty_10, i32 4, i32 16, i32 16, i32 16, void @empty_10, void @empty_10, i32 4294967295, i32 0, i32 0"   --->   Operation 22 'specinterface' 'specinterface_ln0' <Predicate = true> <Delay = 0.00>
ST_1 : Operation 23 [1/1] (0.00ns)   --->   "%specinterface_ln0 = specinterface void @_ssdm_op_SpecInterface, i256 %gmem1_3, void @empty_5, i32 0, i32 0, void @empty_10, i32 0, i32 1024, void @empty_6, void @empty_8, void @empty_10, i32 4, i32 16, i32 16, i32 16, void @empty_10, void @empty_10, i32 4294967295, i32 0, i32 0"   --->   Operation 23 'specinterface' 'specinterface_ln0' <Predicate = true> <Delay = 0.00>
ST_1 : Operation 24 [1/1] (0.00ns)   --->   "%specinterface_ln0 = specinterface void @_ssdm_op_SpecInterface, i256 %gmem2_0, void @empty_5, i32 0, i32 0, void @empty_10, i32 0, i32 1024, void @empty_11, void @empty_8, void @empty_10, i32 4, i32 16, i32 16, i32 16, void @empty_10, void @empty_10, i32 4294967295, i32 0, i32 0"   --->   Operation 24 'specinterface' 'specinterface_ln0' <Predicate = true> <Delay = 0.00>
ST_1 : Operation 25 [1/1] (0.00ns)   --->   "%specinterface_ln0 = specinterface void @_ssdm_op_SpecInterface, i256 %gmem2_1, void @empty_5, i32 0, i32 0, void @empty_10, i32 0, i32 1024, void @empty_27, void @empty_8, void @empty_10, i32 4, i32 16, i32 16, i32 16, void @empty_10, void @empty_10, i32 4294967295, i32 0, i32 0"   --->   Operation 25 'specinterface' 'specinterface_ln0' <Predicate = true> <Delay = 0.00>
ST_1 : Operation 26 [1/1] (0.00ns)   --->   "%specinterface_ln0 = specinterface void @_ssdm_op_SpecInterface, i256 %gmem2_2, void @empty_5, i32 0, i32 0, void @empty_10, i32 0, i32 1024, void @empty_3, void @empty_8, void @empty_10, i32 4, i32 16, i32 16, i32 16, void @empty_10, void @empty_10, i32 4294967295, i32 0, i32 0"   --->   Operation 26 'specinterface' 'specinterface_ln0' <Predicate = true> <Delay = 0.00>
ST_1 : Operation 27 [1/1] (0.00ns)   --->   "%specinterface_ln0 = specinterface void @_ssdm_op_SpecInterface, i256 %gmem2_3, void @empty_5, i32 0, i32 0, void @empty_10, i32 0, i32 1024, void @empty_13, void @empty_8, void @empty_10, i32 4, i32 16, i32 16, i32 16, void @empty_10, void @empty_10, i32 4294967295, i32 0, i32 0"   --->   Operation 27 'specinterface' 'specinterface_ln0' <Predicate = true> <Delay = 0.00>
ST_1 : Operation 28 [1/1] (0.00ns)   --->   "%specinterface_ln0 = specinterface void @_ssdm_op_SpecInterface, i256 %gmem3_0, void @empty_5, i32 0, i32 0, void @empty_10, i32 0, i32 1024, void @empty, void @empty_8, void @empty_10, i32 4, i32 16, i32 16, i32 16, void @empty_10, void @empty_10, i32 4294967295, i32 0, i32 0"   --->   Operation 28 'specinterface' 'specinterface_ln0' <Predicate = true> <Delay = 0.00>
ST_1 : Operation 29 [1/1] (0.00ns)   --->   "%specinterface_ln0 = specinterface void @_ssdm_op_SpecInterface, i256 %gmem3_1, void @empty_5, i32 0, i32 0, void @empty_10, i32 0, i32 1024, void @empty_14, void @empty_8, void @empty_10, i32 4, i32 16, i32 16, i32 16, void @empty_10, void @empty_10, i32 4294967295, i32 0, i32 0"   --->   Operation 29 'specinterface' 'specinterface_ln0' <Predicate = true> <Delay = 0.00>
ST_1 : Operation 30 [1/1] (0.00ns)   --->   "%specinterface_ln0 = specinterface void @_ssdm_op_SpecInterface, i256 %gmem3_2, void @empty_5, i32 0, i32 0, void @empty_10, i32 0, i32 1024, void @empty_15, void @empty_8, void @empty_10, i32 4, i32 16, i32 16, i32 16, void @empty_10, void @empty_10, i32 4294967295, i32 0, i32 0"   --->   Operation 30 'specinterface' 'specinterface_ln0' <Predicate = true> <Delay = 0.00>
ST_1 : Operation 31 [1/1] (0.00ns)   --->   "%specinterface_ln0 = specinterface void @_ssdm_op_SpecInterface, i256 %gmem3_3, void @empty_5, i32 0, i32 0, void @empty_10, i32 0, i32 1024, void @empty_34, void @empty_8, void @empty_10, i32 4, i32 16, i32 16, i32 16, void @empty_10, void @empty_10, i32 4294967295, i32 0, i32 0"   --->   Operation 31 'specinterface' 'specinterface_ln0' <Predicate = true> <Delay = 0.00>
ST_1 : Operation 32 [1/1] (0.00ns)   --->   "%specinterface_ln0 = specinterface void @_ssdm_op_SpecInterface, i256 %scalar_point_stream, void @empty_39, i32 0, i32 0, void @empty_10, i32 0, i32 0, void @empty_10, void @empty_10, void @empty_10, i32 0, i32 0, i32 0, i32 0, void @empty_10, void @empty_10, i32 4294967295, i32 0, i32 0"   --->   Operation 32 'specinterface' 'specinterface_ln0' <Predicate = true> <Delay = 0.00>
ST_1 : Operation 33 [1/1] (0.00ns)   --->   "%specinterface_ln0 = specinterface void @_ssdm_op_SpecInterface, i256 %t_point_stream, void @empty_39, i32 0, i32 0, void @empty_10, i32 0, i32 0, void @empty_10, void @empty_10, void @empty_10, i32 0, i32 0, i32 0, i32 0, void @empty_10, void @empty_10, i32 4294967295, i32 0, i32 0"   --->   Operation 33 'specinterface' 'specinterface_ln0' <Predicate = true> <Delay = 0.00>
ST_1 : Operation 34 [1/1] (0.00ns)   --->   "%specinterface_ln0 = specinterface void @_ssdm_op_SpecInterface, i256 %z_point_stream, void @empty_39, i32 0, i32 0, void @empty_10, i32 0, i32 0, void @empty_10, void @empty_10, void @empty_10, i32 0, i32 0, i32 0, i32 0, void @empty_10, void @empty_10, i32 4294967295, i32 0, i32 0"   --->   Operation 34 'specinterface' 'specinterface_ln0' <Predicate = true> <Delay = 0.00>
ST_1 : Operation 35 [1/1] (0.00ns)   --->   "%specinterface_ln0 = specinterface void @_ssdm_op_SpecInterface, i256 %y_point_stream, void @empty_39, i32 0, i32 0, void @empty_10, i32 0, i32 0, void @empty_10, void @empty_10, void @empty_10, i32 0, i32 0, i32 0, i32 0, void @empty_10, void @empty_10, i32 4294967295, i32 0, i32 0"   --->   Operation 35 'specinterface' 'specinterface_ln0' <Predicate = true> <Delay = 0.00>
ST_1 : Operation 36 [1/1] (0.00ns)   --->   "%specinterface_ln0 = specinterface void @_ssdm_op_SpecInterface, i256 %x_point_stream, void @empty_39, i32 0, i32 0, void @empty_10, i32 0, i32 0, void @empty_10, void @empty_10, void @empty_10, i32 0, i32 0, i32 0, i32 0, void @empty_10, void @empty_10, i32 4294967295, i32 0, i32 0"   --->   Operation 36 'specinterface' 'specinterface_ln0' <Predicate = true> <Delay = 0.00>
ST_1 : Operation 37 [1/1] (0.00ns)   --->   "%scalar_array_3_read = read i64 @_ssdm_op_Read.ap_auto.i64, i64 %scalar_array_3" [../src/msm.cpp:399]   --->   Operation 37 'read' 'scalar_array_3_read' <Predicate = true> <Delay = 0.00>
ST_1 : Operation 38 [1/1] (0.00ns)   --->   "%scalar_array_2_read = read i64 @_ssdm_op_Read.ap_auto.i64, i64 %scalar_array_2" [../src/msm.cpp:399]   --->   Operation 38 'read' 'scalar_array_2_read' <Predicate = true> <Delay = 0.00>
ST_1 : Operation 39 [1/1] (0.00ns)   --->   "%scalar_array_1_read = read i64 @_ssdm_op_Read.ap_auto.i64, i64 %scalar_array_1" [../src/msm.cpp:399]   --->   Operation 39 'read' 'scalar_array_1_read' <Predicate = true> <Delay = 0.00>
ST_1 : Operation 40 [1/1] (0.00ns)   --->   "%scalar_array_0_read = read i64 @_ssdm_op_Read.ap_auto.i64, i64 %scalar_array_0" [../src/msm.cpp:399]   --->   Operation 40 'read' 'scalar_array_0_read' <Predicate = true> <Delay = 0.00>
ST_1 : Operation 41 [1/1] (0.00ns)   --->   "%t_array_3_read = read i64 @_ssdm_op_Read.ap_auto.i64, i64 %t_array_3" [../src/msm.cpp:399]   --->   Operation 41 'read' 't_array_3_read' <Predicate = true> <Delay = 0.00>
ST_1 : Operation 42 [1/1] (0.00ns)   --->   "%t_array_2_read = read i64 @_ssdm_op_Read.ap_auto.i64, i64 %t_array_2" [../src/msm.cpp:399]   --->   Operation 42 'read' 't_array_2_read' <Predicate = true> <Delay = 0.00>
ST_1 : Operation 43 [1/1] (0.00ns)   --->   "%t_array_1_read = read i64 @_ssdm_op_Read.ap_auto.i64, i64 %t_array_1" [../src/msm.cpp:399]   --->   Operation 43 'read' 't_array_1_read' <Predicate = true> <Delay = 0.00>
ST_1 : Operation 44 [1/1] (0.00ns)   --->   "%t_array_0_read = read i64 @_ssdm_op_Read.ap_auto.i64, i64 %t_array_0" [../src/msm.cpp:399]   --->   Operation 44 'read' 't_array_0_read' <Predicate = true> <Delay = 0.00>
ST_1 : Operation 45 [1/1] (0.00ns)   --->   "%z_array_3_read = read i64 @_ssdm_op_Read.ap_auto.i64, i64 %z_array_3" [../src/msm.cpp:399]   --->   Operation 45 'read' 'z_array_3_read' <Predicate = true> <Delay = 0.00>
ST_1 : Operation 46 [1/1] (0.00ns)   --->   "%z_array_2_read = read i64 @_ssdm_op_Read.ap_auto.i64, i64 %z_array_2" [../src/msm.cpp:399]   --->   Operation 46 'read' 'z_array_2_read' <Predicate = true> <Delay = 0.00>
ST_1 : Operation 47 [1/1] (0.00ns)   --->   "%z_array_1_read = read i64 @_ssdm_op_Read.ap_auto.i64, i64 %z_array_1" [../src/msm.cpp:399]   --->   Operation 47 'read' 'z_array_1_read' <Predicate = true> <Delay = 0.00>
ST_1 : Operation 48 [1/1] (0.00ns)   --->   "%z_array_0_read = read i64 @_ssdm_op_Read.ap_auto.i64, i64 %z_array_0" [../src/msm.cpp:399]   --->   Operation 48 'read' 'z_array_0_read' <Predicate = true> <Delay = 0.00>
ST_1 : Operation 49 [1/1] (0.00ns)   --->   "%y_array_3_read = read i64 @_ssdm_op_Read.ap_auto.i64, i64 %y_array_3" [../src/msm.cpp:399]   --->   Operation 49 'read' 'y_array_3_read' <Predicate = true> <Delay = 0.00>
ST_1 : Operation 50 [1/1] (0.00ns)   --->   "%y_array_2_read = read i64 @_ssdm_op_Read.ap_auto.i64, i64 %y_array_2" [../src/msm.cpp:399]   --->   Operation 50 'read' 'y_array_2_read' <Predicate = true> <Delay = 0.00>
ST_1 : Operation 51 [1/1] (0.00ns)   --->   "%y_array_1_read = read i64 @_ssdm_op_Read.ap_auto.i64, i64 %y_array_1" [../src/msm.cpp:399]   --->   Operation 51 'read' 'y_array_1_read' <Predicate = true> <Delay = 0.00>
ST_1 : Operation 52 [1/1] (0.00ns)   --->   "%y_array_0_read = read i64 @_ssdm_op_Read.ap_auto.i64, i64 %y_array_0" [../src/msm.cpp:399]   --->   Operation 52 'read' 'y_array_0_read' <Predicate = true> <Delay = 0.00>
ST_1 : Operation 53 [1/1] (0.00ns)   --->   "%x_array_3_read = read i64 @_ssdm_op_Read.ap_auto.i64, i64 %x_array_3" [../src/msm.cpp:399]   --->   Operation 53 'read' 'x_array_3_read' <Predicate = true> <Delay = 0.00>
ST_1 : Operation 54 [1/1] (0.00ns)   --->   "%x_array_2_read = read i64 @_ssdm_op_Read.ap_auto.i64, i64 %x_array_2" [../src/msm.cpp:399]   --->   Operation 54 'read' 'x_array_2_read' <Predicate = true> <Delay = 0.00>
ST_1 : Operation 55 [1/1] (0.00ns)   --->   "%x_array_1_read = read i64 @_ssdm_op_Read.ap_auto.i64, i64 %x_array_1" [../src/msm.cpp:399]   --->   Operation 55 'read' 'x_array_1_read' <Predicate = true> <Delay = 0.00>
ST_1 : Operation 56 [1/1] (0.00ns)   --->   "%x_array_0_read = read i64 @_ssdm_op_Read.ap_auto.i64, i64 %x_array_0" [../src/msm.cpp:399]   --->   Operation 56 'read' 'x_array_0_read' <Predicate = true> <Delay = 0.00>
ST_1 : Operation 57 [1/1] (0.00ns)   --->   "%degree_read = read i32 @_ssdm_op_Read.ap_auto.i32, i32 %degree" [../src/msm.cpp:399]   --->   Operation 57 'read' 'degree_read' <Predicate = true> <Delay = 0.00>
ST_1 : Operation 58 [1/1] (0.42ns)   --->   "%store_ln420 = store i31 0, i31 %i" [../src/msm.cpp:420]   --->   Operation 58 'store' 'store_ln420' <Predicate = true> <Delay = 0.42>
ST_1 : Operation 59 [1/1] (0.00ns)   --->   "%br_ln0 = br void %for.inc.i"   --->   Operation 59 'br' 'br_ln0' <Predicate = true> <Delay = 0.00>
ST_1 : Operation 60 [1/1] (0.00ns)   --->   "%i_2 = load i31 %i" [../src/msm.cpp:420]   --->   Operation 60 'load' 'i_2' <Predicate = true> <Delay = 0.00>
ST_1 : Operation 61 [1/1] (0.00ns)   --->   "%zext_ln420 = zext i31 %i_2" [../src/msm.cpp:420]   --->   Operation 61 'zext' 'zext_ln420' <Predicate = true> <Delay = 0.00>
ST_1 : Operation 62 [1/1] (1.01ns)   --->   "%icmp_ln420 = icmp_slt  i32 %zext_ln420, i32 %degree_read" [../src/msm.cpp:420]   --->   Operation 62 'icmp' 'icmp_ln420' <Predicate = true> <Delay = 1.01> <CoreInst = "Cmp">   --->   Core 9 'Cmp' <Latency = 0> <II = 1> <Delay = 1.01> <FuncUnit> <Opcode : 'seteq' 'setne' 'setle' 'setge' 'setlt' 'setgt'> <InPorts = 2> <OutPorts = 1>
ST_1 : Operation 63 [1/1] (0.00ns)   --->   "%br_ln420 = br i1 %icmp_ln420, void %data_loader.exit.exitStub, void %for.inc.split.i" [../src/msm.cpp:420]   --->   Operation 63 'br' 'br_ln420' <Predicate = true> <Delay = 0.00>
ST_1 : Operation 64 [1/1] (1.00ns)   --->   "%add_ln420 = add i31 %i_2, i31 1" [../src/msm.cpp:420]   --->   Operation 64 'add' 'add_ln420' <Predicate = (icmp_ln420)> <Delay = 1.00> <CoreInst = "Adder">   --->   Core 1 'Adder' <Latency = 0> <II = 1> <Delay = 1.00> <FuncUnit> <Opcode : 'add' 'sub'> <InPorts = 2> <OutPorts = 1>
ST_1 : Operation 65 [1/1] (0.00ns)   --->   "%trunc_ln420 = trunc i31 %i_2" [../src/msm.cpp:420]   --->   Operation 65 'trunc' 'trunc_ln420' <Predicate = (icmp_ln420)> <Delay = 0.00>
ST_1 : Operation 66 [1/1] (0.00ns)   --->   "%tmp = partselect i29 @_ssdm_op_PartSelect.i29.i31.i32.i32, i31 %i_2, i32 2, i32 30" [../src/msm.cpp:423]   --->   Operation 66 'partselect' 'tmp' <Predicate = (icmp_ln420)> <Delay = 0.00>
ST_1 : Operation 67 [1/1] (0.00ns)   --->   "%and_ln = bitconcatenate i34 @_ssdm_op_BitConcatenate.i34.i29.i5, i29 %tmp, i5 0" [../src/msm.cpp:423]   --->   Operation 67 'bitconcatenate' 'and_ln' <Predicate = (icmp_ln420)> <Delay = 0.00>
ST_1 : Operation 68 [1/1] (0.00ns)   --->   "%zext_ln423 = zext i34 %and_ln" [../src/msm.cpp:423]   --->   Operation 68 'zext' 'zext_ln423' <Predicate = (icmp_ln420)> <Delay = 0.00>
ST_1 : Operation 69 [1/1] (1.08ns)   --->   "%add_ln423 = add i64 %zext_ln423, i64 %x_array_0_read" [../src/msm.cpp:423]   --->   Operation 69 'add' 'add_ln423' <Predicate = (icmp_ln420)> <Delay = 1.08> <CoreInst = "Adder">   --->   Core 1 'Adder' <Latency = 0> <II = 1> <Delay = 1.08> <FuncUnit> <Opcode : 'add' 'sub'> <InPorts = 2> <OutPorts = 1>
ST_1 : Operation 70 [1/1] (1.08ns)   --->   "%add_ln423_1 = add i64 %zext_ln423, i64 %x_array_1_read" [../src/msm.cpp:423]   --->   Operation 70 'add' 'add_ln423_1' <Predicate = (icmp_ln420)> <Delay = 1.08> <CoreInst = "Adder">   --->   Core 1 'Adder' <Latency = 0> <II = 1> <Delay = 1.08> <FuncUnit> <Opcode : 'add' 'sub'> <InPorts = 2> <OutPorts = 1>
ST_1 : Operation 71 [1/1] (1.08ns)   --->   "%add_ln423_2 = add i64 %zext_ln423, i64 %x_array_2_read" [../src/msm.cpp:423]   --->   Operation 71 'add' 'add_ln423_2' <Predicate = (icmp_ln420)> <Delay = 1.08> <CoreInst = "Adder">   --->   Core 1 'Adder' <Latency = 0> <II = 1> <Delay = 1.08> <FuncUnit> <Opcode : 'add' 'sub'> <InPorts = 2> <OutPorts = 1>
ST_1 : Operation 72 [1/1] (1.08ns)   --->   "%add_ln423_3 = add i64 %zext_ln423, i64 %x_array_3_read" [../src/msm.cpp:423]   --->   Operation 72 'add' 'add_ln423_3' <Predicate = (icmp_ln420)> <Delay = 1.08> <CoreInst = "Adder">   --->   Core 1 'Adder' <Latency = 0> <II = 1> <Delay = 1.08> <FuncUnit> <Opcode : 'add' 'sub'> <InPorts = 2> <OutPorts = 1>
ST_1 : Operation 73 [1/1] (0.00ns)   --->   "%trunc_ln = partselect i59 @_ssdm_op_PartSelect.i59.i64.i32.i32, i64 %add_ln423, i32 5, i32 63" [../src/msm.cpp:423]   --->   Operation 73 'partselect' 'trunc_ln' <Predicate = (icmp_ln420)> <Delay = 0.00>
ST_1 : Operation 74 [1/1] (0.00ns)   --->   "%trunc_ln423_1 = partselect i59 @_ssdm_op_PartSelect.i59.i64.i32.i32, i64 %add_ln423_1, i32 5, i32 63" [../src/msm.cpp:423]   --->   Operation 74 'partselect' 'trunc_ln423_1' <Predicate = (icmp_ln420)> <Delay = 0.00>
ST_1 : Operation 75 [1/1] (0.00ns)   --->   "%trunc_ln423_2 = partselect i59 @_ssdm_op_PartSelect.i59.i64.i32.i32, i64 %add_ln423_2, i32 5, i32 63" [../src/msm.cpp:423]   --->   Operation 75 'partselect' 'trunc_ln423_2' <Predicate = (icmp_ln420)> <Delay = 0.00>
ST_1 : Operation 76 [1/1] (0.00ns)   --->   "%trunc_ln423_3 = partselect i59 @_ssdm_op_PartSelect.i59.i64.i32.i32, i64 %add_ln423_3, i32 5, i32 63" [../src/msm.cpp:423]   --->   Operation 76 'partselect' 'trunc_ln423_3' <Predicate = (icmp_ln420)> <Delay = 0.00>
ST_1 : Operation 77 [1/1] (1.08ns)   --->   "%add_ln424 = add i64 %zext_ln423, i64 %y_array_0_read" [../src/msm.cpp:424]   --->   Operation 77 'add' 'add_ln424' <Predicate = (icmp_ln420)> <Delay = 1.08> <CoreInst = "Adder">   --->   Core 1 'Adder' <Latency = 0> <II = 1> <Delay = 1.08> <FuncUnit> <Opcode : 'add' 'sub'> <InPorts = 2> <OutPorts = 1>
ST_1 : Operation 78 [1/1] (1.08ns)   --->   "%add_ln424_1 = add i64 %zext_ln423, i64 %y_array_1_read" [../src/msm.cpp:424]   --->   Operation 78 'add' 'add_ln424_1' <Predicate = (icmp_ln420)> <Delay = 1.08> <CoreInst = "Adder">   --->   Core 1 'Adder' <Latency = 0> <II = 1> <Delay = 1.08> <FuncUnit> <Opcode : 'add' 'sub'> <InPorts = 2> <OutPorts = 1>
ST_1 : Operation 79 [1/1] (1.08ns)   --->   "%add_ln424_2 = add i64 %zext_ln423, i64 %y_array_2_read" [../src/msm.cpp:424]   --->   Operation 79 'add' 'add_ln424_2' <Predicate = (icmp_ln420)> <Delay = 1.08> <CoreInst = "Adder">   --->   Core 1 'Adder' <Latency = 0> <II = 1> <Delay = 1.08> <FuncUnit> <Opcode : 'add' 'sub'> <InPorts = 2> <OutPorts = 1>
ST_1 : Operation 80 [1/1] (1.08ns)   --->   "%add_ln424_3 = add i64 %zext_ln423, i64 %y_array_3_read" [../src/msm.cpp:424]   --->   Operation 80 'add' 'add_ln424_3' <Predicate = (icmp_ln420)> <Delay = 1.08> <CoreInst = "Adder">   --->   Core 1 'Adder' <Latency = 0> <II = 1> <Delay = 1.08> <FuncUnit> <Opcode : 'add' 'sub'> <InPorts = 2> <OutPorts = 1>
ST_1 : Operation 81 [1/1] (0.00ns)   --->   "%trunc_ln1 = partselect i59 @_ssdm_op_PartSelect.i59.i64.i32.i32, i64 %add_ln424, i32 5, i32 63" [../src/msm.cpp:424]   --->   Operation 81 'partselect' 'trunc_ln1' <Predicate = (icmp_ln420)> <Delay = 0.00>
ST_1 : Operation 82 [1/1] (0.00ns)   --->   "%trunc_ln424_1 = partselect i59 @_ssdm_op_PartSelect.i59.i64.i32.i32, i64 %add_ln424_1, i32 5, i32 63" [../src/msm.cpp:424]   --->   Operation 82 'partselect' 'trunc_ln424_1' <Predicate = (icmp_ln420)> <Delay = 0.00>
ST_1 : Operation 83 [1/1] (0.00ns)   --->   "%trunc_ln424_2 = partselect i59 @_ssdm_op_PartSelect.i59.i64.i32.i32, i64 %add_ln424_2, i32 5, i32 63" [../src/msm.cpp:424]   --->   Operation 83 'partselect' 'trunc_ln424_2' <Predicate = (icmp_ln420)> <Delay = 0.00>
ST_1 : Operation 84 [1/1] (0.00ns)   --->   "%trunc_ln424_3 = partselect i59 @_ssdm_op_PartSelect.i59.i64.i32.i32, i64 %add_ln424_3, i32 5, i32 63" [../src/msm.cpp:424]   --->   Operation 84 'partselect' 'trunc_ln424_3' <Predicate = (icmp_ln420)> <Delay = 0.00>
ST_1 : Operation 85 [1/1] (1.08ns)   --->   "%add_ln425 = add i64 %zext_ln423, i64 %z_array_0_read" [../src/msm.cpp:425]   --->   Operation 85 'add' 'add_ln425' <Predicate = (icmp_ln420)> <Delay = 1.08> <CoreInst = "Adder">   --->   Core 1 'Adder' <Latency = 0> <II = 1> <Delay = 1.08> <FuncUnit> <Opcode : 'add' 'sub'> <InPorts = 2> <OutPorts = 1>
ST_1 : Operation 86 [1/1] (1.08ns)   --->   "%add_ln425_1 = add i64 %zext_ln423, i64 %z_array_1_read" [../src/msm.cpp:425]   --->   Operation 86 'add' 'add_ln425_1' <Predicate = (icmp_ln420)> <Delay = 1.08> <CoreInst = "Adder">   --->   Core 1 'Adder' <Latency = 0> <II = 1> <Delay = 1.08> <FuncUnit> <Opcode : 'add' 'sub'> <InPorts = 2> <OutPorts = 1>
ST_1 : Operation 87 [1/1] (1.08ns)   --->   "%add_ln425_2 = add i64 %zext_ln423, i64 %z_array_2_read" [../src/msm.cpp:425]   --->   Operation 87 'add' 'add_ln425_2' <Predicate = (icmp_ln420)> <Delay = 1.08> <CoreInst = "Adder">   --->   Core 1 'Adder' <Latency = 0> <II = 1> <Delay = 1.08> <FuncUnit> <Opcode : 'add' 'sub'> <InPorts = 2> <OutPorts = 1>
ST_1 : Operation 88 [1/1] (1.08ns)   --->   "%add_ln425_3 = add i64 %zext_ln423, i64 %z_array_3_read" [../src/msm.cpp:425]   --->   Operation 88 'add' 'add_ln425_3' <Predicate = (icmp_ln420)> <Delay = 1.08> <CoreInst = "Adder">   --->   Core 1 'Adder' <Latency = 0> <II = 1> <Delay = 1.08> <FuncUnit> <Opcode : 'add' 'sub'> <InPorts = 2> <OutPorts = 1>
ST_1 : Operation 89 [1/1] (0.00ns)   --->   "%trunc_ln2 = partselect i59 @_ssdm_op_PartSelect.i59.i64.i32.i32, i64 %add_ln425, i32 5, i32 63" [../src/msm.cpp:425]   --->   Operation 89 'partselect' 'trunc_ln2' <Predicate = (icmp_ln420)> <Delay = 0.00>
ST_1 : Operation 90 [1/1] (0.00ns)   --->   "%trunc_ln425_1 = partselect i59 @_ssdm_op_PartSelect.i59.i64.i32.i32, i64 %add_ln425_1, i32 5, i32 63" [../src/msm.cpp:425]   --->   Operation 90 'partselect' 'trunc_ln425_1' <Predicate = (icmp_ln420)> <Delay = 0.00>
ST_1 : Operation 91 [1/1] (0.00ns)   --->   "%trunc_ln425_2 = partselect i59 @_ssdm_op_PartSelect.i59.i64.i32.i32, i64 %add_ln425_2, i32 5, i32 63" [../src/msm.cpp:425]   --->   Operation 91 'partselect' 'trunc_ln425_2' <Predicate = (icmp_ln420)> <Delay = 0.00>
ST_1 : Operation 92 [1/1] (0.00ns)   --->   "%trunc_ln425_3 = partselect i59 @_ssdm_op_PartSelect.i59.i64.i32.i32, i64 %add_ln425_3, i32 5, i32 63" [../src/msm.cpp:425]   --->   Operation 92 'partselect' 'trunc_ln425_3' <Predicate = (icmp_ln420)> <Delay = 0.00>
ST_1 : Operation 93 [1/1] (1.08ns)   --->   "%add_ln427 = add i64 %zext_ln423, i64 %scalar_array_0_read" [../src/msm.cpp:427]   --->   Operation 93 'add' 'add_ln427' <Predicate = (icmp_ln420)> <Delay = 1.08> <CoreInst = "Adder">   --->   Core 1 'Adder' <Latency = 0> <II = 1> <Delay = 1.08> <FuncUnit> <Opcode : 'add' 'sub'> <InPorts = 2> <OutPorts = 1>
ST_1 : Operation 94 [1/1] (1.08ns)   --->   "%add_ln427_1 = add i64 %zext_ln423, i64 %scalar_array_1_read" [../src/msm.cpp:427]   --->   Operation 94 'add' 'add_ln427_1' <Predicate = (icmp_ln420)> <Delay = 1.08> <CoreInst = "Adder">   --->   Core 1 'Adder' <Latency = 0> <II = 1> <Delay = 1.08> <FuncUnit> <Opcode : 'add' 'sub'> <InPorts = 2> <OutPorts = 1>
ST_1 : Operation 95 [1/1] (1.08ns)   --->   "%add_ln427_2 = add i64 %zext_ln423, i64 %scalar_array_2_read" [../src/msm.cpp:427]   --->   Operation 95 'add' 'add_ln427_2' <Predicate = (icmp_ln420)> <Delay = 1.08> <CoreInst = "Adder">   --->   Core 1 'Adder' <Latency = 0> <II = 1> <Delay = 1.08> <FuncUnit> <Opcode : 'add' 'sub'> <InPorts = 2> <OutPorts = 1>
ST_1 : Operation 96 [1/1] (1.08ns)   --->   "%add_ln427_3 = add i64 %zext_ln423, i64 %scalar_array_3_read" [../src/msm.cpp:427]   --->   Operation 96 'add' 'add_ln427_3' <Predicate = (icmp_ln420)> <Delay = 1.08> <CoreInst = "Adder">   --->   Core 1 'Adder' <Latency = 0> <II = 1> <Delay = 1.08> <FuncUnit> <Opcode : 'add' 'sub'> <InPorts = 2> <OutPorts = 1>
ST_1 : Operation 97 [1/1] (0.00ns)   --->   "%trunc_ln4 = partselect i59 @_ssdm_op_PartSelect.i59.i64.i32.i32, i64 %add_ln427, i32 5, i32 63" [../src/msm.cpp:427]   --->   Operation 97 'partselect' 'trunc_ln4' <Predicate = (icmp_ln420)> <Delay = 0.00>
ST_1 : Operation 98 [1/1] (0.00ns)   --->   "%trunc_ln427_1 = partselect i59 @_ssdm_op_PartSelect.i59.i64.i32.i32, i64 %add_ln427_1, i32 5, i32 63" [../src/msm.cpp:427]   --->   Operation 98 'partselect' 'trunc_ln427_1' <Predicate = (icmp_ln420)> <Delay = 0.00>
ST_1 : Operation 99 [1/1] (0.00ns)   --->   "%trunc_ln427_2 = partselect i59 @_ssdm_op_PartSelect.i59.i64.i32.i32, i64 %add_ln427_2, i32 5, i32 63" [../src/msm.cpp:427]   --->   Operation 99 'partselect' 'trunc_ln427_2' <Predicate = (icmp_ln420)> <Delay = 0.00>
ST_1 : Operation 100 [1/1] (0.00ns)   --->   "%trunc_ln427_3 = partselect i59 @_ssdm_op_PartSelect.i59.i64.i32.i32, i64 %add_ln427_3, i32 5, i32 63" [../src/msm.cpp:427]   --->   Operation 100 'partselect' 'trunc_ln427_3' <Predicate = (icmp_ln420)> <Delay = 0.00>
ST_1 : Operation 101 [1/1] (0.42ns)   --->   "%store_ln420 = store i31 %add_ln420, i31 %i" [../src/msm.cpp:420]   --->   Operation 101 'store' 'store_ln420' <Predicate = (icmp_ln420)> <Delay = 0.42>

State 2 <SV = 1> <Delay = 2.92>
ST_2 : Operation 102 [1/1] (0.00ns)   --->   "%sext_ln423 = sext i59 %trunc_ln" [../src/msm.cpp:423]   --->   Operation 102 'sext' 'sext_ln423' <Predicate = (icmp_ln420 & trunc_ln420 == 0)> <Delay = 0.00>
ST_2 : Operation 103 [1/1] (0.00ns)   --->   "%gmem0_0_addr = getelementptr i256 %gmem0_0, i64 %sext_ln423" [../src/msm.cpp:423]   --->   Operation 103 'getelementptr' 'gmem0_0_addr' <Predicate = (icmp_ln420 & trunc_ln420 == 0)> <Delay = 0.00>
ST_2 : Operation 104 [8/8] (2.92ns)   --->   "%gmem0_0_load_req = readreq i1 @_ssdm_op_ReadReq.m_axi.i256P1A, i256 %gmem0_0_addr, i64 1" [../src/msm.cpp:423]   --->   Operation 104 'readreq' 'gmem0_0_load_req' <Predicate = (icmp_ln420 & trunc_ln420 == 0)> <Delay = 2.92> <CoreInst = "m_axi">   --->   Core 119 'm_axi' <Latency = 6> <II = 1> <Delay = 1.00> <Adapter> <Opcode : 'read' 'write' 'readreq' 'writereq' 'writeresp'>
ST_2 : Operation 105 [1/1] (0.00ns)   --->   "%sext_ln423_1 = sext i59 %trunc_ln423_1" [../src/msm.cpp:423]   --->   Operation 105 'sext' 'sext_ln423_1' <Predicate = (icmp_ln420 & trunc_ln420 == 1)> <Delay = 0.00>
ST_2 : Operation 106 [1/1] (0.00ns)   --->   "%gmem0_1_addr = getelementptr i256 %gmem0_1, i64 %sext_ln423_1" [../src/msm.cpp:423]   --->   Operation 106 'getelementptr' 'gmem0_1_addr' <Predicate = (icmp_ln420 & trunc_ln420 == 1)> <Delay = 0.00>
ST_2 : Operation 107 [8/8] (2.92ns)   --->   "%gmem0_1_load_req = readreq i1 @_ssdm_op_ReadReq.m_axi.i256P1A, i256 %gmem0_1_addr, i64 1" [../src/msm.cpp:423]   --->   Operation 107 'readreq' 'gmem0_1_load_req' <Predicate = (icmp_ln420 & trunc_ln420 == 1)> <Delay = 2.92> <CoreInst = "m_axi">   --->   Core 119 'm_axi' <Latency = 6> <II = 1> <Delay = 1.00> <Adapter> <Opcode : 'read' 'write' 'readreq' 'writereq' 'writeresp'>
ST_2 : Operation 108 [1/1] (0.00ns)   --->   "%sext_ln423_2 = sext i59 %trunc_ln423_2" [../src/msm.cpp:423]   --->   Operation 108 'sext' 'sext_ln423_2' <Predicate = (icmp_ln420 & trunc_ln420 == 2)> <Delay = 0.00>
ST_2 : Operation 109 [1/1] (0.00ns)   --->   "%gmem0_2_addr = getelementptr i256 %gmem0_2, i64 %sext_ln423_2" [../src/msm.cpp:423]   --->   Operation 109 'getelementptr' 'gmem0_2_addr' <Predicate = (icmp_ln420 & trunc_ln420 == 2)> <Delay = 0.00>
ST_2 : Operation 110 [8/8] (2.92ns)   --->   "%gmem0_2_load_req = readreq i1 @_ssdm_op_ReadReq.m_axi.i256P1A, i256 %gmem0_2_addr, i64 1" [../src/msm.cpp:423]   --->   Operation 110 'readreq' 'gmem0_2_load_req' <Predicate = (icmp_ln420 & trunc_ln420 == 2)> <Delay = 2.92> <CoreInst = "m_axi">   --->   Core 119 'm_axi' <Latency = 6> <II = 1> <Delay = 1.00> <Adapter> <Opcode : 'read' 'write' 'readreq' 'writereq' 'writeresp'>
ST_2 : Operation 111 [1/1] (0.00ns)   --->   "%sext_ln423_3 = sext i59 %trunc_ln423_3" [../src/msm.cpp:423]   --->   Operation 111 'sext' 'sext_ln423_3' <Predicate = (icmp_ln420 & trunc_ln420 == 3)> <Delay = 0.00>
ST_2 : Operation 112 [1/1] (0.00ns)   --->   "%gmem0_3_addr = getelementptr i256 %gmem0_3, i64 %sext_ln423_3" [../src/msm.cpp:423]   --->   Operation 112 'getelementptr' 'gmem0_3_addr' <Predicate = (icmp_ln420 & trunc_ln420 == 3)> <Delay = 0.00>
ST_2 : Operation 113 [8/8] (2.92ns)   --->   "%gmem0_3_load_req = readreq i1 @_ssdm_op_ReadReq.m_axi.i256P1A, i256 %gmem0_3_addr, i64 1" [../src/msm.cpp:423]   --->   Operation 113 'readreq' 'gmem0_3_load_req' <Predicate = (icmp_ln420 & trunc_ln420 == 3)> <Delay = 2.92> <CoreInst = "m_axi">   --->   Core 119 'm_axi' <Latency = 6> <II = 1> <Delay = 1.00> <Adapter> <Opcode : 'read' 'write' 'readreq' 'writereq' 'writeresp'>
ST_2 : Operation 114 [1/1] (0.00ns)   --->   "%sext_ln424 = sext i59 %trunc_ln1" [../src/msm.cpp:424]   --->   Operation 114 'sext' 'sext_ln424' <Predicate = (icmp_ln420 & trunc_ln420 == 0)> <Delay = 0.00>
ST_2 : Operation 115 [1/1] (0.00ns)   --->   "%gmem1_0_addr = getelementptr i256 %gmem1_0, i64 %sext_ln424" [../src/msm.cpp:424]   --->   Operation 115 'getelementptr' 'gmem1_0_addr' <Predicate = (icmp_ln420 & trunc_ln420 == 0)> <Delay = 0.00>
ST_2 : Operation 116 [8/8] (2.92ns)   --->   "%gmem1_0_load_req = readreq i1 @_ssdm_op_ReadReq.m_axi.i256P1A, i256 %gmem1_0_addr, i64 1" [../src/msm.cpp:424]   --->   Operation 116 'readreq' 'gmem1_0_load_req' <Predicate = (icmp_ln420 & trunc_ln420 == 0)> <Delay = 2.92> <CoreInst = "m_axi">   --->   Core 119 'm_axi' <Latency = 6> <II = 1> <Delay = 1.00> <Adapter> <Opcode : 'read' 'write' 'readreq' 'writereq' 'writeresp'>
ST_2 : Operation 117 [1/1] (0.00ns)   --->   "%sext_ln424_1 = sext i59 %trunc_ln424_1" [../src/msm.cpp:424]   --->   Operation 117 'sext' 'sext_ln424_1' <Predicate = (icmp_ln420 & trunc_ln420 == 1)> <Delay = 0.00>
ST_2 : Operation 118 [1/1] (0.00ns)   --->   "%gmem1_1_addr = getelementptr i256 %gmem1_1, i64 %sext_ln424_1" [../src/msm.cpp:424]   --->   Operation 118 'getelementptr' 'gmem1_1_addr' <Predicate = (icmp_ln420 & trunc_ln420 == 1)> <Delay = 0.00>
ST_2 : Operation 119 [8/8] (2.92ns)   --->   "%gmem1_1_load_req = readreq i1 @_ssdm_op_ReadReq.m_axi.i256P1A, i256 %gmem1_1_addr, i64 1" [../src/msm.cpp:424]   --->   Operation 119 'readreq' 'gmem1_1_load_req' <Predicate = (icmp_ln420 & trunc_ln420 == 1)> <Delay = 2.92> <CoreInst = "m_axi">   --->   Core 119 'm_axi' <Latency = 6> <II = 1> <Delay = 1.00> <Adapter> <Opcode : 'read' 'write' 'readreq' 'writereq' 'writeresp'>
ST_2 : Operation 120 [1/1] (0.00ns)   --->   "%sext_ln424_2 = sext i59 %trunc_ln424_2" [../src/msm.cpp:424]   --->   Operation 120 'sext' 'sext_ln424_2' <Predicate = (icmp_ln420 & trunc_ln420 == 2)> <Delay = 0.00>
ST_2 : Operation 121 [1/1] (0.00ns)   --->   "%gmem1_2_addr = getelementptr i256 %gmem1_2, i64 %sext_ln424_2" [../src/msm.cpp:424]   --->   Operation 121 'getelementptr' 'gmem1_2_addr' <Predicate = (icmp_ln420 & trunc_ln420 == 2)> <Delay = 0.00>
ST_2 : Operation 122 [8/8] (2.92ns)   --->   "%gmem1_2_load_req = readreq i1 @_ssdm_op_ReadReq.m_axi.i256P1A, i256 %gmem1_2_addr, i64 1" [../src/msm.cpp:424]   --->   Operation 122 'readreq' 'gmem1_2_load_req' <Predicate = (icmp_ln420 & trunc_ln420 == 2)> <Delay = 2.92> <CoreInst = "m_axi">   --->   Core 119 'm_axi' <Latency = 6> <II = 1> <Delay = 1.00> <Adapter> <Opcode : 'read' 'write' 'readreq' 'writereq' 'writeresp'>
ST_2 : Operation 123 [1/1] (0.00ns)   --->   "%sext_ln424_3 = sext i59 %trunc_ln424_3" [../src/msm.cpp:424]   --->   Operation 123 'sext' 'sext_ln424_3' <Predicate = (icmp_ln420 & trunc_ln420 == 3)> <Delay = 0.00>
ST_2 : Operation 124 [1/1] (0.00ns)   --->   "%gmem1_3_addr = getelementptr i256 %gmem1_3, i64 %sext_ln424_3" [../src/msm.cpp:424]   --->   Operation 124 'getelementptr' 'gmem1_3_addr' <Predicate = (icmp_ln420 & trunc_ln420 == 3)> <Delay = 0.00>
ST_2 : Operation 125 [8/8] (2.92ns)   --->   "%gmem1_3_load_req = readreq i1 @_ssdm_op_ReadReq.m_axi.i256P1A, i256 %gmem1_3_addr, i64 1" [../src/msm.cpp:424]   --->   Operation 125 'readreq' 'gmem1_3_load_req' <Predicate = (icmp_ln420 & trunc_ln420 == 3)> <Delay = 2.92> <CoreInst = "m_axi">   --->   Core 119 'm_axi' <Latency = 6> <II = 1> <Delay = 1.00> <Adapter> <Opcode : 'read' 'write' 'readreq' 'writereq' 'writeresp'>
ST_2 : Operation 126 [1/1] (0.00ns)   --->   "%sext_ln425 = sext i59 %trunc_ln2" [../src/msm.cpp:425]   --->   Operation 126 'sext' 'sext_ln425' <Predicate = (icmp_ln420 & trunc_ln420 == 0)> <Delay = 0.00>
ST_2 : Operation 127 [1/1] (0.00ns)   --->   "%gmem2_0_addr = getelementptr i256 %gmem2_0, i64 %sext_ln425" [../src/msm.cpp:425]   --->   Operation 127 'getelementptr' 'gmem2_0_addr' <Predicate = (icmp_ln420 & trunc_ln420 == 0)> <Delay = 0.00>
ST_2 : Operation 128 [8/8] (2.92ns)   --->   "%gmem2_0_load_req = readreq i1 @_ssdm_op_ReadReq.m_axi.i256P1A, i256 %gmem2_0_addr, i64 1" [../src/msm.cpp:425]   --->   Operation 128 'readreq' 'gmem2_0_load_req' <Predicate = (icmp_ln420 & trunc_ln420 == 0)> <Delay = 2.92> <CoreInst = "m_axi">   --->   Core 119 'm_axi' <Latency = 6> <II = 1> <Delay = 1.00> <Adapter> <Opcode : 'read' 'write' 'readreq' 'writereq' 'writeresp'>
ST_2 : Operation 129 [1/1] (0.00ns)   --->   "%sext_ln425_1 = sext i59 %trunc_ln425_1" [../src/msm.cpp:425]   --->   Operation 129 'sext' 'sext_ln425_1' <Predicate = (icmp_ln420 & trunc_ln420 == 1)> <Delay = 0.00>
ST_2 : Operation 130 [1/1] (0.00ns)   --->   "%gmem2_1_addr = getelementptr i256 %gmem2_1, i64 %sext_ln425_1" [../src/msm.cpp:425]   --->   Operation 130 'getelementptr' 'gmem2_1_addr' <Predicate = (icmp_ln420 & trunc_ln420 == 1)> <Delay = 0.00>
ST_2 : Operation 131 [8/8] (2.92ns)   --->   "%gmem2_1_load_req = readreq i1 @_ssdm_op_ReadReq.m_axi.i256P1A, i256 %gmem2_1_addr, i64 1" [../src/msm.cpp:425]   --->   Operation 131 'readreq' 'gmem2_1_load_req' <Predicate = (icmp_ln420 & trunc_ln420 == 1)> <Delay = 2.92> <CoreInst = "m_axi">   --->   Core 119 'm_axi' <Latency = 6> <II = 1> <Delay = 1.00> <Adapter> <Opcode : 'read' 'write' 'readreq' 'writereq' 'writeresp'>
ST_2 : Operation 132 [1/1] (0.00ns)   --->   "%sext_ln425_2 = sext i59 %trunc_ln425_2" [../src/msm.cpp:425]   --->   Operation 132 'sext' 'sext_ln425_2' <Predicate = (icmp_ln420 & trunc_ln420 == 2)> <Delay = 0.00>
ST_2 : Operation 133 [1/1] (0.00ns)   --->   "%gmem2_2_addr = getelementptr i256 %gmem2_2, i64 %sext_ln425_2" [../src/msm.cpp:425]   --->   Operation 133 'getelementptr' 'gmem2_2_addr' <Predicate = (icmp_ln420 & trunc_ln420 == 2)> <Delay = 0.00>
ST_2 : Operation 134 [8/8] (2.92ns)   --->   "%gmem2_2_load_req = readreq i1 @_ssdm_op_ReadReq.m_axi.i256P1A, i256 %gmem2_2_addr, i64 1" [../src/msm.cpp:425]   --->   Operation 134 'readreq' 'gmem2_2_load_req' <Predicate = (icmp_ln420 & trunc_ln420 == 2)> <Delay = 2.92> <CoreInst = "m_axi">   --->   Core 119 'm_axi' <Latency = 6> <II = 1> <Delay = 1.00> <Adapter> <Opcode : 'read' 'write' 'readreq' 'writereq' 'writeresp'>
ST_2 : Operation 135 [1/1] (0.00ns)   --->   "%sext_ln425_3 = sext i59 %trunc_ln425_3" [../src/msm.cpp:425]   --->   Operation 135 'sext' 'sext_ln425_3' <Predicate = (icmp_ln420 & trunc_ln420 == 3)> <Delay = 0.00>
ST_2 : Operation 136 [1/1] (0.00ns)   --->   "%gmem2_3_addr = getelementptr i256 %gmem2_3, i64 %sext_ln425_3" [../src/msm.cpp:425]   --->   Operation 136 'getelementptr' 'gmem2_3_addr' <Predicate = (icmp_ln420 & trunc_ln420 == 3)> <Delay = 0.00>
ST_2 : Operation 137 [8/8] (2.92ns)   --->   "%gmem2_3_load_req = readreq i1 @_ssdm_op_ReadReq.m_axi.i256P1A, i256 %gmem2_3_addr, i64 1" [../src/msm.cpp:425]   --->   Operation 137 'readreq' 'gmem2_3_load_req' <Predicate = (icmp_ln420 & trunc_ln420 == 3)> <Delay = 2.92> <CoreInst = "m_axi">   --->   Core 119 'm_axi' <Latency = 6> <II = 1> <Delay = 1.00> <Adapter> <Opcode : 'read' 'write' 'readreq' 'writereq' 'writeresp'>
ST_2 : Operation 138 [1/1] (1.08ns)   --->   "%add_ln426 = add i64 %zext_ln423, i64 %t_array_0_read" [../src/msm.cpp:426]   --->   Operation 138 'add' 'add_ln426' <Predicate = (icmp_ln420 & trunc_ln420 == 0)> <Delay = 1.08> <CoreInst = "Adder">   --->   Core 1 'Adder' <Latency = 0> <II = 1> <Delay = 1.08> <FuncUnit> <Opcode : 'add' 'sub'> <InPorts = 2> <OutPorts = 1>
ST_2 : Operation 139 [1/1] (1.08ns)   --->   "%add_ln426_1 = add i64 %zext_ln423, i64 %t_array_1_read" [../src/msm.cpp:426]   --->   Operation 139 'add' 'add_ln426_1' <Predicate = (icmp_ln420 & trunc_ln420 == 1)> <Delay = 1.08> <CoreInst = "Adder">   --->   Core 1 'Adder' <Latency = 0> <II = 1> <Delay = 1.08> <FuncUnit> <Opcode : 'add' 'sub'> <InPorts = 2> <OutPorts = 1>
ST_2 : Operation 140 [1/1] (1.08ns)   --->   "%add_ln426_2 = add i64 %zext_ln423, i64 %t_array_2_read" [../src/msm.cpp:426]   --->   Operation 140 'add' 'add_ln426_2' <Predicate = (icmp_ln420 & trunc_ln420 == 2)> <Delay = 1.08> <CoreInst = "Adder">   --->   Core 1 'Adder' <Latency = 0> <II = 1> <Delay = 1.08> <FuncUnit> <Opcode : 'add' 'sub'> <InPorts = 2> <OutPorts = 1>
ST_2 : Operation 141 [1/1] (1.08ns)   --->   "%add_ln426_3 = add i64 %zext_ln423, i64 %t_array_3_read" [../src/msm.cpp:426]   --->   Operation 141 'add' 'add_ln426_3' <Predicate = (icmp_ln420 & trunc_ln420 == 3)> <Delay = 1.08> <CoreInst = "Adder">   --->   Core 1 'Adder' <Latency = 0> <II = 1> <Delay = 1.08> <FuncUnit> <Opcode : 'add' 'sub'> <InPorts = 2> <OutPorts = 1>
ST_2 : Operation 142 [1/1] (0.00ns)   --->   "%trunc_ln3 = partselect i59 @_ssdm_op_PartSelect.i59.i64.i32.i32, i64 %add_ln426, i32 5, i32 63" [../src/msm.cpp:426]   --->   Operation 142 'partselect' 'trunc_ln3' <Predicate = (icmp_ln420 & trunc_ln420 == 0)> <Delay = 0.00>
ST_2 : Operation 143 [1/1] (0.00ns)   --->   "%trunc_ln426_1 = partselect i59 @_ssdm_op_PartSelect.i59.i64.i32.i32, i64 %add_ln426_1, i32 5, i32 63" [../src/msm.cpp:426]   --->   Operation 143 'partselect' 'trunc_ln426_1' <Predicate = (icmp_ln420 & trunc_ln420 == 1)> <Delay = 0.00>
ST_2 : Operation 144 [1/1] (0.00ns)   --->   "%trunc_ln426_2 = partselect i59 @_ssdm_op_PartSelect.i59.i64.i32.i32, i64 %add_ln426_2, i32 5, i32 63" [../src/msm.cpp:426]   --->   Operation 144 'partselect' 'trunc_ln426_2' <Predicate = (icmp_ln420 & trunc_ln420 == 2)> <Delay = 0.00>
ST_2 : Operation 145 [1/1] (0.00ns)   --->   "%trunc_ln426_3 = partselect i59 @_ssdm_op_PartSelect.i59.i64.i32.i32, i64 %add_ln426_3, i32 5, i32 63" [../src/msm.cpp:426]   --->   Operation 145 'partselect' 'trunc_ln426_3' <Predicate = (icmp_ln420 & trunc_ln420 == 3)> <Delay = 0.00>
ST_2 : Operation 146 [1/1] (0.00ns)   --->   "%sext_ln427 = sext i59 %trunc_ln4" [../src/msm.cpp:427]   --->   Operation 146 'sext' 'sext_ln427' <Predicate = (icmp_ln420 & trunc_ln420 == 0)> <Delay = 0.00>
ST_2 : Operation 147 [1/1] (0.00ns)   --->   "%gmem3_0_addr = getelementptr i256 %gmem3_0, i64 %sext_ln427" [../src/msm.cpp:427]   --->   Operation 147 'getelementptr' 'gmem3_0_addr' <Predicate = (icmp_ln420 & trunc_ln420 == 0)> <Delay = 0.00>
ST_2 : Operation 148 [8/8] (2.92ns)   --->   "%gmem3_0_load_req = readreq i1 @_ssdm_op_ReadReq.m_axi.i256P1A, i256 %gmem3_0_addr, i64 1" [../src/msm.cpp:427]   --->   Operation 148 'readreq' 'gmem3_0_load_req' <Predicate = (icmp_ln420 & trunc_ln420 == 0)> <Delay = 2.92> <CoreInst = "m_axi">   --->   Core 119 'm_axi' <Latency = 6> <II = 1> <Delay = 1.00> <Adapter> <Opcode : 'read' 'write' 'readreq' 'writereq' 'writeresp'>
ST_2 : Operation 149 [1/1] (0.00ns)   --->   "%sext_ln427_1 = sext i59 %trunc_ln427_1" [../src/msm.cpp:427]   --->   Operation 149 'sext' 'sext_ln427_1' <Predicate = (icmp_ln420 & trunc_ln420 == 1)> <Delay = 0.00>
ST_2 : Operation 150 [1/1] (0.00ns)   --->   "%gmem3_1_addr = getelementptr i256 %gmem3_1, i64 %sext_ln427_1" [../src/msm.cpp:427]   --->   Operation 150 'getelementptr' 'gmem3_1_addr' <Predicate = (icmp_ln420 & trunc_ln420 == 1)> <Delay = 0.00>
ST_2 : Operation 151 [8/8] (2.92ns)   --->   "%gmem3_1_load_req = readreq i1 @_ssdm_op_ReadReq.m_axi.i256P1A, i256 %gmem3_1_addr, i64 1" [../src/msm.cpp:427]   --->   Operation 151 'readreq' 'gmem3_1_load_req' <Predicate = (icmp_ln420 & trunc_ln420 == 1)> <Delay = 2.92> <CoreInst = "m_axi">   --->   Core 119 'm_axi' <Latency = 6> <II = 1> <Delay = 1.00> <Adapter> <Opcode : 'read' 'write' 'readreq' 'writereq' 'writeresp'>
ST_2 : Operation 152 [1/1] (0.00ns)   --->   "%sext_ln427_2 = sext i59 %trunc_ln427_2" [../src/msm.cpp:427]   --->   Operation 152 'sext' 'sext_ln427_2' <Predicate = (icmp_ln420 & trunc_ln420 == 2)> <Delay = 0.00>
ST_2 : Operation 153 [1/1] (0.00ns)   --->   "%gmem3_2_addr = getelementptr i256 %gmem3_2, i64 %sext_ln427_2" [../src/msm.cpp:427]   --->   Operation 153 'getelementptr' 'gmem3_2_addr' <Predicate = (icmp_ln420 & trunc_ln420 == 2)> <Delay = 0.00>
ST_2 : Operation 154 [8/8] (2.92ns)   --->   "%gmem3_2_load_req = readreq i1 @_ssdm_op_ReadReq.m_axi.i256P1A, i256 %gmem3_2_addr, i64 1" [../src/msm.cpp:427]   --->   Operation 154 'readreq' 'gmem3_2_load_req' <Predicate = (icmp_ln420 & trunc_ln420 == 2)> <Delay = 2.92> <CoreInst = "m_axi">   --->   Core 119 'm_axi' <Latency = 6> <II = 1> <Delay = 1.00> <Adapter> <Opcode : 'read' 'write' 'readreq' 'writereq' 'writeresp'>
ST_2 : Operation 155 [1/1] (0.00ns)   --->   "%sext_ln427_3 = sext i59 %trunc_ln427_3" [../src/msm.cpp:427]   --->   Operation 155 'sext' 'sext_ln427_3' <Predicate = (icmp_ln420 & trunc_ln420 == 3)> <Delay = 0.00>
ST_2 : Operation 156 [1/1] (0.00ns)   --->   "%gmem3_3_addr = getelementptr i256 %gmem3_3, i64 %sext_ln427_3" [../src/msm.cpp:427]   --->   Operation 156 'getelementptr' 'gmem3_3_addr' <Predicate = (icmp_ln420 & trunc_ln420 == 3)> <Delay = 0.00>
ST_2 : Operation 157 [8/8] (2.92ns)   --->   "%gmem3_3_load_req = readreq i1 @_ssdm_op_ReadReq.m_axi.i256P1A, i256 %gmem3_3_addr, i64 1" [../src/msm.cpp:427]   --->   Operation 157 'readreq' 'gmem3_3_load_req' <Predicate = (icmp_ln420 & trunc_ln420 == 3)> <Delay = 2.92> <CoreInst = "m_axi">   --->   Core 119 'm_axi' <Latency = 6> <II = 1> <Delay = 1.00> <Adapter> <Opcode : 'read' 'write' 'readreq' 'writereq' 'writeresp'>

State 3 <SV = 2> <Delay = 2.92>
ST_3 : Operation 158 [7/8] (2.92ns)   --->   "%gmem0_0_load_req = readreq i1 @_ssdm_op_ReadReq.m_axi.i256P1A, i256 %gmem0_0_addr, i64 1" [../src/msm.cpp:423]   --->   Operation 158 'readreq' 'gmem0_0_load_req' <Predicate = (trunc_ln420 == 0)> <Delay = 2.92> <CoreInst = "m_axi">   --->   Core 119 'm_axi' <Latency = 6> <II = 1> <Delay = 1.00> <Adapter> <Opcode : 'read' 'write' 'readreq' 'writereq' 'writeresp'>
ST_3 : Operation 159 [7/8] (2.92ns)   --->   "%gmem0_1_load_req = readreq i1 @_ssdm_op_ReadReq.m_axi.i256P1A, i256 %gmem0_1_addr, i64 1" [../src/msm.cpp:423]   --->   Operation 159 'readreq' 'gmem0_1_load_req' <Predicate = (trunc_ln420 == 1)> <Delay = 2.92> <CoreInst = "m_axi">   --->   Core 119 'm_axi' <Latency = 6> <II = 1> <Delay = 1.00> <Adapter> <Opcode : 'read' 'write' 'readreq' 'writereq' 'writeresp'>
ST_3 : Operation 160 [7/8] (2.92ns)   --->   "%gmem0_2_load_req = readreq i1 @_ssdm_op_ReadReq.m_axi.i256P1A, i256 %gmem0_2_addr, i64 1" [../src/msm.cpp:423]   --->   Operation 160 'readreq' 'gmem0_2_load_req' <Predicate = (trunc_ln420 == 2)> <Delay = 2.92> <CoreInst = "m_axi">   --->   Core 119 'm_axi' <Latency = 6> <II = 1> <Delay = 1.00> <Adapter> <Opcode : 'read' 'write' 'readreq' 'writereq' 'writeresp'>
ST_3 : Operation 161 [7/8] (2.92ns)   --->   "%gmem0_3_load_req = readreq i1 @_ssdm_op_ReadReq.m_axi.i256P1A, i256 %gmem0_3_addr, i64 1" [../src/msm.cpp:423]   --->   Operation 161 'readreq' 'gmem0_3_load_req' <Predicate = (trunc_ln420 == 3)> <Delay = 2.92> <CoreInst = "m_axi">   --->   Core 119 'm_axi' <Latency = 6> <II = 1> <Delay = 1.00> <Adapter> <Opcode : 'read' 'write' 'readreq' 'writereq' 'writeresp'>
ST_3 : Operation 162 [7/8] (2.92ns)   --->   "%gmem1_0_load_req = readreq i1 @_ssdm_op_ReadReq.m_axi.i256P1A, i256 %gmem1_0_addr, i64 1" [../src/msm.cpp:424]   --->   Operation 162 'readreq' 'gmem1_0_load_req' <Predicate = (trunc_ln420 == 0)> <Delay = 2.92> <CoreInst = "m_axi">   --->   Core 119 'm_axi' <Latency = 6> <II = 1> <Delay = 1.00> <Adapter> <Opcode : 'read' 'write' 'readreq' 'writereq' 'writeresp'>
ST_3 : Operation 163 [7/8] (2.92ns)   --->   "%gmem1_1_load_req = readreq i1 @_ssdm_op_ReadReq.m_axi.i256P1A, i256 %gmem1_1_addr, i64 1" [../src/msm.cpp:424]   --->   Operation 163 'readreq' 'gmem1_1_load_req' <Predicate = (trunc_ln420 == 1)> <Delay = 2.92> <CoreInst = "m_axi">   --->   Core 119 'm_axi' <Latency = 6> <II = 1> <Delay = 1.00> <Adapter> <Opcode : 'read' 'write' 'readreq' 'writereq' 'writeresp'>
ST_3 : Operation 164 [7/8] (2.92ns)   --->   "%gmem1_2_load_req = readreq i1 @_ssdm_op_ReadReq.m_axi.i256P1A, i256 %gmem1_2_addr, i64 1" [../src/msm.cpp:424]   --->   Operation 164 'readreq' 'gmem1_2_load_req' <Predicate = (trunc_ln420 == 2)> <Delay = 2.92> <CoreInst = "m_axi">   --->   Core 119 'm_axi' <Latency = 6> <II = 1> <Delay = 1.00> <Adapter> <Opcode : 'read' 'write' 'readreq' 'writereq' 'writeresp'>
ST_3 : Operation 165 [7/8] (2.92ns)   --->   "%gmem1_3_load_req = readreq i1 @_ssdm_op_ReadReq.m_axi.i256P1A, i256 %gmem1_3_addr, i64 1" [../src/msm.cpp:424]   --->   Operation 165 'readreq' 'gmem1_3_load_req' <Predicate = (trunc_ln420 == 3)> <Delay = 2.92> <CoreInst = "m_axi">   --->   Core 119 'm_axi' <Latency = 6> <II = 1> <Delay = 1.00> <Adapter> <Opcode : 'read' 'write' 'readreq' 'writereq' 'writeresp'>
ST_3 : Operation 166 [7/8] (2.92ns)   --->   "%gmem2_0_load_req = readreq i1 @_ssdm_op_ReadReq.m_axi.i256P1A, i256 %gmem2_0_addr, i64 1" [../src/msm.cpp:425]   --->   Operation 166 'readreq' 'gmem2_0_load_req' <Predicate = (trunc_ln420 == 0)> <Delay = 2.92> <CoreInst = "m_axi">   --->   Core 119 'm_axi' <Latency = 6> <II = 1> <Delay = 1.00> <Adapter> <Opcode : 'read' 'write' 'readreq' 'writereq' 'writeresp'>
ST_3 : Operation 167 [7/8] (2.92ns)   --->   "%gmem2_1_load_req = readreq i1 @_ssdm_op_ReadReq.m_axi.i256P1A, i256 %gmem2_1_addr, i64 1" [../src/msm.cpp:425]   --->   Operation 167 'readreq' 'gmem2_1_load_req' <Predicate = (trunc_ln420 == 1)> <Delay = 2.92> <CoreInst = "m_axi">   --->   Core 119 'm_axi' <Latency = 6> <II = 1> <Delay = 1.00> <Adapter> <Opcode : 'read' 'write' 'readreq' 'writereq' 'writeresp'>
ST_3 : Operation 168 [7/8] (2.92ns)   --->   "%gmem2_2_load_req = readreq i1 @_ssdm_op_ReadReq.m_axi.i256P1A, i256 %gmem2_2_addr, i64 1" [../src/msm.cpp:425]   --->   Operation 168 'readreq' 'gmem2_2_load_req' <Predicate = (trunc_ln420 == 2)> <Delay = 2.92> <CoreInst = "m_axi">   --->   Core 119 'm_axi' <Latency = 6> <II = 1> <Delay = 1.00> <Adapter> <Opcode : 'read' 'write' 'readreq' 'writereq' 'writeresp'>
ST_3 : Operation 169 [7/8] (2.92ns)   --->   "%gmem2_3_load_req = readreq i1 @_ssdm_op_ReadReq.m_axi.i256P1A, i256 %gmem2_3_addr, i64 1" [../src/msm.cpp:425]   --->   Operation 169 'readreq' 'gmem2_3_load_req' <Predicate = (trunc_ln420 == 3)> <Delay = 2.92> <CoreInst = "m_axi">   --->   Core 119 'm_axi' <Latency = 6> <II = 1> <Delay = 1.00> <Adapter> <Opcode : 'read' 'write' 'readreq' 'writereq' 'writeresp'>
ST_3 : Operation 170 [1/1] (0.00ns)   --->   "%sext_ln426 = sext i59 %trunc_ln3" [../src/msm.cpp:426]   --->   Operation 170 'sext' 'sext_ln426' <Predicate = (trunc_ln420 == 0)> <Delay = 0.00>
ST_3 : Operation 171 [1/1] (0.00ns)   --->   "%gmem2_0_addr_1 = getelementptr i256 %gmem2_0, i64 %sext_ln426" [../src/msm.cpp:426]   --->   Operation 171 'getelementptr' 'gmem2_0_addr_1' <Predicate = (trunc_ln420 == 0)> <Delay = 0.00>
ST_3 : Operation 172 [8/8] (2.92ns)   --->   "%gmem2_0_load_1_req = readreq i1 @_ssdm_op_ReadReq.m_axi.i256P1A, i256 %gmem2_0_addr_1, i64 1" [../src/msm.cpp:426]   --->   Operation 172 'readreq' 'gmem2_0_load_1_req' <Predicate = (trunc_ln420 == 0)> <Delay = 2.92> <CoreInst = "m_axi">   --->   Core 119 'm_axi' <Latency = 6> <II = 1> <Delay = 1.00> <Adapter> <Opcode : 'read' 'write' 'readreq' 'writereq' 'writeresp'>
ST_3 : Operation 173 [1/1] (0.00ns)   --->   "%sext_ln426_1 = sext i59 %trunc_ln426_1" [../src/msm.cpp:426]   --->   Operation 173 'sext' 'sext_ln426_1' <Predicate = (trunc_ln420 == 1)> <Delay = 0.00>
ST_3 : Operation 174 [1/1] (0.00ns)   --->   "%gmem2_1_addr_1 = getelementptr i256 %gmem2_1, i64 %sext_ln426_1" [../src/msm.cpp:426]   --->   Operation 174 'getelementptr' 'gmem2_1_addr_1' <Predicate = (trunc_ln420 == 1)> <Delay = 0.00>
ST_3 : Operation 175 [8/8] (2.92ns)   --->   "%gmem2_1_load_1_req = readreq i1 @_ssdm_op_ReadReq.m_axi.i256P1A, i256 %gmem2_1_addr_1, i64 1" [../src/msm.cpp:426]   --->   Operation 175 'readreq' 'gmem2_1_load_1_req' <Predicate = (trunc_ln420 == 1)> <Delay = 2.92> <CoreInst = "m_axi">   --->   Core 119 'm_axi' <Latency = 6> <II = 1> <Delay = 1.00> <Adapter> <Opcode : 'read' 'write' 'readreq' 'writereq' 'writeresp'>
ST_3 : Operation 176 [1/1] (0.00ns)   --->   "%sext_ln426_2 = sext i59 %trunc_ln426_2" [../src/msm.cpp:426]   --->   Operation 176 'sext' 'sext_ln426_2' <Predicate = (trunc_ln420 == 2)> <Delay = 0.00>
ST_3 : Operation 177 [1/1] (0.00ns)   --->   "%gmem2_2_addr_1 = getelementptr i256 %gmem2_2, i64 %sext_ln426_2" [../src/msm.cpp:426]   --->   Operation 177 'getelementptr' 'gmem2_2_addr_1' <Predicate = (trunc_ln420 == 2)> <Delay = 0.00>
ST_3 : Operation 178 [8/8] (2.92ns)   --->   "%gmem2_2_load_1_req = readreq i1 @_ssdm_op_ReadReq.m_axi.i256P1A, i256 %gmem2_2_addr_1, i64 1" [../src/msm.cpp:426]   --->   Operation 178 'readreq' 'gmem2_2_load_1_req' <Predicate = (trunc_ln420 == 2)> <Delay = 2.92> <CoreInst = "m_axi">   --->   Core 119 'm_axi' <Latency = 6> <II = 1> <Delay = 1.00> <Adapter> <Opcode : 'read' 'write' 'readreq' 'writereq' 'writeresp'>
ST_3 : Operation 179 [1/1] (0.00ns)   --->   "%sext_ln426_3 = sext i59 %trunc_ln426_3" [../src/msm.cpp:426]   --->   Operation 179 'sext' 'sext_ln426_3' <Predicate = (trunc_ln420 == 3)> <Delay = 0.00>
ST_3 : Operation 180 [1/1] (0.00ns)   --->   "%gmem2_3_addr_1 = getelementptr i256 %gmem2_3, i64 %sext_ln426_3" [../src/msm.cpp:426]   --->   Operation 180 'getelementptr' 'gmem2_3_addr_1' <Predicate = (trunc_ln420 == 3)> <Delay = 0.00>
ST_3 : Operation 181 [8/8] (2.92ns)   --->   "%gmem2_3_load_1_req = readreq i1 @_ssdm_op_ReadReq.m_axi.i256P1A, i256 %gmem2_3_addr_1, i64 1" [../src/msm.cpp:426]   --->   Operation 181 'readreq' 'gmem2_3_load_1_req' <Predicate = (trunc_ln420 == 3)> <Delay = 2.92> <CoreInst = "m_axi">   --->   Core 119 'm_axi' <Latency = 6> <II = 1> <Delay = 1.00> <Adapter> <Opcode : 'read' 'write' 'readreq' 'writereq' 'writeresp'>
ST_3 : Operation 182 [7/8] (2.92ns)   --->   "%gmem3_0_load_req = readreq i1 @_ssdm_op_ReadReq.m_axi.i256P1A, i256 %gmem3_0_addr, i64 1" [../src/msm.cpp:427]   --->   Operation 182 'readreq' 'gmem3_0_load_req' <Predicate = (trunc_ln420 == 0)> <Delay = 2.92> <CoreInst = "m_axi">   --->   Core 119 'm_axi' <Latency = 6> <II = 1> <Delay = 1.00> <Adapter> <Opcode : 'read' 'write' 'readreq' 'writereq' 'writeresp'>
ST_3 : Operation 183 [7/8] (2.92ns)   --->   "%gmem3_1_load_req = readreq i1 @_ssdm_op_ReadReq.m_axi.i256P1A, i256 %gmem3_1_addr, i64 1" [../src/msm.cpp:427]   --->   Operation 183 'readreq' 'gmem3_1_load_req' <Predicate = (trunc_ln420 == 1)> <Delay = 2.92> <CoreInst = "m_axi">   --->   Core 119 'm_axi' <Latency = 6> <II = 1> <Delay = 1.00> <Adapter> <Opcode : 'read' 'write' 'readreq' 'writereq' 'writeresp'>
ST_3 : Operation 184 [7/8] (2.92ns)   --->   "%gmem3_2_load_req = readreq i1 @_ssdm_op_ReadReq.m_axi.i256P1A, i256 %gmem3_2_addr, i64 1" [../src/msm.cpp:427]   --->   Operation 184 'readreq' 'gmem3_2_load_req' <Predicate = (trunc_ln420 == 2)> <Delay = 2.92> <CoreInst = "m_axi">   --->   Core 119 'm_axi' <Latency = 6> <II = 1> <Delay = 1.00> <Adapter> <Opcode : 'read' 'write' 'readreq' 'writereq' 'writeresp'>
ST_3 : Operation 185 [7/8] (2.92ns)   --->   "%gmem3_3_load_req = readreq i1 @_ssdm_op_ReadReq.m_axi.i256P1A, i256 %gmem3_3_addr, i64 1" [../src/msm.cpp:427]   --->   Operation 185 'readreq' 'gmem3_3_load_req' <Predicate = (trunc_ln420 == 3)> <Delay = 2.92> <CoreInst = "m_axi">   --->   Core 119 'm_axi' <Latency = 6> <II = 1> <Delay = 1.00> <Adapter> <Opcode : 'read' 'write' 'readreq' 'writereq' 'writeresp'>

State 4 <SV = 3> <Delay = 2.92>
ST_4 : Operation 186 [6/8] (2.92ns)   --->   "%gmem0_0_load_req = readreq i1 @_ssdm_op_ReadReq.m_axi.i256P1A, i256 %gmem0_0_addr, i64 1" [../src/msm.cpp:423]   --->   Operation 186 'readreq' 'gmem0_0_load_req' <Predicate = (trunc_ln420 == 0)> <Delay = 2.92> <CoreInst = "m_axi">   --->   Core 119 'm_axi' <Latency = 6> <II = 1> <Delay = 1.00> <Adapter> <Opcode : 'read' 'write' 'readreq' 'writereq' 'writeresp'>
ST_4 : Operation 187 [6/8] (2.92ns)   --->   "%gmem0_1_load_req = readreq i1 @_ssdm_op_ReadReq.m_axi.i256P1A, i256 %gmem0_1_addr, i64 1" [../src/msm.cpp:423]   --->   Operation 187 'readreq' 'gmem0_1_load_req' <Predicate = (trunc_ln420 == 1)> <Delay = 2.92> <CoreInst = "m_axi">   --->   Core 119 'm_axi' <Latency = 6> <II = 1> <Delay = 1.00> <Adapter> <Opcode : 'read' 'write' 'readreq' 'writereq' 'writeresp'>
ST_4 : Operation 188 [6/8] (2.92ns)   --->   "%gmem0_2_load_req = readreq i1 @_ssdm_op_ReadReq.m_axi.i256P1A, i256 %gmem0_2_addr, i64 1" [../src/msm.cpp:423]   --->   Operation 188 'readreq' 'gmem0_2_load_req' <Predicate = (trunc_ln420 == 2)> <Delay = 2.92> <CoreInst = "m_axi">   --->   Core 119 'm_axi' <Latency = 6> <II = 1> <Delay = 1.00> <Adapter> <Opcode : 'read' 'write' 'readreq' 'writereq' 'writeresp'>
ST_4 : Operation 189 [6/8] (2.92ns)   --->   "%gmem0_3_load_req = readreq i1 @_ssdm_op_ReadReq.m_axi.i256P1A, i256 %gmem0_3_addr, i64 1" [../src/msm.cpp:423]   --->   Operation 189 'readreq' 'gmem0_3_load_req' <Predicate = (trunc_ln420 == 3)> <Delay = 2.92> <CoreInst = "m_axi">   --->   Core 119 'm_axi' <Latency = 6> <II = 1> <Delay = 1.00> <Adapter> <Opcode : 'read' 'write' 'readreq' 'writereq' 'writeresp'>
ST_4 : Operation 190 [6/8] (2.92ns)   --->   "%gmem1_0_load_req = readreq i1 @_ssdm_op_ReadReq.m_axi.i256P1A, i256 %gmem1_0_addr, i64 1" [../src/msm.cpp:424]   --->   Operation 190 'readreq' 'gmem1_0_load_req' <Predicate = (trunc_ln420 == 0)> <Delay = 2.92> <CoreInst = "m_axi">   --->   Core 119 'm_axi' <Latency = 6> <II = 1> <Delay = 1.00> <Adapter> <Opcode : 'read' 'write' 'readreq' 'writereq' 'writeresp'>
ST_4 : Operation 191 [6/8] (2.92ns)   --->   "%gmem1_1_load_req = readreq i1 @_ssdm_op_ReadReq.m_axi.i256P1A, i256 %gmem1_1_addr, i64 1" [../src/msm.cpp:424]   --->   Operation 191 'readreq' 'gmem1_1_load_req' <Predicate = (trunc_ln420 == 1)> <Delay = 2.92> <CoreInst = "m_axi">   --->   Core 119 'm_axi' <Latency = 6> <II = 1> <Delay = 1.00> <Adapter> <Opcode : 'read' 'write' 'readreq' 'writereq' 'writeresp'>
ST_4 : Operation 192 [6/8] (2.92ns)   --->   "%gmem1_2_load_req = readreq i1 @_ssdm_op_ReadReq.m_axi.i256P1A, i256 %gmem1_2_addr, i64 1" [../src/msm.cpp:424]   --->   Operation 192 'readreq' 'gmem1_2_load_req' <Predicate = (trunc_ln420 == 2)> <Delay = 2.92> <CoreInst = "m_axi">   --->   Core 119 'm_axi' <Latency = 6> <II = 1> <Delay = 1.00> <Adapter> <Opcode : 'read' 'write' 'readreq' 'writereq' 'writeresp'>
ST_4 : Operation 193 [6/8] (2.92ns)   --->   "%gmem1_3_load_req = readreq i1 @_ssdm_op_ReadReq.m_axi.i256P1A, i256 %gmem1_3_addr, i64 1" [../src/msm.cpp:424]   --->   Operation 193 'readreq' 'gmem1_3_load_req' <Predicate = (trunc_ln420 == 3)> <Delay = 2.92> <CoreInst = "m_axi">   --->   Core 119 'm_axi' <Latency = 6> <II = 1> <Delay = 1.00> <Adapter> <Opcode : 'read' 'write' 'readreq' 'writereq' 'writeresp'>
ST_4 : Operation 194 [6/8] (2.92ns)   --->   "%gmem2_0_load_req = readreq i1 @_ssdm_op_ReadReq.m_axi.i256P1A, i256 %gmem2_0_addr, i64 1" [../src/msm.cpp:425]   --->   Operation 194 'readreq' 'gmem2_0_load_req' <Predicate = (trunc_ln420 == 0)> <Delay = 2.92> <CoreInst = "m_axi">   --->   Core 119 'm_axi' <Latency = 6> <II = 1> <Delay = 1.00> <Adapter> <Opcode : 'read' 'write' 'readreq' 'writereq' 'writeresp'>
ST_4 : Operation 195 [6/8] (2.92ns)   --->   "%gmem2_1_load_req = readreq i1 @_ssdm_op_ReadReq.m_axi.i256P1A, i256 %gmem2_1_addr, i64 1" [../src/msm.cpp:425]   --->   Operation 195 'readreq' 'gmem2_1_load_req' <Predicate = (trunc_ln420 == 1)> <Delay = 2.92> <CoreInst = "m_axi">   --->   Core 119 'm_axi' <Latency = 6> <II = 1> <Delay = 1.00> <Adapter> <Opcode : 'read' 'write' 'readreq' 'writereq' 'writeresp'>
ST_4 : Operation 196 [6/8] (2.92ns)   --->   "%gmem2_2_load_req = readreq i1 @_ssdm_op_ReadReq.m_axi.i256P1A, i256 %gmem2_2_addr, i64 1" [../src/msm.cpp:425]   --->   Operation 196 'readreq' 'gmem2_2_load_req' <Predicate = (trunc_ln420 == 2)> <Delay = 2.92> <CoreInst = "m_axi">   --->   Core 119 'm_axi' <Latency = 6> <II = 1> <Delay = 1.00> <Adapter> <Opcode : 'read' 'write' 'readreq' 'writereq' 'writeresp'>
ST_4 : Operation 197 [6/8] (2.92ns)   --->   "%gmem2_3_load_req = readreq i1 @_ssdm_op_ReadReq.m_axi.i256P1A, i256 %gmem2_3_addr, i64 1" [../src/msm.cpp:425]   --->   Operation 197 'readreq' 'gmem2_3_load_req' <Predicate = (trunc_ln420 == 3)> <Delay = 2.92> <CoreInst = "m_axi">   --->   Core 119 'm_axi' <Latency = 6> <II = 1> <Delay = 1.00> <Adapter> <Opcode : 'read' 'write' 'readreq' 'writereq' 'writeresp'>
ST_4 : Operation 198 [7/8] (2.92ns)   --->   "%gmem2_0_load_1_req = readreq i1 @_ssdm_op_ReadReq.m_axi.i256P1A, i256 %gmem2_0_addr_1, i64 1" [../src/msm.cpp:426]   --->   Operation 198 'readreq' 'gmem2_0_load_1_req' <Predicate = (trunc_ln420 == 0)> <Delay = 2.92> <CoreInst = "m_axi">   --->   Core 119 'm_axi' <Latency = 6> <II = 1> <Delay = 1.00> <Adapter> <Opcode : 'read' 'write' 'readreq' 'writereq' 'writeresp'>
ST_4 : Operation 199 [7/8] (2.92ns)   --->   "%gmem2_1_load_1_req = readreq i1 @_ssdm_op_ReadReq.m_axi.i256P1A, i256 %gmem2_1_addr_1, i64 1" [../src/msm.cpp:426]   --->   Operation 199 'readreq' 'gmem2_1_load_1_req' <Predicate = (trunc_ln420 == 1)> <Delay = 2.92> <CoreInst = "m_axi">   --->   Core 119 'm_axi' <Latency = 6> <II = 1> <Delay = 1.00> <Adapter> <Opcode : 'read' 'write' 'readreq' 'writereq' 'writeresp'>
ST_4 : Operation 200 [7/8] (2.92ns)   --->   "%gmem2_2_load_1_req = readreq i1 @_ssdm_op_ReadReq.m_axi.i256P1A, i256 %gmem2_2_addr_1, i64 1" [../src/msm.cpp:426]   --->   Operation 200 'readreq' 'gmem2_2_load_1_req' <Predicate = (trunc_ln420 == 2)> <Delay = 2.92> <CoreInst = "m_axi">   --->   Core 119 'm_axi' <Latency = 6> <II = 1> <Delay = 1.00> <Adapter> <Opcode : 'read' 'write' 'readreq' 'writereq' 'writeresp'>
ST_4 : Operation 201 [7/8] (2.92ns)   --->   "%gmem2_3_load_1_req = readreq i1 @_ssdm_op_ReadReq.m_axi.i256P1A, i256 %gmem2_3_addr_1, i64 1" [../src/msm.cpp:426]   --->   Operation 201 'readreq' 'gmem2_3_load_1_req' <Predicate = (trunc_ln420 == 3)> <Delay = 2.92> <CoreInst = "m_axi">   --->   Core 119 'm_axi' <Latency = 6> <II = 1> <Delay = 1.00> <Adapter> <Opcode : 'read' 'write' 'readreq' 'writereq' 'writeresp'>
ST_4 : Operation 202 [6/8] (2.92ns)   --->   "%gmem3_0_load_req = readreq i1 @_ssdm_op_ReadReq.m_axi.i256P1A, i256 %gmem3_0_addr, i64 1" [../src/msm.cpp:427]   --->   Operation 202 'readreq' 'gmem3_0_load_req' <Predicate = (trunc_ln420 == 0)> <Delay = 2.92> <CoreInst = "m_axi">   --->   Core 119 'm_axi' <Latency = 6> <II = 1> <Delay = 1.00> <Adapter> <Opcode : 'read' 'write' 'readreq' 'writereq' 'writeresp'>
ST_4 : Operation 203 [6/8] (2.92ns)   --->   "%gmem3_1_load_req = readreq i1 @_ssdm_op_ReadReq.m_axi.i256P1A, i256 %gmem3_1_addr, i64 1" [../src/msm.cpp:427]   --->   Operation 203 'readreq' 'gmem3_1_load_req' <Predicate = (trunc_ln420 == 1)> <Delay = 2.92> <CoreInst = "m_axi">   --->   Core 119 'm_axi' <Latency = 6> <II = 1> <Delay = 1.00> <Adapter> <Opcode : 'read' 'write' 'readreq' 'writereq' 'writeresp'>
ST_4 : Operation 204 [6/8] (2.92ns)   --->   "%gmem3_2_load_req = readreq i1 @_ssdm_op_ReadReq.m_axi.i256P1A, i256 %gmem3_2_addr, i64 1" [../src/msm.cpp:427]   --->   Operation 204 'readreq' 'gmem3_2_load_req' <Predicate = (trunc_ln420 == 2)> <Delay = 2.92> <CoreInst = "m_axi">   --->   Core 119 'm_axi' <Latency = 6> <II = 1> <Delay = 1.00> <Adapter> <Opcode : 'read' 'write' 'readreq' 'writereq' 'writeresp'>
ST_4 : Operation 205 [6/8] (2.92ns)   --->   "%gmem3_3_load_req = readreq i1 @_ssdm_op_ReadReq.m_axi.i256P1A, i256 %gmem3_3_addr, i64 1" [../src/msm.cpp:427]   --->   Operation 205 'readreq' 'gmem3_3_load_req' <Predicate = (trunc_ln420 == 3)> <Delay = 2.92> <CoreInst = "m_axi">   --->   Core 119 'm_axi' <Latency = 6> <II = 1> <Delay = 1.00> <Adapter> <Opcode : 'read' 'write' 'readreq' 'writereq' 'writeresp'>

State 5 <SV = 4> <Delay = 2.92>
ST_5 : Operation 206 [5/8] (2.92ns)   --->   "%gmem0_0_load_req = readreq i1 @_ssdm_op_ReadReq.m_axi.i256P1A, i256 %gmem0_0_addr, i64 1" [../src/msm.cpp:423]   --->   Operation 206 'readreq' 'gmem0_0_load_req' <Predicate = (trunc_ln420 == 0)> <Delay = 2.92> <CoreInst = "m_axi">   --->   Core 119 'm_axi' <Latency = 6> <II = 1> <Delay = 1.00> <Adapter> <Opcode : 'read' 'write' 'readreq' 'writereq' 'writeresp'>
ST_5 : Operation 207 [5/8] (2.92ns)   --->   "%gmem0_1_load_req = readreq i1 @_ssdm_op_ReadReq.m_axi.i256P1A, i256 %gmem0_1_addr, i64 1" [../src/msm.cpp:423]   --->   Operation 207 'readreq' 'gmem0_1_load_req' <Predicate = (trunc_ln420 == 1)> <Delay = 2.92> <CoreInst = "m_axi">   --->   Core 119 'm_axi' <Latency = 6> <II = 1> <Delay = 1.00> <Adapter> <Opcode : 'read' 'write' 'readreq' 'writereq' 'writeresp'>
ST_5 : Operation 208 [5/8] (2.92ns)   --->   "%gmem0_2_load_req = readreq i1 @_ssdm_op_ReadReq.m_axi.i256P1A, i256 %gmem0_2_addr, i64 1" [../src/msm.cpp:423]   --->   Operation 208 'readreq' 'gmem0_2_load_req' <Predicate = (trunc_ln420 == 2)> <Delay = 2.92> <CoreInst = "m_axi">   --->   Core 119 'm_axi' <Latency = 6> <II = 1> <Delay = 1.00> <Adapter> <Opcode : 'read' 'write' 'readreq' 'writereq' 'writeresp'>
ST_5 : Operation 209 [5/8] (2.92ns)   --->   "%gmem0_3_load_req = readreq i1 @_ssdm_op_ReadReq.m_axi.i256P1A, i256 %gmem0_3_addr, i64 1" [../src/msm.cpp:423]   --->   Operation 209 'readreq' 'gmem0_3_load_req' <Predicate = (trunc_ln420 == 3)> <Delay = 2.92> <CoreInst = "m_axi">   --->   Core 119 'm_axi' <Latency = 6> <II = 1> <Delay = 1.00> <Adapter> <Opcode : 'read' 'write' 'readreq' 'writereq' 'writeresp'>
ST_5 : Operation 210 [5/8] (2.92ns)   --->   "%gmem1_0_load_req = readreq i1 @_ssdm_op_ReadReq.m_axi.i256P1A, i256 %gmem1_0_addr, i64 1" [../src/msm.cpp:424]   --->   Operation 210 'readreq' 'gmem1_0_load_req' <Predicate = (trunc_ln420 == 0)> <Delay = 2.92> <CoreInst = "m_axi">   --->   Core 119 'm_axi' <Latency = 6> <II = 1> <Delay = 1.00> <Adapter> <Opcode : 'read' 'write' 'readreq' 'writereq' 'writeresp'>
ST_5 : Operation 211 [5/8] (2.92ns)   --->   "%gmem1_1_load_req = readreq i1 @_ssdm_op_ReadReq.m_axi.i256P1A, i256 %gmem1_1_addr, i64 1" [../src/msm.cpp:424]   --->   Operation 211 'readreq' 'gmem1_1_load_req' <Predicate = (trunc_ln420 == 1)> <Delay = 2.92> <CoreInst = "m_axi">   --->   Core 119 'm_axi' <Latency = 6> <II = 1> <Delay = 1.00> <Adapter> <Opcode : 'read' 'write' 'readreq' 'writereq' 'writeresp'>
ST_5 : Operation 212 [5/8] (2.92ns)   --->   "%gmem1_2_load_req = readreq i1 @_ssdm_op_ReadReq.m_axi.i256P1A, i256 %gmem1_2_addr, i64 1" [../src/msm.cpp:424]   --->   Operation 212 'readreq' 'gmem1_2_load_req' <Predicate = (trunc_ln420 == 2)> <Delay = 2.92> <CoreInst = "m_axi">   --->   Core 119 'm_axi' <Latency = 6> <II = 1> <Delay = 1.00> <Adapter> <Opcode : 'read' 'write' 'readreq' 'writereq' 'writeresp'>
ST_5 : Operation 213 [5/8] (2.92ns)   --->   "%gmem1_3_load_req = readreq i1 @_ssdm_op_ReadReq.m_axi.i256P1A, i256 %gmem1_3_addr, i64 1" [../src/msm.cpp:424]   --->   Operation 213 'readreq' 'gmem1_3_load_req' <Predicate = (trunc_ln420 == 3)> <Delay = 2.92> <CoreInst = "m_axi">   --->   Core 119 'm_axi' <Latency = 6> <II = 1> <Delay = 1.00> <Adapter> <Opcode : 'read' 'write' 'readreq' 'writereq' 'writeresp'>
ST_5 : Operation 214 [5/8] (2.92ns)   --->   "%gmem2_0_load_req = readreq i1 @_ssdm_op_ReadReq.m_axi.i256P1A, i256 %gmem2_0_addr, i64 1" [../src/msm.cpp:425]   --->   Operation 214 'readreq' 'gmem2_0_load_req' <Predicate = (trunc_ln420 == 0)> <Delay = 2.92> <CoreInst = "m_axi">   --->   Core 119 'm_axi' <Latency = 6> <II = 1> <Delay = 1.00> <Adapter> <Opcode : 'read' 'write' 'readreq' 'writereq' 'writeresp'>
ST_5 : Operation 215 [5/8] (2.92ns)   --->   "%gmem2_1_load_req = readreq i1 @_ssdm_op_ReadReq.m_axi.i256P1A, i256 %gmem2_1_addr, i64 1" [../src/msm.cpp:425]   --->   Operation 215 'readreq' 'gmem2_1_load_req' <Predicate = (trunc_ln420 == 1)> <Delay = 2.92> <CoreInst = "m_axi">   --->   Core 119 'm_axi' <Latency = 6> <II = 1> <Delay = 1.00> <Adapter> <Opcode : 'read' 'write' 'readreq' 'writereq' 'writeresp'>
ST_5 : Operation 216 [5/8] (2.92ns)   --->   "%gmem2_2_load_req = readreq i1 @_ssdm_op_ReadReq.m_axi.i256P1A, i256 %gmem2_2_addr, i64 1" [../src/msm.cpp:425]   --->   Operation 216 'readreq' 'gmem2_2_load_req' <Predicate = (trunc_ln420 == 2)> <Delay = 2.92> <CoreInst = "m_axi">   --->   Core 119 'm_axi' <Latency = 6> <II = 1> <Delay = 1.00> <Adapter> <Opcode : 'read' 'write' 'readreq' 'writereq' 'writeresp'>
ST_5 : Operation 217 [5/8] (2.92ns)   --->   "%gmem2_3_load_req = readreq i1 @_ssdm_op_ReadReq.m_axi.i256P1A, i256 %gmem2_3_addr, i64 1" [../src/msm.cpp:425]   --->   Operation 217 'readreq' 'gmem2_3_load_req' <Predicate = (trunc_ln420 == 3)> <Delay = 2.92> <CoreInst = "m_axi">   --->   Core 119 'm_axi' <Latency = 6> <II = 1> <Delay = 1.00> <Adapter> <Opcode : 'read' 'write' 'readreq' 'writereq' 'writeresp'>
ST_5 : Operation 218 [6/8] (2.92ns)   --->   "%gmem2_0_load_1_req = readreq i1 @_ssdm_op_ReadReq.m_axi.i256P1A, i256 %gmem2_0_addr_1, i64 1" [../src/msm.cpp:426]   --->   Operation 218 'readreq' 'gmem2_0_load_1_req' <Predicate = (trunc_ln420 == 0)> <Delay = 2.92> <CoreInst = "m_axi">   --->   Core 119 'm_axi' <Latency = 6> <II = 1> <Delay = 1.00> <Adapter> <Opcode : 'read' 'write' 'readreq' 'writereq' 'writeresp'>
ST_5 : Operation 219 [6/8] (2.92ns)   --->   "%gmem2_1_load_1_req = readreq i1 @_ssdm_op_ReadReq.m_axi.i256P1A, i256 %gmem2_1_addr_1, i64 1" [../src/msm.cpp:426]   --->   Operation 219 'readreq' 'gmem2_1_load_1_req' <Predicate = (trunc_ln420 == 1)> <Delay = 2.92> <CoreInst = "m_axi">   --->   Core 119 'm_axi' <Latency = 6> <II = 1> <Delay = 1.00> <Adapter> <Opcode : 'read' 'write' 'readreq' 'writereq' 'writeresp'>
ST_5 : Operation 220 [6/8] (2.92ns)   --->   "%gmem2_2_load_1_req = readreq i1 @_ssdm_op_ReadReq.m_axi.i256P1A, i256 %gmem2_2_addr_1, i64 1" [../src/msm.cpp:426]   --->   Operation 220 'readreq' 'gmem2_2_load_1_req' <Predicate = (trunc_ln420 == 2)> <Delay = 2.92> <CoreInst = "m_axi">   --->   Core 119 'm_axi' <Latency = 6> <II = 1> <Delay = 1.00> <Adapter> <Opcode : 'read' 'write' 'readreq' 'writereq' 'writeresp'>
ST_5 : Operation 221 [6/8] (2.92ns)   --->   "%gmem2_3_load_1_req = readreq i1 @_ssdm_op_ReadReq.m_axi.i256P1A, i256 %gmem2_3_addr_1, i64 1" [../src/msm.cpp:426]   --->   Operation 221 'readreq' 'gmem2_3_load_1_req' <Predicate = (trunc_ln420 == 3)> <Delay = 2.92> <CoreInst = "m_axi">   --->   Core 119 'm_axi' <Latency = 6> <II = 1> <Delay = 1.00> <Adapter> <Opcode : 'read' 'write' 'readreq' 'writereq' 'writeresp'>
ST_5 : Operation 222 [5/8] (2.92ns)   --->   "%gmem3_0_load_req = readreq i1 @_ssdm_op_ReadReq.m_axi.i256P1A, i256 %gmem3_0_addr, i64 1" [../src/msm.cpp:427]   --->   Operation 222 'readreq' 'gmem3_0_load_req' <Predicate = (trunc_ln420 == 0)> <Delay = 2.92> <CoreInst = "m_axi">   --->   Core 119 'm_axi' <Latency = 6> <II = 1> <Delay = 1.00> <Adapter> <Opcode : 'read' 'write' 'readreq' 'writereq' 'writeresp'>
ST_5 : Operation 223 [5/8] (2.92ns)   --->   "%gmem3_1_load_req = readreq i1 @_ssdm_op_ReadReq.m_axi.i256P1A, i256 %gmem3_1_addr, i64 1" [../src/msm.cpp:427]   --->   Operation 223 'readreq' 'gmem3_1_load_req' <Predicate = (trunc_ln420 == 1)> <Delay = 2.92> <CoreInst = "m_axi">   --->   Core 119 'm_axi' <Latency = 6> <II = 1> <Delay = 1.00> <Adapter> <Opcode : 'read' 'write' 'readreq' 'writereq' 'writeresp'>
ST_5 : Operation 224 [5/8] (2.92ns)   --->   "%gmem3_2_load_req = readreq i1 @_ssdm_op_ReadReq.m_axi.i256P1A, i256 %gmem3_2_addr, i64 1" [../src/msm.cpp:427]   --->   Operation 224 'readreq' 'gmem3_2_load_req' <Predicate = (trunc_ln420 == 2)> <Delay = 2.92> <CoreInst = "m_axi">   --->   Core 119 'm_axi' <Latency = 6> <II = 1> <Delay = 1.00> <Adapter> <Opcode : 'read' 'write' 'readreq' 'writereq' 'writeresp'>
ST_5 : Operation 225 [5/8] (2.92ns)   --->   "%gmem3_3_load_req = readreq i1 @_ssdm_op_ReadReq.m_axi.i256P1A, i256 %gmem3_3_addr, i64 1" [../src/msm.cpp:427]   --->   Operation 225 'readreq' 'gmem3_3_load_req' <Predicate = (trunc_ln420 == 3)> <Delay = 2.92> <CoreInst = "m_axi">   --->   Core 119 'm_axi' <Latency = 6> <II = 1> <Delay = 1.00> <Adapter> <Opcode : 'read' 'write' 'readreq' 'writereq' 'writeresp'>

State 6 <SV = 5> <Delay = 2.92>
ST_6 : Operation 226 [4/8] (2.92ns)   --->   "%gmem0_0_load_req = readreq i1 @_ssdm_op_ReadReq.m_axi.i256P1A, i256 %gmem0_0_addr, i64 1" [../src/msm.cpp:423]   --->   Operation 226 'readreq' 'gmem0_0_load_req' <Predicate = (trunc_ln420 == 0)> <Delay = 2.92> <CoreInst = "m_axi">   --->   Core 119 'm_axi' <Latency = 6> <II = 1> <Delay = 1.00> <Adapter> <Opcode : 'read' 'write' 'readreq' 'writereq' 'writeresp'>
ST_6 : Operation 227 [4/8] (2.92ns)   --->   "%gmem0_1_load_req = readreq i1 @_ssdm_op_ReadReq.m_axi.i256P1A, i256 %gmem0_1_addr, i64 1" [../src/msm.cpp:423]   --->   Operation 227 'readreq' 'gmem0_1_load_req' <Predicate = (trunc_ln420 == 1)> <Delay = 2.92> <CoreInst = "m_axi">   --->   Core 119 'm_axi' <Latency = 6> <II = 1> <Delay = 1.00> <Adapter> <Opcode : 'read' 'write' 'readreq' 'writereq' 'writeresp'>
ST_6 : Operation 228 [4/8] (2.92ns)   --->   "%gmem0_2_load_req = readreq i1 @_ssdm_op_ReadReq.m_axi.i256P1A, i256 %gmem0_2_addr, i64 1" [../src/msm.cpp:423]   --->   Operation 228 'readreq' 'gmem0_2_load_req' <Predicate = (trunc_ln420 == 2)> <Delay = 2.92> <CoreInst = "m_axi">   --->   Core 119 'm_axi' <Latency = 6> <II = 1> <Delay = 1.00> <Adapter> <Opcode : 'read' 'write' 'readreq' 'writereq' 'writeresp'>
ST_6 : Operation 229 [4/8] (2.92ns)   --->   "%gmem0_3_load_req = readreq i1 @_ssdm_op_ReadReq.m_axi.i256P1A, i256 %gmem0_3_addr, i64 1" [../src/msm.cpp:423]   --->   Operation 229 'readreq' 'gmem0_3_load_req' <Predicate = (trunc_ln420 == 3)> <Delay = 2.92> <CoreInst = "m_axi">   --->   Core 119 'm_axi' <Latency = 6> <II = 1> <Delay = 1.00> <Adapter> <Opcode : 'read' 'write' 'readreq' 'writereq' 'writeresp'>
ST_6 : Operation 230 [4/8] (2.92ns)   --->   "%gmem1_0_load_req = readreq i1 @_ssdm_op_ReadReq.m_axi.i256P1A, i256 %gmem1_0_addr, i64 1" [../src/msm.cpp:424]   --->   Operation 230 'readreq' 'gmem1_0_load_req' <Predicate = (trunc_ln420 == 0)> <Delay = 2.92> <CoreInst = "m_axi">   --->   Core 119 'm_axi' <Latency = 6> <II = 1> <Delay = 1.00> <Adapter> <Opcode : 'read' 'write' 'readreq' 'writereq' 'writeresp'>
ST_6 : Operation 231 [4/8] (2.92ns)   --->   "%gmem1_1_load_req = readreq i1 @_ssdm_op_ReadReq.m_axi.i256P1A, i256 %gmem1_1_addr, i64 1" [../src/msm.cpp:424]   --->   Operation 231 'readreq' 'gmem1_1_load_req' <Predicate = (trunc_ln420 == 1)> <Delay = 2.92> <CoreInst = "m_axi">   --->   Core 119 'm_axi' <Latency = 6> <II = 1> <Delay = 1.00> <Adapter> <Opcode : 'read' 'write' 'readreq' 'writereq' 'writeresp'>
ST_6 : Operation 232 [4/8] (2.92ns)   --->   "%gmem1_2_load_req = readreq i1 @_ssdm_op_ReadReq.m_axi.i256P1A, i256 %gmem1_2_addr, i64 1" [../src/msm.cpp:424]   --->   Operation 232 'readreq' 'gmem1_2_load_req' <Predicate = (trunc_ln420 == 2)> <Delay = 2.92> <CoreInst = "m_axi">   --->   Core 119 'm_axi' <Latency = 6> <II = 1> <Delay = 1.00> <Adapter> <Opcode : 'read' 'write' 'readreq' 'writereq' 'writeresp'>
ST_6 : Operation 233 [4/8] (2.92ns)   --->   "%gmem1_3_load_req = readreq i1 @_ssdm_op_ReadReq.m_axi.i256P1A, i256 %gmem1_3_addr, i64 1" [../src/msm.cpp:424]   --->   Operation 233 'readreq' 'gmem1_3_load_req' <Predicate = (trunc_ln420 == 3)> <Delay = 2.92> <CoreInst = "m_axi">   --->   Core 119 'm_axi' <Latency = 6> <II = 1> <Delay = 1.00> <Adapter> <Opcode : 'read' 'write' 'readreq' 'writereq' 'writeresp'>
ST_6 : Operation 234 [4/8] (2.92ns)   --->   "%gmem2_0_load_req = readreq i1 @_ssdm_op_ReadReq.m_axi.i256P1A, i256 %gmem2_0_addr, i64 1" [../src/msm.cpp:425]   --->   Operation 234 'readreq' 'gmem2_0_load_req' <Predicate = (trunc_ln420 == 0)> <Delay = 2.92> <CoreInst = "m_axi">   --->   Core 119 'm_axi' <Latency = 6> <II = 1> <Delay = 1.00> <Adapter> <Opcode : 'read' 'write' 'readreq' 'writereq' 'writeresp'>
ST_6 : Operation 235 [4/8] (2.92ns)   --->   "%gmem2_1_load_req = readreq i1 @_ssdm_op_ReadReq.m_axi.i256P1A, i256 %gmem2_1_addr, i64 1" [../src/msm.cpp:425]   --->   Operation 235 'readreq' 'gmem2_1_load_req' <Predicate = (trunc_ln420 == 1)> <Delay = 2.92> <CoreInst = "m_axi">   --->   Core 119 'm_axi' <Latency = 6> <II = 1> <Delay = 1.00> <Adapter> <Opcode : 'read' 'write' 'readreq' 'writereq' 'writeresp'>
ST_6 : Operation 236 [4/8] (2.92ns)   --->   "%gmem2_2_load_req = readreq i1 @_ssdm_op_ReadReq.m_axi.i256P1A, i256 %gmem2_2_addr, i64 1" [../src/msm.cpp:425]   --->   Operation 236 'readreq' 'gmem2_2_load_req' <Predicate = (trunc_ln420 == 2)> <Delay = 2.92> <CoreInst = "m_axi">   --->   Core 119 'm_axi' <Latency = 6> <II = 1> <Delay = 1.00> <Adapter> <Opcode : 'read' 'write' 'readreq' 'writereq' 'writeresp'>
ST_6 : Operation 237 [4/8] (2.92ns)   --->   "%gmem2_3_load_req = readreq i1 @_ssdm_op_ReadReq.m_axi.i256P1A, i256 %gmem2_3_addr, i64 1" [../src/msm.cpp:425]   --->   Operation 237 'readreq' 'gmem2_3_load_req' <Predicate = (trunc_ln420 == 3)> <Delay = 2.92> <CoreInst = "m_axi">   --->   Core 119 'm_axi' <Latency = 6> <II = 1> <Delay = 1.00> <Adapter> <Opcode : 'read' 'write' 'readreq' 'writereq' 'writeresp'>
ST_6 : Operation 238 [5/8] (2.92ns)   --->   "%gmem2_0_load_1_req = readreq i1 @_ssdm_op_ReadReq.m_axi.i256P1A, i256 %gmem2_0_addr_1, i64 1" [../src/msm.cpp:426]   --->   Operation 238 'readreq' 'gmem2_0_load_1_req' <Predicate = (trunc_ln420 == 0)> <Delay = 2.92> <CoreInst = "m_axi">   --->   Core 119 'm_axi' <Latency = 6> <II = 1> <Delay = 1.00> <Adapter> <Opcode : 'read' 'write' 'readreq' 'writereq' 'writeresp'>
ST_6 : Operation 239 [5/8] (2.92ns)   --->   "%gmem2_1_load_1_req = readreq i1 @_ssdm_op_ReadReq.m_axi.i256P1A, i256 %gmem2_1_addr_1, i64 1" [../src/msm.cpp:426]   --->   Operation 239 'readreq' 'gmem2_1_load_1_req' <Predicate = (trunc_ln420 == 1)> <Delay = 2.92> <CoreInst = "m_axi">   --->   Core 119 'm_axi' <Latency = 6> <II = 1> <Delay = 1.00> <Adapter> <Opcode : 'read' 'write' 'readreq' 'writereq' 'writeresp'>
ST_6 : Operation 240 [5/8] (2.92ns)   --->   "%gmem2_2_load_1_req = readreq i1 @_ssdm_op_ReadReq.m_axi.i256P1A, i256 %gmem2_2_addr_1, i64 1" [../src/msm.cpp:426]   --->   Operation 240 'readreq' 'gmem2_2_load_1_req' <Predicate = (trunc_ln420 == 2)> <Delay = 2.92> <CoreInst = "m_axi">   --->   Core 119 'm_axi' <Latency = 6> <II = 1> <Delay = 1.00> <Adapter> <Opcode : 'read' 'write' 'readreq' 'writereq' 'writeresp'>
ST_6 : Operation 241 [5/8] (2.92ns)   --->   "%gmem2_3_load_1_req = readreq i1 @_ssdm_op_ReadReq.m_axi.i256P1A, i256 %gmem2_3_addr_1, i64 1" [../src/msm.cpp:426]   --->   Operation 241 'readreq' 'gmem2_3_load_1_req' <Predicate = (trunc_ln420 == 3)> <Delay = 2.92> <CoreInst = "m_axi">   --->   Core 119 'm_axi' <Latency = 6> <II = 1> <Delay = 1.00> <Adapter> <Opcode : 'read' 'write' 'readreq' 'writereq' 'writeresp'>
ST_6 : Operation 242 [4/8] (2.92ns)   --->   "%gmem3_0_load_req = readreq i1 @_ssdm_op_ReadReq.m_axi.i256P1A, i256 %gmem3_0_addr, i64 1" [../src/msm.cpp:427]   --->   Operation 242 'readreq' 'gmem3_0_load_req' <Predicate = (trunc_ln420 == 0)> <Delay = 2.92> <CoreInst = "m_axi">   --->   Core 119 'm_axi' <Latency = 6> <II = 1> <Delay = 1.00> <Adapter> <Opcode : 'read' 'write' 'readreq' 'writereq' 'writeresp'>
ST_6 : Operation 243 [4/8] (2.92ns)   --->   "%gmem3_1_load_req = readreq i1 @_ssdm_op_ReadReq.m_axi.i256P1A, i256 %gmem3_1_addr, i64 1" [../src/msm.cpp:427]   --->   Operation 243 'readreq' 'gmem3_1_load_req' <Predicate = (trunc_ln420 == 1)> <Delay = 2.92> <CoreInst = "m_axi">   --->   Core 119 'm_axi' <Latency = 6> <II = 1> <Delay = 1.00> <Adapter> <Opcode : 'read' 'write' 'readreq' 'writereq' 'writeresp'>
ST_6 : Operation 244 [4/8] (2.92ns)   --->   "%gmem3_2_load_req = readreq i1 @_ssdm_op_ReadReq.m_axi.i256P1A, i256 %gmem3_2_addr, i64 1" [../src/msm.cpp:427]   --->   Operation 244 'readreq' 'gmem3_2_load_req' <Predicate = (trunc_ln420 == 2)> <Delay = 2.92> <CoreInst = "m_axi">   --->   Core 119 'm_axi' <Latency = 6> <II = 1> <Delay = 1.00> <Adapter> <Opcode : 'read' 'write' 'readreq' 'writereq' 'writeresp'>
ST_6 : Operation 245 [4/8] (2.92ns)   --->   "%gmem3_3_load_req = readreq i1 @_ssdm_op_ReadReq.m_axi.i256P1A, i256 %gmem3_3_addr, i64 1" [../src/msm.cpp:427]   --->   Operation 245 'readreq' 'gmem3_3_load_req' <Predicate = (trunc_ln420 == 3)> <Delay = 2.92> <CoreInst = "m_axi">   --->   Core 119 'm_axi' <Latency = 6> <II = 1> <Delay = 1.00> <Adapter> <Opcode : 'read' 'write' 'readreq' 'writereq' 'writeresp'>

State 7 <SV = 6> <Delay = 2.92>
ST_7 : Operation 246 [3/8] (2.92ns)   --->   "%gmem0_0_load_req = readreq i1 @_ssdm_op_ReadReq.m_axi.i256P1A, i256 %gmem0_0_addr, i64 1" [../src/msm.cpp:423]   --->   Operation 246 'readreq' 'gmem0_0_load_req' <Predicate = (trunc_ln420 == 0)> <Delay = 2.92> <CoreInst = "m_axi">   --->   Core 119 'm_axi' <Latency = 6> <II = 1> <Delay = 1.00> <Adapter> <Opcode : 'read' 'write' 'readreq' 'writereq' 'writeresp'>
ST_7 : Operation 247 [3/8] (2.92ns)   --->   "%gmem0_1_load_req = readreq i1 @_ssdm_op_ReadReq.m_axi.i256P1A, i256 %gmem0_1_addr, i64 1" [../src/msm.cpp:423]   --->   Operation 247 'readreq' 'gmem0_1_load_req' <Predicate = (trunc_ln420 == 1)> <Delay = 2.92> <CoreInst = "m_axi">   --->   Core 119 'm_axi' <Latency = 6> <II = 1> <Delay = 1.00> <Adapter> <Opcode : 'read' 'write' 'readreq' 'writereq' 'writeresp'>
ST_7 : Operation 248 [3/8] (2.92ns)   --->   "%gmem0_2_load_req = readreq i1 @_ssdm_op_ReadReq.m_axi.i256P1A, i256 %gmem0_2_addr, i64 1" [../src/msm.cpp:423]   --->   Operation 248 'readreq' 'gmem0_2_load_req' <Predicate = (trunc_ln420 == 2)> <Delay = 2.92> <CoreInst = "m_axi">   --->   Core 119 'm_axi' <Latency = 6> <II = 1> <Delay = 1.00> <Adapter> <Opcode : 'read' 'write' 'readreq' 'writereq' 'writeresp'>
ST_7 : Operation 249 [3/8] (2.92ns)   --->   "%gmem0_3_load_req = readreq i1 @_ssdm_op_ReadReq.m_axi.i256P1A, i256 %gmem0_3_addr, i64 1" [../src/msm.cpp:423]   --->   Operation 249 'readreq' 'gmem0_3_load_req' <Predicate = (trunc_ln420 == 3)> <Delay = 2.92> <CoreInst = "m_axi">   --->   Core 119 'm_axi' <Latency = 6> <II = 1> <Delay = 1.00> <Adapter> <Opcode : 'read' 'write' 'readreq' 'writereq' 'writeresp'>
ST_7 : Operation 250 [3/8] (2.92ns)   --->   "%gmem1_0_load_req = readreq i1 @_ssdm_op_ReadReq.m_axi.i256P1A, i256 %gmem1_0_addr, i64 1" [../src/msm.cpp:424]   --->   Operation 250 'readreq' 'gmem1_0_load_req' <Predicate = (trunc_ln420 == 0)> <Delay = 2.92> <CoreInst = "m_axi">   --->   Core 119 'm_axi' <Latency = 6> <II = 1> <Delay = 1.00> <Adapter> <Opcode : 'read' 'write' 'readreq' 'writereq' 'writeresp'>
ST_7 : Operation 251 [3/8] (2.92ns)   --->   "%gmem1_1_load_req = readreq i1 @_ssdm_op_ReadReq.m_axi.i256P1A, i256 %gmem1_1_addr, i64 1" [../src/msm.cpp:424]   --->   Operation 251 'readreq' 'gmem1_1_load_req' <Predicate = (trunc_ln420 == 1)> <Delay = 2.92> <CoreInst = "m_axi">   --->   Core 119 'm_axi' <Latency = 6> <II = 1> <Delay = 1.00> <Adapter> <Opcode : 'read' 'write' 'readreq' 'writereq' 'writeresp'>
ST_7 : Operation 252 [3/8] (2.92ns)   --->   "%gmem1_2_load_req = readreq i1 @_ssdm_op_ReadReq.m_axi.i256P1A, i256 %gmem1_2_addr, i64 1" [../src/msm.cpp:424]   --->   Operation 252 'readreq' 'gmem1_2_load_req' <Predicate = (trunc_ln420 == 2)> <Delay = 2.92> <CoreInst = "m_axi">   --->   Core 119 'm_axi' <Latency = 6> <II = 1> <Delay = 1.00> <Adapter> <Opcode : 'read' 'write' 'readreq' 'writereq' 'writeresp'>
ST_7 : Operation 253 [3/8] (2.92ns)   --->   "%gmem1_3_load_req = readreq i1 @_ssdm_op_ReadReq.m_axi.i256P1A, i256 %gmem1_3_addr, i64 1" [../src/msm.cpp:424]   --->   Operation 253 'readreq' 'gmem1_3_load_req' <Predicate = (trunc_ln420 == 3)> <Delay = 2.92> <CoreInst = "m_axi">   --->   Core 119 'm_axi' <Latency = 6> <II = 1> <Delay = 1.00> <Adapter> <Opcode : 'read' 'write' 'readreq' 'writereq' 'writeresp'>
ST_7 : Operation 254 [3/8] (2.92ns)   --->   "%gmem2_0_load_req = readreq i1 @_ssdm_op_ReadReq.m_axi.i256P1A, i256 %gmem2_0_addr, i64 1" [../src/msm.cpp:425]   --->   Operation 254 'readreq' 'gmem2_0_load_req' <Predicate = (trunc_ln420 == 0)> <Delay = 2.92> <CoreInst = "m_axi">   --->   Core 119 'm_axi' <Latency = 6> <II = 1> <Delay = 1.00> <Adapter> <Opcode : 'read' 'write' 'readreq' 'writereq' 'writeresp'>
ST_7 : Operation 255 [3/8] (2.92ns)   --->   "%gmem2_1_load_req = readreq i1 @_ssdm_op_ReadReq.m_axi.i256P1A, i256 %gmem2_1_addr, i64 1" [../src/msm.cpp:425]   --->   Operation 255 'readreq' 'gmem2_1_load_req' <Predicate = (trunc_ln420 == 1)> <Delay = 2.92> <CoreInst = "m_axi">   --->   Core 119 'm_axi' <Latency = 6> <II = 1> <Delay = 1.00> <Adapter> <Opcode : 'read' 'write' 'readreq' 'writereq' 'writeresp'>
ST_7 : Operation 256 [3/8] (2.92ns)   --->   "%gmem2_2_load_req = readreq i1 @_ssdm_op_ReadReq.m_axi.i256P1A, i256 %gmem2_2_addr, i64 1" [../src/msm.cpp:425]   --->   Operation 256 'readreq' 'gmem2_2_load_req' <Predicate = (trunc_ln420 == 2)> <Delay = 2.92> <CoreInst = "m_axi">   --->   Core 119 'm_axi' <Latency = 6> <II = 1> <Delay = 1.00> <Adapter> <Opcode : 'read' 'write' 'readreq' 'writereq' 'writeresp'>
ST_7 : Operation 257 [3/8] (2.92ns)   --->   "%gmem2_3_load_req = readreq i1 @_ssdm_op_ReadReq.m_axi.i256P1A, i256 %gmem2_3_addr, i64 1" [../src/msm.cpp:425]   --->   Operation 257 'readreq' 'gmem2_3_load_req' <Predicate = (trunc_ln420 == 3)> <Delay = 2.92> <CoreInst = "m_axi">   --->   Core 119 'm_axi' <Latency = 6> <II = 1> <Delay = 1.00> <Adapter> <Opcode : 'read' 'write' 'readreq' 'writereq' 'writeresp'>
ST_7 : Operation 258 [4/8] (2.92ns)   --->   "%gmem2_0_load_1_req = readreq i1 @_ssdm_op_ReadReq.m_axi.i256P1A, i256 %gmem2_0_addr_1, i64 1" [../src/msm.cpp:426]   --->   Operation 258 'readreq' 'gmem2_0_load_1_req' <Predicate = (trunc_ln420 == 0)> <Delay = 2.92> <CoreInst = "m_axi">   --->   Core 119 'm_axi' <Latency = 6> <II = 1> <Delay = 1.00> <Adapter> <Opcode : 'read' 'write' 'readreq' 'writereq' 'writeresp'>
ST_7 : Operation 259 [4/8] (2.92ns)   --->   "%gmem2_1_load_1_req = readreq i1 @_ssdm_op_ReadReq.m_axi.i256P1A, i256 %gmem2_1_addr_1, i64 1" [../src/msm.cpp:426]   --->   Operation 259 'readreq' 'gmem2_1_load_1_req' <Predicate = (trunc_ln420 == 1)> <Delay = 2.92> <CoreInst = "m_axi">   --->   Core 119 'm_axi' <Latency = 6> <II = 1> <Delay = 1.00> <Adapter> <Opcode : 'read' 'write' 'readreq' 'writereq' 'writeresp'>
ST_7 : Operation 260 [4/8] (2.92ns)   --->   "%gmem2_2_load_1_req = readreq i1 @_ssdm_op_ReadReq.m_axi.i256P1A, i256 %gmem2_2_addr_1, i64 1" [../src/msm.cpp:426]   --->   Operation 260 'readreq' 'gmem2_2_load_1_req' <Predicate = (trunc_ln420 == 2)> <Delay = 2.92> <CoreInst = "m_axi">   --->   Core 119 'm_axi' <Latency = 6> <II = 1> <Delay = 1.00> <Adapter> <Opcode : 'read' 'write' 'readreq' 'writereq' 'writeresp'>
ST_7 : Operation 261 [4/8] (2.92ns)   --->   "%gmem2_3_load_1_req = readreq i1 @_ssdm_op_ReadReq.m_axi.i256P1A, i256 %gmem2_3_addr_1, i64 1" [../src/msm.cpp:426]   --->   Operation 261 'readreq' 'gmem2_3_load_1_req' <Predicate = (trunc_ln420 == 3)> <Delay = 2.92> <CoreInst = "m_axi">   --->   Core 119 'm_axi' <Latency = 6> <II = 1> <Delay = 1.00> <Adapter> <Opcode : 'read' 'write' 'readreq' 'writereq' 'writeresp'>
ST_7 : Operation 262 [3/8] (2.92ns)   --->   "%gmem3_0_load_req = readreq i1 @_ssdm_op_ReadReq.m_axi.i256P1A, i256 %gmem3_0_addr, i64 1" [../src/msm.cpp:427]   --->   Operation 262 'readreq' 'gmem3_0_load_req' <Predicate = (trunc_ln420 == 0)> <Delay = 2.92> <CoreInst = "m_axi">   --->   Core 119 'm_axi' <Latency = 6> <II = 1> <Delay = 1.00> <Adapter> <Opcode : 'read' 'write' 'readreq' 'writereq' 'writeresp'>
ST_7 : Operation 263 [3/8] (2.92ns)   --->   "%gmem3_1_load_req = readreq i1 @_ssdm_op_ReadReq.m_axi.i256P1A, i256 %gmem3_1_addr, i64 1" [../src/msm.cpp:427]   --->   Operation 263 'readreq' 'gmem3_1_load_req' <Predicate = (trunc_ln420 == 1)> <Delay = 2.92> <CoreInst = "m_axi">   --->   Core 119 'm_axi' <Latency = 6> <II = 1> <Delay = 1.00> <Adapter> <Opcode : 'read' 'write' 'readreq' 'writereq' 'writeresp'>
ST_7 : Operation 264 [3/8] (2.92ns)   --->   "%gmem3_2_load_req = readreq i1 @_ssdm_op_ReadReq.m_axi.i256P1A, i256 %gmem3_2_addr, i64 1" [../src/msm.cpp:427]   --->   Operation 264 'readreq' 'gmem3_2_load_req' <Predicate = (trunc_ln420 == 2)> <Delay = 2.92> <CoreInst = "m_axi">   --->   Core 119 'm_axi' <Latency = 6> <II = 1> <Delay = 1.00> <Adapter> <Opcode : 'read' 'write' 'readreq' 'writereq' 'writeresp'>
ST_7 : Operation 265 [3/8] (2.92ns)   --->   "%gmem3_3_load_req = readreq i1 @_ssdm_op_ReadReq.m_axi.i256P1A, i256 %gmem3_3_addr, i64 1" [../src/msm.cpp:427]   --->   Operation 265 'readreq' 'gmem3_3_load_req' <Predicate = (trunc_ln420 == 3)> <Delay = 2.92> <CoreInst = "m_axi">   --->   Core 119 'm_axi' <Latency = 6> <II = 1> <Delay = 1.00> <Adapter> <Opcode : 'read' 'write' 'readreq' 'writereq' 'writeresp'>

State 8 <SV = 7> <Delay = 2.92>
ST_8 : Operation 266 [2/8] (2.92ns)   --->   "%gmem0_0_load_req = readreq i1 @_ssdm_op_ReadReq.m_axi.i256P1A, i256 %gmem0_0_addr, i64 1" [../src/msm.cpp:423]   --->   Operation 266 'readreq' 'gmem0_0_load_req' <Predicate = (trunc_ln420 == 0)> <Delay = 2.92> <CoreInst = "m_axi">   --->   Core 119 'm_axi' <Latency = 6> <II = 1> <Delay = 1.00> <Adapter> <Opcode : 'read' 'write' 'readreq' 'writereq' 'writeresp'>
ST_8 : Operation 267 [2/8] (2.92ns)   --->   "%gmem0_1_load_req = readreq i1 @_ssdm_op_ReadReq.m_axi.i256P1A, i256 %gmem0_1_addr, i64 1" [../src/msm.cpp:423]   --->   Operation 267 'readreq' 'gmem0_1_load_req' <Predicate = (trunc_ln420 == 1)> <Delay = 2.92> <CoreInst = "m_axi">   --->   Core 119 'm_axi' <Latency = 6> <II = 1> <Delay = 1.00> <Adapter> <Opcode : 'read' 'write' 'readreq' 'writereq' 'writeresp'>
ST_8 : Operation 268 [2/8] (2.92ns)   --->   "%gmem0_2_load_req = readreq i1 @_ssdm_op_ReadReq.m_axi.i256P1A, i256 %gmem0_2_addr, i64 1" [../src/msm.cpp:423]   --->   Operation 268 'readreq' 'gmem0_2_load_req' <Predicate = (trunc_ln420 == 2)> <Delay = 2.92> <CoreInst = "m_axi">   --->   Core 119 'm_axi' <Latency = 6> <II = 1> <Delay = 1.00> <Adapter> <Opcode : 'read' 'write' 'readreq' 'writereq' 'writeresp'>
ST_8 : Operation 269 [2/8] (2.92ns)   --->   "%gmem0_3_load_req = readreq i1 @_ssdm_op_ReadReq.m_axi.i256P1A, i256 %gmem0_3_addr, i64 1" [../src/msm.cpp:423]   --->   Operation 269 'readreq' 'gmem0_3_load_req' <Predicate = (trunc_ln420 == 3)> <Delay = 2.92> <CoreInst = "m_axi">   --->   Core 119 'm_axi' <Latency = 6> <II = 1> <Delay = 1.00> <Adapter> <Opcode : 'read' 'write' 'readreq' 'writereq' 'writeresp'>
ST_8 : Operation 270 [2/8] (2.92ns)   --->   "%gmem1_0_load_req = readreq i1 @_ssdm_op_ReadReq.m_axi.i256P1A, i256 %gmem1_0_addr, i64 1" [../src/msm.cpp:424]   --->   Operation 270 'readreq' 'gmem1_0_load_req' <Predicate = (trunc_ln420 == 0)> <Delay = 2.92> <CoreInst = "m_axi">   --->   Core 119 'm_axi' <Latency = 6> <II = 1> <Delay = 1.00> <Adapter> <Opcode : 'read' 'write' 'readreq' 'writereq' 'writeresp'>
ST_8 : Operation 271 [2/8] (2.92ns)   --->   "%gmem1_1_load_req = readreq i1 @_ssdm_op_ReadReq.m_axi.i256P1A, i256 %gmem1_1_addr, i64 1" [../src/msm.cpp:424]   --->   Operation 271 'readreq' 'gmem1_1_load_req' <Predicate = (trunc_ln420 == 1)> <Delay = 2.92> <CoreInst = "m_axi">   --->   Core 119 'm_axi' <Latency = 6> <II = 1> <Delay = 1.00> <Adapter> <Opcode : 'read' 'write' 'readreq' 'writereq' 'writeresp'>
ST_8 : Operation 272 [2/8] (2.92ns)   --->   "%gmem1_2_load_req = readreq i1 @_ssdm_op_ReadReq.m_axi.i256P1A, i256 %gmem1_2_addr, i64 1" [../src/msm.cpp:424]   --->   Operation 272 'readreq' 'gmem1_2_load_req' <Predicate = (trunc_ln420 == 2)> <Delay = 2.92> <CoreInst = "m_axi">   --->   Core 119 'm_axi' <Latency = 6> <II = 1> <Delay = 1.00> <Adapter> <Opcode : 'read' 'write' 'readreq' 'writereq' 'writeresp'>
ST_8 : Operation 273 [2/8] (2.92ns)   --->   "%gmem1_3_load_req = readreq i1 @_ssdm_op_ReadReq.m_axi.i256P1A, i256 %gmem1_3_addr, i64 1" [../src/msm.cpp:424]   --->   Operation 273 'readreq' 'gmem1_3_load_req' <Predicate = (trunc_ln420 == 3)> <Delay = 2.92> <CoreInst = "m_axi">   --->   Core 119 'm_axi' <Latency = 6> <II = 1> <Delay = 1.00> <Adapter> <Opcode : 'read' 'write' 'readreq' 'writereq' 'writeresp'>
ST_8 : Operation 274 [2/8] (2.92ns)   --->   "%gmem2_0_load_req = readreq i1 @_ssdm_op_ReadReq.m_axi.i256P1A, i256 %gmem2_0_addr, i64 1" [../src/msm.cpp:425]   --->   Operation 274 'readreq' 'gmem2_0_load_req' <Predicate = (trunc_ln420 == 0)> <Delay = 2.92> <CoreInst = "m_axi">   --->   Core 119 'm_axi' <Latency = 6> <II = 1> <Delay = 1.00> <Adapter> <Opcode : 'read' 'write' 'readreq' 'writereq' 'writeresp'>
ST_8 : Operation 275 [2/8] (2.92ns)   --->   "%gmem2_1_load_req = readreq i1 @_ssdm_op_ReadReq.m_axi.i256P1A, i256 %gmem2_1_addr, i64 1" [../src/msm.cpp:425]   --->   Operation 275 'readreq' 'gmem2_1_load_req' <Predicate = (trunc_ln420 == 1)> <Delay = 2.92> <CoreInst = "m_axi">   --->   Core 119 'm_axi' <Latency = 6> <II = 1> <Delay = 1.00> <Adapter> <Opcode : 'read' 'write' 'readreq' 'writereq' 'writeresp'>
ST_8 : Operation 276 [2/8] (2.92ns)   --->   "%gmem2_2_load_req = readreq i1 @_ssdm_op_ReadReq.m_axi.i256P1A, i256 %gmem2_2_addr, i64 1" [../src/msm.cpp:425]   --->   Operation 276 'readreq' 'gmem2_2_load_req' <Predicate = (trunc_ln420 == 2)> <Delay = 2.92> <CoreInst = "m_axi">   --->   Core 119 'm_axi' <Latency = 6> <II = 1> <Delay = 1.00> <Adapter> <Opcode : 'read' 'write' 'readreq' 'writereq' 'writeresp'>
ST_8 : Operation 277 [2/8] (2.92ns)   --->   "%gmem2_3_load_req = readreq i1 @_ssdm_op_ReadReq.m_axi.i256P1A, i256 %gmem2_3_addr, i64 1" [../src/msm.cpp:425]   --->   Operation 277 'readreq' 'gmem2_3_load_req' <Predicate = (trunc_ln420 == 3)> <Delay = 2.92> <CoreInst = "m_axi">   --->   Core 119 'm_axi' <Latency = 6> <II = 1> <Delay = 1.00> <Adapter> <Opcode : 'read' 'write' 'readreq' 'writereq' 'writeresp'>
ST_8 : Operation 278 [3/8] (2.92ns)   --->   "%gmem2_0_load_1_req = readreq i1 @_ssdm_op_ReadReq.m_axi.i256P1A, i256 %gmem2_0_addr_1, i64 1" [../src/msm.cpp:426]   --->   Operation 278 'readreq' 'gmem2_0_load_1_req' <Predicate = (trunc_ln420 == 0)> <Delay = 2.92> <CoreInst = "m_axi">   --->   Core 119 'm_axi' <Latency = 6> <II = 1> <Delay = 1.00> <Adapter> <Opcode : 'read' 'write' 'readreq' 'writereq' 'writeresp'>
ST_8 : Operation 279 [3/8] (2.92ns)   --->   "%gmem2_1_load_1_req = readreq i1 @_ssdm_op_ReadReq.m_axi.i256P1A, i256 %gmem2_1_addr_1, i64 1" [../src/msm.cpp:426]   --->   Operation 279 'readreq' 'gmem2_1_load_1_req' <Predicate = (trunc_ln420 == 1)> <Delay = 2.92> <CoreInst = "m_axi">   --->   Core 119 'm_axi' <Latency = 6> <II = 1> <Delay = 1.00> <Adapter> <Opcode : 'read' 'write' 'readreq' 'writereq' 'writeresp'>
ST_8 : Operation 280 [3/8] (2.92ns)   --->   "%gmem2_2_load_1_req = readreq i1 @_ssdm_op_ReadReq.m_axi.i256P1A, i256 %gmem2_2_addr_1, i64 1" [../src/msm.cpp:426]   --->   Operation 280 'readreq' 'gmem2_2_load_1_req' <Predicate = (trunc_ln420 == 2)> <Delay = 2.92> <CoreInst = "m_axi">   --->   Core 119 'm_axi' <Latency = 6> <II = 1> <Delay = 1.00> <Adapter> <Opcode : 'read' 'write' 'readreq' 'writereq' 'writeresp'>
ST_8 : Operation 281 [3/8] (2.92ns)   --->   "%gmem2_3_load_1_req = readreq i1 @_ssdm_op_ReadReq.m_axi.i256P1A, i256 %gmem2_3_addr_1, i64 1" [../src/msm.cpp:426]   --->   Operation 281 'readreq' 'gmem2_3_load_1_req' <Predicate = (trunc_ln420 == 3)> <Delay = 2.92> <CoreInst = "m_axi">   --->   Core 119 'm_axi' <Latency = 6> <II = 1> <Delay = 1.00> <Adapter> <Opcode : 'read' 'write' 'readreq' 'writereq' 'writeresp'>
ST_8 : Operation 282 [2/8] (2.92ns)   --->   "%gmem3_0_load_req = readreq i1 @_ssdm_op_ReadReq.m_axi.i256P1A, i256 %gmem3_0_addr, i64 1" [../src/msm.cpp:427]   --->   Operation 282 'readreq' 'gmem3_0_load_req' <Predicate = (trunc_ln420 == 0)> <Delay = 2.92> <CoreInst = "m_axi">   --->   Core 119 'm_axi' <Latency = 6> <II = 1> <Delay = 1.00> <Adapter> <Opcode : 'read' 'write' 'readreq' 'writereq' 'writeresp'>
ST_8 : Operation 283 [2/8] (2.92ns)   --->   "%gmem3_1_load_req = readreq i1 @_ssdm_op_ReadReq.m_axi.i256P1A, i256 %gmem3_1_addr, i64 1" [../src/msm.cpp:427]   --->   Operation 283 'readreq' 'gmem3_1_load_req' <Predicate = (trunc_ln420 == 1)> <Delay = 2.92> <CoreInst = "m_axi">   --->   Core 119 'm_axi' <Latency = 6> <II = 1> <Delay = 1.00> <Adapter> <Opcode : 'read' 'write' 'readreq' 'writereq' 'writeresp'>
ST_8 : Operation 284 [2/8] (2.92ns)   --->   "%gmem3_2_load_req = readreq i1 @_ssdm_op_ReadReq.m_axi.i256P1A, i256 %gmem3_2_addr, i64 1" [../src/msm.cpp:427]   --->   Operation 284 'readreq' 'gmem3_2_load_req' <Predicate = (trunc_ln420 == 2)> <Delay = 2.92> <CoreInst = "m_axi">   --->   Core 119 'm_axi' <Latency = 6> <II = 1> <Delay = 1.00> <Adapter> <Opcode : 'read' 'write' 'readreq' 'writereq' 'writeresp'>
ST_8 : Operation 285 [2/8] (2.92ns)   --->   "%gmem3_3_load_req = readreq i1 @_ssdm_op_ReadReq.m_axi.i256P1A, i256 %gmem3_3_addr, i64 1" [../src/msm.cpp:427]   --->   Operation 285 'readreq' 'gmem3_3_load_req' <Predicate = (trunc_ln420 == 3)> <Delay = 2.92> <CoreInst = "m_axi">   --->   Core 119 'm_axi' <Latency = 6> <II = 1> <Delay = 1.00> <Adapter> <Opcode : 'read' 'write' 'readreq' 'writereq' 'writeresp'>

State 9 <SV = 8> <Delay = 2.92>
ST_9 : Operation 286 [1/8] (2.92ns)   --->   "%gmem0_0_load_req = readreq i1 @_ssdm_op_ReadReq.m_axi.i256P1A, i256 %gmem0_0_addr, i64 1" [../src/msm.cpp:423]   --->   Operation 286 'readreq' 'gmem0_0_load_req' <Predicate = (trunc_ln420 == 0)> <Delay = 2.92> <CoreInst = "m_axi">   --->   Core 119 'm_axi' <Latency = 6> <II = 1> <Delay = 1.00> <Adapter> <Opcode : 'read' 'write' 'readreq' 'writereq' 'writeresp'>
ST_9 : Operation 287 [1/8] (2.92ns)   --->   "%gmem0_1_load_req = readreq i1 @_ssdm_op_ReadReq.m_axi.i256P1A, i256 %gmem0_1_addr, i64 1" [../src/msm.cpp:423]   --->   Operation 287 'readreq' 'gmem0_1_load_req' <Predicate = (trunc_ln420 == 1)> <Delay = 2.92> <CoreInst = "m_axi">   --->   Core 119 'm_axi' <Latency = 6> <II = 1> <Delay = 1.00> <Adapter> <Opcode : 'read' 'write' 'readreq' 'writereq' 'writeresp'>
ST_9 : Operation 288 [1/8] (2.92ns)   --->   "%gmem0_2_load_req = readreq i1 @_ssdm_op_ReadReq.m_axi.i256P1A, i256 %gmem0_2_addr, i64 1" [../src/msm.cpp:423]   --->   Operation 288 'readreq' 'gmem0_2_load_req' <Predicate = (trunc_ln420 == 2)> <Delay = 2.92> <CoreInst = "m_axi">   --->   Core 119 'm_axi' <Latency = 6> <II = 1> <Delay = 1.00> <Adapter> <Opcode : 'read' 'write' 'readreq' 'writereq' 'writeresp'>
ST_9 : Operation 289 [1/8] (2.92ns)   --->   "%gmem0_3_load_req = readreq i1 @_ssdm_op_ReadReq.m_axi.i256P1A, i256 %gmem0_3_addr, i64 1" [../src/msm.cpp:423]   --->   Operation 289 'readreq' 'gmem0_3_load_req' <Predicate = (trunc_ln420 == 3)> <Delay = 2.92> <CoreInst = "m_axi">   --->   Core 119 'm_axi' <Latency = 6> <II = 1> <Delay = 1.00> <Adapter> <Opcode : 'read' 'write' 'readreq' 'writereq' 'writeresp'>
ST_9 : Operation 290 [1/8] (2.92ns)   --->   "%gmem1_0_load_req = readreq i1 @_ssdm_op_ReadReq.m_axi.i256P1A, i256 %gmem1_0_addr, i64 1" [../src/msm.cpp:424]   --->   Operation 290 'readreq' 'gmem1_0_load_req' <Predicate = (trunc_ln420 == 0)> <Delay = 2.92> <CoreInst = "m_axi">   --->   Core 119 'm_axi' <Latency = 6> <II = 1> <Delay = 1.00> <Adapter> <Opcode : 'read' 'write' 'readreq' 'writereq' 'writeresp'>
ST_9 : Operation 291 [1/8] (2.92ns)   --->   "%gmem1_1_load_req = readreq i1 @_ssdm_op_ReadReq.m_axi.i256P1A, i256 %gmem1_1_addr, i64 1" [../src/msm.cpp:424]   --->   Operation 291 'readreq' 'gmem1_1_load_req' <Predicate = (trunc_ln420 == 1)> <Delay = 2.92> <CoreInst = "m_axi">   --->   Core 119 'm_axi' <Latency = 6> <II = 1> <Delay = 1.00> <Adapter> <Opcode : 'read' 'write' 'readreq' 'writereq' 'writeresp'>
ST_9 : Operation 292 [1/8] (2.92ns)   --->   "%gmem1_2_load_req = readreq i1 @_ssdm_op_ReadReq.m_axi.i256P1A, i256 %gmem1_2_addr, i64 1" [../src/msm.cpp:424]   --->   Operation 292 'readreq' 'gmem1_2_load_req' <Predicate = (trunc_ln420 == 2)> <Delay = 2.92> <CoreInst = "m_axi">   --->   Core 119 'm_axi' <Latency = 6> <II = 1> <Delay = 1.00> <Adapter> <Opcode : 'read' 'write' 'readreq' 'writereq' 'writeresp'>
ST_9 : Operation 293 [1/8] (2.92ns)   --->   "%gmem1_3_load_req = readreq i1 @_ssdm_op_ReadReq.m_axi.i256P1A, i256 %gmem1_3_addr, i64 1" [../src/msm.cpp:424]   --->   Operation 293 'readreq' 'gmem1_3_load_req' <Predicate = (trunc_ln420 == 3)> <Delay = 2.92> <CoreInst = "m_axi">   --->   Core 119 'm_axi' <Latency = 6> <II = 1> <Delay = 1.00> <Adapter> <Opcode : 'read' 'write' 'readreq' 'writereq' 'writeresp'>
ST_9 : Operation 294 [1/8] (2.92ns)   --->   "%gmem2_0_load_req = readreq i1 @_ssdm_op_ReadReq.m_axi.i256P1A, i256 %gmem2_0_addr, i64 1" [../src/msm.cpp:425]   --->   Operation 294 'readreq' 'gmem2_0_load_req' <Predicate = (trunc_ln420 == 0)> <Delay = 2.92> <CoreInst = "m_axi">   --->   Core 119 'm_axi' <Latency = 6> <II = 1> <Delay = 1.00> <Adapter> <Opcode : 'read' 'write' 'readreq' 'writereq' 'writeresp'>
ST_9 : Operation 295 [1/8] (2.92ns)   --->   "%gmem2_1_load_req = readreq i1 @_ssdm_op_ReadReq.m_axi.i256P1A, i256 %gmem2_1_addr, i64 1" [../src/msm.cpp:425]   --->   Operation 295 'readreq' 'gmem2_1_load_req' <Predicate = (trunc_ln420 == 1)> <Delay = 2.92> <CoreInst = "m_axi">   --->   Core 119 'm_axi' <Latency = 6> <II = 1> <Delay = 1.00> <Adapter> <Opcode : 'read' 'write' 'readreq' 'writereq' 'writeresp'>
ST_9 : Operation 296 [1/8] (2.92ns)   --->   "%gmem2_2_load_req = readreq i1 @_ssdm_op_ReadReq.m_axi.i256P1A, i256 %gmem2_2_addr, i64 1" [../src/msm.cpp:425]   --->   Operation 296 'readreq' 'gmem2_2_load_req' <Predicate = (trunc_ln420 == 2)> <Delay = 2.92> <CoreInst = "m_axi">   --->   Core 119 'm_axi' <Latency = 6> <II = 1> <Delay = 1.00> <Adapter> <Opcode : 'read' 'write' 'readreq' 'writereq' 'writeresp'>
ST_9 : Operation 297 [1/8] (2.92ns)   --->   "%gmem2_3_load_req = readreq i1 @_ssdm_op_ReadReq.m_axi.i256P1A, i256 %gmem2_3_addr, i64 1" [../src/msm.cpp:425]   --->   Operation 297 'readreq' 'gmem2_3_load_req' <Predicate = (trunc_ln420 == 3)> <Delay = 2.92> <CoreInst = "m_axi">   --->   Core 119 'm_axi' <Latency = 6> <II = 1> <Delay = 1.00> <Adapter> <Opcode : 'read' 'write' 'readreq' 'writereq' 'writeresp'>
ST_9 : Operation 298 [2/8] (2.92ns)   --->   "%gmem2_0_load_1_req = readreq i1 @_ssdm_op_ReadReq.m_axi.i256P1A, i256 %gmem2_0_addr_1, i64 1" [../src/msm.cpp:426]   --->   Operation 298 'readreq' 'gmem2_0_load_1_req' <Predicate = (trunc_ln420 == 0)> <Delay = 2.92> <CoreInst = "m_axi">   --->   Core 119 'm_axi' <Latency = 6> <II = 1> <Delay = 1.00> <Adapter> <Opcode : 'read' 'write' 'readreq' 'writereq' 'writeresp'>
ST_9 : Operation 299 [2/8] (2.92ns)   --->   "%gmem2_1_load_1_req = readreq i1 @_ssdm_op_ReadReq.m_axi.i256P1A, i256 %gmem2_1_addr_1, i64 1" [../src/msm.cpp:426]   --->   Operation 299 'readreq' 'gmem2_1_load_1_req' <Predicate = (trunc_ln420 == 1)> <Delay = 2.92> <CoreInst = "m_axi">   --->   Core 119 'm_axi' <Latency = 6> <II = 1> <Delay = 1.00> <Adapter> <Opcode : 'read' 'write' 'readreq' 'writereq' 'writeresp'>
ST_9 : Operation 300 [2/8] (2.92ns)   --->   "%gmem2_2_load_1_req = readreq i1 @_ssdm_op_ReadReq.m_axi.i256P1A, i256 %gmem2_2_addr_1, i64 1" [../src/msm.cpp:426]   --->   Operation 300 'readreq' 'gmem2_2_load_1_req' <Predicate = (trunc_ln420 == 2)> <Delay = 2.92> <CoreInst = "m_axi">   --->   Core 119 'm_axi' <Latency = 6> <II = 1> <Delay = 1.00> <Adapter> <Opcode : 'read' 'write' 'readreq' 'writereq' 'writeresp'>
ST_9 : Operation 301 [2/8] (2.92ns)   --->   "%gmem2_3_load_1_req = readreq i1 @_ssdm_op_ReadReq.m_axi.i256P1A, i256 %gmem2_3_addr_1, i64 1" [../src/msm.cpp:426]   --->   Operation 301 'readreq' 'gmem2_3_load_1_req' <Predicate = (trunc_ln420 == 3)> <Delay = 2.92> <CoreInst = "m_axi">   --->   Core 119 'm_axi' <Latency = 6> <II = 1> <Delay = 1.00> <Adapter> <Opcode : 'read' 'write' 'readreq' 'writereq' 'writeresp'>
ST_9 : Operation 302 [1/8] (2.92ns)   --->   "%gmem3_0_load_req = readreq i1 @_ssdm_op_ReadReq.m_axi.i256P1A, i256 %gmem3_0_addr, i64 1" [../src/msm.cpp:427]   --->   Operation 302 'readreq' 'gmem3_0_load_req' <Predicate = (trunc_ln420 == 0)> <Delay = 2.92> <CoreInst = "m_axi">   --->   Core 119 'm_axi' <Latency = 6> <II = 1> <Delay = 1.00> <Adapter> <Opcode : 'read' 'write' 'readreq' 'writereq' 'writeresp'>
ST_9 : Operation 303 [1/8] (2.92ns)   --->   "%gmem3_1_load_req = readreq i1 @_ssdm_op_ReadReq.m_axi.i256P1A, i256 %gmem3_1_addr, i64 1" [../src/msm.cpp:427]   --->   Operation 303 'readreq' 'gmem3_1_load_req' <Predicate = (trunc_ln420 == 1)> <Delay = 2.92> <CoreInst = "m_axi">   --->   Core 119 'm_axi' <Latency = 6> <II = 1> <Delay = 1.00> <Adapter> <Opcode : 'read' 'write' 'readreq' 'writereq' 'writeresp'>
ST_9 : Operation 304 [1/8] (2.92ns)   --->   "%gmem3_2_load_req = readreq i1 @_ssdm_op_ReadReq.m_axi.i256P1A, i256 %gmem3_2_addr, i64 1" [../src/msm.cpp:427]   --->   Operation 304 'readreq' 'gmem3_2_load_req' <Predicate = (trunc_ln420 == 2)> <Delay = 2.92> <CoreInst = "m_axi">   --->   Core 119 'm_axi' <Latency = 6> <II = 1> <Delay = 1.00> <Adapter> <Opcode : 'read' 'write' 'readreq' 'writereq' 'writeresp'>
ST_9 : Operation 305 [1/8] (2.92ns)   --->   "%gmem3_3_load_req = readreq i1 @_ssdm_op_ReadReq.m_axi.i256P1A, i256 %gmem3_3_addr, i64 1" [../src/msm.cpp:427]   --->   Operation 305 'readreq' 'gmem3_3_load_req' <Predicate = (trunc_ln420 == 3)> <Delay = 2.92> <CoreInst = "m_axi">   --->   Core 119 'm_axi' <Latency = 6> <II = 1> <Delay = 1.00> <Adapter> <Opcode : 'read' 'write' 'readreq' 'writereq' 'writeresp'>

State 10 <SV = 9> <Delay = 2.92>
ST_10 : Operation 306 [1/1] (2.92ns)   --->   "%gmem0_0_addr_read = read i256 @_ssdm_op_Read.m_axi.i256P1A, i256 %gmem0_0_addr" [../src/msm.cpp:423]   --->   Operation 306 'read' 'gmem0_0_addr_read' <Predicate = (trunc_ln420 == 0)> <Delay = 2.92> <CoreInst = "m_axi">   --->   Core 119 'm_axi' <Latency = 3> <II = 1> <Delay = 1.00> <Adapter> <Opcode : 'read' 'write' 'readreq' 'writereq' 'writeresp'>
ST_10 : Operation 307 [1/1] (2.92ns)   --->   "%gmem0_1_addr_read = read i256 @_ssdm_op_Read.m_axi.i256P1A, i256 %gmem0_1_addr" [../src/msm.cpp:423]   --->   Operation 307 'read' 'gmem0_1_addr_read' <Predicate = (trunc_ln420 == 1)> <Delay = 2.92> <CoreInst = "m_axi">   --->   Core 119 'm_axi' <Latency = 3> <II = 1> <Delay = 1.00> <Adapter> <Opcode : 'read' 'write' 'readreq' 'writereq' 'writeresp'>
ST_10 : Operation 308 [1/1] (2.92ns)   --->   "%gmem0_2_addr_read = read i256 @_ssdm_op_Read.m_axi.i256P1A, i256 %gmem0_2_addr" [../src/msm.cpp:423]   --->   Operation 308 'read' 'gmem0_2_addr_read' <Predicate = (trunc_ln420 == 2)> <Delay = 2.92> <CoreInst = "m_axi">   --->   Core 119 'm_axi' <Latency = 3> <II = 1> <Delay = 1.00> <Adapter> <Opcode : 'read' 'write' 'readreq' 'writereq' 'writeresp'>
ST_10 : Operation 309 [1/1] (2.92ns)   --->   "%gmem0_3_addr_read = read i256 @_ssdm_op_Read.m_axi.i256P1A, i256 %gmem0_3_addr" [../src/msm.cpp:423]   --->   Operation 309 'read' 'gmem0_3_addr_read' <Predicate = (trunc_ln420 == 3)> <Delay = 2.92> <CoreInst = "m_axi">   --->   Core 119 'm_axi' <Latency = 3> <II = 1> <Delay = 1.00> <Adapter> <Opcode : 'read' 'write' 'readreq' 'writereq' 'writeresp'>
ST_10 : Operation 310 [1/1] (2.92ns)   --->   "%gmem1_0_addr_read = read i256 @_ssdm_op_Read.m_axi.i256P1A, i256 %gmem1_0_addr" [../src/msm.cpp:424]   --->   Operation 310 'read' 'gmem1_0_addr_read' <Predicate = (trunc_ln420 == 0)> <Delay = 2.92> <CoreInst = "m_axi">   --->   Core 119 'm_axi' <Latency = 3> <II = 1> <Delay = 1.00> <Adapter> <Opcode : 'read' 'write' 'readreq' 'writereq' 'writeresp'>
ST_10 : Operation 311 [1/1] (2.92ns)   --->   "%gmem1_1_addr_read = read i256 @_ssdm_op_Read.m_axi.i256P1A, i256 %gmem1_1_addr" [../src/msm.cpp:424]   --->   Operation 311 'read' 'gmem1_1_addr_read' <Predicate = (trunc_ln420 == 1)> <Delay = 2.92> <CoreInst = "m_axi">   --->   Core 119 'm_axi' <Latency = 3> <II = 1> <Delay = 1.00> <Adapter> <Opcode : 'read' 'write' 'readreq' 'writereq' 'writeresp'>
ST_10 : Operation 312 [1/1] (2.92ns)   --->   "%gmem1_2_addr_read = read i256 @_ssdm_op_Read.m_axi.i256P1A, i256 %gmem1_2_addr" [../src/msm.cpp:424]   --->   Operation 312 'read' 'gmem1_2_addr_read' <Predicate = (trunc_ln420 == 2)> <Delay = 2.92> <CoreInst = "m_axi">   --->   Core 119 'm_axi' <Latency = 3> <II = 1> <Delay = 1.00> <Adapter> <Opcode : 'read' 'write' 'readreq' 'writereq' 'writeresp'>
ST_10 : Operation 313 [1/1] (2.92ns)   --->   "%gmem1_3_addr_read = read i256 @_ssdm_op_Read.m_axi.i256P1A, i256 %gmem1_3_addr" [../src/msm.cpp:424]   --->   Operation 313 'read' 'gmem1_3_addr_read' <Predicate = (trunc_ln420 == 3)> <Delay = 2.92> <CoreInst = "m_axi">   --->   Core 119 'm_axi' <Latency = 3> <II = 1> <Delay = 1.00> <Adapter> <Opcode : 'read' 'write' 'readreq' 'writereq' 'writeresp'>
ST_10 : Operation 314 [1/1] (2.92ns)   --->   "%gmem2_0_addr_read = read i256 @_ssdm_op_Read.m_axi.i256P1A, i256 %gmem2_0_addr" [../src/msm.cpp:425]   --->   Operation 314 'read' 'gmem2_0_addr_read' <Predicate = (trunc_ln420 == 0)> <Delay = 2.92> <CoreInst = "m_axi">   --->   Core 119 'm_axi' <Latency = 3> <II = 1> <Delay = 1.00> <Adapter> <Opcode : 'read' 'write' 'readreq' 'writereq' 'writeresp'>
ST_10 : Operation 315 [1/1] (2.92ns)   --->   "%gmem2_1_addr_read = read i256 @_ssdm_op_Read.m_axi.i256P1A, i256 %gmem2_1_addr" [../src/msm.cpp:425]   --->   Operation 315 'read' 'gmem2_1_addr_read' <Predicate = (trunc_ln420 == 1)> <Delay = 2.92> <CoreInst = "m_axi">   --->   Core 119 'm_axi' <Latency = 3> <II = 1> <Delay = 1.00> <Adapter> <Opcode : 'read' 'write' 'readreq' 'writereq' 'writeresp'>
ST_10 : Operation 316 [1/1] (2.92ns)   --->   "%gmem2_2_addr_read = read i256 @_ssdm_op_Read.m_axi.i256P1A, i256 %gmem2_2_addr" [../src/msm.cpp:425]   --->   Operation 316 'read' 'gmem2_2_addr_read' <Predicate = (trunc_ln420 == 2)> <Delay = 2.92> <CoreInst = "m_axi">   --->   Core 119 'm_axi' <Latency = 3> <II = 1> <Delay = 1.00> <Adapter> <Opcode : 'read' 'write' 'readreq' 'writereq' 'writeresp'>
ST_10 : Operation 317 [1/1] (2.92ns)   --->   "%gmem2_3_addr_read = read i256 @_ssdm_op_Read.m_axi.i256P1A, i256 %gmem2_3_addr" [../src/msm.cpp:425]   --->   Operation 317 'read' 'gmem2_3_addr_read' <Predicate = (trunc_ln420 == 3)> <Delay = 2.92> <CoreInst = "m_axi">   --->   Core 119 'm_axi' <Latency = 3> <II = 1> <Delay = 1.00> <Adapter> <Opcode : 'read' 'write' 'readreq' 'writereq' 'writeresp'>
ST_10 : Operation 318 [1/8] (2.92ns)   --->   "%gmem2_0_load_1_req = readreq i1 @_ssdm_op_ReadReq.m_axi.i256P1A, i256 %gmem2_0_addr_1, i64 1" [../src/msm.cpp:426]   --->   Operation 318 'readreq' 'gmem2_0_load_1_req' <Predicate = (trunc_ln420 == 0)> <Delay = 2.92> <CoreInst = "m_axi">   --->   Core 119 'm_axi' <Latency = 6> <II = 1> <Delay = 1.00> <Adapter> <Opcode : 'read' 'write' 'readreq' 'writereq' 'writeresp'>
ST_10 : Operation 319 [1/8] (2.92ns)   --->   "%gmem2_1_load_1_req = readreq i1 @_ssdm_op_ReadReq.m_axi.i256P1A, i256 %gmem2_1_addr_1, i64 1" [../src/msm.cpp:426]   --->   Operation 319 'readreq' 'gmem2_1_load_1_req' <Predicate = (trunc_ln420 == 1)> <Delay = 2.92> <CoreInst = "m_axi">   --->   Core 119 'm_axi' <Latency = 6> <II = 1> <Delay = 1.00> <Adapter> <Opcode : 'read' 'write' 'readreq' 'writereq' 'writeresp'>
ST_10 : Operation 320 [1/8] (2.92ns)   --->   "%gmem2_2_load_1_req = readreq i1 @_ssdm_op_ReadReq.m_axi.i256P1A, i256 %gmem2_2_addr_1, i64 1" [../src/msm.cpp:426]   --->   Operation 320 'readreq' 'gmem2_2_load_1_req' <Predicate = (trunc_ln420 == 2)> <Delay = 2.92> <CoreInst = "m_axi">   --->   Core 119 'm_axi' <Latency = 6> <II = 1> <Delay = 1.00> <Adapter> <Opcode : 'read' 'write' 'readreq' 'writereq' 'writeresp'>
ST_10 : Operation 321 [1/8] (2.92ns)   --->   "%gmem2_3_load_1_req = readreq i1 @_ssdm_op_ReadReq.m_axi.i256P1A, i256 %gmem2_3_addr_1, i64 1" [../src/msm.cpp:426]   --->   Operation 321 'readreq' 'gmem2_3_load_1_req' <Predicate = (trunc_ln420 == 3)> <Delay = 2.92> <CoreInst = "m_axi">   --->   Core 119 'm_axi' <Latency = 6> <II = 1> <Delay = 1.00> <Adapter> <Opcode : 'read' 'write' 'readreq' 'writereq' 'writeresp'>
ST_10 : Operation 322 [1/1] (2.92ns)   --->   "%gmem3_0_addr_read = read i256 @_ssdm_op_Read.m_axi.i256P1A, i256 %gmem3_0_addr" [../src/msm.cpp:427]   --->   Operation 322 'read' 'gmem3_0_addr_read' <Predicate = (trunc_ln420 == 0)> <Delay = 2.92> <CoreInst = "m_axi">   --->   Core 119 'm_axi' <Latency = 3> <II = 1> <Delay = 1.00> <Adapter> <Opcode : 'read' 'write' 'readreq' 'writereq' 'writeresp'>
ST_10 : Operation 323 [1/1] (2.92ns)   --->   "%gmem3_1_addr_read = read i256 @_ssdm_op_Read.m_axi.i256P1A, i256 %gmem3_1_addr" [../src/msm.cpp:427]   --->   Operation 323 'read' 'gmem3_1_addr_read' <Predicate = (trunc_ln420 == 1)> <Delay = 2.92> <CoreInst = "m_axi">   --->   Core 119 'm_axi' <Latency = 3> <II = 1> <Delay = 1.00> <Adapter> <Opcode : 'read' 'write' 'readreq' 'writereq' 'writeresp'>
ST_10 : Operation 324 [1/1] (2.92ns)   --->   "%gmem3_2_addr_read = read i256 @_ssdm_op_Read.m_axi.i256P1A, i256 %gmem3_2_addr" [../src/msm.cpp:427]   --->   Operation 324 'read' 'gmem3_2_addr_read' <Predicate = (trunc_ln420 == 2)> <Delay = 2.92> <CoreInst = "m_axi">   --->   Core 119 'm_axi' <Latency = 3> <II = 1> <Delay = 1.00> <Adapter> <Opcode : 'read' 'write' 'readreq' 'writereq' 'writeresp'>
ST_10 : Operation 325 [1/1] (2.92ns)   --->   "%gmem3_3_addr_read = read i256 @_ssdm_op_Read.m_axi.i256P1A, i256 %gmem3_3_addr" [../src/msm.cpp:427]   --->   Operation 325 'read' 'gmem3_3_addr_read' <Predicate = (trunc_ln420 == 3)> <Delay = 2.92> <CoreInst = "m_axi">   --->   Core 119 'm_axi' <Latency = 3> <II = 1> <Delay = 1.00> <Adapter> <Opcode : 'read' 'write' 'readreq' 'writereq' 'writeresp'>
ST_10 : Operation 343 [1/1] (0.42ns)   --->   "%ret_ln0 = ret"   --->   Operation 343 'ret' 'ret_ln0' <Predicate = (!icmp_ln420)> <Delay = 0.42>

State 11 <SV = 10> <Delay = 2.92>
ST_11 : Operation 326 [1/1] (0.52ns)   --->   "%p_s = sparsemux i256 @_ssdm_op_SparseMux.ap_auto.4i256.i256.i2, i2 0, i256 %gmem0_0_addr_read, i2 1, i256 %gmem0_1_addr_read, i2 2, i256 %gmem0_2_addr_read, i2 3, i256 %gmem0_3_addr_read, i256 0, i2 %trunc_ln420" [../src/msm.cpp:423]   --->   Operation 326 'sparsemux' 'p_s' <Predicate = true> <Delay = 0.52> <CoreInst = "BinarySparseMux_DontCare">   --->   Core 149 'BinarySparseMux_DontCare' <Latency = 0> <II = 1> <Delay = 0.52> <FuncUnit> <Opcode : 'sparsemux'> <InPorts = 2> <OutPorts = 1>
ST_11 : Operation 327 [1/1] (0.52ns)   --->   "%p_1 = sparsemux i256 @_ssdm_op_SparseMux.ap_auto.4i256.i256.i2, i2 0, i256 %gmem1_0_addr_read, i2 1, i256 %gmem1_1_addr_read, i2 2, i256 %gmem1_2_addr_read, i2 3, i256 %gmem1_3_addr_read, i256 0, i2 %trunc_ln420" [../src/msm.cpp:424]   --->   Operation 327 'sparsemux' 'p_1' <Predicate = true> <Delay = 0.52> <CoreInst = "BinarySparseMux_DontCare">   --->   Core 149 'BinarySparseMux_DontCare' <Latency = 0> <II = 1> <Delay = 0.52> <FuncUnit> <Opcode : 'sparsemux'> <InPorts = 2> <OutPorts = 1>
ST_11 : Operation 328 [1/1] (0.52ns)   --->   "%p_2 = sparsemux i256 @_ssdm_op_SparseMux.ap_auto.4i256.i256.i2, i2 0, i256 %gmem2_0_addr_read, i2 1, i256 %gmem2_1_addr_read, i2 2, i256 %gmem2_2_addr_read, i2 3, i256 %gmem2_3_addr_read, i256 0, i2 %trunc_ln420" [../src/msm.cpp:425]   --->   Operation 328 'sparsemux' 'p_2' <Predicate = true> <Delay = 0.52> <CoreInst = "BinarySparseMux_DontCare">   --->   Core 149 'BinarySparseMux_DontCare' <Latency = 0> <II = 1> <Delay = 0.52> <FuncUnit> <Opcode : 'sparsemux'> <InPorts = 2> <OutPorts = 1>
ST_11 : Operation 329 [1/1] (2.92ns)   --->   "%gmem2_0_addr_1_read = read i256 @_ssdm_op_Read.m_axi.i256P1A, i256 %gmem2_0_addr_1" [../src/msm.cpp:426]   --->   Operation 329 'read' 'gmem2_0_addr_1_read' <Predicate = (trunc_ln420 == 0)> <Delay = 2.92> <CoreInst = "m_axi">   --->   Core 119 'm_axi' <Latency = 3> <II = 1> <Delay = 1.00> <Adapter> <Opcode : 'read' 'write' 'readreq' 'writereq' 'writeresp'>
ST_11 : Operation 330 [1/1] (2.92ns)   --->   "%gmem2_1_addr_1_read = read i256 @_ssdm_op_Read.m_axi.i256P1A, i256 %gmem2_1_addr_1" [../src/msm.cpp:426]   --->   Operation 330 'read' 'gmem2_1_addr_1_read' <Predicate = (trunc_ln420 == 1)> <Delay = 2.92> <CoreInst = "m_axi">   --->   Core 119 'm_axi' <Latency = 3> <II = 1> <Delay = 1.00> <Adapter> <Opcode : 'read' 'write' 'readreq' 'writereq' 'writeresp'>
ST_11 : Operation 331 [1/1] (2.92ns)   --->   "%gmem2_2_addr_1_read = read i256 @_ssdm_op_Read.m_axi.i256P1A, i256 %gmem2_2_addr_1" [../src/msm.cpp:426]   --->   Operation 331 'read' 'gmem2_2_addr_1_read' <Predicate = (trunc_ln420 == 2)> <Delay = 2.92> <CoreInst = "m_axi">   --->   Core 119 'm_axi' <Latency = 3> <II = 1> <Delay = 1.00> <Adapter> <Opcode : 'read' 'write' 'readreq' 'writereq' 'writeresp'>
ST_11 : Operation 332 [1/1] (2.92ns)   --->   "%gmem2_3_addr_1_read = read i256 @_ssdm_op_Read.m_axi.i256P1A, i256 %gmem2_3_addr_1" [../src/msm.cpp:426]   --->   Operation 332 'read' 'gmem2_3_addr_1_read' <Predicate = (trunc_ln420 == 3)> <Delay = 2.92> <CoreInst = "m_axi">   --->   Core 119 'm_axi' <Latency = 3> <II = 1> <Delay = 1.00> <Adapter> <Opcode : 'read' 'write' 'readreq' 'writereq' 'writeresp'>
ST_11 : Operation 333 [1/1] (0.52ns)   --->   "%p_0 = sparsemux i256 @_ssdm_op_SparseMux.ap_auto.4i256.i256.i2, i2 0, i256 %gmem3_0_addr_read, i2 1, i256 %gmem3_1_addr_read, i2 2, i256 %gmem3_2_addr_read, i2 3, i256 %gmem3_3_addr_read, i256 0, i2 %trunc_ln420" [../src/msm.cpp:427]   --->   Operation 333 'sparsemux' 'p_0' <Predicate = true> <Delay = 0.52> <CoreInst = "BinarySparseMux_DontCare">   --->   Core 149 'BinarySparseMux_DontCare' <Latency = 0> <II = 1> <Delay = 0.52> <FuncUnit> <Opcode : 'sparsemux'> <InPorts = 2> <OutPorts = 1>

State 12 <SV = 11> <Delay = 1.98>
ST_12 : Operation 334 [1/1] (0.00ns)   --->   "%specpipeline_ln422 = specpipeline void @_ssdm_op_SpecPipeline, i32 1, i32 0, i32 0, i32 0, void @empty_10" [../src/msm.cpp:422]   --->   Operation 334 'specpipeline' 'specpipeline_ln422' <Predicate = true> <Delay = 0.00>
ST_12 : Operation 335 [1/1] (0.00ns)   --->   "%specloopname_ln420 = specloopname void @_ssdm_op_SpecLoopName, void @empty_48" [../src/msm.cpp:420]   --->   Operation 335 'specloopname' 'specloopname_ln420' <Predicate = true> <Delay = 0.00>
ST_12 : Operation 336 [1/1] ( I:1.46ns O:1.46ns )   --->   "%write_ln423 = write void @_ssdm_op_Write.ap_fifo.volatile.i256P0A, i256 %x_point_stream, i256 %p_s" [../src/msm.cpp:423]   --->   Operation 336 'write' 'write_ln423' <Predicate = true> <Delay = 1.46> <CoreInst = "FIFO">   --->   Core 77 'FIFO' <Latency = 0> <II = 1> <Delay = 1.55> <Storage> <Opcode : 'read' 'write' 'nbread' 'nbwrite'> <Ports = 0> <Width = 256> <Depth = 64> <FIFO>
ST_12 : Operation 337 [1/1] ( I:1.46ns O:1.46ns )   --->   "%write_ln424 = write void @_ssdm_op_Write.ap_fifo.volatile.i256P0A, i256 %y_point_stream, i256 %p_1" [../src/msm.cpp:424]   --->   Operation 337 'write' 'write_ln424' <Predicate = true> <Delay = 1.46> <CoreInst = "FIFO">   --->   Core 77 'FIFO' <Latency = 0> <II = 1> <Delay = 1.55> <Storage> <Opcode : 'read' 'write' 'nbread' 'nbwrite'> <Ports = 0> <Width = 256> <Depth = 64> <FIFO>
ST_12 : Operation 338 [1/1] ( I:1.46ns O:1.46ns )   --->   "%write_ln425 = write void @_ssdm_op_Write.ap_fifo.volatile.i256P0A, i256 %z_point_stream, i256 %p_2" [../src/msm.cpp:425]   --->   Operation 338 'write' 'write_ln425' <Predicate = true> <Delay = 1.46> <CoreInst = "FIFO">   --->   Core 77 'FIFO' <Latency = 0> <II = 1> <Delay = 1.55> <Storage> <Opcode : 'read' 'write' 'nbread' 'nbwrite'> <Ports = 0> <Width = 256> <Depth = 64> <FIFO>
ST_12 : Operation 339 [1/1] (0.52ns)   --->   "%p_3 = sparsemux i256 @_ssdm_op_SparseMux.ap_auto.4i256.i256.i2, i2 0, i256 %gmem2_0_addr_1_read, i2 1, i256 %gmem2_1_addr_1_read, i2 2, i256 %gmem2_2_addr_1_read, i2 3, i256 %gmem2_3_addr_1_read, i256 0, i2 %trunc_ln420" [../src/msm.cpp:426]   --->   Operation 339 'sparsemux' 'p_3' <Predicate = true> <Delay = 0.52> <CoreInst = "BinarySparseMux_DontCare">   --->   Core 149 'BinarySparseMux_DontCare' <Latency = 0> <II = 1> <Delay = 0.52> <FuncUnit> <Opcode : 'sparsemux'> <InPorts = 2> <OutPorts = 1>
ST_12 : Operation 340 [1/1] ( I:1.46ns O:1.46ns )   --->   "%write_ln426 = write void @_ssdm_op_Write.ap_fifo.volatile.i256P0A, i256 %t_point_stream, i256 %p_3" [../src/msm.cpp:426]   --->   Operation 340 'write' 'write_ln426' <Predicate = true> <Delay = 1.46> <CoreInst = "FIFO_SRL">   --->   Core 80 'FIFO_SRL' <Latency = 0> <II = 1> <Delay = 1.83> <Storage> <Opcode : 'read' 'write' 'nbread' 'nbwrite'> <Ports = 0> <Width = 256> <Depth = 2> <FIFO>
ST_12 : Operation 341 [1/1] ( I:1.46ns O:1.46ns )   --->   "%write_ln427 = write void @_ssdm_op_Write.ap_fifo.volatile.i256P0A, i256 %scalar_point_stream, i256 %p_0" [../src/msm.cpp:427]   --->   Operation 341 'write' 'write_ln427' <Predicate = true> <Delay = 1.46> <CoreInst = "FIFO">   --->   Core 77 'FIFO' <Latency = 0> <II = 1> <Delay = 1.55> <Storage> <Opcode : 'read' 'write' 'nbread' 'nbwrite'> <Ports = 0> <Width = 256> <Depth = 64> <FIFO>
ST_12 : Operation 342 [1/1] (0.00ns)   --->   "%br_ln420 = br void %for.inc.i" [../src/msm.cpp:420]   --->   Operation 342 'br' 'br_ln420' <Predicate = true> <Delay = 0.00>


============================================================
+ Verbose Summary: Binding
============================================================
STG Binding: 
---------------- STG Properties BEGIN ----------------
- Is combinational: 0
- Is one-state seq: 0
- Is datapath-only: 0
- Is pipelined: 0
- Is top level: 0
Port [ Return ] is wired: 1; IO mode=ap_ctrl_hs:ce=0
Port [ degree]:  wired=1; compound=0; hidden=0; nouse=0; global=0; static=0; extern=0; dir=0; type=0; pingpong=0; private_global=0; IO mode=ap_none:ce=0
Port [ x_array_0]:  wired=1; compound=0; hidden=0; nouse=0; global=0; static=0; extern=0; dir=0; type=0; pingpong=0; private_global=0; IO mode=ap_none:ce=0
Port [ x_array_1]:  wired=1; compound=0; hidden=0; nouse=0; global=0; static=0; extern=0; dir=0; type=0; pingpong=0; private_global=0; IO mode=ap_none:ce=0
Port [ x_array_2]:  wired=1; compound=0; hidden=0; nouse=0; global=0; static=0; extern=0; dir=0; type=0; pingpong=0; private_global=0; IO mode=ap_none:ce=0
Port [ x_array_3]:  wired=1; compound=0; hidden=0; nouse=0; global=0; static=0; extern=0; dir=0; type=0; pingpong=0; private_global=0; IO mode=ap_none:ce=0
Port [ gmem0_0]:  wired=1; compound=1; hidden=0; nouse=0; global=0; static=0; extern=0; dir=0; type=4; pingpong=0; private_global=0; IO mode=m_axi:ce=0
Port [ gmem0_1]:  wired=1; compound=1; hidden=0; nouse=0; global=0; static=0; extern=0; dir=0; type=4; pingpong=0; private_global=0; IO mode=m_axi:ce=0
Port [ gmem0_2]:  wired=1; compound=1; hidden=0; nouse=0; global=0; static=0; extern=0; dir=0; type=4; pingpong=0; private_global=0; IO mode=m_axi:ce=0
Port [ gmem0_3]:  wired=1; compound=1; hidden=0; nouse=0; global=0; static=0; extern=0; dir=0; type=4; pingpong=0; private_global=0; IO mode=m_axi:ce=0
Port [ y_array_0]:  wired=1; compound=0; hidden=0; nouse=0; global=0; static=0; extern=0; dir=0; type=0; pingpong=0; private_global=0; IO mode=ap_none:ce=0
Port [ y_array_1]:  wired=1; compound=0; hidden=0; nouse=0; global=0; static=0; extern=0; dir=0; type=0; pingpong=0; private_global=0; IO mode=ap_none:ce=0
Port [ y_array_2]:  wired=1; compound=0; hidden=0; nouse=0; global=0; static=0; extern=0; dir=0; type=0; pingpong=0; private_global=0; IO mode=ap_none:ce=0
Port [ y_array_3]:  wired=1; compound=0; hidden=0; nouse=0; global=0; static=0; extern=0; dir=0; type=0; pingpong=0; private_global=0; IO mode=ap_none:ce=0
Port [ gmem1_0]:  wired=1; compound=1; hidden=0; nouse=0; global=0; static=0; extern=0; dir=0; type=4; pingpong=0; private_global=0; IO mode=m_axi:ce=0
Port [ gmem1_1]:  wired=1; compound=1; hidden=0; nouse=0; global=0; static=0; extern=0; dir=0; type=4; pingpong=0; private_global=0; IO mode=m_axi:ce=0
Port [ gmem1_2]:  wired=1; compound=1; hidden=0; nouse=0; global=0; static=0; extern=0; dir=0; type=4; pingpong=0; private_global=0; IO mode=m_axi:ce=0
Port [ gmem1_3]:  wired=1; compound=1; hidden=0; nouse=0; global=0; static=0; extern=0; dir=0; type=4; pingpong=0; private_global=0; IO mode=m_axi:ce=0
Port [ z_array_0]:  wired=1; compound=0; hidden=0; nouse=0; global=0; static=0; extern=0; dir=0; type=0; pingpong=0; private_global=0; IO mode=ap_none:ce=0
Port [ z_array_1]:  wired=1; compound=0; hidden=0; nouse=0; global=0; static=0; extern=0; dir=0; type=0; pingpong=0; private_global=0; IO mode=ap_none:ce=0
Port [ z_array_2]:  wired=1; compound=0; hidden=0; nouse=0; global=0; static=0; extern=0; dir=0; type=0; pingpong=0; private_global=0; IO mode=ap_none:ce=0
Port [ z_array_3]:  wired=1; compound=0; hidden=0; nouse=0; global=0; static=0; extern=0; dir=0; type=0; pingpong=0; private_global=0; IO mode=ap_none:ce=0
Port [ gmem2_0]:  wired=1; compound=1; hidden=0; nouse=0; global=0; static=0; extern=0; dir=0; type=4; pingpong=0; private_global=0; IO mode=m_axi:ce=0
Port [ gmem2_1]:  wired=1; compound=1; hidden=0; nouse=0; global=0; static=0; extern=0; dir=0; type=4; pingpong=0; private_global=0; IO mode=m_axi:ce=0
Port [ gmem2_2]:  wired=1; compound=1; hidden=0; nouse=0; global=0; static=0; extern=0; dir=0; type=4; pingpong=0; private_global=0; IO mode=m_axi:ce=0
Port [ gmem2_3]:  wired=1; compound=1; hidden=0; nouse=0; global=0; static=0; extern=0; dir=0; type=4; pingpong=0; private_global=0; IO mode=m_axi:ce=0
Port [ t_array_0]:  wired=1; compound=0; hidden=0; nouse=0; global=0; static=0; extern=0; dir=0; type=0; pingpong=0; private_global=0; IO mode=ap_none:ce=0
Port [ t_array_1]:  wired=1; compound=0; hidden=0; nouse=0; global=0; static=0; extern=0; dir=0; type=0; pingpong=0; private_global=0; IO mode=ap_none:ce=0
Port [ t_array_2]:  wired=1; compound=0; hidden=0; nouse=0; global=0; static=0; extern=0; dir=0; type=0; pingpong=0; private_global=0; IO mode=ap_none:ce=0
Port [ t_array_3]:  wired=1; compound=0; hidden=0; nouse=0; global=0; static=0; extern=0; dir=0; type=0; pingpong=0; private_global=0; IO mode=ap_none:ce=0
Port [ scalar_array_0]:  wired=1; compound=0; hidden=0; nouse=0; global=0; static=0; extern=0; dir=0; type=0; pingpong=0; private_global=0; IO mode=ap_none:ce=0
Port [ scalar_array_1]:  wired=1; compound=0; hidden=0; nouse=0; global=0; static=0; extern=0; dir=0; type=0; pingpong=0; private_global=0; IO mode=ap_none:ce=0
Port [ scalar_array_2]:  wired=1; compound=0; hidden=0; nouse=0; global=0; static=0; extern=0; dir=0; type=0; pingpong=0; private_global=0; IO mode=ap_none:ce=0
Port [ scalar_array_3]:  wired=1; compound=0; hidden=0; nouse=0; global=0; static=0; extern=0; dir=0; type=0; pingpong=0; private_global=0; IO mode=ap_none:ce=0
Port [ gmem3_0]:  wired=1; compound=1; hidden=0; nouse=0; global=0; static=0; extern=0; dir=0; type=4; pingpong=0; private_global=0; IO mode=m_axi:ce=0
Port [ gmem3_1]:  wired=1; compound=1; hidden=0; nouse=0; global=0; static=0; extern=0; dir=0; type=4; pingpong=0; private_global=0; IO mode=m_axi:ce=0
Port [ gmem3_2]:  wired=1; compound=1; hidden=0; nouse=0; global=0; static=0; extern=0; dir=0; type=4; pingpong=0; private_global=0; IO mode=m_axi:ce=0
Port [ gmem3_3]:  wired=1; compound=1; hidden=0; nouse=0; global=0; static=0; extern=0; dir=0; type=4; pingpong=0; private_global=0; IO mode=m_axi:ce=0
Port [ x_point_stream]:  wired=1; compound=1; hidden=0; nouse=0; global=1; static=1; extern=0; dir=1; type=3; pingpong=0; private_global=0; IO mode=ap_fifo:ce=0
Port [ y_point_stream]:  wired=1; compound=1; hidden=0; nouse=0; global=1; static=1; extern=0; dir=1; type=3; pingpong=0; private_global=0; IO mode=ap_fifo:ce=0
Port [ z_point_stream]:  wired=1; compound=1; hidden=0; nouse=0; global=1; static=1; extern=0; dir=1; type=3; pingpong=0; private_global=0; IO mode=ap_fifo:ce=0
Port [ t_point_stream]:  wired=1; compound=1; hidden=0; nouse=0; global=1; static=1; extern=0; dir=1; type=3; pingpong=0; private_global=0; IO mode=ap_fifo:ce=0
Port [ scalar_point_stream]:  wired=1; compound=1; hidden=0; nouse=0; global=1; static=1; extern=0; dir=1; type=3; pingpong=0; private_global=0; IO mode=ap_fifo:ce=0
---------------- STG Properties END ------------------

---------------- Datapath Model BEGIN ----------------

<LifeTime>
<method=bitvector/>
i                   (alloca        ) [ 0100000000000]
specinterface_ln0   (specinterface ) [ 0000000000000]
specinterface_ln0   (specinterface ) [ 0000000000000]
specinterface_ln0   (specinterface ) [ 0000000000000]
specinterface_ln0   (specinterface ) [ 0000000000000]
specinterface_ln0   (specinterface ) [ 0000000000000]
specinterface_ln0   (specinterface ) [ 0000000000000]
specinterface_ln0   (specinterface ) [ 0000000000000]
specinterface_ln0   (specinterface ) [ 0000000000000]
specinterface_ln0   (specinterface ) [ 0000000000000]
specinterface_ln0   (specinterface ) [ 0000000000000]
specinterface_ln0   (specinterface ) [ 0000000000000]
specinterface_ln0   (specinterface ) [ 0000000000000]
specinterface_ln0   (specinterface ) [ 0000000000000]
specinterface_ln0   (specinterface ) [ 0000000000000]
specinterface_ln0   (specinterface ) [ 0000000000000]
specinterface_ln0   (specinterface ) [ 0000000000000]
specinterface_ln0   (specinterface ) [ 0000000000000]
specinterface_ln0   (specinterface ) [ 0000000000000]
specinterface_ln0   (specinterface ) [ 0000000000000]
specinterface_ln0   (specinterface ) [ 0000000000000]
specinterface_ln0   (specinterface ) [ 0000000000000]
scalar_array_3_read (read          ) [ 0000000000000]
scalar_array_2_read (read          ) [ 0000000000000]
scalar_array_1_read (read          ) [ 0000000000000]
scalar_array_0_read (read          ) [ 0000000000000]
t_array_3_read      (read          ) [ 0010000000000]
t_array_2_read      (read          ) [ 0010000000000]
t_array_1_read      (read          ) [ 0010000000000]
t_array_0_read      (read          ) [ 0010000000000]
z_array_3_read      (read          ) [ 0000000000000]
z_array_2_read      (read          ) [ 0000000000000]
z_array_1_read      (read          ) [ 0000000000000]
z_array_0_read      (read          ) [ 0000000000000]
y_array_3_read      (read          ) [ 0000000000000]
y_array_2_read      (read          ) [ 0000000000000]
y_array_1_read      (read          ) [ 0000000000000]
y_array_0_read      (read          ) [ 0000000000000]
x_array_3_read      (read          ) [ 0000000000000]
x_array_2_read      (read          ) [ 0000000000000]
x_array_1_read      (read          ) [ 0000000000000]
x_array_0_read      (read          ) [ 0000000000000]
degree_read         (read          ) [ 0000000000000]
store_ln420         (store         ) [ 0000000000000]
br_ln0              (br            ) [ 0000000000000]
i_2                 (load          ) [ 0000000000000]
zext_ln420          (zext          ) [ 0000000000000]
icmp_ln420          (icmp          ) [ 0111111111100]
br_ln420            (br            ) [ 0000000000000]
add_ln420           (add           ) [ 0000000000000]
trunc_ln420         (trunc         ) [ 0111111111111]
tmp                 (partselect    ) [ 0000000000000]
and_ln              (bitconcatenate) [ 0000000000000]
zext_ln423          (zext          ) [ 0010000000000]
add_ln423           (add           ) [ 0000000000000]
add_ln423_1         (add           ) [ 0000000000000]
add_ln423_2         (add           ) [ 0000000000000]
add_ln423_3         (add           ) [ 0000000000000]
trunc_ln            (partselect    ) [ 0010000000000]
trunc_ln423_1       (partselect    ) [ 0010000000000]
trunc_ln423_2       (partselect    ) [ 0010000000000]
trunc_ln423_3       (partselect    ) [ 0010000000000]
add_ln424           (add           ) [ 0000000000000]
add_ln424_1         (add           ) [ 0000000000000]
add_ln424_2         (add           ) [ 0000000000000]
add_ln424_3         (add           ) [ 0000000000000]
trunc_ln1           (partselect    ) [ 0010000000000]
trunc_ln424_1       (partselect    ) [ 0010000000000]
trunc_ln424_2       (partselect    ) [ 0010000000000]
trunc_ln424_3       (partselect    ) [ 0010000000000]
add_ln425           (add           ) [ 0000000000000]
add_ln425_1         (add           ) [ 0000000000000]
add_ln425_2         (add           ) [ 0000000000000]
add_ln425_3         (add           ) [ 0000000000000]
trunc_ln2           (partselect    ) [ 0010000000000]
trunc_ln425_1       (partselect    ) [ 0010000000000]
trunc_ln425_2       (partselect    ) [ 0010000000000]
trunc_ln425_3       (partselect    ) [ 0010000000000]
add_ln427           (add           ) [ 0000000000000]
add_ln427_1         (add           ) [ 0000000000000]
add_ln427_2         (add           ) [ 0000000000000]
add_ln427_3         (add           ) [ 0000000000000]
trunc_ln4           (partselect    ) [ 0010000000000]
trunc_ln427_1       (partselect    ) [ 0010000000000]
trunc_ln427_2       (partselect    ) [ 0010000000000]
trunc_ln427_3       (partselect    ) [ 0010000000000]
store_ln420         (store         ) [ 0000000000000]
sext_ln423          (sext          ) [ 0000000000000]
gmem0_0_addr        (getelementptr ) [ 0111111111100]
sext_ln423_1        (sext          ) [ 0000000000000]
gmem0_1_addr        (getelementptr ) [ 0111111111100]
sext_ln423_2        (sext          ) [ 0000000000000]
gmem0_2_addr        (getelementptr ) [ 0111111111100]
sext_ln423_3        (sext          ) [ 0000000000000]
gmem0_3_addr        (getelementptr ) [ 0111111111100]
sext_ln424          (sext          ) [ 0000000000000]
gmem1_0_addr        (getelementptr ) [ 0111111111100]
sext_ln424_1        (sext          ) [ 0000000000000]
gmem1_1_addr        (getelementptr ) [ 0111111111100]
sext_ln424_2        (sext          ) [ 0000000000000]
gmem1_2_addr        (getelementptr ) [ 0111111111100]
sext_ln424_3        (sext          ) [ 0000000000000]
gmem1_3_addr        (getelementptr ) [ 0111111111100]
sext_ln425          (sext          ) [ 0000000000000]
gmem2_0_addr        (getelementptr ) [ 0111111111100]
sext_ln425_1        (sext          ) [ 0000000000000]
gmem2_1_addr        (getelementptr ) [ 0111111111100]
sext_ln425_2        (sext          ) [ 0000000000000]
gmem2_2_addr        (getelementptr ) [ 0111111111100]
sext_ln425_3        (sext          ) [ 0000000000000]
gmem2_3_addr        (getelementptr ) [ 0111111111100]
add_ln426           (add           ) [ 0000000000000]
add_ln426_1         (add           ) [ 0000000000000]
add_ln426_2         (add           ) [ 0000000000000]
add_ln426_3         (add           ) [ 0000000000000]
trunc_ln3           (partselect    ) [ 0101000000000]
trunc_ln426_1       (partselect    ) [ 0101000000000]
trunc_ln426_2       (partselect    ) [ 0101000000000]
trunc_ln426_3       (partselect    ) [ 0101000000000]
sext_ln427          (sext          ) [ 0000000000000]
gmem3_0_addr        (getelementptr ) [ 0111111111100]
sext_ln427_1        (sext          ) [ 0000000000000]
gmem3_1_addr        (getelementptr ) [ 0111111111100]
sext_ln427_2        (sext          ) [ 0000000000000]
gmem3_2_addr        (getelementptr ) [ 0111111111100]
sext_ln427_3        (sext          ) [ 0000000000000]
gmem3_3_addr        (getelementptr ) [ 0111111111100]
sext_ln426          (sext          ) [ 0000000000000]
gmem2_0_addr_1      (getelementptr ) [ 0110111111110]
sext_ln426_1        (sext          ) [ 0000000000000]
gmem2_1_addr_1      (getelementptr ) [ 0110111111110]
sext_ln426_2        (sext          ) [ 0000000000000]
gmem2_2_addr_1      (getelementptr ) [ 0110111111110]
sext_ln426_3        (sext          ) [ 0000000000000]
gmem2_3_addr_1      (getelementptr ) [ 0110111111110]
gmem0_0_load_req    (readreq       ) [ 0000000000000]
gmem0_1_load_req    (readreq       ) [ 0000000000000]
gmem0_2_load_req    (readreq       ) [ 0000000000000]
gmem0_3_load_req    (readreq       ) [ 0000000000000]
gmem1_0_load_req    (readreq       ) [ 0000000000000]
gmem1_1_load_req    (readreq       ) [ 0000000000000]
gmem1_2_load_req    (readreq       ) [ 0000000000000]
gmem1_3_load_req    (readreq       ) [ 0000000000000]
gmem2_0_load_req    (readreq       ) [ 0000000000000]
gmem2_1_load_req    (readreq       ) [ 0000000000000]
gmem2_2_load_req    (readreq       ) [ 0000000000000]
gmem2_3_load_req    (readreq       ) [ 0000000000000]
gmem3_0_load_req    (readreq       ) [ 0000000000000]
gmem3_1_load_req    (readreq       ) [ 0000000000000]
gmem3_2_load_req    (readreq       ) [ 0000000000000]
gmem3_3_load_req    (readreq       ) [ 0000000000000]
gmem0_0_addr_read   (read          ) [ 0100000000010]
gmem0_1_addr_read   (read          ) [ 0100000000010]
gmem0_2_addr_read   (read          ) [ 0100000000010]
gmem0_3_addr_read   (read          ) [ 0100000000010]
gmem1_0_addr_read   (read          ) [ 0100000000010]
gmem1_1_addr_read   (read          ) [ 0100000000010]
gmem1_2_addr_read   (read          ) [ 0100000000010]
gmem1_3_addr_read   (read          ) [ 0100000000010]
gmem2_0_addr_read   (read          ) [ 0100000000010]
gmem2_1_addr_read   (read          ) [ 0100000000010]
gmem2_2_addr_read   (read          ) [ 0100000000010]
gmem2_3_addr_read   (read          ) [ 0100000000010]
gmem2_0_load_1_req  (readreq       ) [ 0000000000000]
gmem2_1_load_1_req  (readreq       ) [ 0000000000000]
gmem2_2_load_1_req  (readreq       ) [ 0000000000000]
gmem2_3_load_1_req  (readreq       ) [ 0000000000000]
gmem3_0_addr_read   (read          ) [ 0100000000010]
gmem3_1_addr_read   (read          ) [ 0100000000010]
gmem3_2_addr_read   (read          ) [ 0100000000010]
gmem3_3_addr_read   (read          ) [ 0100000000010]
p_s                 (sparsemux     ) [ 0010000000001]
p_1                 (sparsemux     ) [ 0010000000001]
p_2                 (sparsemux     ) [ 0010000000001]
gmem2_0_addr_1_read (read          ) [ 0010000000001]
gmem2_1_addr_1_read (read          ) [ 0010000000001]
gmem2_2_addr_1_read (read          ) [ 0010000000001]
gmem2_3_addr_1_read (read          ) [ 0010000000001]
p_0                 (sparsemux     ) [ 0010000000001]
specpipeline_ln422  (specpipeline  ) [ 0000000000000]
specloopname_ln420  (specloopname  ) [ 0000000000000]
write_ln423         (write         ) [ 0000000000000]
write_ln424         (write         ) [ 0000000000000]
write_ln425         (write         ) [ 0000000000000]
p_3                 (sparsemux     ) [ 0000000000000]
write_ln426         (write         ) [ 0000000000000]
write_ln427         (write         ) [ 0000000000000]
br_ln420            (br            ) [ 0000000000000]
ret_ln0             (ret           ) [ 0000000000000]
</LifeTime>

<model>

<comp_list>
<comp id="0" class="1000" name="degree">
<pin_list>
<pin id="1" dir="1" index="0" bw="1" slack="0"/>
</pin_list>
<bind>
<StgValue><ssdm name="degree"/></StgValue>
</bind>
</comp>

<comp id="2" class="1000" name="x_array_0">
<pin_list>
<pin id="3" dir="1" index="0" bw="1" slack="0"/>
</pin_list>
<bind>
<StgValue><ssdm name="x_array_0"/></StgValue>
</bind>
</comp>

<comp id="4" class="1000" name="x_array_1">
<pin_list>
<pin id="5" dir="1" index="0" bw="1" slack="0"/>
</pin_list>
<bind>
<StgValue><ssdm name="x_array_1"/></StgValue>
</bind>
</comp>

<comp id="6" class="1000" name="x_array_2">
<pin_list>
<pin id="7" dir="1" index="0" bw="1" slack="0"/>
</pin_list>
<bind>
<StgValue><ssdm name="x_array_2"/></StgValue>
</bind>
</comp>

<comp id="8" class="1000" name="x_array_3">
<pin_list>
<pin id="9" dir="1" index="0" bw="1" slack="0"/>
</pin_list>
<bind>
<StgValue><ssdm name="x_array_3"/></StgValue>
</bind>
</comp>

<comp id="10" class="1000" name="gmem0_0">
<pin_list>
<pin id="11" dir="1" index="0" bw="1" slack="0"/>
</pin_list>
<bind>
<StgValue><ssdm name="gmem0_0"/><MemPortTyVec>0 </MemPortTyVec>
</StgValue>
</bind>
</comp>

<comp id="12" class="1000" name="gmem0_1">
<pin_list>
<pin id="13" dir="1" index="0" bw="1" slack="0"/>
</pin_list>
<bind>
<StgValue><ssdm name="gmem0_1"/><MemPortTyVec>0 </MemPortTyVec>
</StgValue>
</bind>
</comp>

<comp id="14" class="1000" name="gmem0_2">
<pin_list>
<pin id="15" dir="1" index="0" bw="1" slack="0"/>
</pin_list>
<bind>
<StgValue><ssdm name="gmem0_2"/><MemPortTyVec>0 </MemPortTyVec>
</StgValue>
</bind>
</comp>

<comp id="16" class="1000" name="gmem0_3">
<pin_list>
<pin id="17" dir="1" index="0" bw="1" slack="0"/>
</pin_list>
<bind>
<StgValue><ssdm name="gmem0_3"/><MemPortTyVec>0 </MemPortTyVec>
</StgValue>
</bind>
</comp>

<comp id="18" class="1000" name="y_array_0">
<pin_list>
<pin id="19" dir="1" index="0" bw="1" slack="0"/>
</pin_list>
<bind>
<StgValue><ssdm name="y_array_0"/></StgValue>
</bind>
</comp>

<comp id="20" class="1000" name="y_array_1">
<pin_list>
<pin id="21" dir="1" index="0" bw="1" slack="0"/>
</pin_list>
<bind>
<StgValue><ssdm name="y_array_1"/></StgValue>
</bind>
</comp>

<comp id="22" class="1000" name="y_array_2">
<pin_list>
<pin id="23" dir="1" index="0" bw="1" slack="0"/>
</pin_list>
<bind>
<StgValue><ssdm name="y_array_2"/></StgValue>
</bind>
</comp>

<comp id="24" class="1000" name="y_array_3">
<pin_list>
<pin id="25" dir="1" index="0" bw="1" slack="0"/>
</pin_list>
<bind>
<StgValue><ssdm name="y_array_3"/></StgValue>
</bind>
</comp>

<comp id="26" class="1000" name="gmem1_0">
<pin_list>
<pin id="27" dir="1" index="0" bw="1" slack="0"/>
</pin_list>
<bind>
<StgValue><ssdm name="gmem1_0"/><MemPortTyVec>0 </MemPortTyVec>
</StgValue>
</bind>
</comp>

<comp id="28" class="1000" name="gmem1_1">
<pin_list>
<pin id="29" dir="1" index="0" bw="1" slack="0"/>
</pin_list>
<bind>
<StgValue><ssdm name="gmem1_1"/><MemPortTyVec>0 </MemPortTyVec>
</StgValue>
</bind>
</comp>

<comp id="30" class="1000" name="gmem1_2">
<pin_list>
<pin id="31" dir="1" index="0" bw="1" slack="0"/>
</pin_list>
<bind>
<StgValue><ssdm name="gmem1_2"/><MemPortTyVec>0 </MemPortTyVec>
</StgValue>
</bind>
</comp>

<comp id="32" class="1000" name="gmem1_3">
<pin_list>
<pin id="33" dir="1" index="0" bw="1" slack="0"/>
</pin_list>
<bind>
<StgValue><ssdm name="gmem1_3"/><MemPortTyVec>0 </MemPortTyVec>
</StgValue>
</bind>
</comp>

<comp id="34" class="1000" name="z_array_0">
<pin_list>
<pin id="35" dir="1" index="0" bw="1" slack="0"/>
</pin_list>
<bind>
<StgValue><ssdm name="z_array_0"/></StgValue>
</bind>
</comp>

<comp id="36" class="1000" name="z_array_1">
<pin_list>
<pin id="37" dir="1" index="0" bw="1" slack="0"/>
</pin_list>
<bind>
<StgValue><ssdm name="z_array_1"/></StgValue>
</bind>
</comp>

<comp id="38" class="1000" name="z_array_2">
<pin_list>
<pin id="39" dir="1" index="0" bw="1" slack="0"/>
</pin_list>
<bind>
<StgValue><ssdm name="z_array_2"/></StgValue>
</bind>
</comp>

<comp id="40" class="1000" name="z_array_3">
<pin_list>
<pin id="41" dir="1" index="0" bw="1" slack="0"/>
</pin_list>
<bind>
<StgValue><ssdm name="z_array_3"/></StgValue>
</bind>
</comp>

<comp id="42" class="1000" name="gmem2_0">
<pin_list>
<pin id="43" dir="1" index="0" bw="1" slack="0"/>
</pin_list>
<bind>
<StgValue><ssdm name="gmem2_0"/><MemPortTyVec>0 </MemPortTyVec>
</StgValue>
</bind>
</comp>

<comp id="44" class="1000" name="gmem2_1">
<pin_list>
<pin id="45" dir="1" index="0" bw="1" slack="0"/>
</pin_list>
<bind>
<StgValue><ssdm name="gmem2_1"/><MemPortTyVec>0 </MemPortTyVec>
</StgValue>
</bind>
</comp>

<comp id="46" class="1000" name="gmem2_2">
<pin_list>
<pin id="47" dir="1" index="0" bw="1" slack="0"/>
</pin_list>
<bind>
<StgValue><ssdm name="gmem2_2"/><MemPortTyVec>0 </MemPortTyVec>
</StgValue>
</bind>
</comp>

<comp id="48" class="1000" name="gmem2_3">
<pin_list>
<pin id="49" dir="1" index="0" bw="1" slack="0"/>
</pin_list>
<bind>
<StgValue><ssdm name="gmem2_3"/><MemPortTyVec>0 </MemPortTyVec>
</StgValue>
</bind>
</comp>

<comp id="50" class="1000" name="t_array_0">
<pin_list>
<pin id="51" dir="1" index="0" bw="1" slack="0"/>
</pin_list>
<bind>
<StgValue><ssdm name="t_array_0"/></StgValue>
</bind>
</comp>

<comp id="52" class="1000" name="t_array_1">
<pin_list>
<pin id="53" dir="1" index="0" bw="1" slack="0"/>
</pin_list>
<bind>
<StgValue><ssdm name="t_array_1"/></StgValue>
</bind>
</comp>

<comp id="54" class="1000" name="t_array_2">
<pin_list>
<pin id="55" dir="1" index="0" bw="1" slack="0"/>
</pin_list>
<bind>
<StgValue><ssdm name="t_array_2"/></StgValue>
</bind>
</comp>

<comp id="56" class="1000" name="t_array_3">
<pin_list>
<pin id="57" dir="1" index="0" bw="1" slack="0"/>
</pin_list>
<bind>
<StgValue><ssdm name="t_array_3"/></StgValue>
</bind>
</comp>

<comp id="58" class="1000" name="scalar_array_0">
<pin_list>
<pin id="59" dir="1" index="0" bw="1" slack="0"/>
</pin_list>
<bind>
<StgValue><ssdm name="scalar_array_0"/></StgValue>
</bind>
</comp>

<comp id="60" class="1000" name="scalar_array_1">
<pin_list>
<pin id="61" dir="1" index="0" bw="1" slack="0"/>
</pin_list>
<bind>
<StgValue><ssdm name="scalar_array_1"/></StgValue>
</bind>
</comp>

<comp id="62" class="1000" name="scalar_array_2">
<pin_list>
<pin id="63" dir="1" index="0" bw="1" slack="0"/>
</pin_list>
<bind>
<StgValue><ssdm name="scalar_array_2"/></StgValue>
</bind>
</comp>

<comp id="64" class="1000" name="scalar_array_3">
<pin_list>
<pin id="65" dir="1" index="0" bw="1" slack="0"/>
</pin_list>
<bind>
<StgValue><ssdm name="scalar_array_3"/></StgValue>
</bind>
</comp>

<comp id="66" class="1000" name="gmem3_0">
<pin_list>
<pin id="67" dir="1" index="0" bw="1" slack="0"/>
</pin_list>
<bind>
<StgValue><ssdm name="gmem3_0"/><MemPortTyVec>0 </MemPortTyVec>
</StgValue>
</bind>
</comp>

<comp id="68" class="1000" name="gmem3_1">
<pin_list>
<pin id="69" dir="1" index="0" bw="1" slack="0"/>
</pin_list>
<bind>
<StgValue><ssdm name="gmem3_1"/><MemPortTyVec>0 </MemPortTyVec>
</StgValue>
</bind>
</comp>

<comp id="70" class="1000" name="gmem3_2">
<pin_list>
<pin id="71" dir="1" index="0" bw="1" slack="0"/>
</pin_list>
<bind>
<StgValue><ssdm name="gmem3_2"/><MemPortTyVec>0 </MemPortTyVec>
</StgValue>
</bind>
</comp>

<comp id="72" class="1000" name="gmem3_3">
<pin_list>
<pin id="73" dir="1" index="0" bw="1" slack="0"/>
</pin_list>
<bind>
<StgValue><ssdm name="gmem3_3"/><MemPortTyVec>0 </MemPortTyVec>
</StgValue>
</bind>
</comp>

<comp id="74" class="1000" name="x_point_stream">
<pin_list>
<pin id="75" dir="1" index="0" bw="1" slack="0"/>
</pin_list>
<bind>
<StgValue><ssdm name="x_point_stream"/></StgValue>
</bind>
</comp>

<comp id="76" class="1000" name="y_point_stream">
<pin_list>
<pin id="77" dir="1" index="0" bw="1" slack="0"/>
</pin_list>
<bind>
<StgValue><ssdm name="y_point_stream"/></StgValue>
</bind>
</comp>

<comp id="78" class="1000" name="z_point_stream">
<pin_list>
<pin id="79" dir="1" index="0" bw="1" slack="0"/>
</pin_list>
<bind>
<StgValue><ssdm name="z_point_stream"/></StgValue>
</bind>
</comp>

<comp id="80" class="1000" name="t_point_stream">
<pin_list>
<pin id="81" dir="1" index="0" bw="1" slack="0"/>
</pin_list>
<bind>
<StgValue><ssdm name="t_point_stream"/></StgValue>
</bind>
</comp>

<comp id="82" class="1000" name="scalar_point_stream">
<pin_list>
<pin id="83" dir="1" index="0" bw="1" slack="0"/>
</pin_list>
<bind>
<StgValue><ssdm name="scalar_point_stream"/></StgValue>
</bind>
</comp>

<comp id="84" class="1001" name="const_84">
<pin_list>
<pin id="85" dir="1" index="0" bw="1" slack="0"/>
</pin_list>
<bind>
<StgValue><ssdm name=""/></StgValue>
</bind>
</comp>

<comp id="86" class="1001" name="const_86">
<pin_list>
<pin id="87" dir="1" index="0" bw="1" slack="2147483647"/>
</pin_list>
<bind>
<StgValue><ssdm name="_ssdm_op_SpecInterface"/></StgValue>
</bind>
</comp>

<comp id="88" class="1001" name="const_88">
<pin_list>
<pin id="89" dir="1" index="0" bw="1" slack="2147483647"/>
</pin_list>
<bind>
<StgValue><ssdm name="empty_5"/></StgValue>
</bind>
</comp>

<comp id="90" class="1001" name="const_90">
<pin_list>
<pin id="91" dir="1" index="0" bw="1" slack="2147483647"/>
</pin_list>
<bind>
<StgValue><ssdm name=""/></StgValue>
</bind>
</comp>

<comp id="92" class="1001" name="const_92">
<pin_list>
<pin id="93" dir="1" index="0" bw="1" slack="2147483647"/>
</pin_list>
<bind>
<StgValue><ssdm name="empty_10"/></StgValue>
</bind>
</comp>

<comp id="94" class="1001" name="const_94">
<pin_list>
<pin id="95" dir="1" index="0" bw="1" slack="2147483647"/>
</pin_list>
<bind>
<StgValue><ssdm name=""/></StgValue>
</bind>
</comp>

<comp id="96" class="1001" name="const_96">
<pin_list>
<pin id="97" dir="1" index="0" bw="1" slack="2147483647"/>
</pin_list>
<bind>
<StgValue><ssdm name="empty_9"/></StgValue>
</bind>
</comp>

<comp id="98" class="1001" name="const_98">
<pin_list>
<pin id="99" dir="1" index="0" bw="1" slack="2147483647"/>
</pin_list>
<bind>
<StgValue><ssdm name="empty_8"/></StgValue>
</bind>
</comp>

<comp id="100" class="1001" name="const_100">
<pin_list>
<pin id="101" dir="1" index="0" bw="1" slack="2147483647"/>
</pin_list>
<bind>
<StgValue><ssdm name=""/></StgValue>
</bind>
</comp>

<comp id="102" class="1001" name="const_102">
<pin_list>
<pin id="103" dir="1" index="0" bw="1" slack="2147483647"/>
</pin_list>
<bind>
<StgValue><ssdm name=""/></StgValue>
</bind>
</comp>

<comp id="104" class="1001" name="const_104">
<pin_list>
<pin id="105" dir="1" index="0" bw="1" slack="2147483647"/>
</pin_list>
<bind>
<StgValue><ssdm name=""/></StgValue>
</bind>
</comp>

<comp id="106" class="1001" name="const_106">
<pin_list>
<pin id="107" dir="1" index="0" bw="1" slack="2147483647"/>
</pin_list>
<bind>
<StgValue><ssdm name="empty_36"/></StgValue>
</bind>
</comp>

<comp id="108" class="1001" name="const_108">
<pin_list>
<pin id="109" dir="1" index="0" bw="1" slack="2147483647"/>
</pin_list>
<bind>
<StgValue><ssdm name="empty_18"/></StgValue>
</bind>
</comp>

<comp id="110" class="1001" name="const_110">
<pin_list>
<pin id="111" dir="1" index="0" bw="1" slack="2147483647"/>
</pin_list>
<bind>
<StgValue><ssdm name="empty_56"/></StgValue>
</bind>
</comp>

<comp id="112" class="1001" name="const_112">
<pin_list>
<pin id="113" dir="1" index="0" bw="1" slack="2147483647"/>
</pin_list>
<bind>
<StgValue><ssdm name="empty_46"/></StgValue>
</bind>
</comp>

<comp id="114" class="1001" name="const_114">
<pin_list>
<pin id="115" dir="1" index="0" bw="1" slack="2147483647"/>
</pin_list>
<bind>
<StgValue><ssdm name="empty_44"/></StgValue>
</bind>
</comp>

<comp id="116" class="1001" name="const_116">
<pin_list>
<pin id="117" dir="1" index="0" bw="1" slack="2147483647"/>
</pin_list>
<bind>
<StgValue><ssdm name="empty_43"/></StgValue>
</bind>
</comp>

<comp id="118" class="1001" name="const_118">
<pin_list>
<pin id="119" dir="1" index="0" bw="1" slack="2147483647"/>
</pin_list>
<bind>
<StgValue><ssdm name="empty_6"/></StgValue>
</bind>
</comp>

<comp id="120" class="1001" name="const_120">
<pin_list>
<pin id="121" dir="1" index="0" bw="1" slack="2147483647"/>
</pin_list>
<bind>
<StgValue><ssdm name="empty_11"/></StgValue>
</bind>
</comp>

<comp id="122" class="1001" name="const_122">
<pin_list>
<pin id="123" dir="1" index="0" bw="1" slack="2147483647"/>
</pin_list>
<bind>
<StgValue><ssdm name="empty_27"/></StgValue>
</bind>
</comp>

<comp id="124" class="1001" name="const_124">
<pin_list>
<pin id="125" dir="1" index="0" bw="1" slack="2147483647"/>
</pin_list>
<bind>
<StgValue><ssdm name="empty_3"/></StgValue>
</bind>
</comp>

<comp id="126" class="1001" name="const_126">
<pin_list>
<pin id="127" dir="1" index="0" bw="1" slack="2147483647"/>
</pin_list>
<bind>
<StgValue><ssdm name="empty_13"/></StgValue>
</bind>
</comp>

<comp id="128" class="1001" name="const_128">
<pin_list>
<pin id="129" dir="1" index="0" bw="1" slack="2147483647"/>
</pin_list>
<bind>
<StgValue><ssdm name="empty"/></StgValue>
</bind>
</comp>

<comp id="130" class="1001" name="const_130">
<pin_list>
<pin id="131" dir="1" index="0" bw="1" slack="2147483647"/>
</pin_list>
<bind>
<StgValue><ssdm name="empty_14"/></StgValue>
</bind>
</comp>

<comp id="132" class="1001" name="const_132">
<pin_list>
<pin id="133" dir="1" index="0" bw="1" slack="2147483647"/>
</pin_list>
<bind>
<StgValue><ssdm name="empty_15"/></StgValue>
</bind>
</comp>

<comp id="134" class="1001" name="const_134">
<pin_list>
<pin id="135" dir="1" index="0" bw="1" slack="2147483647"/>
</pin_list>
<bind>
<StgValue><ssdm name="empty_34"/></StgValue>
</bind>
</comp>

<comp id="136" class="1001" name="const_136">
<pin_list>
<pin id="137" dir="1" index="0" bw="1" slack="2147483647"/>
</pin_list>
<bind>
<StgValue><ssdm name="empty_39"/></StgValue>
</bind>
</comp>

<comp id="138" class="1001" name="const_138">
<pin_list>
<pin id="139" dir="1" index="0" bw="1" slack="0"/>
</pin_list>
<bind>
<StgValue><ssdm name="_ssdm_op_Read.ap_auto.i64"/></StgValue>
</bind>
</comp>

<comp id="140" class="1001" name="const_140">
<pin_list>
<pin id="141" dir="1" index="0" bw="1" slack="0"/>
</pin_list>
<bind>
<StgValue><ssdm name="_ssdm_op_Read.ap_auto.i32"/></StgValue>
</bind>
</comp>

<comp id="142" class="1001" name="const_142">
<pin_list>
<pin id="143" dir="1" index="0" bw="1" slack="0"/>
</pin_list>
<bind>
<StgValue><ssdm name=""/></StgValue>
</bind>
</comp>

<comp id="144" class="1001" name="const_144">
<pin_list>
<pin id="145" dir="1" index="0" bw="1" slack="0"/>
</pin_list>
<bind>
<StgValue><ssdm name=""/></StgValue>
</bind>
</comp>

<comp id="146" class="1001" name="const_146">
<pin_list>
<pin id="147" dir="1" index="0" bw="1" slack="0"/>
</pin_list>
<bind>
<StgValue><ssdm name="_ssdm_op_PartSelect.i29.i31.i32.i32"/></StgValue>
</bind>
</comp>

<comp id="148" class="1001" name="const_148">
<pin_list>
<pin id="149" dir="1" index="0" bw="1" slack="0"/>
</pin_list>
<bind>
<StgValue><ssdm name=""/></StgValue>
</bind>
</comp>

<comp id="150" class="1001" name="const_150">
<pin_list>
<pin id="151" dir="1" index="0" bw="1" slack="0"/>
</pin_list>
<bind>
<StgValue><ssdm name=""/></StgValue>
</bind>
</comp>

<comp id="152" class="1001" name="const_152">
<pin_list>
<pin id="153" dir="1" index="0" bw="1" slack="0"/>
</pin_list>
<bind>
<StgValue><ssdm name="_ssdm_op_BitConcatenate.i34.i29.i5"/></StgValue>
</bind>
</comp>

<comp id="154" class="1001" name="const_154">
<pin_list>
<pin id="155" dir="1" index="0" bw="1" slack="0"/>
</pin_list>
<bind>
<StgValue><ssdm name=""/></StgValue>
</bind>
</comp>

<comp id="156" class="1001" name="const_156">
<pin_list>
<pin id="157" dir="1" index="0" bw="1" slack="0"/>
</pin_list>
<bind>
<StgValue><ssdm name="_ssdm_op_PartSelect.i59.i64.i32.i32"/></StgValue>
</bind>
</comp>

<comp id="158" class="1001" name="const_158">
<pin_list>
<pin id="159" dir="1" index="0" bw="1" slack="0"/>
</pin_list>
<bind>
<StgValue><ssdm name=""/></StgValue>
</bind>
</comp>

<comp id="160" class="1001" name="const_160">
<pin_list>
<pin id="161" dir="1" index="0" bw="1" slack="0"/>
</pin_list>
<bind>
<StgValue><ssdm name=""/></StgValue>
</bind>
</comp>

<comp id="162" class="1001" name="const_162">
<pin_list>
<pin id="163" dir="1" index="0" bw="1" slack="0"/>
</pin_list>
<bind>
<StgValue><ssdm name="_ssdm_op_ReadReq.m_axi.i256P1A"/></StgValue>
</bind>
</comp>

<comp id="164" class="1001" name="const_164">
<pin_list>
<pin id="165" dir="1" index="0" bw="1" slack="0"/>
</pin_list>
<bind>
<StgValue><ssdm name=""/></StgValue>
</bind>
</comp>

<comp id="166" class="1001" name="const_166">
<pin_list>
<pin id="167" dir="1" index="0" bw="1" slack="0"/>
</pin_list>
<bind>
<StgValue><ssdm name="_ssdm_op_Read.m_axi.i256P1A"/></StgValue>
</bind>
</comp>

<comp id="168" class="1001" name="const_168">
<pin_list>
<pin id="169" dir="1" index="0" bw="1" slack="0"/>
</pin_list>
<bind>
<StgValue><ssdm name="_ssdm_op_SparseMux.ap_auto.4i256.i256.i2"/></StgValue>
</bind>
</comp>

<comp id="170" class="1001" name="const_170">
<pin_list>
<pin id="171" dir="1" index="0" bw="1" slack="0"/>
</pin_list>
<bind>
<StgValue><ssdm name=""/></StgValue>
</bind>
</comp>

<comp id="172" class="1001" name="const_172">
<pin_list>
<pin id="173" dir="1" index="0" bw="1" slack="0"/>
</pin_list>
<bind>
<StgValue><ssdm name=""/></StgValue>
</bind>
</comp>

<comp id="174" class="1001" name="const_174">
<pin_list>
<pin id="175" dir="1" index="0" bw="1" slack="0"/>
</pin_list>
<bind>
<StgValue><ssdm name=""/></StgValue>
</bind>
</comp>

<comp id="176" class="1001" name="const_176">
<pin_list>
<pin id="177" dir="1" index="0" bw="1" slack="0"/>
</pin_list>
<bind>
<StgValue><ssdm name=""/></StgValue>
</bind>
</comp>

<comp id="178" class="1001" name="const_178">
<pin_list>
<pin id="179" dir="1" index="0" bw="1" slack="0"/>
</pin_list>
<bind>
<StgValue><ssdm name=""/></StgValue>
</bind>
</comp>

<comp id="180" class="1001" name="const_180">
<pin_list>
<pin id="181" dir="1" index="0" bw="1" slack="2147483647"/>
</pin_list>
<bind>
<StgValue><ssdm name="_ssdm_op_SpecPipeline"/></StgValue>
</bind>
</comp>

<comp id="182" class="1001" name="const_182">
<pin_list>
<pin id="183" dir="1" index="0" bw="1" slack="2147483647"/>
</pin_list>
<bind>
<StgValue><ssdm name="_ssdm_op_SpecLoopName"/></StgValue>
</bind>
</comp>

<comp id="184" class="1001" name="const_184">
<pin_list>
<pin id="185" dir="1" index="0" bw="1" slack="2147483647"/>
</pin_list>
<bind>
<StgValue><ssdm name="empty_48"/></StgValue>
</bind>
</comp>

<comp id="186" class="1001" name="const_186">
<pin_list>
<pin id="187" dir="1" index="0" bw="1" slack="0"/>
</pin_list>
<bind>
<StgValue><ssdm name="_ssdm_op_Write.ap_fifo.volatile.i256P0A"/></StgValue>
</bind>
</comp>

<comp id="188" class="1004" name="i_fu_188">
<pin_list>
<pin id="189" dir="0" index="0" bw="1" slack="0"/>
<pin id="190" dir="1" index="1" bw="31" slack="0"/>
</pin_list>
<bind>
<opcode="alloca(26) " fcode="alloca"/>
<opset="i/1 "/>
</bind>
</comp>

<comp id="192" class="1004" name="scalar_array_3_read_read_fu_192">
<pin_list>
<pin id="193" dir="0" index="0" bw="64" slack="0"/>
<pin id="194" dir="0" index="1" bw="64" slack="0"/>
<pin id="195" dir="1" index="2" bw="64" slack="0"/>
</pin_list>
<bind>
<opcode="read(1150) " fcode="read"/>
<opset="scalar_array_3_read/1 "/>
</bind>
</comp>

<comp id="198" class="1004" name="scalar_array_2_read_read_fu_198">
<pin_list>
<pin id="199" dir="0" index="0" bw="64" slack="0"/>
<pin id="200" dir="0" index="1" bw="64" slack="0"/>
<pin id="201" dir="1" index="2" bw="64" slack="0"/>
</pin_list>
<bind>
<opcode="read(1150) " fcode="read"/>
<opset="scalar_array_2_read/1 "/>
</bind>
</comp>

<comp id="204" class="1004" name="scalar_array_1_read_read_fu_204">
<pin_list>
<pin id="205" dir="0" index="0" bw="64" slack="0"/>
<pin id="206" dir="0" index="1" bw="64" slack="0"/>
<pin id="207" dir="1" index="2" bw="64" slack="0"/>
</pin_list>
<bind>
<opcode="read(1150) " fcode="read"/>
<opset="scalar_array_1_read/1 "/>
</bind>
</comp>

<comp id="210" class="1004" name="scalar_array_0_read_read_fu_210">
<pin_list>
<pin id="211" dir="0" index="0" bw="64" slack="0"/>
<pin id="212" dir="0" index="1" bw="64" slack="0"/>
<pin id="213" dir="1" index="2" bw="64" slack="0"/>
</pin_list>
<bind>
<opcode="read(1150) " fcode="read"/>
<opset="scalar_array_0_read/1 "/>
</bind>
</comp>

<comp id="216" class="1004" name="t_array_3_read_read_fu_216">
<pin_list>
<pin id="217" dir="0" index="0" bw="64" slack="0"/>
<pin id="218" dir="0" index="1" bw="64" slack="0"/>
<pin id="219" dir="1" index="2" bw="64" slack="1"/>
</pin_list>
<bind>
<opcode="read(1150) " fcode="read"/>
<opset="t_array_3_read/1 "/>
</bind>
</comp>

<comp id="222" class="1004" name="t_array_2_read_read_fu_222">
<pin_list>
<pin id="223" dir="0" index="0" bw="64" slack="0"/>
<pin id="224" dir="0" index="1" bw="64" slack="0"/>
<pin id="225" dir="1" index="2" bw="64" slack="1"/>
</pin_list>
<bind>
<opcode="read(1150) " fcode="read"/>
<opset="t_array_2_read/1 "/>
</bind>
</comp>

<comp id="228" class="1004" name="t_array_1_read_read_fu_228">
<pin_list>
<pin id="229" dir="0" index="0" bw="64" slack="0"/>
<pin id="230" dir="0" index="1" bw="64" slack="0"/>
<pin id="231" dir="1" index="2" bw="64" slack="1"/>
</pin_list>
<bind>
<opcode="read(1150) " fcode="read"/>
<opset="t_array_1_read/1 "/>
</bind>
</comp>

<comp id="234" class="1004" name="t_array_0_read_read_fu_234">
<pin_list>
<pin id="235" dir="0" index="0" bw="64" slack="0"/>
<pin id="236" dir="0" index="1" bw="64" slack="0"/>
<pin id="237" dir="1" index="2" bw="64" slack="1"/>
</pin_list>
<bind>
<opcode="read(1150) " fcode="read"/>
<opset="t_array_0_read/1 "/>
</bind>
</comp>

<comp id="240" class="1004" name="z_array_3_read_read_fu_240">
<pin_list>
<pin id="241" dir="0" index="0" bw="64" slack="0"/>
<pin id="242" dir="0" index="1" bw="64" slack="0"/>
<pin id="243" dir="1" index="2" bw="64" slack="0"/>
</pin_list>
<bind>
<opcode="read(1150) " fcode="read"/>
<opset="z_array_3_read/1 "/>
</bind>
</comp>

<comp id="246" class="1004" name="z_array_2_read_read_fu_246">
<pin_list>
<pin id="247" dir="0" index="0" bw="64" slack="0"/>
<pin id="248" dir="0" index="1" bw="64" slack="0"/>
<pin id="249" dir="1" index="2" bw="64" slack="0"/>
</pin_list>
<bind>
<opcode="read(1150) " fcode="read"/>
<opset="z_array_2_read/1 "/>
</bind>
</comp>

<comp id="252" class="1004" name="z_array_1_read_read_fu_252">
<pin_list>
<pin id="253" dir="0" index="0" bw="64" slack="0"/>
<pin id="254" dir="0" index="1" bw="64" slack="0"/>
<pin id="255" dir="1" index="2" bw="64" slack="0"/>
</pin_list>
<bind>
<opcode="read(1150) " fcode="read"/>
<opset="z_array_1_read/1 "/>
</bind>
</comp>

<comp id="258" class="1004" name="z_array_0_read_read_fu_258">
<pin_list>
<pin id="259" dir="0" index="0" bw="64" slack="0"/>
<pin id="260" dir="0" index="1" bw="64" slack="0"/>
<pin id="261" dir="1" index="2" bw="64" slack="0"/>
</pin_list>
<bind>
<opcode="read(1150) " fcode="read"/>
<opset="z_array_0_read/1 "/>
</bind>
</comp>

<comp id="264" class="1004" name="y_array_3_read_read_fu_264">
<pin_list>
<pin id="265" dir="0" index="0" bw="64" slack="0"/>
<pin id="266" dir="0" index="1" bw="64" slack="0"/>
<pin id="267" dir="1" index="2" bw="64" slack="0"/>
</pin_list>
<bind>
<opcode="read(1150) " fcode="read"/>
<opset="y_array_3_read/1 "/>
</bind>
</comp>

<comp id="270" class="1004" name="y_array_2_read_read_fu_270">
<pin_list>
<pin id="271" dir="0" index="0" bw="64" slack="0"/>
<pin id="272" dir="0" index="1" bw="64" slack="0"/>
<pin id="273" dir="1" index="2" bw="64" slack="0"/>
</pin_list>
<bind>
<opcode="read(1150) " fcode="read"/>
<opset="y_array_2_read/1 "/>
</bind>
</comp>

<comp id="276" class="1004" name="y_array_1_read_read_fu_276">
<pin_list>
<pin id="277" dir="0" index="0" bw="64" slack="0"/>
<pin id="278" dir="0" index="1" bw="64" slack="0"/>
<pin id="279" dir="1" index="2" bw="64" slack="0"/>
</pin_list>
<bind>
<opcode="read(1150) " fcode="read"/>
<opset="y_array_1_read/1 "/>
</bind>
</comp>

<comp id="282" class="1004" name="y_array_0_read_read_fu_282">
<pin_list>
<pin id="283" dir="0" index="0" bw="64" slack="0"/>
<pin id="284" dir="0" index="1" bw="64" slack="0"/>
<pin id="285" dir="1" index="2" bw="64" slack="0"/>
</pin_list>
<bind>
<opcode="read(1150) " fcode="read"/>
<opset="y_array_0_read/1 "/>
</bind>
</comp>

<comp id="288" class="1004" name="x_array_3_read_read_fu_288">
<pin_list>
<pin id="289" dir="0" index="0" bw="64" slack="0"/>
<pin id="290" dir="0" index="1" bw="64" slack="0"/>
<pin id="291" dir="1" index="2" bw="64" slack="0"/>
</pin_list>
<bind>
<opcode="read(1150) " fcode="read"/>
<opset="x_array_3_read/1 "/>
</bind>
</comp>

<comp id="294" class="1004" name="x_array_2_read_read_fu_294">
<pin_list>
<pin id="295" dir="0" index="0" bw="64" slack="0"/>
<pin id="296" dir="0" index="1" bw="64" slack="0"/>
<pin id="297" dir="1" index="2" bw="64" slack="0"/>
</pin_list>
<bind>
<opcode="read(1150) " fcode="read"/>
<opset="x_array_2_read/1 "/>
</bind>
</comp>

<comp id="300" class="1004" name="x_array_1_read_read_fu_300">
<pin_list>
<pin id="301" dir="0" index="0" bw="64" slack="0"/>
<pin id="302" dir="0" index="1" bw="64" slack="0"/>
<pin id="303" dir="1" index="2" bw="64" slack="0"/>
</pin_list>
<bind>
<opcode="read(1150) " fcode="read"/>
<opset="x_array_1_read/1 "/>
</bind>
</comp>

<comp id="306" class="1004" name="x_array_0_read_read_fu_306">
<pin_list>
<pin id="307" dir="0" index="0" bw="64" slack="0"/>
<pin id="308" dir="0" index="1" bw="64" slack="0"/>
<pin id="309" dir="1" index="2" bw="64" slack="0"/>
</pin_list>
<bind>
<opcode="read(1150) " fcode="read"/>
<opset="x_array_0_read/1 "/>
</bind>
</comp>

<comp id="312" class="1004" name="degree_read_read_fu_312">
<pin_list>
<pin id="313" dir="0" index="0" bw="32" slack="0"/>
<pin id="314" dir="0" index="1" bw="32" slack="0"/>
<pin id="315" dir="1" index="2" bw="32" slack="0"/>
</pin_list>
<bind>
<opcode="read(1150) " fcode="read"/>
<opset="degree_read/1 "/>
</bind>
</comp>

<comp id="318" class="1004" name="grp_readreq_fu_318">
<pin_list>
<pin id="319" dir="0" index="0" bw="1" slack="0"/>
<pin id="320" dir="0" index="1" bw="256" slack="0"/>
<pin id="321" dir="0" index="2" bw="1" slack="0"/>
<pin id="322" dir="1" index="3" bw="1" slack="2147483647"/>
</pin_list>
<bind>
<opcode="readreq(1154) " fcode="readreq"/>
<opset="gmem0_0_load_req/2 "/>
</bind>
</comp>

<comp id="325" class="1004" name="grp_readreq_fu_325">
<pin_list>
<pin id="326" dir="0" index="0" bw="1" slack="0"/>
<pin id="327" dir="0" index="1" bw="256" slack="0"/>
<pin id="328" dir="0" index="2" bw="1" slack="0"/>
<pin id="329" dir="1" index="3" bw="1" slack="2147483647"/>
</pin_list>
<bind>
<opcode="readreq(1154) " fcode="readreq"/>
<opset="gmem0_1_load_req/2 "/>
</bind>
</comp>

<comp id="332" class="1004" name="grp_readreq_fu_332">
<pin_list>
<pin id="333" dir="0" index="0" bw="1" slack="0"/>
<pin id="334" dir="0" index="1" bw="256" slack="0"/>
<pin id="335" dir="0" index="2" bw="1" slack="0"/>
<pin id="336" dir="1" index="3" bw="1" slack="2147483647"/>
</pin_list>
<bind>
<opcode="readreq(1154) " fcode="readreq"/>
<opset="gmem0_2_load_req/2 "/>
</bind>
</comp>

<comp id="339" class="1004" name="grp_readreq_fu_339">
<pin_list>
<pin id="340" dir="0" index="0" bw="1" slack="0"/>
<pin id="341" dir="0" index="1" bw="256" slack="0"/>
<pin id="342" dir="0" index="2" bw="1" slack="0"/>
<pin id="343" dir="1" index="3" bw="1" slack="2147483647"/>
</pin_list>
<bind>
<opcode="readreq(1154) " fcode="readreq"/>
<opset="gmem0_3_load_req/2 "/>
</bind>
</comp>

<comp id="346" class="1004" name="grp_readreq_fu_346">
<pin_list>
<pin id="347" dir="0" index="0" bw="1" slack="0"/>
<pin id="348" dir="0" index="1" bw="256" slack="0"/>
<pin id="349" dir="0" index="2" bw="1" slack="0"/>
<pin id="350" dir="1" index="3" bw="1" slack="2147483647"/>
</pin_list>
<bind>
<opcode="readreq(1154) " fcode="readreq"/>
<opset="gmem1_0_load_req/2 "/>
</bind>
</comp>

<comp id="353" class="1004" name="grp_readreq_fu_353">
<pin_list>
<pin id="354" dir="0" index="0" bw="1" slack="0"/>
<pin id="355" dir="0" index="1" bw="256" slack="0"/>
<pin id="356" dir="0" index="2" bw="1" slack="0"/>
<pin id="357" dir="1" index="3" bw="1" slack="2147483647"/>
</pin_list>
<bind>
<opcode="readreq(1154) " fcode="readreq"/>
<opset="gmem1_1_load_req/2 "/>
</bind>
</comp>

<comp id="360" class="1004" name="grp_readreq_fu_360">
<pin_list>
<pin id="361" dir="0" index="0" bw="1" slack="0"/>
<pin id="362" dir="0" index="1" bw="256" slack="0"/>
<pin id="363" dir="0" index="2" bw="1" slack="0"/>
<pin id="364" dir="1" index="3" bw="1" slack="2147483647"/>
</pin_list>
<bind>
<opcode="readreq(1154) " fcode="readreq"/>
<opset="gmem1_2_load_req/2 "/>
</bind>
</comp>

<comp id="367" class="1004" name="grp_readreq_fu_367">
<pin_list>
<pin id="368" dir="0" index="0" bw="1" slack="0"/>
<pin id="369" dir="0" index="1" bw="256" slack="0"/>
<pin id="370" dir="0" index="2" bw="1" slack="0"/>
<pin id="371" dir="1" index="3" bw="1" slack="2147483647"/>
</pin_list>
<bind>
<opcode="readreq(1154) " fcode="readreq"/>
<opset="gmem1_3_load_req/2 "/>
</bind>
</comp>

<comp id="374" class="1004" name="grp_readreq_fu_374">
<pin_list>
<pin id="375" dir="0" index="0" bw="1" slack="0"/>
<pin id="376" dir="0" index="1" bw="256" slack="0"/>
<pin id="377" dir="0" index="2" bw="1" slack="0"/>
<pin id="378" dir="1" index="3" bw="1" slack="2147483647"/>
</pin_list>
<bind>
<opcode="readreq(1154) " fcode="readreq"/>
<opset="gmem2_0_load_req/2 "/>
</bind>
</comp>

<comp id="381" class="1004" name="grp_readreq_fu_381">
<pin_list>
<pin id="382" dir="0" index="0" bw="1" slack="0"/>
<pin id="383" dir="0" index="1" bw="256" slack="0"/>
<pin id="384" dir="0" index="2" bw="1" slack="0"/>
<pin id="385" dir="1" index="3" bw="1" slack="2147483647"/>
</pin_list>
<bind>
<opcode="readreq(1154) " fcode="readreq"/>
<opset="gmem2_1_load_req/2 "/>
</bind>
</comp>

<comp id="388" class="1004" name="grp_readreq_fu_388">
<pin_list>
<pin id="389" dir="0" index="0" bw="1" slack="0"/>
<pin id="390" dir="0" index="1" bw="256" slack="0"/>
<pin id="391" dir="0" index="2" bw="1" slack="0"/>
<pin id="392" dir="1" index="3" bw="1" slack="2147483647"/>
</pin_list>
<bind>
<opcode="readreq(1154) " fcode="readreq"/>
<opset="gmem2_2_load_req/2 "/>
</bind>
</comp>

<comp id="395" class="1004" name="grp_readreq_fu_395">
<pin_list>
<pin id="396" dir="0" index="0" bw="1" slack="0"/>
<pin id="397" dir="0" index="1" bw="256" slack="0"/>
<pin id="398" dir="0" index="2" bw="1" slack="0"/>
<pin id="399" dir="1" index="3" bw="1" slack="2147483647"/>
</pin_list>
<bind>
<opcode="readreq(1154) " fcode="readreq"/>
<opset="gmem2_3_load_req/2 "/>
</bind>
</comp>

<comp id="402" class="1004" name="grp_readreq_fu_402">
<pin_list>
<pin id="403" dir="0" index="0" bw="1" slack="0"/>
<pin id="404" dir="0" index="1" bw="256" slack="0"/>
<pin id="405" dir="0" index="2" bw="1" slack="0"/>
<pin id="406" dir="1" index="3" bw="1" slack="2147483647"/>
</pin_list>
<bind>
<opcode="readreq(1154) " fcode="readreq"/>
<opset="gmem3_0_load_req/2 "/>
</bind>
</comp>

<comp id="409" class="1004" name="grp_readreq_fu_409">
<pin_list>
<pin id="410" dir="0" index="0" bw="1" slack="0"/>
<pin id="411" dir="0" index="1" bw="256" slack="0"/>
<pin id="412" dir="0" index="2" bw="1" slack="0"/>
<pin id="413" dir="1" index="3" bw="1" slack="2147483647"/>
</pin_list>
<bind>
<opcode="readreq(1154) " fcode="readreq"/>
<opset="gmem3_1_load_req/2 "/>
</bind>
</comp>

<comp id="416" class="1004" name="grp_readreq_fu_416">
<pin_list>
<pin id="417" dir="0" index="0" bw="1" slack="0"/>
<pin id="418" dir="0" index="1" bw="256" slack="0"/>
<pin id="419" dir="0" index="2" bw="1" slack="0"/>
<pin id="420" dir="1" index="3" bw="1" slack="2147483647"/>
</pin_list>
<bind>
<opcode="readreq(1154) " fcode="readreq"/>
<opset="gmem3_2_load_req/2 "/>
</bind>
</comp>

<comp id="423" class="1004" name="grp_readreq_fu_423">
<pin_list>
<pin id="424" dir="0" index="0" bw="1" slack="0"/>
<pin id="425" dir="0" index="1" bw="256" slack="0"/>
<pin id="426" dir="0" index="2" bw="1" slack="0"/>
<pin id="427" dir="1" index="3" bw="1" slack="2147483647"/>
</pin_list>
<bind>
<opcode="readreq(1154) " fcode="readreq"/>
<opset="gmem3_3_load_req/2 "/>
</bind>
</comp>

<comp id="430" class="1004" name="grp_readreq_fu_430">
<pin_list>
<pin id="431" dir="0" index="0" bw="1" slack="0"/>
<pin id="432" dir="0" index="1" bw="256" slack="0"/>
<pin id="433" dir="0" index="2" bw="1" slack="0"/>
<pin id="434" dir="1" index="3" bw="1" slack="2147483647"/>
</pin_list>
<bind>
<opcode="readreq(1154) " fcode="readreq"/>
<opset="gmem2_0_load_1_req/3 "/>
</bind>
</comp>

<comp id="437" class="1004" name="grp_readreq_fu_437">
<pin_list>
<pin id="438" dir="0" index="0" bw="1" slack="0"/>
<pin id="439" dir="0" index="1" bw="256" slack="0"/>
<pin id="440" dir="0" index="2" bw="1" slack="0"/>
<pin id="441" dir="1" index="3" bw="1" slack="2147483647"/>
</pin_list>
<bind>
<opcode="readreq(1154) " fcode="readreq"/>
<opset="gmem2_1_load_1_req/3 "/>
</bind>
</comp>

<comp id="444" class="1004" name="grp_readreq_fu_444">
<pin_list>
<pin id="445" dir="0" index="0" bw="1" slack="0"/>
<pin id="446" dir="0" index="1" bw="256" slack="0"/>
<pin id="447" dir="0" index="2" bw="1" slack="0"/>
<pin id="448" dir="1" index="3" bw="1" slack="2147483647"/>
</pin_list>
<bind>
<opcode="readreq(1154) " fcode="readreq"/>
<opset="gmem2_2_load_1_req/3 "/>
</bind>
</comp>

<comp id="451" class="1004" name="grp_readreq_fu_451">
<pin_list>
<pin id="452" dir="0" index="0" bw="1" slack="0"/>
<pin id="453" dir="0" index="1" bw="256" slack="0"/>
<pin id="454" dir="0" index="2" bw="1" slack="0"/>
<pin id="455" dir="1" index="3" bw="1" slack="2147483647"/>
</pin_list>
<bind>
<opcode="readreq(1154) " fcode="readreq"/>
<opset="gmem2_3_load_1_req/3 "/>
</bind>
</comp>

<comp id="458" class="1004" name="gmem0_0_addr_read_read_fu_458">
<pin_list>
<pin id="459" dir="0" index="0" bw="256" slack="0"/>
<pin id="460" dir="0" index="1" bw="256" slack="8"/>
<pin id="461" dir="1" index="2" bw="256" slack="1"/>
</pin_list>
<bind>
<opcode="read(1150) " fcode="read"/>
<opset="gmem0_0_addr_read/10 "/>
</bind>
</comp>

<comp id="463" class="1004" name="gmem0_1_addr_read_read_fu_463">
<pin_list>
<pin id="464" dir="0" index="0" bw="256" slack="0"/>
<pin id="465" dir="0" index="1" bw="256" slack="8"/>
<pin id="466" dir="1" index="2" bw="256" slack="1"/>
</pin_list>
<bind>
<opcode="read(1150) " fcode="read"/>
<opset="gmem0_1_addr_read/10 "/>
</bind>
</comp>

<comp id="468" class="1004" name="gmem0_2_addr_read_read_fu_468">
<pin_list>
<pin id="469" dir="0" index="0" bw="256" slack="0"/>
<pin id="470" dir="0" index="1" bw="256" slack="8"/>
<pin id="471" dir="1" index="2" bw="256" slack="1"/>
</pin_list>
<bind>
<opcode="read(1150) " fcode="read"/>
<opset="gmem0_2_addr_read/10 "/>
</bind>
</comp>

<comp id="473" class="1004" name="gmem0_3_addr_read_read_fu_473">
<pin_list>
<pin id="474" dir="0" index="0" bw="256" slack="0"/>
<pin id="475" dir="0" index="1" bw="256" slack="8"/>
<pin id="476" dir="1" index="2" bw="256" slack="1"/>
</pin_list>
<bind>
<opcode="read(1150) " fcode="read"/>
<opset="gmem0_3_addr_read/10 "/>
</bind>
</comp>

<comp id="478" class="1004" name="gmem1_0_addr_read_read_fu_478">
<pin_list>
<pin id="479" dir="0" index="0" bw="256" slack="0"/>
<pin id="480" dir="0" index="1" bw="256" slack="8"/>
<pin id="481" dir="1" index="2" bw="256" slack="1"/>
</pin_list>
<bind>
<opcode="read(1150) " fcode="read"/>
<opset="gmem1_0_addr_read/10 "/>
</bind>
</comp>

<comp id="483" class="1004" name="gmem1_1_addr_read_read_fu_483">
<pin_list>
<pin id="484" dir="0" index="0" bw="256" slack="0"/>
<pin id="485" dir="0" index="1" bw="256" slack="8"/>
<pin id="486" dir="1" index="2" bw="256" slack="1"/>
</pin_list>
<bind>
<opcode="read(1150) " fcode="read"/>
<opset="gmem1_1_addr_read/10 "/>
</bind>
</comp>

<comp id="488" class="1004" name="gmem1_2_addr_read_read_fu_488">
<pin_list>
<pin id="489" dir="0" index="0" bw="256" slack="0"/>
<pin id="490" dir="0" index="1" bw="256" slack="8"/>
<pin id="491" dir="1" index="2" bw="256" slack="1"/>
</pin_list>
<bind>
<opcode="read(1150) " fcode="read"/>
<opset="gmem1_2_addr_read/10 "/>
</bind>
</comp>

<comp id="493" class="1004" name="gmem1_3_addr_read_read_fu_493">
<pin_list>
<pin id="494" dir="0" index="0" bw="256" slack="0"/>
<pin id="495" dir="0" index="1" bw="256" slack="8"/>
<pin id="496" dir="1" index="2" bw="256" slack="1"/>
</pin_list>
<bind>
<opcode="read(1150) " fcode="read"/>
<opset="gmem1_3_addr_read/10 "/>
</bind>
</comp>

<comp id="498" class="1004" name="gmem2_0_addr_read_read_fu_498">
<pin_list>
<pin id="499" dir="0" index="0" bw="256" slack="0"/>
<pin id="500" dir="0" index="1" bw="256" slack="8"/>
<pin id="501" dir="1" index="2" bw="256" slack="1"/>
</pin_list>
<bind>
<opcode="read(1150) " fcode="read"/>
<opset="gmem2_0_addr_read/10 "/>
</bind>
</comp>

<comp id="503" class="1004" name="gmem2_1_addr_read_read_fu_503">
<pin_list>
<pin id="504" dir="0" index="0" bw="256" slack="0"/>
<pin id="505" dir="0" index="1" bw="256" slack="8"/>
<pin id="506" dir="1" index="2" bw="256" slack="1"/>
</pin_list>
<bind>
<opcode="read(1150) " fcode="read"/>
<opset="gmem2_1_addr_read/10 "/>
</bind>
</comp>

<comp id="508" class="1004" name="gmem2_2_addr_read_read_fu_508">
<pin_list>
<pin id="509" dir="0" index="0" bw="256" slack="0"/>
<pin id="510" dir="0" index="1" bw="256" slack="8"/>
<pin id="511" dir="1" index="2" bw="256" slack="1"/>
</pin_list>
<bind>
<opcode="read(1150) " fcode="read"/>
<opset="gmem2_2_addr_read/10 "/>
</bind>
</comp>

<comp id="513" class="1004" name="gmem2_3_addr_read_read_fu_513">
<pin_list>
<pin id="514" dir="0" index="0" bw="256" slack="0"/>
<pin id="515" dir="0" index="1" bw="256" slack="8"/>
<pin id="516" dir="1" index="2" bw="256" slack="1"/>
</pin_list>
<bind>
<opcode="read(1150) " fcode="read"/>
<opset="gmem2_3_addr_read/10 "/>
</bind>
</comp>

<comp id="518" class="1004" name="gmem3_0_addr_read_read_fu_518">
<pin_list>
<pin id="519" dir="0" index="0" bw="256" slack="0"/>
<pin id="520" dir="0" index="1" bw="256" slack="8"/>
<pin id="521" dir="1" index="2" bw="256" slack="1"/>
</pin_list>
<bind>
<opcode="read(1150) " fcode="read"/>
<opset="gmem3_0_addr_read/10 "/>
</bind>
</comp>

<comp id="523" class="1004" name="gmem3_1_addr_read_read_fu_523">
<pin_list>
<pin id="524" dir="0" index="0" bw="256" slack="0"/>
<pin id="525" dir="0" index="1" bw="256" slack="8"/>
<pin id="526" dir="1" index="2" bw="256" slack="1"/>
</pin_list>
<bind>
<opcode="read(1150) " fcode="read"/>
<opset="gmem3_1_addr_read/10 "/>
</bind>
</comp>

<comp id="528" class="1004" name="gmem3_2_addr_read_read_fu_528">
<pin_list>
<pin id="529" dir="0" index="0" bw="256" slack="0"/>
<pin id="530" dir="0" index="1" bw="256" slack="8"/>
<pin id="531" dir="1" index="2" bw="256" slack="1"/>
</pin_list>
<bind>
<opcode="read(1150) " fcode="read"/>
<opset="gmem3_2_addr_read/10 "/>
</bind>
</comp>

<comp id="533" class="1004" name="gmem3_3_addr_read_read_fu_533">
<pin_list>
<pin id="534" dir="0" index="0" bw="256" slack="0"/>
<pin id="535" dir="0" index="1" bw="256" slack="8"/>
<pin id="536" dir="1" index="2" bw="256" slack="1"/>
</pin_list>
<bind>
<opcode="read(1150) " fcode="read"/>
<opset="gmem3_3_addr_read/10 "/>
</bind>
</comp>

<comp id="538" class="1004" name="gmem2_0_addr_1_read_read_fu_538">
<pin_list>
<pin id="539" dir="0" index="0" bw="256" slack="0"/>
<pin id="540" dir="0" index="1" bw="256" slack="8"/>
<pin id="541" dir="1" index="2" bw="256" slack="1"/>
</pin_list>
<bind>
<opcode="read(1150) " fcode="read"/>
<opset="gmem2_0_addr_1_read/11 "/>
</bind>
</comp>

<comp id="543" class="1004" name="gmem2_1_addr_1_read_read_fu_543">
<pin_list>
<pin id="544" dir="0" index="0" bw="256" slack="0"/>
<pin id="545" dir="0" index="1" bw="256" slack="8"/>
<pin id="546" dir="1" index="2" bw="256" slack="1"/>
</pin_list>
<bind>
<opcode="read(1150) " fcode="read"/>
<opset="gmem2_1_addr_1_read/11 "/>
</bind>
</comp>

<comp id="548" class="1004" name="gmem2_2_addr_1_read_read_fu_548">
<pin_list>
<pin id="549" dir="0" index="0" bw="256" slack="0"/>
<pin id="550" dir="0" index="1" bw="256" slack="8"/>
<pin id="551" dir="1" index="2" bw="256" slack="1"/>
</pin_list>
<bind>
<opcode="read(1150) " fcode="read"/>
<opset="gmem2_2_addr_1_read/11 "/>
</bind>
</comp>

<comp id="553" class="1004" name="gmem2_3_addr_1_read_read_fu_553">
<pin_list>
<pin id="554" dir="0" index="0" bw="256" slack="0"/>
<pin id="555" dir="0" index="1" bw="256" slack="8"/>
<pin id="556" dir="1" index="2" bw="256" slack="1"/>
</pin_list>
<bind>
<opcode="read(1150) " fcode="read"/>
<opset="gmem2_3_addr_1_read/11 "/>
</bind>
</comp>

<comp id="558" class="1004" name="write_ln423_write_fu_558">
<pin_list>
<pin id="559" dir="0" index="0" bw="0" slack="0"/>
<pin id="560" dir="0" index="1" bw="256" slack="0"/>
<pin id="561" dir="0" index="2" bw="256" slack="1"/>
<pin id="562" dir="1" index="3" bw="0" slack="2147483647"/>
</pin_list>
<bind>
<opcode="write(1151) " fcode="write"/>
<opset="write_ln423/12 "/>
</bind>
</comp>

<comp id="565" class="1004" name="write_ln424_write_fu_565">
<pin_list>
<pin id="566" dir="0" index="0" bw="0" slack="0"/>
<pin id="567" dir="0" index="1" bw="256" slack="0"/>
<pin id="568" dir="0" index="2" bw="256" slack="1"/>
<pin id="569" dir="1" index="3" bw="0" slack="2147483647"/>
</pin_list>
<bind>
<opcode="write(1151) " fcode="write"/>
<opset="write_ln424/12 "/>
</bind>
</comp>

<comp id="572" class="1004" name="write_ln425_write_fu_572">
<pin_list>
<pin id="573" dir="0" index="0" bw="0" slack="0"/>
<pin id="574" dir="0" index="1" bw="256" slack="0"/>
<pin id="575" dir="0" index="2" bw="256" slack="1"/>
<pin id="576" dir="1" index="3" bw="0" slack="2147483647"/>
</pin_list>
<bind>
<opcode="write(1151) " fcode="write"/>
<opset="write_ln425/12 "/>
</bind>
</comp>

<comp id="579" class="1004" name="write_ln426_write_fu_579">
<pin_list>
<pin id="580" dir="0" index="0" bw="0" slack="0"/>
<pin id="581" dir="0" index="1" bw="256" slack="0"/>
<pin id="582" dir="0" index="2" bw="256" slack="0"/>
<pin id="583" dir="1" index="3" bw="0" slack="2147483647"/>
</pin_list>
<bind>
<opcode="write(1151) " fcode="write"/>
<opset="write_ln426/12 "/>
</bind>
</comp>

<comp id="586" class="1004" name="write_ln427_write_fu_586">
<pin_list>
<pin id="587" dir="0" index="0" bw="0" slack="0"/>
<pin id="588" dir="0" index="1" bw="256" slack="0"/>
<pin id="589" dir="0" index="2" bw="256" slack="1"/>
<pin id="590" dir="1" index="3" bw="0" slack="2147483647"/>
</pin_list>
<bind>
<opcode="write(1151) " fcode="write"/>
<opset="write_ln427/12 "/>
</bind>
</comp>

<comp id="593" class="1004" name="store_ln420_store_fu_593">
<pin_list>
<pin id="594" dir="0" index="0" bw="1" slack="0"/>
<pin id="595" dir="0" index="1" bw="31" slack="0"/>
<pin id="596" dir="1" index="2" bw="0" slack="2147483647"/>
</pin_list>
<bind>
<opcode="store(28) " fcode="store"/>
<opset="store_ln420/1 "/>
</bind>
</comp>

<comp id="598" class="1004" name="i_2_load_fu_598">
<pin_list>
<pin id="599" dir="0" index="0" bw="31" slack="0"/>
<pin id="600" dir="1" index="1" bw="31" slack="0"/>
</pin_list>
<bind>
<opcode="load(27) " fcode="load"/>
<opset="i_2/1 "/>
</bind>
</comp>

<comp id="601" class="1004" name="zext_ln420_fu_601">
<pin_list>
<pin id="602" dir="0" index="0" bw="31" slack="0"/>
<pin id="603" dir="1" index="1" bw="32" slack="0"/>
</pin_list>
<bind>
<opcode="zext(34) " fcode="zext"/>
<opset="zext_ln420/1 "/>
</bind>
</comp>

<comp id="605" class="1004" name="icmp_ln420_fu_605">
<pin_list>
<pin id="606" dir="0" index="0" bw="31" slack="0"/>
<pin id="607" dir="0" index="1" bw="32" slack="0"/>
<pin id="608" dir="1" index="2" bw="1" slack="1"/>
</pin_list>
<bind>
<opcode="icmp(45) " fcode="icmp"/>
<opset="icmp_ln420/1 "/>
</bind>
</comp>

<comp id="611" class="1004" name="add_ln420_fu_611">
<pin_list>
<pin id="612" dir="0" index="0" bw="31" slack="0"/>
<pin id="613" dir="0" index="1" bw="1" slack="0"/>
<pin id="614" dir="1" index="2" bw="31" slack="0"/>
</pin_list>
<bind>
<opcode="add(8) " fcode="add"/>
<opset="add_ln420/1 "/>
</bind>
</comp>

<comp id="617" class="1004" name="trunc_ln420_fu_617">
<pin_list>
<pin id="618" dir="0" index="0" bw="31" slack="0"/>
<pin id="619" dir="1" index="1" bw="2" slack="1"/>
</pin_list>
<bind>
<opcode="trunc(33) " fcode="trunc"/>
<opset="trunc_ln420/1 "/>
</bind>
</comp>

<comp id="621" class="1004" name="tmp_fu_621">
<pin_list>
<pin id="622" dir="0" index="0" bw="29" slack="0"/>
<pin id="623" dir="0" index="1" bw="31" slack="0"/>
<pin id="624" dir="0" index="2" bw="3" slack="0"/>
<pin id="625" dir="0" index="3" bw="6" slack="0"/>
<pin id="626" dir="1" index="4" bw="29" slack="0"/>
</pin_list>
<bind>
<opcode="partselect(1002) " fcode="partselect"/>
<opset="tmp/1 "/>
</bind>
</comp>

<comp id="631" class="1004" name="and_ln_fu_631">
<pin_list>
<pin id="632" dir="0" index="0" bw="34" slack="0"/>
<pin id="633" dir="0" index="1" bw="29" slack="0"/>
<pin id="634" dir="0" index="2" bw="1" slack="0"/>
<pin id="635" dir="1" index="3" bw="34" slack="0"/>
</pin_list>
<bind>
<opcode="bitconcatenate(1004) " fcode="bitconcatenate"/>
<opset="and_ln/1 "/>
</bind>
</comp>

<comp id="639" class="1004" name="zext_ln423_fu_639">
<pin_list>
<pin id="640" dir="0" index="0" bw="34" slack="0"/>
<pin id="641" dir="1" index="1" bw="64" slack="0"/>
</pin_list>
<bind>
<opcode="zext(34) " fcode="zext"/>
<opset="zext_ln423/1 "/>
</bind>
</comp>

<comp id="643" class="1004" name="add_ln423_fu_643">
<pin_list>
<pin id="644" dir="0" index="0" bw="34" slack="0"/>
<pin id="645" dir="0" index="1" bw="64" slack="0"/>
<pin id="646" dir="1" index="2" bw="64" slack="0"/>
</pin_list>
<bind>
<opcode="add(8) " fcode="add"/>
<opset="add_ln423/1 "/>
</bind>
</comp>

<comp id="649" class="1004" name="add_ln423_1_fu_649">
<pin_list>
<pin id="650" dir="0" index="0" bw="34" slack="0"/>
<pin id="651" dir="0" index="1" bw="64" slack="0"/>
<pin id="652" dir="1" index="2" bw="64" slack="0"/>
</pin_list>
<bind>
<opcode="add(8) " fcode="add"/>
<opset="add_ln423_1/1 "/>
</bind>
</comp>

<comp id="655" class="1004" name="add_ln423_2_fu_655">
<pin_list>
<pin id="656" dir="0" index="0" bw="34" slack="0"/>
<pin id="657" dir="0" index="1" bw="64" slack="0"/>
<pin id="658" dir="1" index="2" bw="64" slack="0"/>
</pin_list>
<bind>
<opcode="add(8) " fcode="add"/>
<opset="add_ln423_2/1 "/>
</bind>
</comp>

<comp id="661" class="1004" name="add_ln423_3_fu_661">
<pin_list>
<pin id="662" dir="0" index="0" bw="34" slack="0"/>
<pin id="663" dir="0" index="1" bw="64" slack="0"/>
<pin id="664" dir="1" index="2" bw="64" slack="0"/>
</pin_list>
<bind>
<opcode="add(8) " fcode="add"/>
<opset="add_ln423_3/1 "/>
</bind>
</comp>

<comp id="667" class="1004" name="trunc_ln_fu_667">
<pin_list>
<pin id="668" dir="0" index="0" bw="59" slack="0"/>
<pin id="669" dir="0" index="1" bw="64" slack="0"/>
<pin id="670" dir="0" index="2" bw="4" slack="0"/>
<pin id="671" dir="0" index="3" bw="7" slack="0"/>
<pin id="672" dir="1" index="4" bw="59" slack="1"/>
</pin_list>
<bind>
<opcode="partselect(1002) " fcode="partselect"/>
<opset="trunc_ln/1 "/>
</bind>
</comp>

<comp id="677" class="1004" name="trunc_ln423_1_fu_677">
<pin_list>
<pin id="678" dir="0" index="0" bw="59" slack="0"/>
<pin id="679" dir="0" index="1" bw="64" slack="0"/>
<pin id="680" dir="0" index="2" bw="4" slack="0"/>
<pin id="681" dir="0" index="3" bw="7" slack="0"/>
<pin id="682" dir="1" index="4" bw="59" slack="1"/>
</pin_list>
<bind>
<opcode="partselect(1002) " fcode="partselect"/>
<opset="trunc_ln423_1/1 "/>
</bind>
</comp>

<comp id="687" class="1004" name="trunc_ln423_2_fu_687">
<pin_list>
<pin id="688" dir="0" index="0" bw="59" slack="0"/>
<pin id="689" dir="0" index="1" bw="64" slack="0"/>
<pin id="690" dir="0" index="2" bw="4" slack="0"/>
<pin id="691" dir="0" index="3" bw="7" slack="0"/>
<pin id="692" dir="1" index="4" bw="59" slack="1"/>
</pin_list>
<bind>
<opcode="partselect(1002) " fcode="partselect"/>
<opset="trunc_ln423_2/1 "/>
</bind>
</comp>

<comp id="697" class="1004" name="trunc_ln423_3_fu_697">
<pin_list>
<pin id="698" dir="0" index="0" bw="59" slack="0"/>
<pin id="699" dir="0" index="1" bw="64" slack="0"/>
<pin id="700" dir="0" index="2" bw="4" slack="0"/>
<pin id="701" dir="0" index="3" bw="7" slack="0"/>
<pin id="702" dir="1" index="4" bw="59" slack="1"/>
</pin_list>
<bind>
<opcode="partselect(1002) " fcode="partselect"/>
<opset="trunc_ln423_3/1 "/>
</bind>
</comp>

<comp id="707" class="1004" name="add_ln424_fu_707">
<pin_list>
<pin id="708" dir="0" index="0" bw="34" slack="0"/>
<pin id="709" dir="0" index="1" bw="64" slack="0"/>
<pin id="710" dir="1" index="2" bw="64" slack="0"/>
</pin_list>
<bind>
<opcode="add(8) " fcode="add"/>
<opset="add_ln424/1 "/>
</bind>
</comp>

<comp id="713" class="1004" name="add_ln424_1_fu_713">
<pin_list>
<pin id="714" dir="0" index="0" bw="34" slack="0"/>
<pin id="715" dir="0" index="1" bw="64" slack="0"/>
<pin id="716" dir="1" index="2" bw="64" slack="0"/>
</pin_list>
<bind>
<opcode="add(8) " fcode="add"/>
<opset="add_ln424_1/1 "/>
</bind>
</comp>

<comp id="719" class="1004" name="add_ln424_2_fu_719">
<pin_list>
<pin id="720" dir="0" index="0" bw="34" slack="0"/>
<pin id="721" dir="0" index="1" bw="64" slack="0"/>
<pin id="722" dir="1" index="2" bw="64" slack="0"/>
</pin_list>
<bind>
<opcode="add(8) " fcode="add"/>
<opset="add_ln424_2/1 "/>
</bind>
</comp>

<comp id="725" class="1004" name="add_ln424_3_fu_725">
<pin_list>
<pin id="726" dir="0" index="0" bw="34" slack="0"/>
<pin id="727" dir="0" index="1" bw="64" slack="0"/>
<pin id="728" dir="1" index="2" bw="64" slack="0"/>
</pin_list>
<bind>
<opcode="add(8) " fcode="add"/>
<opset="add_ln424_3/1 "/>
</bind>
</comp>

<comp id="731" class="1004" name="trunc_ln1_fu_731">
<pin_list>
<pin id="732" dir="0" index="0" bw="59" slack="0"/>
<pin id="733" dir="0" index="1" bw="64" slack="0"/>
<pin id="734" dir="0" index="2" bw="4" slack="0"/>
<pin id="735" dir="0" index="3" bw="7" slack="0"/>
<pin id="736" dir="1" index="4" bw="59" slack="1"/>
</pin_list>
<bind>
<opcode="partselect(1002) " fcode="partselect"/>
<opset="trunc_ln1/1 "/>
</bind>
</comp>

<comp id="741" class="1004" name="trunc_ln424_1_fu_741">
<pin_list>
<pin id="742" dir="0" index="0" bw="59" slack="0"/>
<pin id="743" dir="0" index="1" bw="64" slack="0"/>
<pin id="744" dir="0" index="2" bw="4" slack="0"/>
<pin id="745" dir="0" index="3" bw="7" slack="0"/>
<pin id="746" dir="1" index="4" bw="59" slack="1"/>
</pin_list>
<bind>
<opcode="partselect(1002) " fcode="partselect"/>
<opset="trunc_ln424_1/1 "/>
</bind>
</comp>

<comp id="751" class="1004" name="trunc_ln424_2_fu_751">
<pin_list>
<pin id="752" dir="0" index="0" bw="59" slack="0"/>
<pin id="753" dir="0" index="1" bw="64" slack="0"/>
<pin id="754" dir="0" index="2" bw="4" slack="0"/>
<pin id="755" dir="0" index="3" bw="7" slack="0"/>
<pin id="756" dir="1" index="4" bw="59" slack="1"/>
</pin_list>
<bind>
<opcode="partselect(1002) " fcode="partselect"/>
<opset="trunc_ln424_2/1 "/>
</bind>
</comp>

<comp id="761" class="1004" name="trunc_ln424_3_fu_761">
<pin_list>
<pin id="762" dir="0" index="0" bw="59" slack="0"/>
<pin id="763" dir="0" index="1" bw="64" slack="0"/>
<pin id="764" dir="0" index="2" bw="4" slack="0"/>
<pin id="765" dir="0" index="3" bw="7" slack="0"/>
<pin id="766" dir="1" index="4" bw="59" slack="1"/>
</pin_list>
<bind>
<opcode="partselect(1002) " fcode="partselect"/>
<opset="trunc_ln424_3/1 "/>
</bind>
</comp>

<comp id="771" class="1004" name="add_ln425_fu_771">
<pin_list>
<pin id="772" dir="0" index="0" bw="34" slack="0"/>
<pin id="773" dir="0" index="1" bw="64" slack="0"/>
<pin id="774" dir="1" index="2" bw="64" slack="0"/>
</pin_list>
<bind>
<opcode="add(8) " fcode="add"/>
<opset="add_ln425/1 "/>
</bind>
</comp>

<comp id="777" class="1004" name="add_ln425_1_fu_777">
<pin_list>
<pin id="778" dir="0" index="0" bw="34" slack="0"/>
<pin id="779" dir="0" index="1" bw="64" slack="0"/>
<pin id="780" dir="1" index="2" bw="64" slack="0"/>
</pin_list>
<bind>
<opcode="add(8) " fcode="add"/>
<opset="add_ln425_1/1 "/>
</bind>
</comp>

<comp id="783" class="1004" name="add_ln425_2_fu_783">
<pin_list>
<pin id="784" dir="0" index="0" bw="34" slack="0"/>
<pin id="785" dir="0" index="1" bw="64" slack="0"/>
<pin id="786" dir="1" index="2" bw="64" slack="0"/>
</pin_list>
<bind>
<opcode="add(8) " fcode="add"/>
<opset="add_ln425_2/1 "/>
</bind>
</comp>

<comp id="789" class="1004" name="add_ln425_3_fu_789">
<pin_list>
<pin id="790" dir="0" index="0" bw="34" slack="0"/>
<pin id="791" dir="0" index="1" bw="64" slack="0"/>
<pin id="792" dir="1" index="2" bw="64" slack="0"/>
</pin_list>
<bind>
<opcode="add(8) " fcode="add"/>
<opset="add_ln425_3/1 "/>
</bind>
</comp>

<comp id="795" class="1004" name="trunc_ln2_fu_795">
<pin_list>
<pin id="796" dir="0" index="0" bw="59" slack="0"/>
<pin id="797" dir="0" index="1" bw="64" slack="0"/>
<pin id="798" dir="0" index="2" bw="4" slack="0"/>
<pin id="799" dir="0" index="3" bw="7" slack="0"/>
<pin id="800" dir="1" index="4" bw="59" slack="1"/>
</pin_list>
<bind>
<opcode="partselect(1002) " fcode="partselect"/>
<opset="trunc_ln2/1 "/>
</bind>
</comp>

<comp id="805" class="1004" name="trunc_ln425_1_fu_805">
<pin_list>
<pin id="806" dir="0" index="0" bw="59" slack="0"/>
<pin id="807" dir="0" index="1" bw="64" slack="0"/>
<pin id="808" dir="0" index="2" bw="4" slack="0"/>
<pin id="809" dir="0" index="3" bw="7" slack="0"/>
<pin id="810" dir="1" index="4" bw="59" slack="1"/>
</pin_list>
<bind>
<opcode="partselect(1002) " fcode="partselect"/>
<opset="trunc_ln425_1/1 "/>
</bind>
</comp>

<comp id="815" class="1004" name="trunc_ln425_2_fu_815">
<pin_list>
<pin id="816" dir="0" index="0" bw="59" slack="0"/>
<pin id="817" dir="0" index="1" bw="64" slack="0"/>
<pin id="818" dir="0" index="2" bw="4" slack="0"/>
<pin id="819" dir="0" index="3" bw="7" slack="0"/>
<pin id="820" dir="1" index="4" bw="59" slack="1"/>
</pin_list>
<bind>
<opcode="partselect(1002) " fcode="partselect"/>
<opset="trunc_ln425_2/1 "/>
</bind>
</comp>

<comp id="825" class="1004" name="trunc_ln425_3_fu_825">
<pin_list>
<pin id="826" dir="0" index="0" bw="59" slack="0"/>
<pin id="827" dir="0" index="1" bw="64" slack="0"/>
<pin id="828" dir="0" index="2" bw="4" slack="0"/>
<pin id="829" dir="0" index="3" bw="7" slack="0"/>
<pin id="830" dir="1" index="4" bw="59" slack="1"/>
</pin_list>
<bind>
<opcode="partselect(1002) " fcode="partselect"/>
<opset="trunc_ln425_3/1 "/>
</bind>
</comp>

<comp id="835" class="1004" name="add_ln427_fu_835">
<pin_list>
<pin id="836" dir="0" index="0" bw="34" slack="0"/>
<pin id="837" dir="0" index="1" bw="64" slack="0"/>
<pin id="838" dir="1" index="2" bw="64" slack="0"/>
</pin_list>
<bind>
<opcode="add(8) " fcode="add"/>
<opset="add_ln427/1 "/>
</bind>
</comp>

<comp id="841" class="1004" name="add_ln427_1_fu_841">
<pin_list>
<pin id="842" dir="0" index="0" bw="34" slack="0"/>
<pin id="843" dir="0" index="1" bw="64" slack="0"/>
<pin id="844" dir="1" index="2" bw="64" slack="0"/>
</pin_list>
<bind>
<opcode="add(8) " fcode="add"/>
<opset="add_ln427_1/1 "/>
</bind>
</comp>

<comp id="847" class="1004" name="add_ln427_2_fu_847">
<pin_list>
<pin id="848" dir="0" index="0" bw="34" slack="0"/>
<pin id="849" dir="0" index="1" bw="64" slack="0"/>
<pin id="850" dir="1" index="2" bw="64" slack="0"/>
</pin_list>
<bind>
<opcode="add(8) " fcode="add"/>
<opset="add_ln427_2/1 "/>
</bind>
</comp>

<comp id="853" class="1004" name="add_ln427_3_fu_853">
<pin_list>
<pin id="854" dir="0" index="0" bw="34" slack="0"/>
<pin id="855" dir="0" index="1" bw="64" slack="0"/>
<pin id="856" dir="1" index="2" bw="64" slack="0"/>
</pin_list>
<bind>
<opcode="add(8) " fcode="add"/>
<opset="add_ln427_3/1 "/>
</bind>
</comp>

<comp id="859" class="1004" name="trunc_ln4_fu_859">
<pin_list>
<pin id="860" dir="0" index="0" bw="59" slack="0"/>
<pin id="861" dir="0" index="1" bw="64" slack="0"/>
<pin id="862" dir="0" index="2" bw="4" slack="0"/>
<pin id="863" dir="0" index="3" bw="7" slack="0"/>
<pin id="864" dir="1" index="4" bw="59" slack="1"/>
</pin_list>
<bind>
<opcode="partselect(1002) " fcode="partselect"/>
<opset="trunc_ln4/1 "/>
</bind>
</comp>

<comp id="869" class="1004" name="trunc_ln427_1_fu_869">
<pin_list>
<pin id="870" dir="0" index="0" bw="59" slack="0"/>
<pin id="871" dir="0" index="1" bw="64" slack="0"/>
<pin id="872" dir="0" index="2" bw="4" slack="0"/>
<pin id="873" dir="0" index="3" bw="7" slack="0"/>
<pin id="874" dir="1" index="4" bw="59" slack="1"/>
</pin_list>
<bind>
<opcode="partselect(1002) " fcode="partselect"/>
<opset="trunc_ln427_1/1 "/>
</bind>
</comp>

<comp id="879" class="1004" name="trunc_ln427_2_fu_879">
<pin_list>
<pin id="880" dir="0" index="0" bw="59" slack="0"/>
<pin id="881" dir="0" index="1" bw="64" slack="0"/>
<pin id="882" dir="0" index="2" bw="4" slack="0"/>
<pin id="883" dir="0" index="3" bw="7" slack="0"/>
<pin id="884" dir="1" index="4" bw="59" slack="1"/>
</pin_list>
<bind>
<opcode="partselect(1002) " fcode="partselect"/>
<opset="trunc_ln427_2/1 "/>
</bind>
</comp>

<comp id="889" class="1004" name="trunc_ln427_3_fu_889">
<pin_list>
<pin id="890" dir="0" index="0" bw="59" slack="0"/>
<pin id="891" dir="0" index="1" bw="64" slack="0"/>
<pin id="892" dir="0" index="2" bw="4" slack="0"/>
<pin id="893" dir="0" index="3" bw="7" slack="0"/>
<pin id="894" dir="1" index="4" bw="59" slack="1"/>
</pin_list>
<bind>
<opcode="partselect(1002) " fcode="partselect"/>
<opset="trunc_ln427_3/1 "/>
</bind>
</comp>

<comp id="899" class="1004" name="store_ln420_store_fu_899">
<pin_list>
<pin id="900" dir="0" index="0" bw="31" slack="0"/>
<pin id="901" dir="0" index="1" bw="31" slack="0"/>
<pin id="902" dir="1" index="2" bw="0" slack="2147483647"/>
</pin_list>
<bind>
<opcode="store(28) " fcode="store"/>
<opset="store_ln420/1 "/>
</bind>
</comp>

<comp id="904" class="1004" name="sext_ln423_fu_904">
<pin_list>
<pin id="905" dir="0" index="0" bw="59" slack="1"/>
<pin id="906" dir="1" index="1" bw="64" slack="0"/>
</pin_list>
<bind>
<opcode="sext(35) " fcode="sext"/>
<opset="sext_ln423/2 "/>
</bind>
</comp>

<comp id="907" class="1004" name="gmem0_0_addr_fu_907">
<pin_list>
<pin id="908" dir="0" index="0" bw="256" slack="0"/>
<pin id="909" dir="0" index="1" bw="59" slack="0"/>
<pin id="910" dir="1" index="2" bw="256" slack="0"/>
</pin_list>
<bind>
<opcode="getelementptr(29) " fcode="getelementptr"/>
<opset="gmem0_0_addr/2 "/>
</bind>
</comp>

<comp id="914" class="1004" name="sext_ln423_1_fu_914">
<pin_list>
<pin id="915" dir="0" index="0" bw="59" slack="1"/>
<pin id="916" dir="1" index="1" bw="64" slack="0"/>
</pin_list>
<bind>
<opcode="sext(35) " fcode="sext"/>
<opset="sext_ln423_1/2 "/>
</bind>
</comp>

<comp id="917" class="1004" name="gmem0_1_addr_fu_917">
<pin_list>
<pin id="918" dir="0" index="0" bw="256" slack="0"/>
<pin id="919" dir="0" index="1" bw="59" slack="0"/>
<pin id="920" dir="1" index="2" bw="256" slack="0"/>
</pin_list>
<bind>
<opcode="getelementptr(29) " fcode="getelementptr"/>
<opset="gmem0_1_addr/2 "/>
</bind>
</comp>

<comp id="924" class="1004" name="sext_ln423_2_fu_924">
<pin_list>
<pin id="925" dir="0" index="0" bw="59" slack="1"/>
<pin id="926" dir="1" index="1" bw="64" slack="0"/>
</pin_list>
<bind>
<opcode="sext(35) " fcode="sext"/>
<opset="sext_ln423_2/2 "/>
</bind>
</comp>

<comp id="927" class="1004" name="gmem0_2_addr_fu_927">
<pin_list>
<pin id="928" dir="0" index="0" bw="256" slack="0"/>
<pin id="929" dir="0" index="1" bw="59" slack="0"/>
<pin id="930" dir="1" index="2" bw="256" slack="0"/>
</pin_list>
<bind>
<opcode="getelementptr(29) " fcode="getelementptr"/>
<opset="gmem0_2_addr/2 "/>
</bind>
</comp>

<comp id="934" class="1004" name="sext_ln423_3_fu_934">
<pin_list>
<pin id="935" dir="0" index="0" bw="59" slack="1"/>
<pin id="936" dir="1" index="1" bw="64" slack="0"/>
</pin_list>
<bind>
<opcode="sext(35) " fcode="sext"/>
<opset="sext_ln423_3/2 "/>
</bind>
</comp>

<comp id="937" class="1004" name="gmem0_3_addr_fu_937">
<pin_list>
<pin id="938" dir="0" index="0" bw="256" slack="0"/>
<pin id="939" dir="0" index="1" bw="59" slack="0"/>
<pin id="940" dir="1" index="2" bw="256" slack="0"/>
</pin_list>
<bind>
<opcode="getelementptr(29) " fcode="getelementptr"/>
<opset="gmem0_3_addr/2 "/>
</bind>
</comp>

<comp id="944" class="1004" name="sext_ln424_fu_944">
<pin_list>
<pin id="945" dir="0" index="0" bw="59" slack="1"/>
<pin id="946" dir="1" index="1" bw="64" slack="0"/>
</pin_list>
<bind>
<opcode="sext(35) " fcode="sext"/>
<opset="sext_ln424/2 "/>
</bind>
</comp>

<comp id="947" class="1004" name="gmem1_0_addr_fu_947">
<pin_list>
<pin id="948" dir="0" index="0" bw="256" slack="0"/>
<pin id="949" dir="0" index="1" bw="59" slack="0"/>
<pin id="950" dir="1" index="2" bw="256" slack="0"/>
</pin_list>
<bind>
<opcode="getelementptr(29) " fcode="getelementptr"/>
<opset="gmem1_0_addr/2 "/>
</bind>
</comp>

<comp id="954" class="1004" name="sext_ln424_1_fu_954">
<pin_list>
<pin id="955" dir="0" index="0" bw="59" slack="1"/>
<pin id="956" dir="1" index="1" bw="64" slack="0"/>
</pin_list>
<bind>
<opcode="sext(35) " fcode="sext"/>
<opset="sext_ln424_1/2 "/>
</bind>
</comp>

<comp id="957" class="1004" name="gmem1_1_addr_fu_957">
<pin_list>
<pin id="958" dir="0" index="0" bw="256" slack="0"/>
<pin id="959" dir="0" index="1" bw="59" slack="0"/>
<pin id="960" dir="1" index="2" bw="256" slack="0"/>
</pin_list>
<bind>
<opcode="getelementptr(29) " fcode="getelementptr"/>
<opset="gmem1_1_addr/2 "/>
</bind>
</comp>

<comp id="964" class="1004" name="sext_ln424_2_fu_964">
<pin_list>
<pin id="965" dir="0" index="0" bw="59" slack="1"/>
<pin id="966" dir="1" index="1" bw="64" slack="0"/>
</pin_list>
<bind>
<opcode="sext(35) " fcode="sext"/>
<opset="sext_ln424_2/2 "/>
</bind>
</comp>

<comp id="967" class="1004" name="gmem1_2_addr_fu_967">
<pin_list>
<pin id="968" dir="0" index="0" bw="256" slack="0"/>
<pin id="969" dir="0" index="1" bw="59" slack="0"/>
<pin id="970" dir="1" index="2" bw="256" slack="0"/>
</pin_list>
<bind>
<opcode="getelementptr(29) " fcode="getelementptr"/>
<opset="gmem1_2_addr/2 "/>
</bind>
</comp>

<comp id="974" class="1004" name="sext_ln424_3_fu_974">
<pin_list>
<pin id="975" dir="0" index="0" bw="59" slack="1"/>
<pin id="976" dir="1" index="1" bw="64" slack="0"/>
</pin_list>
<bind>
<opcode="sext(35) " fcode="sext"/>
<opset="sext_ln424_3/2 "/>
</bind>
</comp>

<comp id="977" class="1004" name="gmem1_3_addr_fu_977">
<pin_list>
<pin id="978" dir="0" index="0" bw="256" slack="0"/>
<pin id="979" dir="0" index="1" bw="59" slack="0"/>
<pin id="980" dir="1" index="2" bw="256" slack="0"/>
</pin_list>
<bind>
<opcode="getelementptr(29) " fcode="getelementptr"/>
<opset="gmem1_3_addr/2 "/>
</bind>
</comp>

<comp id="984" class="1004" name="sext_ln425_fu_984">
<pin_list>
<pin id="985" dir="0" index="0" bw="59" slack="1"/>
<pin id="986" dir="1" index="1" bw="64" slack="0"/>
</pin_list>
<bind>
<opcode="sext(35) " fcode="sext"/>
<opset="sext_ln425/2 "/>
</bind>
</comp>

<comp id="987" class="1004" name="gmem2_0_addr_fu_987">
<pin_list>
<pin id="988" dir="0" index="0" bw="256" slack="0"/>
<pin id="989" dir="0" index="1" bw="59" slack="0"/>
<pin id="990" dir="1" index="2" bw="256" slack="0"/>
</pin_list>
<bind>
<opcode="getelementptr(29) " fcode="getelementptr"/>
<opset="gmem2_0_addr/2 "/>
</bind>
</comp>

<comp id="994" class="1004" name="sext_ln425_1_fu_994">
<pin_list>
<pin id="995" dir="0" index="0" bw="59" slack="1"/>
<pin id="996" dir="1" index="1" bw="64" slack="0"/>
</pin_list>
<bind>
<opcode="sext(35) " fcode="sext"/>
<opset="sext_ln425_1/2 "/>
</bind>
</comp>

<comp id="997" class="1004" name="gmem2_1_addr_fu_997">
<pin_list>
<pin id="998" dir="0" index="0" bw="256" slack="0"/>
<pin id="999" dir="0" index="1" bw="59" slack="0"/>
<pin id="1000" dir="1" index="2" bw="256" slack="0"/>
</pin_list>
<bind>
<opcode="getelementptr(29) " fcode="getelementptr"/>
<opset="gmem2_1_addr/2 "/>
</bind>
</comp>

<comp id="1004" class="1004" name="sext_ln425_2_fu_1004">
<pin_list>
<pin id="1005" dir="0" index="0" bw="59" slack="1"/>
<pin id="1006" dir="1" index="1" bw="64" slack="0"/>
</pin_list>
<bind>
<opcode="sext(35) " fcode="sext"/>
<opset="sext_ln425_2/2 "/>
</bind>
</comp>

<comp id="1007" class="1004" name="gmem2_2_addr_fu_1007">
<pin_list>
<pin id="1008" dir="0" index="0" bw="256" slack="0"/>
<pin id="1009" dir="0" index="1" bw="59" slack="0"/>
<pin id="1010" dir="1" index="2" bw="256" slack="0"/>
</pin_list>
<bind>
<opcode="getelementptr(29) " fcode="getelementptr"/>
<opset="gmem2_2_addr/2 "/>
</bind>
</comp>

<comp id="1014" class="1004" name="sext_ln425_3_fu_1014">
<pin_list>
<pin id="1015" dir="0" index="0" bw="59" slack="1"/>
<pin id="1016" dir="1" index="1" bw="64" slack="0"/>
</pin_list>
<bind>
<opcode="sext(35) " fcode="sext"/>
<opset="sext_ln425_3/2 "/>
</bind>
</comp>

<comp id="1017" class="1004" name="gmem2_3_addr_fu_1017">
<pin_list>
<pin id="1018" dir="0" index="0" bw="256" slack="0"/>
<pin id="1019" dir="0" index="1" bw="59" slack="0"/>
<pin id="1020" dir="1" index="2" bw="256" slack="0"/>
</pin_list>
<bind>
<opcode="getelementptr(29) " fcode="getelementptr"/>
<opset="gmem2_3_addr/2 "/>
</bind>
</comp>

<comp id="1024" class="1004" name="add_ln426_fu_1024">
<pin_list>
<pin id="1025" dir="0" index="0" bw="34" slack="1"/>
<pin id="1026" dir="0" index="1" bw="64" slack="1"/>
<pin id="1027" dir="1" index="2" bw="64" slack="0"/>
</pin_list>
<bind>
<opcode="add(8) " fcode="add"/>
<opset="add_ln426/2 "/>
</bind>
</comp>

<comp id="1028" class="1004" name="add_ln426_1_fu_1028">
<pin_list>
<pin id="1029" dir="0" index="0" bw="34" slack="1"/>
<pin id="1030" dir="0" index="1" bw="64" slack="1"/>
<pin id="1031" dir="1" index="2" bw="64" slack="0"/>
</pin_list>
<bind>
<opcode="add(8) " fcode="add"/>
<opset="add_ln426_1/2 "/>
</bind>
</comp>

<comp id="1032" class="1004" name="add_ln426_2_fu_1032">
<pin_list>
<pin id="1033" dir="0" index="0" bw="34" slack="1"/>
<pin id="1034" dir="0" index="1" bw="64" slack="1"/>
<pin id="1035" dir="1" index="2" bw="64" slack="0"/>
</pin_list>
<bind>
<opcode="add(8) " fcode="add"/>
<opset="add_ln426_2/2 "/>
</bind>
</comp>

<comp id="1036" class="1004" name="add_ln426_3_fu_1036">
<pin_list>
<pin id="1037" dir="0" index="0" bw="34" slack="1"/>
<pin id="1038" dir="0" index="1" bw="64" slack="1"/>
<pin id="1039" dir="1" index="2" bw="64" slack="0"/>
</pin_list>
<bind>
<opcode="add(8) " fcode="add"/>
<opset="add_ln426_3/2 "/>
</bind>
</comp>

<comp id="1040" class="1004" name="trunc_ln3_fu_1040">
<pin_list>
<pin id="1041" dir="0" index="0" bw="59" slack="0"/>
<pin id="1042" dir="0" index="1" bw="64" slack="0"/>
<pin id="1043" dir="0" index="2" bw="4" slack="0"/>
<pin id="1044" dir="0" index="3" bw="7" slack="0"/>
<pin id="1045" dir="1" index="4" bw="59" slack="1"/>
</pin_list>
<bind>
<opcode="partselect(1002) " fcode="partselect"/>
<opset="trunc_ln3/2 "/>
</bind>
</comp>

<comp id="1050" class="1004" name="trunc_ln426_1_fu_1050">
<pin_list>
<pin id="1051" dir="0" index="0" bw="59" slack="0"/>
<pin id="1052" dir="0" index="1" bw="64" slack="0"/>
<pin id="1053" dir="0" index="2" bw="4" slack="0"/>
<pin id="1054" dir="0" index="3" bw="7" slack="0"/>
<pin id="1055" dir="1" index="4" bw="59" slack="1"/>
</pin_list>
<bind>
<opcode="partselect(1002) " fcode="partselect"/>
<opset="trunc_ln426_1/2 "/>
</bind>
</comp>

<comp id="1060" class="1004" name="trunc_ln426_2_fu_1060">
<pin_list>
<pin id="1061" dir="0" index="0" bw="59" slack="0"/>
<pin id="1062" dir="0" index="1" bw="64" slack="0"/>
<pin id="1063" dir="0" index="2" bw="4" slack="0"/>
<pin id="1064" dir="0" index="3" bw="7" slack="0"/>
<pin id="1065" dir="1" index="4" bw="59" slack="1"/>
</pin_list>
<bind>
<opcode="partselect(1002) " fcode="partselect"/>
<opset="trunc_ln426_2/2 "/>
</bind>
</comp>

<comp id="1070" class="1004" name="trunc_ln426_3_fu_1070">
<pin_list>
<pin id="1071" dir="0" index="0" bw="59" slack="0"/>
<pin id="1072" dir="0" index="1" bw="64" slack="0"/>
<pin id="1073" dir="0" index="2" bw="4" slack="0"/>
<pin id="1074" dir="0" index="3" bw="7" slack="0"/>
<pin id="1075" dir="1" index="4" bw="59" slack="1"/>
</pin_list>
<bind>
<opcode="partselect(1002) " fcode="partselect"/>
<opset="trunc_ln426_3/2 "/>
</bind>
</comp>

<comp id="1080" class="1004" name="sext_ln427_fu_1080">
<pin_list>
<pin id="1081" dir="0" index="0" bw="59" slack="1"/>
<pin id="1082" dir="1" index="1" bw="64" slack="0"/>
</pin_list>
<bind>
<opcode="sext(35) " fcode="sext"/>
<opset="sext_ln427/2 "/>
</bind>
</comp>

<comp id="1083" class="1004" name="gmem3_0_addr_fu_1083">
<pin_list>
<pin id="1084" dir="0" index="0" bw="256" slack="0"/>
<pin id="1085" dir="0" index="1" bw="59" slack="0"/>
<pin id="1086" dir="1" index="2" bw="256" slack="0"/>
</pin_list>
<bind>
<opcode="getelementptr(29) " fcode="getelementptr"/>
<opset="gmem3_0_addr/2 "/>
</bind>
</comp>

<comp id="1090" class="1004" name="sext_ln427_1_fu_1090">
<pin_list>
<pin id="1091" dir="0" index="0" bw="59" slack="1"/>
<pin id="1092" dir="1" index="1" bw="64" slack="0"/>
</pin_list>
<bind>
<opcode="sext(35) " fcode="sext"/>
<opset="sext_ln427_1/2 "/>
</bind>
</comp>

<comp id="1093" class="1004" name="gmem3_1_addr_fu_1093">
<pin_list>
<pin id="1094" dir="0" index="0" bw="256" slack="0"/>
<pin id="1095" dir="0" index="1" bw="59" slack="0"/>
<pin id="1096" dir="1" index="2" bw="256" slack="0"/>
</pin_list>
<bind>
<opcode="getelementptr(29) " fcode="getelementptr"/>
<opset="gmem3_1_addr/2 "/>
</bind>
</comp>

<comp id="1100" class="1004" name="sext_ln427_2_fu_1100">
<pin_list>
<pin id="1101" dir="0" index="0" bw="59" slack="1"/>
<pin id="1102" dir="1" index="1" bw="64" slack="0"/>
</pin_list>
<bind>
<opcode="sext(35) " fcode="sext"/>
<opset="sext_ln427_2/2 "/>
</bind>
</comp>

<comp id="1103" class="1004" name="gmem3_2_addr_fu_1103">
<pin_list>
<pin id="1104" dir="0" index="0" bw="256" slack="0"/>
<pin id="1105" dir="0" index="1" bw="59" slack="0"/>
<pin id="1106" dir="1" index="2" bw="256" slack="0"/>
</pin_list>
<bind>
<opcode="getelementptr(29) " fcode="getelementptr"/>
<opset="gmem3_2_addr/2 "/>
</bind>
</comp>

<comp id="1110" class="1004" name="sext_ln427_3_fu_1110">
<pin_list>
<pin id="1111" dir="0" index="0" bw="59" slack="1"/>
<pin id="1112" dir="1" index="1" bw="64" slack="0"/>
</pin_list>
<bind>
<opcode="sext(35) " fcode="sext"/>
<opset="sext_ln427_3/2 "/>
</bind>
</comp>

<comp id="1113" class="1004" name="gmem3_3_addr_fu_1113">
<pin_list>
<pin id="1114" dir="0" index="0" bw="256" slack="0"/>
<pin id="1115" dir="0" index="1" bw="59" slack="0"/>
<pin id="1116" dir="1" index="2" bw="256" slack="0"/>
</pin_list>
<bind>
<opcode="getelementptr(29) " fcode="getelementptr"/>
<opset="gmem3_3_addr/2 "/>
</bind>
</comp>

<comp id="1120" class="1004" name="sext_ln426_fu_1120">
<pin_list>
<pin id="1121" dir="0" index="0" bw="59" slack="1"/>
<pin id="1122" dir="1" index="1" bw="64" slack="0"/>
</pin_list>
<bind>
<opcode="sext(35) " fcode="sext"/>
<opset="sext_ln426/3 "/>
</bind>
</comp>

<comp id="1123" class="1004" name="gmem2_0_addr_1_fu_1123">
<pin_list>
<pin id="1124" dir="0" index="0" bw="256" slack="0"/>
<pin id="1125" dir="0" index="1" bw="59" slack="0"/>
<pin id="1126" dir="1" index="2" bw="256" slack="0"/>
</pin_list>
<bind>
<opcode="getelementptr(29) " fcode="getelementptr"/>
<opset="gmem2_0_addr_1/3 "/>
</bind>
</comp>

<comp id="1130" class="1004" name="sext_ln426_1_fu_1130">
<pin_list>
<pin id="1131" dir="0" index="0" bw="59" slack="1"/>
<pin id="1132" dir="1" index="1" bw="64" slack="0"/>
</pin_list>
<bind>
<opcode="sext(35) " fcode="sext"/>
<opset="sext_ln426_1/3 "/>
</bind>
</comp>

<comp id="1133" class="1004" name="gmem2_1_addr_1_fu_1133">
<pin_list>
<pin id="1134" dir="0" index="0" bw="256" slack="0"/>
<pin id="1135" dir="0" index="1" bw="59" slack="0"/>
<pin id="1136" dir="1" index="2" bw="256" slack="0"/>
</pin_list>
<bind>
<opcode="getelementptr(29) " fcode="getelementptr"/>
<opset="gmem2_1_addr_1/3 "/>
</bind>
</comp>

<comp id="1140" class="1004" name="sext_ln426_2_fu_1140">
<pin_list>
<pin id="1141" dir="0" index="0" bw="59" slack="1"/>
<pin id="1142" dir="1" index="1" bw="64" slack="0"/>
</pin_list>
<bind>
<opcode="sext(35) " fcode="sext"/>
<opset="sext_ln426_2/3 "/>
</bind>
</comp>

<comp id="1143" class="1004" name="gmem2_2_addr_1_fu_1143">
<pin_list>
<pin id="1144" dir="0" index="0" bw="256" slack="0"/>
<pin id="1145" dir="0" index="1" bw="59" slack="0"/>
<pin id="1146" dir="1" index="2" bw="256" slack="0"/>
</pin_list>
<bind>
<opcode="getelementptr(29) " fcode="getelementptr"/>
<opset="gmem2_2_addr_1/3 "/>
</bind>
</comp>

<comp id="1150" class="1004" name="sext_ln426_3_fu_1150">
<pin_list>
<pin id="1151" dir="0" index="0" bw="59" slack="1"/>
<pin id="1152" dir="1" index="1" bw="64" slack="0"/>
</pin_list>
<bind>
<opcode="sext(35) " fcode="sext"/>
<opset="sext_ln426_3/3 "/>
</bind>
</comp>

<comp id="1153" class="1004" name="gmem2_3_addr_1_fu_1153">
<pin_list>
<pin id="1154" dir="0" index="0" bw="256" slack="0"/>
<pin id="1155" dir="0" index="1" bw="59" slack="0"/>
<pin id="1156" dir="1" index="2" bw="256" slack="0"/>
</pin_list>
<bind>
<opcode="getelementptr(29) " fcode="getelementptr"/>
<opset="gmem2_3_addr_1/3 "/>
</bind>
</comp>

<comp id="1160" class="1004" name="p_s_fu_1160">
<pin_list>
<pin id="1161" dir="0" index="0" bw="256" slack="0"/>
<pin id="1162" dir="0" index="1" bw="2" slack="0"/>
<pin id="1163" dir="0" index="2" bw="256" slack="1"/>
<pin id="1164" dir="0" index="3" bw="2" slack="0"/>
<pin id="1165" dir="0" index="4" bw="256" slack="1"/>
<pin id="1166" dir="0" index="5" bw="2" slack="0"/>
<pin id="1167" dir="0" index="6" bw="256" slack="1"/>
<pin id="1168" dir="0" index="7" bw="2" slack="0"/>
<pin id="1169" dir="0" index="8" bw="256" slack="1"/>
<pin id="1170" dir="0" index="9" bw="256" slack="0"/>
<pin id="1171" dir="0" index="10" bw="2" slack="10"/>
<pin id="1172" dir="1" index="11" bw="256" slack="1"/>
</pin_list>
<bind>
<opcode="sparsemux(1197) " fcode="sparsemux"/>
<opset="p_s/11 "/>
</bind>
</comp>

<comp id="1179" class="1004" name="p_1_fu_1179">
<pin_list>
<pin id="1180" dir="0" index="0" bw="256" slack="0"/>
<pin id="1181" dir="0" index="1" bw="2" slack="0"/>
<pin id="1182" dir="0" index="2" bw="256" slack="1"/>
<pin id="1183" dir="0" index="3" bw="2" slack="0"/>
<pin id="1184" dir="0" index="4" bw="256" slack="1"/>
<pin id="1185" dir="0" index="5" bw="2" slack="0"/>
<pin id="1186" dir="0" index="6" bw="256" slack="1"/>
<pin id="1187" dir="0" index="7" bw="2" slack="0"/>
<pin id="1188" dir="0" index="8" bw="256" slack="1"/>
<pin id="1189" dir="0" index="9" bw="256" slack="0"/>
<pin id="1190" dir="0" index="10" bw="2" slack="10"/>
<pin id="1191" dir="1" index="11" bw="256" slack="1"/>
</pin_list>
<bind>
<opcode="sparsemux(1197) " fcode="sparsemux"/>
<opset="p_1/11 "/>
</bind>
</comp>

<comp id="1198" class="1004" name="p_2_fu_1198">
<pin_list>
<pin id="1199" dir="0" index="0" bw="256" slack="0"/>
<pin id="1200" dir="0" index="1" bw="2" slack="0"/>
<pin id="1201" dir="0" index="2" bw="256" slack="1"/>
<pin id="1202" dir="0" index="3" bw="2" slack="0"/>
<pin id="1203" dir="0" index="4" bw="256" slack="1"/>
<pin id="1204" dir="0" index="5" bw="2" slack="0"/>
<pin id="1205" dir="0" index="6" bw="256" slack="1"/>
<pin id="1206" dir="0" index="7" bw="2" slack="0"/>
<pin id="1207" dir="0" index="8" bw="256" slack="1"/>
<pin id="1208" dir="0" index="9" bw="256" slack="0"/>
<pin id="1209" dir="0" index="10" bw="2" slack="10"/>
<pin id="1210" dir="1" index="11" bw="256" slack="1"/>
</pin_list>
<bind>
<opcode="sparsemux(1197) " fcode="sparsemux"/>
<opset="p_2/11 "/>
</bind>
</comp>

<comp id="1217" class="1004" name="p_0_fu_1217">
<pin_list>
<pin id="1218" dir="0" index="0" bw="256" slack="0"/>
<pin id="1219" dir="0" index="1" bw="2" slack="0"/>
<pin id="1220" dir="0" index="2" bw="256" slack="1"/>
<pin id="1221" dir="0" index="3" bw="2" slack="0"/>
<pin id="1222" dir="0" index="4" bw="256" slack="1"/>
<pin id="1223" dir="0" index="5" bw="2" slack="0"/>
<pin id="1224" dir="0" index="6" bw="256" slack="1"/>
<pin id="1225" dir="0" index="7" bw="2" slack="0"/>
<pin id="1226" dir="0" index="8" bw="256" slack="1"/>
<pin id="1227" dir="0" index="9" bw="256" slack="0"/>
<pin id="1228" dir="0" index="10" bw="2" slack="10"/>
<pin id="1229" dir="1" index="11" bw="256" slack="1"/>
</pin_list>
<bind>
<opcode="sparsemux(1197) " fcode="sparsemux"/>
<opset="p_0/11 "/>
</bind>
</comp>

<comp id="1236" class="1004" name="p_3_fu_1236">
<pin_list>
<pin id="1237" dir="0" index="0" bw="256" slack="0"/>
<pin id="1238" dir="0" index="1" bw="2" slack="0"/>
<pin id="1239" dir="0" index="2" bw="256" slack="1"/>
<pin id="1240" dir="0" index="3" bw="2" slack="0"/>
<pin id="1241" dir="0" index="4" bw="256" slack="1"/>
<pin id="1242" dir="0" index="5" bw="2" slack="0"/>
<pin id="1243" dir="0" index="6" bw="256" slack="1"/>
<pin id="1244" dir="0" index="7" bw="2" slack="0"/>
<pin id="1245" dir="0" index="8" bw="256" slack="1"/>
<pin id="1246" dir="0" index="9" bw="256" slack="0"/>
<pin id="1247" dir="0" index="10" bw="2" slack="11"/>
<pin id="1248" dir="1" index="11" bw="256" slack="0"/>
</pin_list>
<bind>
<opcode="sparsemux(1197) " fcode="sparsemux"/>
<opset="p_3/12 "/>
</bind>
</comp>

<comp id="1256" class="1005" name="i_reg_1256">
<pin_list>
<pin id="1257" dir="0" index="0" bw="31" slack="0"/>
<pin id="1258" dir="1" index="1" bw="31" slack="0"/>
</pin_list>
<bind>
<opset="i "/>
</bind>
</comp>

<comp id="1263" class="1005" name="t_array_3_read_reg_1263">
<pin_list>
<pin id="1264" dir="0" index="0" bw="64" slack="1"/>
<pin id="1265" dir="1" index="1" bw="64" slack="1"/>
</pin_list>
<bind>
<opset="t_array_3_read "/>
</bind>
</comp>

<comp id="1268" class="1005" name="t_array_2_read_reg_1268">
<pin_list>
<pin id="1269" dir="0" index="0" bw="64" slack="1"/>
<pin id="1270" dir="1" index="1" bw="64" slack="1"/>
</pin_list>
<bind>
<opset="t_array_2_read "/>
</bind>
</comp>

<comp id="1273" class="1005" name="t_array_1_read_reg_1273">
<pin_list>
<pin id="1274" dir="0" index="0" bw="64" slack="1"/>
<pin id="1275" dir="1" index="1" bw="64" slack="1"/>
</pin_list>
<bind>
<opset="t_array_1_read "/>
</bind>
</comp>

<comp id="1278" class="1005" name="t_array_0_read_reg_1278">
<pin_list>
<pin id="1279" dir="0" index="0" bw="64" slack="1"/>
<pin id="1280" dir="1" index="1" bw="64" slack="1"/>
</pin_list>
<bind>
<opset="t_array_0_read "/>
</bind>
</comp>

<comp id="1283" class="1005" name="icmp_ln420_reg_1283">
<pin_list>
<pin id="1284" dir="0" index="0" bw="1" slack="1"/>
<pin id="1285" dir="1" index="1" bw="1" slack="2147483647"/>
</pin_list>
<bind>
<opset="icmp_ln420 "/>
</bind>
</comp>

<comp id="1287" class="1005" name="trunc_ln420_reg_1287">
<pin_list>
<pin id="1288" dir="0" index="0" bw="2" slack="1"/>
<pin id="1289" dir="1" index="1" bw="2" slack="10"/>
</pin_list>
<bind>
<opset="trunc_ln420 "/>
</bind>
</comp>

<comp id="1296" class="1005" name="zext_ln423_reg_1296">
<pin_list>
<pin id="1297" dir="0" index="0" bw="64" slack="1"/>
<pin id="1298" dir="1" index="1" bw="64" slack="1"/>
</pin_list>
<bind>
<opset="zext_ln423 "/>
</bind>
</comp>

<comp id="1304" class="1005" name="trunc_ln_reg_1304">
<pin_list>
<pin id="1305" dir="0" index="0" bw="59" slack="1"/>
<pin id="1306" dir="1" index="1" bw="59" slack="1"/>
</pin_list>
<bind>
<opset="trunc_ln "/>
</bind>
</comp>

<comp id="1309" class="1005" name="trunc_ln423_1_reg_1309">
<pin_list>
<pin id="1310" dir="0" index="0" bw="59" slack="1"/>
<pin id="1311" dir="1" index="1" bw="59" slack="1"/>
</pin_list>
<bind>
<opset="trunc_ln423_1 "/>
</bind>
</comp>

<comp id="1314" class="1005" name="trunc_ln423_2_reg_1314">
<pin_list>
<pin id="1315" dir="0" index="0" bw="59" slack="1"/>
<pin id="1316" dir="1" index="1" bw="59" slack="1"/>
</pin_list>
<bind>
<opset="trunc_ln423_2 "/>
</bind>
</comp>

<comp id="1319" class="1005" name="trunc_ln423_3_reg_1319">
<pin_list>
<pin id="1320" dir="0" index="0" bw="59" slack="1"/>
<pin id="1321" dir="1" index="1" bw="59" slack="1"/>
</pin_list>
<bind>
<opset="trunc_ln423_3 "/>
</bind>
</comp>

<comp id="1324" class="1005" name="trunc_ln1_reg_1324">
<pin_list>
<pin id="1325" dir="0" index="0" bw="59" slack="1"/>
<pin id="1326" dir="1" index="1" bw="59" slack="1"/>
</pin_list>
<bind>
<opset="trunc_ln1 "/>
</bind>
</comp>

<comp id="1329" class="1005" name="trunc_ln424_1_reg_1329">
<pin_list>
<pin id="1330" dir="0" index="0" bw="59" slack="1"/>
<pin id="1331" dir="1" index="1" bw="59" slack="1"/>
</pin_list>
<bind>
<opset="trunc_ln424_1 "/>
</bind>
</comp>

<comp id="1334" class="1005" name="trunc_ln424_2_reg_1334">
<pin_list>
<pin id="1335" dir="0" index="0" bw="59" slack="1"/>
<pin id="1336" dir="1" index="1" bw="59" slack="1"/>
</pin_list>
<bind>
<opset="trunc_ln424_2 "/>
</bind>
</comp>

<comp id="1339" class="1005" name="trunc_ln424_3_reg_1339">
<pin_list>
<pin id="1340" dir="0" index="0" bw="59" slack="1"/>
<pin id="1341" dir="1" index="1" bw="59" slack="1"/>
</pin_list>
<bind>
<opset="trunc_ln424_3 "/>
</bind>
</comp>

<comp id="1344" class="1005" name="trunc_ln2_reg_1344">
<pin_list>
<pin id="1345" dir="0" index="0" bw="59" slack="1"/>
<pin id="1346" dir="1" index="1" bw="59" slack="1"/>
</pin_list>
<bind>
<opset="trunc_ln2 "/>
</bind>
</comp>

<comp id="1349" class="1005" name="trunc_ln425_1_reg_1349">
<pin_list>
<pin id="1350" dir="0" index="0" bw="59" slack="1"/>
<pin id="1351" dir="1" index="1" bw="59" slack="1"/>
</pin_list>
<bind>
<opset="trunc_ln425_1 "/>
</bind>
</comp>

<comp id="1354" class="1005" name="trunc_ln425_2_reg_1354">
<pin_list>
<pin id="1355" dir="0" index="0" bw="59" slack="1"/>
<pin id="1356" dir="1" index="1" bw="59" slack="1"/>
</pin_list>
<bind>
<opset="trunc_ln425_2 "/>
</bind>
</comp>

<comp id="1359" class="1005" name="trunc_ln425_3_reg_1359">
<pin_list>
<pin id="1360" dir="0" index="0" bw="59" slack="1"/>
<pin id="1361" dir="1" index="1" bw="59" slack="1"/>
</pin_list>
<bind>
<opset="trunc_ln425_3 "/>
</bind>
</comp>

<comp id="1364" class="1005" name="trunc_ln4_reg_1364">
<pin_list>
<pin id="1365" dir="0" index="0" bw="59" slack="1"/>
<pin id="1366" dir="1" index="1" bw="59" slack="1"/>
</pin_list>
<bind>
<opset="trunc_ln4 "/>
</bind>
</comp>

<comp id="1369" class="1005" name="trunc_ln427_1_reg_1369">
<pin_list>
<pin id="1370" dir="0" index="0" bw="59" slack="1"/>
<pin id="1371" dir="1" index="1" bw="59" slack="1"/>
</pin_list>
<bind>
<opset="trunc_ln427_1 "/>
</bind>
</comp>

<comp id="1374" class="1005" name="trunc_ln427_2_reg_1374">
<pin_list>
<pin id="1375" dir="0" index="0" bw="59" slack="1"/>
<pin id="1376" dir="1" index="1" bw="59" slack="1"/>
</pin_list>
<bind>
<opset="trunc_ln427_2 "/>
</bind>
</comp>

<comp id="1379" class="1005" name="trunc_ln427_3_reg_1379">
<pin_list>
<pin id="1380" dir="0" index="0" bw="59" slack="1"/>
<pin id="1381" dir="1" index="1" bw="59" slack="1"/>
</pin_list>
<bind>
<opset="trunc_ln427_3 "/>
</bind>
</comp>

<comp id="1384" class="1005" name="gmem0_0_addr_reg_1384">
<pin_list>
<pin id="1385" dir="0" index="0" bw="256" slack="1"/>
<pin id="1386" dir="1" index="1" bw="256" slack="1"/>
</pin_list>
<bind>
<opset="gmem0_0_addr "/>
</bind>
</comp>

<comp id="1390" class="1005" name="gmem0_1_addr_reg_1390">
<pin_list>
<pin id="1391" dir="0" index="0" bw="256" slack="1"/>
<pin id="1392" dir="1" index="1" bw="256" slack="1"/>
</pin_list>
<bind>
<opset="gmem0_1_addr "/>
</bind>
</comp>

<comp id="1396" class="1005" name="gmem0_2_addr_reg_1396">
<pin_list>
<pin id="1397" dir="0" index="0" bw="256" slack="1"/>
<pin id="1398" dir="1" index="1" bw="256" slack="1"/>
</pin_list>
<bind>
<opset="gmem0_2_addr "/>
</bind>
</comp>

<comp id="1402" class="1005" name="gmem0_3_addr_reg_1402">
<pin_list>
<pin id="1403" dir="0" index="0" bw="256" slack="1"/>
<pin id="1404" dir="1" index="1" bw="256" slack="1"/>
</pin_list>
<bind>
<opset="gmem0_3_addr "/>
</bind>
</comp>

<comp id="1408" class="1005" name="gmem1_0_addr_reg_1408">
<pin_list>
<pin id="1409" dir="0" index="0" bw="256" slack="1"/>
<pin id="1410" dir="1" index="1" bw="256" slack="1"/>
</pin_list>
<bind>
<opset="gmem1_0_addr "/>
</bind>
</comp>

<comp id="1414" class="1005" name="gmem1_1_addr_reg_1414">
<pin_list>
<pin id="1415" dir="0" index="0" bw="256" slack="1"/>
<pin id="1416" dir="1" index="1" bw="256" slack="1"/>
</pin_list>
<bind>
<opset="gmem1_1_addr "/>
</bind>
</comp>

<comp id="1420" class="1005" name="gmem1_2_addr_reg_1420">
<pin_list>
<pin id="1421" dir="0" index="0" bw="256" slack="1"/>
<pin id="1422" dir="1" index="1" bw="256" slack="1"/>
</pin_list>
<bind>
<opset="gmem1_2_addr "/>
</bind>
</comp>

<comp id="1426" class="1005" name="gmem1_3_addr_reg_1426">
<pin_list>
<pin id="1427" dir="0" index="0" bw="256" slack="1"/>
<pin id="1428" dir="1" index="1" bw="256" slack="1"/>
</pin_list>
<bind>
<opset="gmem1_3_addr "/>
</bind>
</comp>

<comp id="1432" class="1005" name="gmem2_0_addr_reg_1432">
<pin_list>
<pin id="1433" dir="0" index="0" bw="256" slack="1"/>
<pin id="1434" dir="1" index="1" bw="256" slack="1"/>
</pin_list>
<bind>
<opset="gmem2_0_addr "/>
</bind>
</comp>

<comp id="1438" class="1005" name="gmem2_1_addr_reg_1438">
<pin_list>
<pin id="1439" dir="0" index="0" bw="256" slack="1"/>
<pin id="1440" dir="1" index="1" bw="256" slack="1"/>
</pin_list>
<bind>
<opset="gmem2_1_addr "/>
</bind>
</comp>

<comp id="1444" class="1005" name="gmem2_2_addr_reg_1444">
<pin_list>
<pin id="1445" dir="0" index="0" bw="256" slack="1"/>
<pin id="1446" dir="1" index="1" bw="256" slack="1"/>
</pin_list>
<bind>
<opset="gmem2_2_addr "/>
</bind>
</comp>

<comp id="1450" class="1005" name="gmem2_3_addr_reg_1450">
<pin_list>
<pin id="1451" dir="0" index="0" bw="256" slack="1"/>
<pin id="1452" dir="1" index="1" bw="256" slack="1"/>
</pin_list>
<bind>
<opset="gmem2_3_addr "/>
</bind>
</comp>

<comp id="1456" class="1005" name="trunc_ln3_reg_1456">
<pin_list>
<pin id="1457" dir="0" index="0" bw="59" slack="1"/>
<pin id="1458" dir="1" index="1" bw="59" slack="1"/>
</pin_list>
<bind>
<opset="trunc_ln3 "/>
</bind>
</comp>

<comp id="1461" class="1005" name="trunc_ln426_1_reg_1461">
<pin_list>
<pin id="1462" dir="0" index="0" bw="59" slack="1"/>
<pin id="1463" dir="1" index="1" bw="59" slack="1"/>
</pin_list>
<bind>
<opset="trunc_ln426_1 "/>
</bind>
</comp>

<comp id="1466" class="1005" name="trunc_ln426_2_reg_1466">
<pin_list>
<pin id="1467" dir="0" index="0" bw="59" slack="1"/>
<pin id="1468" dir="1" index="1" bw="59" slack="1"/>
</pin_list>
<bind>
<opset="trunc_ln426_2 "/>
</bind>
</comp>

<comp id="1471" class="1005" name="trunc_ln426_3_reg_1471">
<pin_list>
<pin id="1472" dir="0" index="0" bw="59" slack="1"/>
<pin id="1473" dir="1" index="1" bw="59" slack="1"/>
</pin_list>
<bind>
<opset="trunc_ln426_3 "/>
</bind>
</comp>

<comp id="1476" class="1005" name="gmem3_0_addr_reg_1476">
<pin_list>
<pin id="1477" dir="0" index="0" bw="256" slack="1"/>
<pin id="1478" dir="1" index="1" bw="256" slack="1"/>
</pin_list>
<bind>
<opset="gmem3_0_addr "/>
</bind>
</comp>

<comp id="1482" class="1005" name="gmem3_1_addr_reg_1482">
<pin_list>
<pin id="1483" dir="0" index="0" bw="256" slack="1"/>
<pin id="1484" dir="1" index="1" bw="256" slack="1"/>
</pin_list>
<bind>
<opset="gmem3_1_addr "/>
</bind>
</comp>

<comp id="1488" class="1005" name="gmem3_2_addr_reg_1488">
<pin_list>
<pin id="1489" dir="0" index="0" bw="256" slack="1"/>
<pin id="1490" dir="1" index="1" bw="256" slack="1"/>
</pin_list>
<bind>
<opset="gmem3_2_addr "/>
</bind>
</comp>

<comp id="1494" class="1005" name="gmem3_3_addr_reg_1494">
<pin_list>
<pin id="1495" dir="0" index="0" bw="256" slack="1"/>
<pin id="1496" dir="1" index="1" bw="256" slack="1"/>
</pin_list>
<bind>
<opset="gmem3_3_addr "/>
</bind>
</comp>

<comp id="1500" class="1005" name="gmem2_0_addr_1_reg_1500">
<pin_list>
<pin id="1501" dir="0" index="0" bw="256" slack="1"/>
<pin id="1502" dir="1" index="1" bw="256" slack="1"/>
</pin_list>
<bind>
<opset="gmem2_0_addr_1 "/>
</bind>
</comp>

<comp id="1506" class="1005" name="gmem2_1_addr_1_reg_1506">
<pin_list>
<pin id="1507" dir="0" index="0" bw="256" slack="1"/>
<pin id="1508" dir="1" index="1" bw="256" slack="1"/>
</pin_list>
<bind>
<opset="gmem2_1_addr_1 "/>
</bind>
</comp>

<comp id="1512" class="1005" name="gmem2_2_addr_1_reg_1512">
<pin_list>
<pin id="1513" dir="0" index="0" bw="256" slack="1"/>
<pin id="1514" dir="1" index="1" bw="256" slack="1"/>
</pin_list>
<bind>
<opset="gmem2_2_addr_1 "/>
</bind>
</comp>

<comp id="1518" class="1005" name="gmem2_3_addr_1_reg_1518">
<pin_list>
<pin id="1519" dir="0" index="0" bw="256" slack="1"/>
<pin id="1520" dir="1" index="1" bw="256" slack="1"/>
</pin_list>
<bind>
<opset="gmem2_3_addr_1 "/>
</bind>
</comp>

<comp id="1524" class="1005" name="gmem0_0_addr_read_reg_1524">
<pin_list>
<pin id="1525" dir="0" index="0" bw="256" slack="1"/>
<pin id="1526" dir="1" index="1" bw="256" slack="1"/>
</pin_list>
<bind>
<opset="gmem0_0_addr_read "/>
</bind>
</comp>

<comp id="1529" class="1005" name="gmem0_1_addr_read_reg_1529">
<pin_list>
<pin id="1530" dir="0" index="0" bw="256" slack="1"/>
<pin id="1531" dir="1" index="1" bw="256" slack="1"/>
</pin_list>
<bind>
<opset="gmem0_1_addr_read "/>
</bind>
</comp>

<comp id="1534" class="1005" name="gmem0_2_addr_read_reg_1534">
<pin_list>
<pin id="1535" dir="0" index="0" bw="256" slack="1"/>
<pin id="1536" dir="1" index="1" bw="256" slack="1"/>
</pin_list>
<bind>
<opset="gmem0_2_addr_read "/>
</bind>
</comp>

<comp id="1539" class="1005" name="gmem0_3_addr_read_reg_1539">
<pin_list>
<pin id="1540" dir="0" index="0" bw="256" slack="1"/>
<pin id="1541" dir="1" index="1" bw="256" slack="1"/>
</pin_list>
<bind>
<opset="gmem0_3_addr_read "/>
</bind>
</comp>

<comp id="1544" class="1005" name="gmem1_0_addr_read_reg_1544">
<pin_list>
<pin id="1545" dir="0" index="0" bw="256" slack="1"/>
<pin id="1546" dir="1" index="1" bw="256" slack="1"/>
</pin_list>
<bind>
<opset="gmem1_0_addr_read "/>
</bind>
</comp>

<comp id="1549" class="1005" name="gmem1_1_addr_read_reg_1549">
<pin_list>
<pin id="1550" dir="0" index="0" bw="256" slack="1"/>
<pin id="1551" dir="1" index="1" bw="256" slack="1"/>
</pin_list>
<bind>
<opset="gmem1_1_addr_read "/>
</bind>
</comp>

<comp id="1554" class="1005" name="gmem1_2_addr_read_reg_1554">
<pin_list>
<pin id="1555" dir="0" index="0" bw="256" slack="1"/>
<pin id="1556" dir="1" index="1" bw="256" slack="1"/>
</pin_list>
<bind>
<opset="gmem1_2_addr_read "/>
</bind>
</comp>

<comp id="1559" class="1005" name="gmem1_3_addr_read_reg_1559">
<pin_list>
<pin id="1560" dir="0" index="0" bw="256" slack="1"/>
<pin id="1561" dir="1" index="1" bw="256" slack="1"/>
</pin_list>
<bind>
<opset="gmem1_3_addr_read "/>
</bind>
</comp>

<comp id="1564" class="1005" name="gmem2_0_addr_read_reg_1564">
<pin_list>
<pin id="1565" dir="0" index="0" bw="256" slack="1"/>
<pin id="1566" dir="1" index="1" bw="256" slack="1"/>
</pin_list>
<bind>
<opset="gmem2_0_addr_read "/>
</bind>
</comp>

<comp id="1569" class="1005" name="gmem2_1_addr_read_reg_1569">
<pin_list>
<pin id="1570" dir="0" index="0" bw="256" slack="1"/>
<pin id="1571" dir="1" index="1" bw="256" slack="1"/>
</pin_list>
<bind>
<opset="gmem2_1_addr_read "/>
</bind>
</comp>

<comp id="1574" class="1005" name="gmem2_2_addr_read_reg_1574">
<pin_list>
<pin id="1575" dir="0" index="0" bw="256" slack="1"/>
<pin id="1576" dir="1" index="1" bw="256" slack="1"/>
</pin_list>
<bind>
<opset="gmem2_2_addr_read "/>
</bind>
</comp>

<comp id="1579" class="1005" name="gmem2_3_addr_read_reg_1579">
<pin_list>
<pin id="1580" dir="0" index="0" bw="256" slack="1"/>
<pin id="1581" dir="1" index="1" bw="256" slack="1"/>
</pin_list>
<bind>
<opset="gmem2_3_addr_read "/>
</bind>
</comp>

<comp id="1584" class="1005" name="gmem3_0_addr_read_reg_1584">
<pin_list>
<pin id="1585" dir="0" index="0" bw="256" slack="1"/>
<pin id="1586" dir="1" index="1" bw="256" slack="1"/>
</pin_list>
<bind>
<opset="gmem3_0_addr_read "/>
</bind>
</comp>

<comp id="1589" class="1005" name="gmem3_1_addr_read_reg_1589">
<pin_list>
<pin id="1590" dir="0" index="0" bw="256" slack="1"/>
<pin id="1591" dir="1" index="1" bw="256" slack="1"/>
</pin_list>
<bind>
<opset="gmem3_1_addr_read "/>
</bind>
</comp>

<comp id="1594" class="1005" name="gmem3_2_addr_read_reg_1594">
<pin_list>
<pin id="1595" dir="0" index="0" bw="256" slack="1"/>
<pin id="1596" dir="1" index="1" bw="256" slack="1"/>
</pin_list>
<bind>
<opset="gmem3_2_addr_read "/>
</bind>
</comp>

<comp id="1599" class="1005" name="gmem3_3_addr_read_reg_1599">
<pin_list>
<pin id="1600" dir="0" index="0" bw="256" slack="1"/>
<pin id="1601" dir="1" index="1" bw="256" slack="1"/>
</pin_list>
<bind>
<opset="gmem3_3_addr_read "/>
</bind>
</comp>

<comp id="1604" class="1005" name="p_s_reg_1604">
<pin_list>
<pin id="1605" dir="0" index="0" bw="256" slack="1"/>
<pin id="1606" dir="1" index="1" bw="256" slack="1"/>
</pin_list>
<bind>
<opset="p_s "/>
</bind>
</comp>

<comp id="1609" class="1005" name="p_1_reg_1609">
<pin_list>
<pin id="1610" dir="0" index="0" bw="256" slack="1"/>
<pin id="1611" dir="1" index="1" bw="256" slack="1"/>
</pin_list>
<bind>
<opset="p_1 "/>
</bind>
</comp>

<comp id="1614" class="1005" name="p_2_reg_1614">
<pin_list>
<pin id="1615" dir="0" index="0" bw="256" slack="1"/>
<pin id="1616" dir="1" index="1" bw="256" slack="1"/>
</pin_list>
<bind>
<opset="p_2 "/>
</bind>
</comp>

<comp id="1619" class="1005" name="gmem2_0_addr_1_read_reg_1619">
<pin_list>
<pin id="1620" dir="0" index="0" bw="256" slack="1"/>
<pin id="1621" dir="1" index="1" bw="256" slack="1"/>
</pin_list>
<bind>
<opset="gmem2_0_addr_1_read "/>
</bind>
</comp>

<comp id="1624" class="1005" name="gmem2_1_addr_1_read_reg_1624">
<pin_list>
<pin id="1625" dir="0" index="0" bw="256" slack="1"/>
<pin id="1626" dir="1" index="1" bw="256" slack="1"/>
</pin_list>
<bind>
<opset="gmem2_1_addr_1_read "/>
</bind>
</comp>

<comp id="1629" class="1005" name="gmem2_2_addr_1_read_reg_1629">
<pin_list>
<pin id="1630" dir="0" index="0" bw="256" slack="1"/>
<pin id="1631" dir="1" index="1" bw="256" slack="1"/>
</pin_list>
<bind>
<opset="gmem2_2_addr_1_read "/>
</bind>
</comp>

<comp id="1634" class="1005" name="gmem2_3_addr_1_read_reg_1634">
<pin_list>
<pin id="1635" dir="0" index="0" bw="256" slack="1"/>
<pin id="1636" dir="1" index="1" bw="256" slack="1"/>
</pin_list>
<bind>
<opset="gmem2_3_addr_1_read "/>
</bind>
</comp>

<comp id="1639" class="1005" name="p_0_reg_1639">
<pin_list>
<pin id="1640" dir="0" index="0" bw="256" slack="1"/>
<pin id="1641" dir="1" index="1" bw="256" slack="1"/>
</pin_list>
<bind>
<opset="p_0 "/>
</bind>
</comp>

</comp_list>

<net_list>
<net id="191"><net_src comp="84" pin="0"/><net_sink comp="188" pin=0"/></net>

<net id="196"><net_src comp="138" pin="0"/><net_sink comp="192" pin=0"/></net>

<net id="197"><net_src comp="64" pin="0"/><net_sink comp="192" pin=1"/></net>

<net id="202"><net_src comp="138" pin="0"/><net_sink comp="198" pin=0"/></net>

<net id="203"><net_src comp="62" pin="0"/><net_sink comp="198" pin=1"/></net>

<net id="208"><net_src comp="138" pin="0"/><net_sink comp="204" pin=0"/></net>

<net id="209"><net_src comp="60" pin="0"/><net_sink comp="204" pin=1"/></net>

<net id="214"><net_src comp="138" pin="0"/><net_sink comp="210" pin=0"/></net>

<net id="215"><net_src comp="58" pin="0"/><net_sink comp="210" pin=1"/></net>

<net id="220"><net_src comp="138" pin="0"/><net_sink comp="216" pin=0"/></net>

<net id="221"><net_src comp="56" pin="0"/><net_sink comp="216" pin=1"/></net>

<net id="226"><net_src comp="138" pin="0"/><net_sink comp="222" pin=0"/></net>

<net id="227"><net_src comp="54" pin="0"/><net_sink comp="222" pin=1"/></net>

<net id="232"><net_src comp="138" pin="0"/><net_sink comp="228" pin=0"/></net>

<net id="233"><net_src comp="52" pin="0"/><net_sink comp="228" pin=1"/></net>

<net id="238"><net_src comp="138" pin="0"/><net_sink comp="234" pin=0"/></net>

<net id="239"><net_src comp="50" pin="0"/><net_sink comp="234" pin=1"/></net>

<net id="244"><net_src comp="138" pin="0"/><net_sink comp="240" pin=0"/></net>

<net id="245"><net_src comp="40" pin="0"/><net_sink comp="240" pin=1"/></net>

<net id="250"><net_src comp="138" pin="0"/><net_sink comp="246" pin=0"/></net>

<net id="251"><net_src comp="38" pin="0"/><net_sink comp="246" pin=1"/></net>

<net id="256"><net_src comp="138" pin="0"/><net_sink comp="252" pin=0"/></net>

<net id="257"><net_src comp="36" pin="0"/><net_sink comp="252" pin=1"/></net>

<net id="262"><net_src comp="138" pin="0"/><net_sink comp="258" pin=0"/></net>

<net id="263"><net_src comp="34" pin="0"/><net_sink comp="258" pin=1"/></net>

<net id="268"><net_src comp="138" pin="0"/><net_sink comp="264" pin=0"/></net>

<net id="269"><net_src comp="24" pin="0"/><net_sink comp="264" pin=1"/></net>

<net id="274"><net_src comp="138" pin="0"/><net_sink comp="270" pin=0"/></net>

<net id="275"><net_src comp="22" pin="0"/><net_sink comp="270" pin=1"/></net>

<net id="280"><net_src comp="138" pin="0"/><net_sink comp="276" pin=0"/></net>

<net id="281"><net_src comp="20" pin="0"/><net_sink comp="276" pin=1"/></net>

<net id="286"><net_src comp="138" pin="0"/><net_sink comp="282" pin=0"/></net>

<net id="287"><net_src comp="18" pin="0"/><net_sink comp="282" pin=1"/></net>

<net id="292"><net_src comp="138" pin="0"/><net_sink comp="288" pin=0"/></net>

<net id="293"><net_src comp="8" pin="0"/><net_sink comp="288" pin=1"/></net>

<net id="298"><net_src comp="138" pin="0"/><net_sink comp="294" pin=0"/></net>

<net id="299"><net_src comp="6" pin="0"/><net_sink comp="294" pin=1"/></net>

<net id="304"><net_src comp="138" pin="0"/><net_sink comp="300" pin=0"/></net>

<net id="305"><net_src comp="4" pin="0"/><net_sink comp="300" pin=1"/></net>

<net id="310"><net_src comp="138" pin="0"/><net_sink comp="306" pin=0"/></net>

<net id="311"><net_src comp="2" pin="0"/><net_sink comp="306" pin=1"/></net>

<net id="316"><net_src comp="140" pin="0"/><net_sink comp="312" pin=0"/></net>

<net id="317"><net_src comp="0" pin="0"/><net_sink comp="312" pin=1"/></net>

<net id="323"><net_src comp="162" pin="0"/><net_sink comp="318" pin=0"/></net>

<net id="324"><net_src comp="164" pin="0"/><net_sink comp="318" pin=2"/></net>

<net id="330"><net_src comp="162" pin="0"/><net_sink comp="325" pin=0"/></net>

<net id="331"><net_src comp="164" pin="0"/><net_sink comp="325" pin=2"/></net>

<net id="337"><net_src comp="162" pin="0"/><net_sink comp="332" pin=0"/></net>

<net id="338"><net_src comp="164" pin="0"/><net_sink comp="332" pin=2"/></net>

<net id="344"><net_src comp="162" pin="0"/><net_sink comp="339" pin=0"/></net>

<net id="345"><net_src comp="164" pin="0"/><net_sink comp="339" pin=2"/></net>

<net id="351"><net_src comp="162" pin="0"/><net_sink comp="346" pin=0"/></net>

<net id="352"><net_src comp="164" pin="0"/><net_sink comp="346" pin=2"/></net>

<net id="358"><net_src comp="162" pin="0"/><net_sink comp="353" pin=0"/></net>

<net id="359"><net_src comp="164" pin="0"/><net_sink comp="353" pin=2"/></net>

<net id="365"><net_src comp="162" pin="0"/><net_sink comp="360" pin=0"/></net>

<net id="366"><net_src comp="164" pin="0"/><net_sink comp="360" pin=2"/></net>

<net id="372"><net_src comp="162" pin="0"/><net_sink comp="367" pin=0"/></net>

<net id="373"><net_src comp="164" pin="0"/><net_sink comp="367" pin=2"/></net>

<net id="379"><net_src comp="162" pin="0"/><net_sink comp="374" pin=0"/></net>

<net id="380"><net_src comp="164" pin="0"/><net_sink comp="374" pin=2"/></net>

<net id="386"><net_src comp="162" pin="0"/><net_sink comp="381" pin=0"/></net>

<net id="387"><net_src comp="164" pin="0"/><net_sink comp="381" pin=2"/></net>

<net id="393"><net_src comp="162" pin="0"/><net_sink comp="388" pin=0"/></net>

<net id="394"><net_src comp="164" pin="0"/><net_sink comp="388" pin=2"/></net>

<net id="400"><net_src comp="162" pin="0"/><net_sink comp="395" pin=0"/></net>

<net id="401"><net_src comp="164" pin="0"/><net_sink comp="395" pin=2"/></net>

<net id="407"><net_src comp="162" pin="0"/><net_sink comp="402" pin=0"/></net>

<net id="408"><net_src comp="164" pin="0"/><net_sink comp="402" pin=2"/></net>

<net id="414"><net_src comp="162" pin="0"/><net_sink comp="409" pin=0"/></net>

<net id="415"><net_src comp="164" pin="0"/><net_sink comp="409" pin=2"/></net>

<net id="421"><net_src comp="162" pin="0"/><net_sink comp="416" pin=0"/></net>

<net id="422"><net_src comp="164" pin="0"/><net_sink comp="416" pin=2"/></net>

<net id="428"><net_src comp="162" pin="0"/><net_sink comp="423" pin=0"/></net>

<net id="429"><net_src comp="164" pin="0"/><net_sink comp="423" pin=2"/></net>

<net id="435"><net_src comp="162" pin="0"/><net_sink comp="430" pin=0"/></net>

<net id="436"><net_src comp="164" pin="0"/><net_sink comp="430" pin=2"/></net>

<net id="442"><net_src comp="162" pin="0"/><net_sink comp="437" pin=0"/></net>

<net id="443"><net_src comp="164" pin="0"/><net_sink comp="437" pin=2"/></net>

<net id="449"><net_src comp="162" pin="0"/><net_sink comp="444" pin=0"/></net>

<net id="450"><net_src comp="164" pin="0"/><net_sink comp="444" pin=2"/></net>

<net id="456"><net_src comp="162" pin="0"/><net_sink comp="451" pin=0"/></net>

<net id="457"><net_src comp="164" pin="0"/><net_sink comp="451" pin=2"/></net>

<net id="462"><net_src comp="166" pin="0"/><net_sink comp="458" pin=0"/></net>

<net id="467"><net_src comp="166" pin="0"/><net_sink comp="463" pin=0"/></net>

<net id="472"><net_src comp="166" pin="0"/><net_sink comp="468" pin=0"/></net>

<net id="477"><net_src comp="166" pin="0"/><net_sink comp="473" pin=0"/></net>

<net id="482"><net_src comp="166" pin="0"/><net_sink comp="478" pin=0"/></net>

<net id="487"><net_src comp="166" pin="0"/><net_sink comp="483" pin=0"/></net>

<net id="492"><net_src comp="166" pin="0"/><net_sink comp="488" pin=0"/></net>

<net id="497"><net_src comp="166" pin="0"/><net_sink comp="493" pin=0"/></net>

<net id="502"><net_src comp="166" pin="0"/><net_sink comp="498" pin=0"/></net>

<net id="507"><net_src comp="166" pin="0"/><net_sink comp="503" pin=0"/></net>

<net id="512"><net_src comp="166" pin="0"/><net_sink comp="508" pin=0"/></net>

<net id="517"><net_src comp="166" pin="0"/><net_sink comp="513" pin=0"/></net>

<net id="522"><net_src comp="166" pin="0"/><net_sink comp="518" pin=0"/></net>

<net id="527"><net_src comp="166" pin="0"/><net_sink comp="523" pin=0"/></net>

<net id="532"><net_src comp="166" pin="0"/><net_sink comp="528" pin=0"/></net>

<net id="537"><net_src comp="166" pin="0"/><net_sink comp="533" pin=0"/></net>

<net id="542"><net_src comp="166" pin="0"/><net_sink comp="538" pin=0"/></net>

<net id="547"><net_src comp="166" pin="0"/><net_sink comp="543" pin=0"/></net>

<net id="552"><net_src comp="166" pin="0"/><net_sink comp="548" pin=0"/></net>

<net id="557"><net_src comp="166" pin="0"/><net_sink comp="553" pin=0"/></net>

<net id="563"><net_src comp="186" pin="0"/><net_sink comp="558" pin=0"/></net>

<net id="564"><net_src comp="74" pin="0"/><net_sink comp="558" pin=1"/></net>

<net id="570"><net_src comp="186" pin="0"/><net_sink comp="565" pin=0"/></net>

<net id="571"><net_src comp="76" pin="0"/><net_sink comp="565" pin=1"/></net>

<net id="577"><net_src comp="186" pin="0"/><net_sink comp="572" pin=0"/></net>

<net id="578"><net_src comp="78" pin="0"/><net_sink comp="572" pin=1"/></net>

<net id="584"><net_src comp="186" pin="0"/><net_sink comp="579" pin=0"/></net>

<net id="585"><net_src comp="80" pin="0"/><net_sink comp="579" pin=1"/></net>

<net id="591"><net_src comp="186" pin="0"/><net_sink comp="586" pin=0"/></net>

<net id="592"><net_src comp="82" pin="0"/><net_sink comp="586" pin=1"/></net>

<net id="597"><net_src comp="142" pin="0"/><net_sink comp="593" pin=0"/></net>

<net id="604"><net_src comp="598" pin="1"/><net_sink comp="601" pin=0"/></net>

<net id="609"><net_src comp="601" pin="1"/><net_sink comp="605" pin=0"/></net>

<net id="610"><net_src comp="312" pin="2"/><net_sink comp="605" pin=1"/></net>

<net id="615"><net_src comp="598" pin="1"/><net_sink comp="611" pin=0"/></net>

<net id="616"><net_src comp="144" pin="0"/><net_sink comp="611" pin=1"/></net>

<net id="620"><net_src comp="598" pin="1"/><net_sink comp="617" pin=0"/></net>

<net id="627"><net_src comp="146" pin="0"/><net_sink comp="621" pin=0"/></net>

<net id="628"><net_src comp="598" pin="1"/><net_sink comp="621" pin=1"/></net>

<net id="629"><net_src comp="148" pin="0"/><net_sink comp="621" pin=2"/></net>

<net id="630"><net_src comp="150" pin="0"/><net_sink comp="621" pin=3"/></net>

<net id="636"><net_src comp="152" pin="0"/><net_sink comp="631" pin=0"/></net>

<net id="637"><net_src comp="621" pin="4"/><net_sink comp="631" pin=1"/></net>

<net id="638"><net_src comp="154" pin="0"/><net_sink comp="631" pin=2"/></net>

<net id="642"><net_src comp="631" pin="3"/><net_sink comp="639" pin=0"/></net>

<net id="647"><net_src comp="639" pin="1"/><net_sink comp="643" pin=0"/></net>

<net id="648"><net_src comp="306" pin="2"/><net_sink comp="643" pin=1"/></net>

<net id="653"><net_src comp="639" pin="1"/><net_sink comp="649" pin=0"/></net>

<net id="654"><net_src comp="300" pin="2"/><net_sink comp="649" pin=1"/></net>

<net id="659"><net_src comp="639" pin="1"/><net_sink comp="655" pin=0"/></net>

<net id="660"><net_src comp="294" pin="2"/><net_sink comp="655" pin=1"/></net>

<net id="665"><net_src comp="639" pin="1"/><net_sink comp="661" pin=0"/></net>

<net id="666"><net_src comp="288" pin="2"/><net_sink comp="661" pin=1"/></net>

<net id="673"><net_src comp="156" pin="0"/><net_sink comp="667" pin=0"/></net>

<net id="674"><net_src comp="643" pin="2"/><net_sink comp="667" pin=1"/></net>

<net id="675"><net_src comp="158" pin="0"/><net_sink comp="667" pin=2"/></net>

<net id="676"><net_src comp="160" pin="0"/><net_sink comp="667" pin=3"/></net>

<net id="683"><net_src comp="156" pin="0"/><net_sink comp="677" pin=0"/></net>

<net id="684"><net_src comp="649" pin="2"/><net_sink comp="677" pin=1"/></net>

<net id="685"><net_src comp="158" pin="0"/><net_sink comp="677" pin=2"/></net>

<net id="686"><net_src comp="160" pin="0"/><net_sink comp="677" pin=3"/></net>

<net id="693"><net_src comp="156" pin="0"/><net_sink comp="687" pin=0"/></net>

<net id="694"><net_src comp="655" pin="2"/><net_sink comp="687" pin=1"/></net>

<net id="695"><net_src comp="158" pin="0"/><net_sink comp="687" pin=2"/></net>

<net id="696"><net_src comp="160" pin="0"/><net_sink comp="687" pin=3"/></net>

<net id="703"><net_src comp="156" pin="0"/><net_sink comp="697" pin=0"/></net>

<net id="704"><net_src comp="661" pin="2"/><net_sink comp="697" pin=1"/></net>

<net id="705"><net_src comp="158" pin="0"/><net_sink comp="697" pin=2"/></net>

<net id="706"><net_src comp="160" pin="0"/><net_sink comp="697" pin=3"/></net>

<net id="711"><net_src comp="639" pin="1"/><net_sink comp="707" pin=0"/></net>

<net id="712"><net_src comp="282" pin="2"/><net_sink comp="707" pin=1"/></net>

<net id="717"><net_src comp="639" pin="1"/><net_sink comp="713" pin=0"/></net>

<net id="718"><net_src comp="276" pin="2"/><net_sink comp="713" pin=1"/></net>

<net id="723"><net_src comp="639" pin="1"/><net_sink comp="719" pin=0"/></net>

<net id="724"><net_src comp="270" pin="2"/><net_sink comp="719" pin=1"/></net>

<net id="729"><net_src comp="639" pin="1"/><net_sink comp="725" pin=0"/></net>

<net id="730"><net_src comp="264" pin="2"/><net_sink comp="725" pin=1"/></net>

<net id="737"><net_src comp="156" pin="0"/><net_sink comp="731" pin=0"/></net>

<net id="738"><net_src comp="707" pin="2"/><net_sink comp="731" pin=1"/></net>

<net id="739"><net_src comp="158" pin="0"/><net_sink comp="731" pin=2"/></net>

<net id="740"><net_src comp="160" pin="0"/><net_sink comp="731" pin=3"/></net>

<net id="747"><net_src comp="156" pin="0"/><net_sink comp="741" pin=0"/></net>

<net id="748"><net_src comp="713" pin="2"/><net_sink comp="741" pin=1"/></net>

<net id="749"><net_src comp="158" pin="0"/><net_sink comp="741" pin=2"/></net>

<net id="750"><net_src comp="160" pin="0"/><net_sink comp="741" pin=3"/></net>

<net id="757"><net_src comp="156" pin="0"/><net_sink comp="751" pin=0"/></net>

<net id="758"><net_src comp="719" pin="2"/><net_sink comp="751" pin=1"/></net>

<net id="759"><net_src comp="158" pin="0"/><net_sink comp="751" pin=2"/></net>

<net id="760"><net_src comp="160" pin="0"/><net_sink comp="751" pin=3"/></net>

<net id="767"><net_src comp="156" pin="0"/><net_sink comp="761" pin=0"/></net>

<net id="768"><net_src comp="725" pin="2"/><net_sink comp="761" pin=1"/></net>

<net id="769"><net_src comp="158" pin="0"/><net_sink comp="761" pin=2"/></net>

<net id="770"><net_src comp="160" pin="0"/><net_sink comp="761" pin=3"/></net>

<net id="775"><net_src comp="639" pin="1"/><net_sink comp="771" pin=0"/></net>

<net id="776"><net_src comp="258" pin="2"/><net_sink comp="771" pin=1"/></net>

<net id="781"><net_src comp="639" pin="1"/><net_sink comp="777" pin=0"/></net>

<net id="782"><net_src comp="252" pin="2"/><net_sink comp="777" pin=1"/></net>

<net id="787"><net_src comp="639" pin="1"/><net_sink comp="783" pin=0"/></net>

<net id="788"><net_src comp="246" pin="2"/><net_sink comp="783" pin=1"/></net>

<net id="793"><net_src comp="639" pin="1"/><net_sink comp="789" pin=0"/></net>

<net id="794"><net_src comp="240" pin="2"/><net_sink comp="789" pin=1"/></net>

<net id="801"><net_src comp="156" pin="0"/><net_sink comp="795" pin=0"/></net>

<net id="802"><net_src comp="771" pin="2"/><net_sink comp="795" pin=1"/></net>

<net id="803"><net_src comp="158" pin="0"/><net_sink comp="795" pin=2"/></net>

<net id="804"><net_src comp="160" pin="0"/><net_sink comp="795" pin=3"/></net>

<net id="811"><net_src comp="156" pin="0"/><net_sink comp="805" pin=0"/></net>

<net id="812"><net_src comp="777" pin="2"/><net_sink comp="805" pin=1"/></net>

<net id="813"><net_src comp="158" pin="0"/><net_sink comp="805" pin=2"/></net>

<net id="814"><net_src comp="160" pin="0"/><net_sink comp="805" pin=3"/></net>

<net id="821"><net_src comp="156" pin="0"/><net_sink comp="815" pin=0"/></net>

<net id="822"><net_src comp="783" pin="2"/><net_sink comp="815" pin=1"/></net>

<net id="823"><net_src comp="158" pin="0"/><net_sink comp="815" pin=2"/></net>

<net id="824"><net_src comp="160" pin="0"/><net_sink comp="815" pin=3"/></net>

<net id="831"><net_src comp="156" pin="0"/><net_sink comp="825" pin=0"/></net>

<net id="832"><net_src comp="789" pin="2"/><net_sink comp="825" pin=1"/></net>

<net id="833"><net_src comp="158" pin="0"/><net_sink comp="825" pin=2"/></net>

<net id="834"><net_src comp="160" pin="0"/><net_sink comp="825" pin=3"/></net>

<net id="839"><net_src comp="639" pin="1"/><net_sink comp="835" pin=0"/></net>

<net id="840"><net_src comp="210" pin="2"/><net_sink comp="835" pin=1"/></net>

<net id="845"><net_src comp="639" pin="1"/><net_sink comp="841" pin=0"/></net>

<net id="846"><net_src comp="204" pin="2"/><net_sink comp="841" pin=1"/></net>

<net id="851"><net_src comp="639" pin="1"/><net_sink comp="847" pin=0"/></net>

<net id="852"><net_src comp="198" pin="2"/><net_sink comp="847" pin=1"/></net>

<net id="857"><net_src comp="639" pin="1"/><net_sink comp="853" pin=0"/></net>

<net id="858"><net_src comp="192" pin="2"/><net_sink comp="853" pin=1"/></net>

<net id="865"><net_src comp="156" pin="0"/><net_sink comp="859" pin=0"/></net>

<net id="866"><net_src comp="835" pin="2"/><net_sink comp="859" pin=1"/></net>

<net id="867"><net_src comp="158" pin="0"/><net_sink comp="859" pin=2"/></net>

<net id="868"><net_src comp="160" pin="0"/><net_sink comp="859" pin=3"/></net>

<net id="875"><net_src comp="156" pin="0"/><net_sink comp="869" pin=0"/></net>

<net id="876"><net_src comp="841" pin="2"/><net_sink comp="869" pin=1"/></net>

<net id="877"><net_src comp="158" pin="0"/><net_sink comp="869" pin=2"/></net>

<net id="878"><net_src comp="160" pin="0"/><net_sink comp="869" pin=3"/></net>

<net id="885"><net_src comp="156" pin="0"/><net_sink comp="879" pin=0"/></net>

<net id="886"><net_src comp="847" pin="2"/><net_sink comp="879" pin=1"/></net>

<net id="887"><net_src comp="158" pin="0"/><net_sink comp="879" pin=2"/></net>

<net id="888"><net_src comp="160" pin="0"/><net_sink comp="879" pin=3"/></net>

<net id="895"><net_src comp="156" pin="0"/><net_sink comp="889" pin=0"/></net>

<net id="896"><net_src comp="853" pin="2"/><net_sink comp="889" pin=1"/></net>

<net id="897"><net_src comp="158" pin="0"/><net_sink comp="889" pin=2"/></net>

<net id="898"><net_src comp="160" pin="0"/><net_sink comp="889" pin=3"/></net>

<net id="903"><net_src comp="611" pin="2"/><net_sink comp="899" pin=0"/></net>

<net id="911"><net_src comp="10" pin="0"/><net_sink comp="907" pin=0"/></net>

<net id="912"><net_src comp="904" pin="1"/><net_sink comp="907" pin=1"/></net>

<net id="913"><net_src comp="907" pin="2"/><net_sink comp="318" pin=1"/></net>

<net id="921"><net_src comp="12" pin="0"/><net_sink comp="917" pin=0"/></net>

<net id="922"><net_src comp="914" pin="1"/><net_sink comp="917" pin=1"/></net>

<net id="923"><net_src comp="917" pin="2"/><net_sink comp="325" pin=1"/></net>

<net id="931"><net_src comp="14" pin="0"/><net_sink comp="927" pin=0"/></net>

<net id="932"><net_src comp="924" pin="1"/><net_sink comp="927" pin=1"/></net>

<net id="933"><net_src comp="927" pin="2"/><net_sink comp="332" pin=1"/></net>

<net id="941"><net_src comp="16" pin="0"/><net_sink comp="937" pin=0"/></net>

<net id="942"><net_src comp="934" pin="1"/><net_sink comp="937" pin=1"/></net>

<net id="943"><net_src comp="937" pin="2"/><net_sink comp="339" pin=1"/></net>

<net id="951"><net_src comp="26" pin="0"/><net_sink comp="947" pin=0"/></net>

<net id="952"><net_src comp="944" pin="1"/><net_sink comp="947" pin=1"/></net>

<net id="953"><net_src comp="947" pin="2"/><net_sink comp="346" pin=1"/></net>

<net id="961"><net_src comp="28" pin="0"/><net_sink comp="957" pin=0"/></net>

<net id="962"><net_src comp="954" pin="1"/><net_sink comp="957" pin=1"/></net>

<net id="963"><net_src comp="957" pin="2"/><net_sink comp="353" pin=1"/></net>

<net id="971"><net_src comp="30" pin="0"/><net_sink comp="967" pin=0"/></net>

<net id="972"><net_src comp="964" pin="1"/><net_sink comp="967" pin=1"/></net>

<net id="973"><net_src comp="967" pin="2"/><net_sink comp="360" pin=1"/></net>

<net id="981"><net_src comp="32" pin="0"/><net_sink comp="977" pin=0"/></net>

<net id="982"><net_src comp="974" pin="1"/><net_sink comp="977" pin=1"/></net>

<net id="983"><net_src comp="977" pin="2"/><net_sink comp="367" pin=1"/></net>

<net id="991"><net_src comp="42" pin="0"/><net_sink comp="987" pin=0"/></net>

<net id="992"><net_src comp="984" pin="1"/><net_sink comp="987" pin=1"/></net>

<net id="993"><net_src comp="987" pin="2"/><net_sink comp="374" pin=1"/></net>

<net id="1001"><net_src comp="44" pin="0"/><net_sink comp="997" pin=0"/></net>

<net id="1002"><net_src comp="994" pin="1"/><net_sink comp="997" pin=1"/></net>

<net id="1003"><net_src comp="997" pin="2"/><net_sink comp="381" pin=1"/></net>

<net id="1011"><net_src comp="46" pin="0"/><net_sink comp="1007" pin=0"/></net>

<net id="1012"><net_src comp="1004" pin="1"/><net_sink comp="1007" pin=1"/></net>

<net id="1013"><net_src comp="1007" pin="2"/><net_sink comp="388" pin=1"/></net>

<net id="1021"><net_src comp="48" pin="0"/><net_sink comp="1017" pin=0"/></net>

<net id="1022"><net_src comp="1014" pin="1"/><net_sink comp="1017" pin=1"/></net>

<net id="1023"><net_src comp="1017" pin="2"/><net_sink comp="395" pin=1"/></net>

<net id="1046"><net_src comp="156" pin="0"/><net_sink comp="1040" pin=0"/></net>

<net id="1047"><net_src comp="1024" pin="2"/><net_sink comp="1040" pin=1"/></net>

<net id="1048"><net_src comp="158" pin="0"/><net_sink comp="1040" pin=2"/></net>

<net id="1049"><net_src comp="160" pin="0"/><net_sink comp="1040" pin=3"/></net>

<net id="1056"><net_src comp="156" pin="0"/><net_sink comp="1050" pin=0"/></net>

<net id="1057"><net_src comp="1028" pin="2"/><net_sink comp="1050" pin=1"/></net>

<net id="1058"><net_src comp="158" pin="0"/><net_sink comp="1050" pin=2"/></net>

<net id="1059"><net_src comp="160" pin="0"/><net_sink comp="1050" pin=3"/></net>

<net id="1066"><net_src comp="156" pin="0"/><net_sink comp="1060" pin=0"/></net>

<net id="1067"><net_src comp="1032" pin="2"/><net_sink comp="1060" pin=1"/></net>

<net id="1068"><net_src comp="158" pin="0"/><net_sink comp="1060" pin=2"/></net>

<net id="1069"><net_src comp="160" pin="0"/><net_sink comp="1060" pin=3"/></net>

<net id="1076"><net_src comp="156" pin="0"/><net_sink comp="1070" pin=0"/></net>

<net id="1077"><net_src comp="1036" pin="2"/><net_sink comp="1070" pin=1"/></net>

<net id="1078"><net_src comp="158" pin="0"/><net_sink comp="1070" pin=2"/></net>

<net id="1079"><net_src comp="160" pin="0"/><net_sink comp="1070" pin=3"/></net>

<net id="1087"><net_src comp="66" pin="0"/><net_sink comp="1083" pin=0"/></net>

<net id="1088"><net_src comp="1080" pin="1"/><net_sink comp="1083" pin=1"/></net>

<net id="1089"><net_src comp="1083" pin="2"/><net_sink comp="402" pin=1"/></net>

<net id="1097"><net_src comp="68" pin="0"/><net_sink comp="1093" pin=0"/></net>

<net id="1098"><net_src comp="1090" pin="1"/><net_sink comp="1093" pin=1"/></net>

<net id="1099"><net_src comp="1093" pin="2"/><net_sink comp="409" pin=1"/></net>

<net id="1107"><net_src comp="70" pin="0"/><net_sink comp="1103" pin=0"/></net>

<net id="1108"><net_src comp="1100" pin="1"/><net_sink comp="1103" pin=1"/></net>

<net id="1109"><net_src comp="1103" pin="2"/><net_sink comp="416" pin=1"/></net>

<net id="1117"><net_src comp="72" pin="0"/><net_sink comp="1113" pin=0"/></net>

<net id="1118"><net_src comp="1110" pin="1"/><net_sink comp="1113" pin=1"/></net>

<net id="1119"><net_src comp="1113" pin="2"/><net_sink comp="423" pin=1"/></net>

<net id="1127"><net_src comp="42" pin="0"/><net_sink comp="1123" pin=0"/></net>

<net id="1128"><net_src comp="1120" pin="1"/><net_sink comp="1123" pin=1"/></net>

<net id="1129"><net_src comp="1123" pin="2"/><net_sink comp="430" pin=1"/></net>

<net id="1137"><net_src comp="44" pin="0"/><net_sink comp="1133" pin=0"/></net>

<net id="1138"><net_src comp="1130" pin="1"/><net_sink comp="1133" pin=1"/></net>

<net id="1139"><net_src comp="1133" pin="2"/><net_sink comp="437" pin=1"/></net>

<net id="1147"><net_src comp="46" pin="0"/><net_sink comp="1143" pin=0"/></net>

<net id="1148"><net_src comp="1140" pin="1"/><net_sink comp="1143" pin=1"/></net>

<net id="1149"><net_src comp="1143" pin="2"/><net_sink comp="444" pin=1"/></net>

<net id="1157"><net_src comp="48" pin="0"/><net_sink comp="1153" pin=0"/></net>

<net id="1158"><net_src comp="1150" pin="1"/><net_sink comp="1153" pin=1"/></net>

<net id="1159"><net_src comp="1153" pin="2"/><net_sink comp="451" pin=1"/></net>

<net id="1173"><net_src comp="168" pin="0"/><net_sink comp="1160" pin=0"/></net>

<net id="1174"><net_src comp="170" pin="0"/><net_sink comp="1160" pin=1"/></net>

<net id="1175"><net_src comp="172" pin="0"/><net_sink comp="1160" pin=3"/></net>

<net id="1176"><net_src comp="174" pin="0"/><net_sink comp="1160" pin=5"/></net>

<net id="1177"><net_src comp="176" pin="0"/><net_sink comp="1160" pin=7"/></net>

<net id="1178"><net_src comp="178" pin="0"/><net_sink comp="1160" pin=9"/></net>

<net id="1192"><net_src comp="168" pin="0"/><net_sink comp="1179" pin=0"/></net>

<net id="1193"><net_src comp="170" pin="0"/><net_sink comp="1179" pin=1"/></net>

<net id="1194"><net_src comp="172" pin="0"/><net_sink comp="1179" pin=3"/></net>

<net id="1195"><net_src comp="174" pin="0"/><net_sink comp="1179" pin=5"/></net>

<net id="1196"><net_src comp="176" pin="0"/><net_sink comp="1179" pin=7"/></net>

<net id="1197"><net_src comp="178" pin="0"/><net_sink comp="1179" pin=9"/></net>

<net id="1211"><net_src comp="168" pin="0"/><net_sink comp="1198" pin=0"/></net>

<net id="1212"><net_src comp="170" pin="0"/><net_sink comp="1198" pin=1"/></net>

<net id="1213"><net_src comp="172" pin="0"/><net_sink comp="1198" pin=3"/></net>

<net id="1214"><net_src comp="174" pin="0"/><net_sink comp="1198" pin=5"/></net>

<net id="1215"><net_src comp="176" pin="0"/><net_sink comp="1198" pin=7"/></net>

<net id="1216"><net_src comp="178" pin="0"/><net_sink comp="1198" pin=9"/></net>

<net id="1230"><net_src comp="168" pin="0"/><net_sink comp="1217" pin=0"/></net>

<net id="1231"><net_src comp="170" pin="0"/><net_sink comp="1217" pin=1"/></net>

<net id="1232"><net_src comp="172" pin="0"/><net_sink comp="1217" pin=3"/></net>

<net id="1233"><net_src comp="174" pin="0"/><net_sink comp="1217" pin=5"/></net>

<net id="1234"><net_src comp="176" pin="0"/><net_sink comp="1217" pin=7"/></net>

<net id="1235"><net_src comp="178" pin="0"/><net_sink comp="1217" pin=9"/></net>

<net id="1249"><net_src comp="168" pin="0"/><net_sink comp="1236" pin=0"/></net>

<net id="1250"><net_src comp="170" pin="0"/><net_sink comp="1236" pin=1"/></net>

<net id="1251"><net_src comp="172" pin="0"/><net_sink comp="1236" pin=3"/></net>

<net id="1252"><net_src comp="174" pin="0"/><net_sink comp="1236" pin=5"/></net>

<net id="1253"><net_src comp="176" pin="0"/><net_sink comp="1236" pin=7"/></net>

<net id="1254"><net_src comp="178" pin="0"/><net_sink comp="1236" pin=9"/></net>

<net id="1255"><net_src comp="1236" pin="11"/><net_sink comp="579" pin=2"/></net>

<net id="1259"><net_src comp="188" pin="1"/><net_sink comp="1256" pin=0"/></net>

<net id="1260"><net_src comp="1256" pin="1"/><net_sink comp="593" pin=1"/></net>

<net id="1261"><net_src comp="1256" pin="1"/><net_sink comp="598" pin=0"/></net>

<net id="1262"><net_src comp="1256" pin="1"/><net_sink comp="899" pin=1"/></net>

<net id="1266"><net_src comp="216" pin="2"/><net_sink comp="1263" pin=0"/></net>

<net id="1267"><net_src comp="1263" pin="1"/><net_sink comp="1036" pin=1"/></net>

<net id="1271"><net_src comp="222" pin="2"/><net_sink comp="1268" pin=0"/></net>

<net id="1272"><net_src comp="1268" pin="1"/><net_sink comp="1032" pin=1"/></net>

<net id="1276"><net_src comp="228" pin="2"/><net_sink comp="1273" pin=0"/></net>

<net id="1277"><net_src comp="1273" pin="1"/><net_sink comp="1028" pin=1"/></net>

<net id="1281"><net_src comp="234" pin="2"/><net_sink comp="1278" pin=0"/></net>

<net id="1282"><net_src comp="1278" pin="1"/><net_sink comp="1024" pin=1"/></net>

<net id="1286"><net_src comp="605" pin="2"/><net_sink comp="1283" pin=0"/></net>

<net id="1290"><net_src comp="617" pin="1"/><net_sink comp="1287" pin=0"/></net>

<net id="1291"><net_src comp="1287" pin="1"/><net_sink comp="1160" pin=10"/></net>

<net id="1292"><net_src comp="1287" pin="1"/><net_sink comp="1179" pin=10"/></net>

<net id="1293"><net_src comp="1287" pin="1"/><net_sink comp="1198" pin=10"/></net>

<net id="1294"><net_src comp="1287" pin="1"/><net_sink comp="1217" pin=10"/></net>

<net id="1295"><net_src comp="1287" pin="1"/><net_sink comp="1236" pin=10"/></net>

<net id="1299"><net_src comp="639" pin="1"/><net_sink comp="1296" pin=0"/></net>

<net id="1300"><net_src comp="1296" pin="1"/><net_sink comp="1024" pin=0"/></net>

<net id="1301"><net_src comp="1296" pin="1"/><net_sink comp="1028" pin=0"/></net>

<net id="1302"><net_src comp="1296" pin="1"/><net_sink comp="1032" pin=0"/></net>

<net id="1303"><net_src comp="1296" pin="1"/><net_sink comp="1036" pin=0"/></net>

<net id="1307"><net_src comp="667" pin="4"/><net_sink comp="1304" pin=0"/></net>

<net id="1308"><net_src comp="1304" pin="1"/><net_sink comp="904" pin=0"/></net>

<net id="1312"><net_src comp="677" pin="4"/><net_sink comp="1309" pin=0"/></net>

<net id="1313"><net_src comp="1309" pin="1"/><net_sink comp="914" pin=0"/></net>

<net id="1317"><net_src comp="687" pin="4"/><net_sink comp="1314" pin=0"/></net>

<net id="1318"><net_src comp="1314" pin="1"/><net_sink comp="924" pin=0"/></net>

<net id="1322"><net_src comp="697" pin="4"/><net_sink comp="1319" pin=0"/></net>

<net id="1323"><net_src comp="1319" pin="1"/><net_sink comp="934" pin=0"/></net>

<net id="1327"><net_src comp="731" pin="4"/><net_sink comp="1324" pin=0"/></net>

<net id="1328"><net_src comp="1324" pin="1"/><net_sink comp="944" pin=0"/></net>

<net id="1332"><net_src comp="741" pin="4"/><net_sink comp="1329" pin=0"/></net>

<net id="1333"><net_src comp="1329" pin="1"/><net_sink comp="954" pin=0"/></net>

<net id="1337"><net_src comp="751" pin="4"/><net_sink comp="1334" pin=0"/></net>

<net id="1338"><net_src comp="1334" pin="1"/><net_sink comp="964" pin=0"/></net>

<net id="1342"><net_src comp="761" pin="4"/><net_sink comp="1339" pin=0"/></net>

<net id="1343"><net_src comp="1339" pin="1"/><net_sink comp="974" pin=0"/></net>

<net id="1347"><net_src comp="795" pin="4"/><net_sink comp="1344" pin=0"/></net>

<net id="1348"><net_src comp="1344" pin="1"/><net_sink comp="984" pin=0"/></net>

<net id="1352"><net_src comp="805" pin="4"/><net_sink comp="1349" pin=0"/></net>

<net id="1353"><net_src comp="1349" pin="1"/><net_sink comp="994" pin=0"/></net>

<net id="1357"><net_src comp="815" pin="4"/><net_sink comp="1354" pin=0"/></net>

<net id="1358"><net_src comp="1354" pin="1"/><net_sink comp="1004" pin=0"/></net>

<net id="1362"><net_src comp="825" pin="4"/><net_sink comp="1359" pin=0"/></net>

<net id="1363"><net_src comp="1359" pin="1"/><net_sink comp="1014" pin=0"/></net>

<net id="1367"><net_src comp="859" pin="4"/><net_sink comp="1364" pin=0"/></net>

<net id="1368"><net_src comp="1364" pin="1"/><net_sink comp="1080" pin=0"/></net>

<net id="1372"><net_src comp="869" pin="4"/><net_sink comp="1369" pin=0"/></net>

<net id="1373"><net_src comp="1369" pin="1"/><net_sink comp="1090" pin=0"/></net>

<net id="1377"><net_src comp="879" pin="4"/><net_sink comp="1374" pin=0"/></net>

<net id="1378"><net_src comp="1374" pin="1"/><net_sink comp="1100" pin=0"/></net>

<net id="1382"><net_src comp="889" pin="4"/><net_sink comp="1379" pin=0"/></net>

<net id="1383"><net_src comp="1379" pin="1"/><net_sink comp="1110" pin=0"/></net>

<net id="1387"><net_src comp="907" pin="2"/><net_sink comp="1384" pin=0"/></net>

<net id="1388"><net_src comp="1384" pin="1"/><net_sink comp="318" pin=1"/></net>

<net id="1389"><net_src comp="1384" pin="1"/><net_sink comp="458" pin=1"/></net>

<net id="1393"><net_src comp="917" pin="2"/><net_sink comp="1390" pin=0"/></net>

<net id="1394"><net_src comp="1390" pin="1"/><net_sink comp="325" pin=1"/></net>

<net id="1395"><net_src comp="1390" pin="1"/><net_sink comp="463" pin=1"/></net>

<net id="1399"><net_src comp="927" pin="2"/><net_sink comp="1396" pin=0"/></net>

<net id="1400"><net_src comp="1396" pin="1"/><net_sink comp="332" pin=1"/></net>

<net id="1401"><net_src comp="1396" pin="1"/><net_sink comp="468" pin=1"/></net>

<net id="1405"><net_src comp="937" pin="2"/><net_sink comp="1402" pin=0"/></net>

<net id="1406"><net_src comp="1402" pin="1"/><net_sink comp="339" pin=1"/></net>

<net id="1407"><net_src comp="1402" pin="1"/><net_sink comp="473" pin=1"/></net>

<net id="1411"><net_src comp="947" pin="2"/><net_sink comp="1408" pin=0"/></net>

<net id="1412"><net_src comp="1408" pin="1"/><net_sink comp="346" pin=1"/></net>

<net id="1413"><net_src comp="1408" pin="1"/><net_sink comp="478" pin=1"/></net>

<net id="1417"><net_src comp="957" pin="2"/><net_sink comp="1414" pin=0"/></net>

<net id="1418"><net_src comp="1414" pin="1"/><net_sink comp="353" pin=1"/></net>

<net id="1419"><net_src comp="1414" pin="1"/><net_sink comp="483" pin=1"/></net>

<net id="1423"><net_src comp="967" pin="2"/><net_sink comp="1420" pin=0"/></net>

<net id="1424"><net_src comp="1420" pin="1"/><net_sink comp="360" pin=1"/></net>

<net id="1425"><net_src comp="1420" pin="1"/><net_sink comp="488" pin=1"/></net>

<net id="1429"><net_src comp="977" pin="2"/><net_sink comp="1426" pin=0"/></net>

<net id="1430"><net_src comp="1426" pin="1"/><net_sink comp="367" pin=1"/></net>

<net id="1431"><net_src comp="1426" pin="1"/><net_sink comp="493" pin=1"/></net>

<net id="1435"><net_src comp="987" pin="2"/><net_sink comp="1432" pin=0"/></net>

<net id="1436"><net_src comp="1432" pin="1"/><net_sink comp="374" pin=1"/></net>

<net id="1437"><net_src comp="1432" pin="1"/><net_sink comp="498" pin=1"/></net>

<net id="1441"><net_src comp="997" pin="2"/><net_sink comp="1438" pin=0"/></net>

<net id="1442"><net_src comp="1438" pin="1"/><net_sink comp="381" pin=1"/></net>

<net id="1443"><net_src comp="1438" pin="1"/><net_sink comp="503" pin=1"/></net>

<net id="1447"><net_src comp="1007" pin="2"/><net_sink comp="1444" pin=0"/></net>

<net id="1448"><net_src comp="1444" pin="1"/><net_sink comp="388" pin=1"/></net>

<net id="1449"><net_src comp="1444" pin="1"/><net_sink comp="508" pin=1"/></net>

<net id="1453"><net_src comp="1017" pin="2"/><net_sink comp="1450" pin=0"/></net>

<net id="1454"><net_src comp="1450" pin="1"/><net_sink comp="395" pin=1"/></net>

<net id="1455"><net_src comp="1450" pin="1"/><net_sink comp="513" pin=1"/></net>

<net id="1459"><net_src comp="1040" pin="4"/><net_sink comp="1456" pin=0"/></net>

<net id="1460"><net_src comp="1456" pin="1"/><net_sink comp="1120" pin=0"/></net>

<net id="1464"><net_src comp="1050" pin="4"/><net_sink comp="1461" pin=0"/></net>

<net id="1465"><net_src comp="1461" pin="1"/><net_sink comp="1130" pin=0"/></net>

<net id="1469"><net_src comp="1060" pin="4"/><net_sink comp="1466" pin=0"/></net>

<net id="1470"><net_src comp="1466" pin="1"/><net_sink comp="1140" pin=0"/></net>

<net id="1474"><net_src comp="1070" pin="4"/><net_sink comp="1471" pin=0"/></net>

<net id="1475"><net_src comp="1471" pin="1"/><net_sink comp="1150" pin=0"/></net>

<net id="1479"><net_src comp="1083" pin="2"/><net_sink comp="1476" pin=0"/></net>

<net id="1480"><net_src comp="1476" pin="1"/><net_sink comp="402" pin=1"/></net>

<net id="1481"><net_src comp="1476" pin="1"/><net_sink comp="518" pin=1"/></net>

<net id="1485"><net_src comp="1093" pin="2"/><net_sink comp="1482" pin=0"/></net>

<net id="1486"><net_src comp="1482" pin="1"/><net_sink comp="409" pin=1"/></net>

<net id="1487"><net_src comp="1482" pin="1"/><net_sink comp="523" pin=1"/></net>

<net id="1491"><net_src comp="1103" pin="2"/><net_sink comp="1488" pin=0"/></net>

<net id="1492"><net_src comp="1488" pin="1"/><net_sink comp="416" pin=1"/></net>

<net id="1493"><net_src comp="1488" pin="1"/><net_sink comp="528" pin=1"/></net>

<net id="1497"><net_src comp="1113" pin="2"/><net_sink comp="1494" pin=0"/></net>

<net id="1498"><net_src comp="1494" pin="1"/><net_sink comp="423" pin=1"/></net>

<net id="1499"><net_src comp="1494" pin="1"/><net_sink comp="533" pin=1"/></net>

<net id="1503"><net_src comp="1123" pin="2"/><net_sink comp="1500" pin=0"/></net>

<net id="1504"><net_src comp="1500" pin="1"/><net_sink comp="430" pin=1"/></net>

<net id="1505"><net_src comp="1500" pin="1"/><net_sink comp="538" pin=1"/></net>

<net id="1509"><net_src comp="1133" pin="2"/><net_sink comp="1506" pin=0"/></net>

<net id="1510"><net_src comp="1506" pin="1"/><net_sink comp="437" pin=1"/></net>

<net id="1511"><net_src comp="1506" pin="1"/><net_sink comp="543" pin=1"/></net>

<net id="1515"><net_src comp="1143" pin="2"/><net_sink comp="1512" pin=0"/></net>

<net id="1516"><net_src comp="1512" pin="1"/><net_sink comp="444" pin=1"/></net>

<net id="1517"><net_src comp="1512" pin="1"/><net_sink comp="548" pin=1"/></net>

<net id="1521"><net_src comp="1153" pin="2"/><net_sink comp="1518" pin=0"/></net>

<net id="1522"><net_src comp="1518" pin="1"/><net_sink comp="451" pin=1"/></net>

<net id="1523"><net_src comp="1518" pin="1"/><net_sink comp="553" pin=1"/></net>

<net id="1527"><net_src comp="458" pin="2"/><net_sink comp="1524" pin=0"/></net>

<net id="1528"><net_src comp="1524" pin="1"/><net_sink comp="1160" pin=2"/></net>

<net id="1532"><net_src comp="463" pin="2"/><net_sink comp="1529" pin=0"/></net>

<net id="1533"><net_src comp="1529" pin="1"/><net_sink comp="1160" pin=4"/></net>

<net id="1537"><net_src comp="468" pin="2"/><net_sink comp="1534" pin=0"/></net>

<net id="1538"><net_src comp="1534" pin="1"/><net_sink comp="1160" pin=6"/></net>

<net id="1542"><net_src comp="473" pin="2"/><net_sink comp="1539" pin=0"/></net>

<net id="1543"><net_src comp="1539" pin="1"/><net_sink comp="1160" pin=8"/></net>

<net id="1547"><net_src comp="478" pin="2"/><net_sink comp="1544" pin=0"/></net>

<net id="1548"><net_src comp="1544" pin="1"/><net_sink comp="1179" pin=2"/></net>

<net id="1552"><net_src comp="483" pin="2"/><net_sink comp="1549" pin=0"/></net>

<net id="1553"><net_src comp="1549" pin="1"/><net_sink comp="1179" pin=4"/></net>

<net id="1557"><net_src comp="488" pin="2"/><net_sink comp="1554" pin=0"/></net>

<net id="1558"><net_src comp="1554" pin="1"/><net_sink comp="1179" pin=6"/></net>

<net id="1562"><net_src comp="493" pin="2"/><net_sink comp="1559" pin=0"/></net>

<net id="1563"><net_src comp="1559" pin="1"/><net_sink comp="1179" pin=8"/></net>

<net id="1567"><net_src comp="498" pin="2"/><net_sink comp="1564" pin=0"/></net>

<net id="1568"><net_src comp="1564" pin="1"/><net_sink comp="1198" pin=2"/></net>

<net id="1572"><net_src comp="503" pin="2"/><net_sink comp="1569" pin=0"/></net>

<net id="1573"><net_src comp="1569" pin="1"/><net_sink comp="1198" pin=4"/></net>

<net id="1577"><net_src comp="508" pin="2"/><net_sink comp="1574" pin=0"/></net>

<net id="1578"><net_src comp="1574" pin="1"/><net_sink comp="1198" pin=6"/></net>

<net id="1582"><net_src comp="513" pin="2"/><net_sink comp="1579" pin=0"/></net>

<net id="1583"><net_src comp="1579" pin="1"/><net_sink comp="1198" pin=8"/></net>

<net id="1587"><net_src comp="518" pin="2"/><net_sink comp="1584" pin=0"/></net>

<net id="1588"><net_src comp="1584" pin="1"/><net_sink comp="1217" pin=2"/></net>

<net id="1592"><net_src comp="523" pin="2"/><net_sink comp="1589" pin=0"/></net>

<net id="1593"><net_src comp="1589" pin="1"/><net_sink comp="1217" pin=4"/></net>

<net id="1597"><net_src comp="528" pin="2"/><net_sink comp="1594" pin=0"/></net>

<net id="1598"><net_src comp="1594" pin="1"/><net_sink comp="1217" pin=6"/></net>

<net id="1602"><net_src comp="533" pin="2"/><net_sink comp="1599" pin=0"/></net>

<net id="1603"><net_src comp="1599" pin="1"/><net_sink comp="1217" pin=8"/></net>

<net id="1607"><net_src comp="1160" pin="11"/><net_sink comp="1604" pin=0"/></net>

<net id="1608"><net_src comp="1604" pin="1"/><net_sink comp="558" pin=2"/></net>

<net id="1612"><net_src comp="1179" pin="11"/><net_sink comp="1609" pin=0"/></net>

<net id="1613"><net_src comp="1609" pin="1"/><net_sink comp="565" pin=2"/></net>

<net id="1617"><net_src comp="1198" pin="11"/><net_sink comp="1614" pin=0"/></net>

<net id="1618"><net_src comp="1614" pin="1"/><net_sink comp="572" pin=2"/></net>

<net id="1622"><net_src comp="538" pin="2"/><net_sink comp="1619" pin=0"/></net>

<net id="1623"><net_src comp="1619" pin="1"/><net_sink comp="1236" pin=2"/></net>

<net id="1627"><net_src comp="543" pin="2"/><net_sink comp="1624" pin=0"/></net>

<net id="1628"><net_src comp="1624" pin="1"/><net_sink comp="1236" pin=4"/></net>

<net id="1632"><net_src comp="548" pin="2"/><net_sink comp="1629" pin=0"/></net>

<net id="1633"><net_src comp="1629" pin="1"/><net_sink comp="1236" pin=6"/></net>

<net id="1637"><net_src comp="553" pin="2"/><net_sink comp="1634" pin=0"/></net>

<net id="1638"><net_src comp="1634" pin="1"/><net_sink comp="1236" pin=8"/></net>

<net id="1642"><net_src comp="1217" pin="11"/><net_sink comp="1639" pin=0"/></net>

<net id="1643"><net_src comp="1639" pin="1"/><net_sink comp="586" pin=2"/></net>

</net_list>

</model> 
---------------- Datapath Model END ------------------

* FSMD analyzer results:
  - Output states:
	Port: x_point_stream | {12 }
	Port: y_point_stream | {12 }
	Port: z_point_stream | {12 }
	Port: t_point_stream | {12 }
	Port: scalar_point_stream | {12 }
 - Input state : 
	Port: data_loader_Pipeline_DATA_LOAD_LOOP : degree | {1 }
	Port: data_loader_Pipeline_DATA_LOAD_LOOP : x_array_0 | {1 }
	Port: data_loader_Pipeline_DATA_LOAD_LOOP : x_array_1 | {1 }
	Port: data_loader_Pipeline_DATA_LOAD_LOOP : x_array_2 | {1 }
	Port: data_loader_Pipeline_DATA_LOAD_LOOP : x_array_3 | {1 }
	Port: data_loader_Pipeline_DATA_LOAD_LOOP : gmem0_0 | {2 3 4 5 6 7 8 9 10 }
	Port: data_loader_Pipeline_DATA_LOAD_LOOP : gmem0_1 | {2 3 4 5 6 7 8 9 10 }
	Port: data_loader_Pipeline_DATA_LOAD_LOOP : gmem0_2 | {2 3 4 5 6 7 8 9 10 }
	Port: data_loader_Pipeline_DATA_LOAD_LOOP : gmem0_3 | {2 3 4 5 6 7 8 9 10 }
	Port: data_loader_Pipeline_DATA_LOAD_LOOP : y_array_0 | {1 }
	Port: data_loader_Pipeline_DATA_LOAD_LOOP : y_array_1 | {1 }
	Port: data_loader_Pipeline_DATA_LOAD_LOOP : y_array_2 | {1 }
	Port: data_loader_Pipeline_DATA_LOAD_LOOP : y_array_3 | {1 }
	Port: data_loader_Pipeline_DATA_LOAD_LOOP : gmem1_0 | {2 3 4 5 6 7 8 9 10 }
	Port: data_loader_Pipeline_DATA_LOAD_LOOP : gmem1_1 | {2 3 4 5 6 7 8 9 10 }
	Port: data_loader_Pipeline_DATA_LOAD_LOOP : gmem1_2 | {2 3 4 5 6 7 8 9 10 }
	Port: data_loader_Pipeline_DATA_LOAD_LOOP : gmem1_3 | {2 3 4 5 6 7 8 9 10 }
	Port: data_loader_Pipeline_DATA_LOAD_LOOP : z_array_0 | {1 }
	Port: data_loader_Pipeline_DATA_LOAD_LOOP : z_array_1 | {1 }
	Port: data_loader_Pipeline_DATA_LOAD_LOOP : z_array_2 | {1 }
	Port: data_loader_Pipeline_DATA_LOAD_LOOP : z_array_3 | {1 }
	Port: data_loader_Pipeline_DATA_LOAD_LOOP : gmem2_0 | {2 3 4 5 6 7 8 9 10 11 }
	Port: data_loader_Pipeline_DATA_LOAD_LOOP : gmem2_1 | {2 3 4 5 6 7 8 9 10 11 }
	Port: data_loader_Pipeline_DATA_LOAD_LOOP : gmem2_2 | {2 3 4 5 6 7 8 9 10 11 }
	Port: data_loader_Pipeline_DATA_LOAD_LOOP : gmem2_3 | {2 3 4 5 6 7 8 9 10 11 }
	Port: data_loader_Pipeline_DATA_LOAD_LOOP : t_array_0 | {1 }
	Port: data_loader_Pipeline_DATA_LOAD_LOOP : t_array_1 | {1 }
	Port: data_loader_Pipeline_DATA_LOAD_LOOP : t_array_2 | {1 }
	Port: data_loader_Pipeline_DATA_LOAD_LOOP : t_array_3 | {1 }
	Port: data_loader_Pipeline_DATA_LOAD_LOOP : scalar_array_0 | {1 }
	Port: data_loader_Pipeline_DATA_LOAD_LOOP : scalar_array_1 | {1 }
	Port: data_loader_Pipeline_DATA_LOAD_LOOP : scalar_array_2 | {1 }
	Port: data_loader_Pipeline_DATA_LOAD_LOOP : scalar_array_3 | {1 }
	Port: data_loader_Pipeline_DATA_LOAD_LOOP : gmem3_0 | {2 3 4 5 6 7 8 9 10 }
	Port: data_loader_Pipeline_DATA_LOAD_LOOP : gmem3_1 | {2 3 4 5 6 7 8 9 10 }
	Port: data_loader_Pipeline_DATA_LOAD_LOOP : gmem3_2 | {2 3 4 5 6 7 8 9 10 }
	Port: data_loader_Pipeline_DATA_LOAD_LOOP : gmem3_3 | {2 3 4 5 6 7 8 9 10 }
  - Chain level:
	State 1
		store_ln420 : 1
		i_2 : 1
		zext_ln420 : 2
		icmp_ln420 : 3
		br_ln420 : 4
		add_ln420 : 2
		trunc_ln420 : 2
		tmp : 2
		and_ln : 3
		zext_ln423 : 4
		add_ln423 : 5
		add_ln423_1 : 5
		add_ln423_2 : 5
		add_ln423_3 : 5
		trunc_ln : 6
		trunc_ln423_1 : 6
		trunc_ln423_2 : 6
		trunc_ln423_3 : 6
		add_ln424 : 5
		add_ln424_1 : 5
		add_ln424_2 : 5
		add_ln424_3 : 5
		trunc_ln1 : 6
		trunc_ln424_1 : 6
		trunc_ln424_2 : 6
		trunc_ln424_3 : 6
		add_ln425 : 5
		add_ln425_1 : 5
		add_ln425_2 : 5
		add_ln425_3 : 5
		trunc_ln2 : 6
		trunc_ln425_1 : 6
		trunc_ln425_2 : 6
		trunc_ln425_3 : 6
		add_ln427 : 5
		add_ln427_1 : 5
		add_ln427_2 : 5
		add_ln427_3 : 5
		trunc_ln4 : 6
		trunc_ln427_1 : 6
		trunc_ln427_2 : 6
		trunc_ln427_3 : 6
		store_ln420 : 3
	State 2
		gmem0_0_addr : 1
		gmem0_0_load_req : 2
		gmem0_1_addr : 1
		gmem0_1_load_req : 2
		gmem0_2_addr : 1
		gmem0_2_load_req : 2
		gmem0_3_addr : 1
		gmem0_3_load_req : 2
		gmem1_0_addr : 1
		gmem1_0_load_req : 2
		gmem1_1_addr : 1
		gmem1_1_load_req : 2
		gmem1_2_addr : 1
		gmem1_2_load_req : 2
		gmem1_3_addr : 1
		gmem1_3_load_req : 2
		gmem2_0_addr : 1
		gmem2_0_load_req : 2
		gmem2_1_addr : 1
		gmem2_1_load_req : 2
		gmem2_2_addr : 1
		gmem2_2_load_req : 2
		gmem2_3_addr : 1
		gmem2_3_load_req : 2
		trunc_ln3 : 1
		trunc_ln426_1 : 1
		trunc_ln426_2 : 1
		trunc_ln426_3 : 1
		gmem3_0_addr : 1
		gmem3_0_load_req : 2
		gmem3_1_addr : 1
		gmem3_1_load_req : 2
		gmem3_2_addr : 1
		gmem3_2_load_req : 2
		gmem3_3_addr : 1
		gmem3_3_load_req : 2
	State 3
		gmem2_0_addr_1 : 1
		gmem2_0_load_1_req : 2
		gmem2_1_addr_1 : 1
		gmem2_1_load_1_req : 2
		gmem2_2_addr_1 : 1
		gmem2_2_load_1_req : 2
		gmem2_3_addr_1 : 1
		gmem2_3_load_1_req : 2
	State 4
	State 5
	State 6
	State 7
	State 8
	State 9
	State 10
	State 11
	State 12
		write_ln426 : 1


============================================================
+ Verbose Summary: Datapath Resource usage 
============================================================

* Functional unit list:
|----------|---------------------------------|---------|---------|
| Operation|         Functional Unit         |    FF   |   LUT   |
|----------|---------------------------------|---------|---------|
|          |         add_ln420_fu_611        |    0    |    38   |
|          |         add_ln423_fu_643        |    0    |    71   |
|          |        add_ln423_1_fu_649       |    0    |    71   |
|          |        add_ln423_2_fu_655       |    0    |    71   |
|          |        add_ln423_3_fu_661       |    0    |    71   |
|          |         add_ln424_fu_707        |    0    |    71   |
|          |        add_ln424_1_fu_713       |    0    |    71   |
|          |        add_ln424_2_fu_719       |    0    |    71   |
|          |        add_ln424_3_fu_725       |    0    |    71   |
|          |         add_ln425_fu_771        |    0    |    71   |
|    add   |        add_ln425_1_fu_777       |    0    |    71   |
|          |        add_ln425_2_fu_783       |    0    |    71   |
|          |        add_ln425_3_fu_789       |    0    |    71   |
|          |         add_ln427_fu_835        |    0    |    71   |
|          |        add_ln427_1_fu_841       |    0    |    71   |
|          |        add_ln427_2_fu_847       |    0    |    71   |
|          |        add_ln427_3_fu_853       |    0    |    71   |
|          |        add_ln426_fu_1024        |    0    |    71   |
|          |       add_ln426_1_fu_1028       |    0    |    71   |
|          |       add_ln426_2_fu_1032       |    0    |    71   |
|          |       add_ln426_3_fu_1036       |    0    |    71   |
|----------|---------------------------------|---------|---------|
|          |           p_s_fu_1160           |    0    |    20   |
|          |           p_1_fu_1179           |    0    |    20   |
| sparsemux|           p_2_fu_1198           |    0    |    20   |
|          |           p_0_fu_1217           |    0    |    20   |
|          |           p_3_fu_1236           |    0    |    20   |
|----------|---------------------------------|---------|---------|
|   icmp   |        icmp_ln420_fu_605        |    0    |    39   |
|----------|---------------------------------|---------|---------|
|          | scalar_array_3_read_read_fu_192 |    0    |    0    |
|          | scalar_array_2_read_read_fu_198 |    0    |    0    |
|          | scalar_array_1_read_read_fu_204 |    0    |    0    |
|          | scalar_array_0_read_read_fu_210 |    0    |    0    |
|          |    t_array_3_read_read_fu_216   |    0    |    0    |
|          |    t_array_2_read_read_fu_222   |    0    |    0    |
|          |    t_array_1_read_read_fu_228   |    0    |    0    |
|          |    t_array_0_read_read_fu_234   |    0    |    0    |
|          |    z_array_3_read_read_fu_240   |    0    |    0    |
|          |    z_array_2_read_read_fu_246   |    0    |    0    |
|          |    z_array_1_read_read_fu_252   |    0    |    0    |
|          |    z_array_0_read_read_fu_258   |    0    |    0    |
|          |    y_array_3_read_read_fu_264   |    0    |    0    |
|          |    y_array_2_read_read_fu_270   |    0    |    0    |
|          |    y_array_1_read_read_fu_276   |    0    |    0    |
|          |    y_array_0_read_read_fu_282   |    0    |    0    |
|          |    x_array_3_read_read_fu_288   |    0    |    0    |
|          |    x_array_2_read_read_fu_294   |    0    |    0    |
|          |    x_array_1_read_read_fu_300   |    0    |    0    |
|          |    x_array_0_read_read_fu_306   |    0    |    0    |
|   read   |     degree_read_read_fu_312     |    0    |    0    |
|          |  gmem0_0_addr_read_read_fu_458  |    0    |    0    |
|          |  gmem0_1_addr_read_read_fu_463  |    0    |    0    |
|          |  gmem0_2_addr_read_read_fu_468  |    0    |    0    |
|          |  gmem0_3_addr_read_read_fu_473  |    0    |    0    |
|          |  gmem1_0_addr_read_read_fu_478  |    0    |    0    |
|          |  gmem1_1_addr_read_read_fu_483  |    0    |    0    |
|          |  gmem1_2_addr_read_read_fu_488  |    0    |    0    |
|          |  gmem1_3_addr_read_read_fu_493  |    0    |    0    |
|          |  gmem2_0_addr_read_read_fu_498  |    0    |    0    |
|          |  gmem2_1_addr_read_read_fu_503  |    0    |    0    |
|          |  gmem2_2_addr_read_read_fu_508  |    0    |    0    |
|          |  gmem2_3_addr_read_read_fu_513  |    0    |    0    |
|          |  gmem3_0_addr_read_read_fu_518  |    0    |    0    |
|          |  gmem3_1_addr_read_read_fu_523  |    0    |    0    |
|          |  gmem3_2_addr_read_read_fu_528  |    0    |    0    |
|          |  gmem3_3_addr_read_read_fu_533  |    0    |    0    |
|          | gmem2_0_addr_1_read_read_fu_538 |    0    |    0    |
|          | gmem2_1_addr_1_read_read_fu_543 |    0    |    0    |
|          | gmem2_2_addr_1_read_read_fu_548 |    0    |    0    |
|          | gmem2_3_addr_1_read_read_fu_553 |    0    |    0    |
|----------|---------------------------------|---------|---------|
|          |        grp_readreq_fu_318       |    0    |    0    |
|          |        grp_readreq_fu_325       |    0    |    0    |
|          |        grp_readreq_fu_332       |    0    |    0    |
|          |        grp_readreq_fu_339       |    0    |    0    |
|          |        grp_readreq_fu_346       |    0    |    0    |
|          |        grp_readreq_fu_353       |    0    |    0    |
|          |        grp_readreq_fu_360       |    0    |    0    |
|          |        grp_readreq_fu_367       |    0    |    0    |
|          |        grp_readreq_fu_374       |    0    |    0    |
|  readreq |        grp_readreq_fu_381       |    0    |    0    |
|          |        grp_readreq_fu_388       |    0    |    0    |
|          |        grp_readreq_fu_395       |    0    |    0    |
|          |        grp_readreq_fu_402       |    0    |    0    |
|          |        grp_readreq_fu_409       |    0    |    0    |
|          |        grp_readreq_fu_416       |    0    |    0    |
|          |        grp_readreq_fu_423       |    0    |    0    |
|          |        grp_readreq_fu_430       |    0    |    0    |
|          |        grp_readreq_fu_437       |    0    |    0    |
|          |        grp_readreq_fu_444       |    0    |    0    |
|          |        grp_readreq_fu_451       |    0    |    0    |
|----------|---------------------------------|---------|---------|
|          |     write_ln423_write_fu_558    |    0    |    0    |
|          |     write_ln424_write_fu_565    |    0    |    0    |
|   write  |     write_ln425_write_fu_572    |    0    |    0    |
|          |     write_ln426_write_fu_579    |    0    |    0    |
|          |     write_ln427_write_fu_586    |    0    |    0    |
|----------|---------------------------------|---------|---------|
|   zext   |        zext_ln420_fu_601        |    0    |    0    |
|          |        zext_ln423_fu_639        |    0    |    0    |
|----------|---------------------------------|---------|---------|
|   trunc  |        trunc_ln420_fu_617       |    0    |    0    |
|----------|---------------------------------|---------|---------|
|          |            tmp_fu_621           |    0    |    0    |
|          |         trunc_ln_fu_667         |    0    |    0    |
|          |       trunc_ln423_1_fu_677      |    0    |    0    |
|          |       trunc_ln423_2_fu_687      |    0    |    0    |
|          |       trunc_ln423_3_fu_697      |    0    |    0    |
|          |         trunc_ln1_fu_731        |    0    |    0    |
|          |       trunc_ln424_1_fu_741      |    0    |    0    |
|          |       trunc_ln424_2_fu_751      |    0    |    0    |
|          |       trunc_ln424_3_fu_761      |    0    |    0    |
|          |         trunc_ln2_fu_795        |    0    |    0    |
|partselect|       trunc_ln425_1_fu_805      |    0    |    0    |
|          |       trunc_ln425_2_fu_815      |    0    |    0    |
|          |       trunc_ln425_3_fu_825      |    0    |    0    |
|          |         trunc_ln4_fu_859        |    0    |    0    |
|          |       trunc_ln427_1_fu_869      |    0    |    0    |
|          |       trunc_ln427_2_fu_879      |    0    |    0    |
|          |       trunc_ln427_3_fu_889      |    0    |    0    |
|          |        trunc_ln3_fu_1040        |    0    |    0    |
|          |      trunc_ln426_1_fu_1050      |    0    |    0    |
|          |      trunc_ln426_2_fu_1060      |    0    |    0    |
|          |      trunc_ln426_3_fu_1070      |    0    |    0    |
|----------|---------------------------------|---------|---------|
|bitconcatenate|          and_ln_fu_631          |    0    |    0    |
|----------|---------------------------------|---------|---------|
|          |        sext_ln423_fu_904        |    0    |    0    |
|          |       sext_ln423_1_fu_914       |    0    |    0    |
|          |       sext_ln423_2_fu_924       |    0    |    0    |
|          |       sext_ln423_3_fu_934       |    0    |    0    |
|          |        sext_ln424_fu_944        |    0    |    0    |
|          |       sext_ln424_1_fu_954       |    0    |    0    |
|          |       sext_ln424_2_fu_964       |    0    |    0    |
|          |       sext_ln424_3_fu_974       |    0    |    0    |
|          |        sext_ln425_fu_984        |    0    |    0    |
|   sext   |       sext_ln425_1_fu_994       |    0    |    0    |
|          |       sext_ln425_2_fu_1004      |    0    |    0    |
|          |       sext_ln425_3_fu_1014      |    0    |    0    |
|          |        sext_ln427_fu_1080       |    0    |    0    |
|          |       sext_ln427_1_fu_1090      |    0    |    0    |
|          |       sext_ln427_2_fu_1100      |    0    |    0    |
|          |       sext_ln427_3_fu_1110      |    0    |    0    |
|          |        sext_ln426_fu_1120       |    0    |    0    |
|          |       sext_ln426_1_fu_1130      |    0    |    0    |
|          |       sext_ln426_2_fu_1140      |    0    |    0    |
|          |       sext_ln426_3_fu_1150      |    0    |    0    |
|----------|---------------------------------|---------|---------|
|   Total  |                                 |    0    |   1597  |
|----------|---------------------------------|---------|---------|

Memories:
N/A

* Register list:
+----------------------------+--------+
|                            |   FF   |
+----------------------------+--------+
| gmem0_0_addr_read_reg_1524 |   256  |
|    gmem0_0_addr_reg_1384   |   256  |
| gmem0_1_addr_read_reg_1529 |   256  |
|    gmem0_1_addr_reg_1390   |   256  |
| gmem0_2_addr_read_reg_1534 |   256  |
|    gmem0_2_addr_reg_1396   |   256  |
| gmem0_3_addr_read_reg_1539 |   256  |
|    gmem0_3_addr_reg_1402   |   256  |
| gmem1_0_addr_read_reg_1544 |   256  |
|    gmem1_0_addr_reg_1408   |   256  |
| gmem1_1_addr_read_reg_1549 |   256  |
|    gmem1_1_addr_reg_1414   |   256  |
| gmem1_2_addr_read_reg_1554 |   256  |
|    gmem1_2_addr_reg_1420   |   256  |
| gmem1_3_addr_read_reg_1559 |   256  |
|    gmem1_3_addr_reg_1426   |   256  |
|gmem2_0_addr_1_read_reg_1619|   256  |
|   gmem2_0_addr_1_reg_1500  |   256  |
| gmem2_0_addr_read_reg_1564 |   256  |
|    gmem2_0_addr_reg_1432   |   256  |
|gmem2_1_addr_1_read_reg_1624|   256  |
|   gmem2_1_addr_1_reg_1506  |   256  |
| gmem2_1_addr_read_reg_1569 |   256  |
|    gmem2_1_addr_reg_1438   |   256  |
|gmem2_2_addr_1_read_reg_1629|   256  |
|   gmem2_2_addr_1_reg_1512  |   256  |
| gmem2_2_addr_read_reg_1574 |   256  |
|    gmem2_2_addr_reg_1444   |   256  |
|gmem2_3_addr_1_read_reg_1634|   256  |
|   gmem2_3_addr_1_reg_1518  |   256  |
| gmem2_3_addr_read_reg_1579 |   256  |
|    gmem2_3_addr_reg_1450   |   256  |
| gmem3_0_addr_read_reg_1584 |   256  |
|    gmem3_0_addr_reg_1476   |   256  |
| gmem3_1_addr_read_reg_1589 |   256  |
|    gmem3_1_addr_reg_1482   |   256  |
| gmem3_2_addr_read_reg_1594 |   256  |
|    gmem3_2_addr_reg_1488   |   256  |
| gmem3_3_addr_read_reg_1599 |   256  |
|    gmem3_3_addr_reg_1494   |   256  |
|         i_reg_1256         |   31   |
|     icmp_ln420_reg_1283    |    1   |
|        p_0_reg_1639        |   256  |
|        p_1_reg_1609        |   256  |
|        p_2_reg_1614        |   256  |
|        p_s_reg_1604        |   256  |
|   t_array_0_read_reg_1278  |   64   |
|   t_array_1_read_reg_1273  |   64   |
|   t_array_2_read_reg_1268  |   64   |
|   t_array_3_read_reg_1263  |   64   |
|     trunc_ln1_reg_1324     |   59   |
|     trunc_ln2_reg_1344     |   59   |
|     trunc_ln3_reg_1456     |   59   |
|    trunc_ln420_reg_1287    |    2   |
|   trunc_ln423_1_reg_1309   |   59   |
|   trunc_ln423_2_reg_1314   |   59   |
|   trunc_ln423_3_reg_1319   |   59   |
|   trunc_ln424_1_reg_1329   |   59   |
|   trunc_ln424_2_reg_1334   |   59   |
|   trunc_ln424_3_reg_1339   |   59   |
|   trunc_ln425_1_reg_1349   |   59   |
|   trunc_ln425_2_reg_1354   |   59   |
|   trunc_ln425_3_reg_1359   |   59   |
|   trunc_ln426_1_reg_1461   |   59   |
|   trunc_ln426_2_reg_1466   |   59   |
|   trunc_ln426_3_reg_1471   |   59   |
|   trunc_ln427_1_reg_1369   |   59   |
|   trunc_ln427_2_reg_1374   |   59   |
|   trunc_ln427_3_reg_1379   |   59   |
|     trunc_ln4_reg_1364     |   59   |
|      trunc_ln_reg_1304     |   59   |
|     zext_ln423_reg_1296    |   64   |
+----------------------------+--------+
|            Total           |  12798 |
+----------------------------+--------+

* Multiplexer (MUX) list: 
|--------------------|------|------|------|--------||---------||---------||---------|
|        Comp        |  Pin | Size |  BW  | S x BW ||  Delay  ||    FF   ||   LUT   |
|--------------------|------|------|------|--------||---------||---------||---------|
| grp_readreq_fu_318 |  p1  |   2  |  256 |   512  ||    0    ||    9    |
| grp_readreq_fu_325 |  p1  |   2  |  256 |   512  ||    0    ||    9    |
| grp_readreq_fu_332 |  p1  |   2  |  256 |   512  ||    0    ||    9    |
| grp_readreq_fu_339 |  p1  |   2  |  256 |   512  ||    0    ||    9    |
| grp_readreq_fu_346 |  p1  |   2  |  256 |   512  ||    0    ||    9    |
| grp_readreq_fu_353 |  p1  |   2  |  256 |   512  ||    0    ||    9    |
| grp_readreq_fu_360 |  p1  |   2  |  256 |   512  ||    0    ||    9    |
| grp_readreq_fu_367 |  p1  |   2  |  256 |   512  ||    0    ||    9    |
| grp_readreq_fu_374 |  p1  |   2  |  256 |   512  ||    0    ||    9    |
| grp_readreq_fu_381 |  p1  |   2  |  256 |   512  ||    0    ||    9    |
| grp_readreq_fu_388 |  p1  |   2  |  256 |   512  ||    0    ||    9    |
| grp_readreq_fu_395 |  p1  |   2  |  256 |   512  ||    0    ||    9    |
| grp_readreq_fu_402 |  p1  |   2  |  256 |   512  ||    0    ||    9    |
| grp_readreq_fu_409 |  p1  |   2  |  256 |   512  ||    0    ||    9    |
| grp_readreq_fu_416 |  p1  |   2  |  256 |   512  ||    0    ||    9    |
| grp_readreq_fu_423 |  p1  |   2  |  256 |   512  ||    0    ||    9    |
| grp_readreq_fu_430 |  p1  |   2  |  256 |   512  ||    0    ||    9    |
| grp_readreq_fu_437 |  p1  |   2  |  256 |   512  ||    0    ||    9    |
| grp_readreq_fu_444 |  p1  |   2  |  256 |   512  ||    0    ||    9    |
| grp_readreq_fu_451 |  p1  |   2  |  256 |   512  ||    0    ||    9    |
|--------------------|------|------|------|--------||---------||---------||---------|
|        Total       |      |      |      |  10240 ||   8.54  ||    0    ||   180   |
|--------------------|------|------|------|--------||---------||---------||---------|



* Summary:
+-----------+--------+--------+--------+
|           |  Delay |   FF   |   LUT  |
+-----------+--------+--------+--------+
|  Function |    -   |    0   |  1597  |
|   Memory  |    -   |    -   |    -   |
|Multiplexer|    8   |    0   |   180  |
|  Register |    -   |  12798 |    -   |
+-----------+--------+--------+--------+
|   Total   |    8   |  12798 |  1777  |
+-----------+--------+--------+--------+
