

================================================================
== Vitis HLS Report for 'edwards_point_add'
================================================================
* Date:           Tue Apr 29 06:12:15 2025

* Version:        2024.2 (Build 5238294 on Nov  8 2024)
* Project:        msm_2
* Solution:       solution1 (Vivado IP Flow Target)
* Product family: zynquplus
* Target device:  xczu7ev-ffvc1156-2-e


================================================================
== Performance Estimates
================================================================
+ Timing: 
    * Summary: 
    +--------+---------+----------+------------+
    |  Clock |  Target | Estimated| Uncertainty|
    +--------+---------+----------+------------+
    |ap_clk  |  4.00 ns|  2.850 ns|     1.08 ns|
    +--------+---------+----------+------------+

+ Latency: 
    * Summary: 
    +---------+---------+-----------+-----------+-----+-----+---------+
    |  Latency (cycles) |   Latency (absolute)  |  Interval | Pipeline|
    |   min   |   max   |    min    |    max    | min | max |   Type  |
    +---------+---------+-----------+-----------+-----+-----+---------+
    |       21|       21|  84.000 ns|  84.000 ns|    1|    1|      yes|
    +---------+---------+-----------+-----------+-----+-----+---------+

    + Detail: 
        * Instance: 
        N/A

        * Loop: 
        N/A

============================================================
+ Verbose Summary: Synthesis Manager
============================================================
InlineROM: 1
ExposeGlobal: 0
============================================================
+ Verbose Summary: CDFG Model
============================================================
IsTopModel: 0
ResetActiveHigh: 1
IsCombinational: 0
IsDatapathOnly: 0
HasWiredReturn: 1
HasMFsm: 2
HasVarLatency: 0
IsPipeline: 1
IsRtlPipelined: 1
IsInstanceOverlapped: 0
IsDontTouch: 0
HasImplIP: 0
IsGatedGlobalClock: 0

+ Individual pipeline summary: 
  * Pipeline-0: initiation interval (II) = 1, depth = 22


============================================================
+ Verbose Summary: Schedule
============================================================
* Number of FSM states : 22
* Pipeline : 1
  Pipeline-0 : II = 1, D = 22, States = { 1 2 3 4 5 6 7 8 9 10 11 12 13 14 15 16 17 18 19 20 21 22 }
* Dataflow Pipeline: 0

* FSM state transitions: 
1 --> 2 
2 --> 3 
3 --> 4 
4 --> 5 
5 --> 6 
6 --> 7 
7 --> 8 
8 --> 9 
9 --> 10 
10 --> 11 
11 --> 12 
12 --> 13 
13 --> 14 
14 --> 15 
15 --> 16 
16 --> 17 
17 --> 18 
18 --> 19 
19 --> 20 
20 --> 21 
21 --> 22 
22 --> 

* FSM state operations: 

State 1 <SV = 0> <Delay = 2.61>
ST_1 : Operation 23 [1/1] (0.00ns)   --->   "%T2_read = read i256 @_ssdm_op_Read.ap_auto.i256, i256 %T2" [../src/msm.cpp:294]   --->   Operation 23 'read' 'T2_read' <Predicate = true> <Delay = 0.00>
ST_1 : Operation 24 [1/1] (0.00ns)   --->   "%Z2_read = read i256 @_ssdm_op_Read.ap_auto.i256, i256 %Z2" [../src/msm.cpp:294]   --->   Operation 24 'read' 'Z2_read' <Predicate = true> <Delay = 0.00>
ST_1 : Operation 25 [1/1] (0.00ns)   --->   "%Y2_read = read i256 @_ssdm_op_Read.ap_auto.i256, i256 %Y2" [../src/msm.cpp:294]   --->   Operation 25 'read' 'Y2_read' <Predicate = true> <Delay = 0.00>
ST_1 : Operation 26 [1/1] (0.00ns)   --->   "%X2_read = read i256 @_ssdm_op_Read.ap_auto.i256, i256 %X2" [../src/msm.cpp:294]   --->   Operation 26 'read' 'X2_read' <Predicate = true> <Delay = 0.00>
ST_1 : Operation 27 [1/1] (0.00ns)   --->   "%T1_read = read i256 @_ssdm_op_Read.ap_auto.i256, i256 %T1" [../src/msm.cpp:294]   --->   Operation 27 'read' 'T1_read' <Predicate = true> <Delay = 0.00>
ST_1 : Operation 28 [1/1] (0.00ns)   --->   "%Z1_read = read i256 @_ssdm_op_Read.ap_auto.i256, i256 %Z1" [../src/msm.cpp:294]   --->   Operation 28 'read' 'Z1_read' <Predicate = true> <Delay = 0.00>
ST_1 : Operation 29 [1/1] (0.00ns)   --->   "%Y1_read = read i256 @_ssdm_op_Read.ap_auto.i256, i256 %Y1" [../src/msm.cpp:294]   --->   Operation 29 'read' 'Y1_read' <Predicate = true> <Delay = 0.00>
ST_1 : Operation 30 [1/1] (0.00ns)   --->   "%X1_read = read i256 @_ssdm_op_Read.ap_auto.i256, i256 %X1" [../src/msm.cpp:294]   --->   Operation 30 'read' 'X1_read' <Predicate = true> <Delay = 0.00>
ST_1 : Operation 31 [1/1] (0.00ns)   --->   "%zext_ln300 = zext i256 %X1_read" [../src/msm.cpp:300]   --->   Operation 31 'zext' 'zext_ln300' <Predicate = true> <Delay = 0.00>
ST_1 : Operation 32 [1/1] (0.00ns)   --->   "%zext_ln300_1 = zext i256 %Y1_read" [../src/msm.cpp:300]   --->   Operation 32 'zext' 'zext_ln300_1' <Predicate = true> <Delay = 0.00>
ST_1 : Operation 33 [1/1] (1.95ns)   --->   "%add_ln300 = add i257 %zext_ln300_1, i257 %zext_ln300" [../src/msm.cpp:300]   --->   Operation 33 'add' 'add_ln300' <Predicate = true> <Delay = 1.95> <CoreInst = "Adder">   --->   Core 1 'Adder' <Latency = 0> <II = 1> <Delay = 1.95> <FuncUnit> <Opcode : 'add' 'sub'> <InPorts = 2> <OutPorts = 1>
ST_1 : Operation 34 [1/1] (1.95ns)   --->   "%X1pY1_1 = add i256 %Y1_read, i256 %X1_read" [../src/msm.cpp:300]   --->   Operation 34 'add' 'X1pY1_1' <Predicate = true> <Delay = 1.95> <CoreInst = "Adder">   --->   Core 1 'Adder' <Latency = 0> <II = 1> <Delay = 1.95> <FuncUnit> <Opcode : 'add' 'sub'> <InPorts = 2> <OutPorts = 1>
ST_1 : Operation 35 [1/1] (0.00ns)   --->   "%zext_ln301 = zext i256 %X2_read" [../src/msm.cpp:301]   --->   Operation 35 'zext' 'zext_ln301' <Predicate = true> <Delay = 0.00>
ST_1 : Operation 36 [1/1] (0.00ns)   --->   "%zext_ln301_1 = zext i256 %Y2_read" [../src/msm.cpp:301]   --->   Operation 36 'zext' 'zext_ln301_1' <Predicate = true> <Delay = 0.00>
ST_1 : Operation 37 [1/1] (1.95ns)   --->   "%add_ln301 = add i257 %zext_ln301_1, i257 %zext_ln301" [../src/msm.cpp:301]   --->   Operation 37 'add' 'add_ln301' <Predicate = true> <Delay = 1.95> <CoreInst = "Adder">   --->   Core 1 'Adder' <Latency = 0> <II = 1> <Delay = 1.95> <FuncUnit> <Opcode : 'add' 'sub'> <InPorts = 2> <OutPorts = 1>
ST_1 : Operation 38 [1/1] (1.95ns)   --->   "%X2pY2_1 = add i256 %Y2_read, i256 %X2_read" [../src/msm.cpp:301]   --->   Operation 38 'add' 'X2pY2_1' <Predicate = true> <Delay = 1.95> <CoreInst = "Adder">   --->   Core 1 'Adder' <Latency = 0> <II = 1> <Delay = 1.95> <FuncUnit> <Opcode : 'add' 'sub'> <InPorts = 2> <OutPorts = 1>
ST_1 : Operation 39 [1/1] (0.00ns)   --->   "%zext_ln305 = zext i256 %X1_read" [../src/msm.cpp:305]   --->   Operation 39 'zext' 'zext_ln305' <Predicate = true> <Delay = 0.00>
ST_1 : Operation 40 [1/1] (0.00ns)   --->   "%zext_ln305_1 = zext i256 %X2_read" [../src/msm.cpp:305]   --->   Operation 40 'zext' 'zext_ln305_1' <Predicate = true> <Delay = 0.00>
ST_1 : Operation 41 [5/5] (2.61ns)   --->   "%mul_ln305 = mul i512 %zext_ln305_1, i512 %zext_ln305" [../src/msm.cpp:305]   --->   Operation 41 'mul' 'mul_ln305' <Predicate = true> <Delay = 2.61> <CoreInst = "Multiplier">   --->   Core 3 'Multiplier' <Latency = 4> <II = 1> <Delay = 2.61> <FuncUnit> <Opcode : 'mul'> <InPorts = 2> <OutPorts = 1>
ST_1 : Operation 42 [5/5] (2.61ns)   --->   "%mul_ln305_1 = mul i256 %X2_read, i256 %X1_read" [../src/msm.cpp:305]   --->   Operation 42 'mul' 'mul_ln305_1' <Predicate = true> <Delay = 2.61> <CoreInst = "Multiplier">   --->   Core 3 'Multiplier' <Latency = 4> <II = 1> <Delay = 2.61> <FuncUnit> <Opcode : 'mul'> <InPorts = 2> <OutPorts = 1>
ST_1 : Operation 43 [1/1] (0.00ns)   --->   "%zext_ln306 = zext i256 %Y1_read" [../src/msm.cpp:306]   --->   Operation 43 'zext' 'zext_ln306' <Predicate = true> <Delay = 0.00>
ST_1 : Operation 44 [1/1] (0.00ns)   --->   "%zext_ln306_1 = zext i256 %Y2_read" [../src/msm.cpp:306]   --->   Operation 44 'zext' 'zext_ln306_1' <Predicate = true> <Delay = 0.00>
ST_1 : Operation 45 [5/5] (2.61ns)   --->   "%mul_ln306 = mul i512 %zext_ln306_1, i512 %zext_ln306" [../src/msm.cpp:306]   --->   Operation 45 'mul' 'mul_ln306' <Predicate = true> <Delay = 2.61> <CoreInst = "Multiplier">   --->   Core 3 'Multiplier' <Latency = 4> <II = 1> <Delay = 2.61> <FuncUnit> <Opcode : 'mul'> <InPorts = 2> <OutPorts = 1>
ST_1 : Operation 46 [5/5] (2.61ns)   --->   "%mul_ln306_1 = mul i256 %Y2_read, i256 %Y1_read" [../src/msm.cpp:306]   --->   Operation 46 'mul' 'mul_ln306_1' <Predicate = true> <Delay = 2.61> <CoreInst = "Multiplier">   --->   Core 3 'Multiplier' <Latency = 4> <II = 1> <Delay = 2.61> <FuncUnit> <Opcode : 'mul'> <InPorts = 2> <OutPorts = 1>
ST_1 : Operation 47 [1/1] (0.00ns)   --->   "%zext_ln307 = zext i256 %Z1_read" [../src/msm.cpp:307]   --->   Operation 47 'zext' 'zext_ln307' <Predicate = true> <Delay = 0.00>
ST_1 : Operation 48 [1/1] (0.00ns)   --->   "%zext_ln307_1 = zext i256 %Z2_read" [../src/msm.cpp:307]   --->   Operation 48 'zext' 'zext_ln307_1' <Predicate = true> <Delay = 0.00>
ST_1 : Operation 49 [5/5] (2.61ns)   --->   "%mul_ln307 = mul i512 %zext_ln307_1, i512 %zext_ln307" [../src/msm.cpp:307]   --->   Operation 49 'mul' 'mul_ln307' <Predicate = true> <Delay = 2.61> <CoreInst = "Multiplier">   --->   Core 3 'Multiplier' <Latency = 4> <II = 1> <Delay = 2.61> <FuncUnit> <Opcode : 'mul'> <InPorts = 2> <OutPorts = 1>
ST_1 : Operation 50 [5/5] (2.61ns)   --->   "%mul_ln307_1 = mul i256 %Z2_read, i256 %Z1_read" [../src/msm.cpp:307]   --->   Operation 50 'mul' 'mul_ln307_1' <Predicate = true> <Delay = 2.61> <CoreInst = "Multiplier">   --->   Core 3 'Multiplier' <Latency = 4> <II = 1> <Delay = 2.61> <FuncUnit> <Opcode : 'mul'> <InPorts = 2> <OutPorts = 1>
ST_1 : Operation 51 [1/1] (0.00ns)   --->   "%zext_ln308 = zext i256 %T1_read" [../src/msm.cpp:308]   --->   Operation 51 'zext' 'zext_ln308' <Predicate = true> <Delay = 0.00>
ST_1 : Operation 52 [1/1] (0.00ns)   --->   "%zext_ln308_1 = zext i256 %T2_read" [../src/msm.cpp:308]   --->   Operation 52 'zext' 'zext_ln308_1' <Predicate = true> <Delay = 0.00>
ST_1 : Operation 53 [5/5] (2.61ns)   --->   "%mul_ln308 = mul i512 %zext_ln308_1, i512 %zext_ln308" [../src/msm.cpp:308]   --->   Operation 53 'mul' 'mul_ln308' <Predicate = true> <Delay = 2.61> <CoreInst = "Multiplier">   --->   Core 3 'Multiplier' <Latency = 4> <II = 1> <Delay = 2.61> <FuncUnit> <Opcode : 'mul'> <InPorts = 2> <OutPorts = 1>
ST_1 : Operation 54 [5/5] (2.61ns)   --->   "%mul_ln308_1 = mul i256 %T2_read, i256 %T1_read" [../src/msm.cpp:308]   --->   Operation 54 'mul' 'mul_ln308_1' <Predicate = true> <Delay = 2.61> <CoreInst = "Multiplier">   --->   Core 3 'Multiplier' <Latency = 4> <II = 1> <Delay = 2.61> <FuncUnit> <Opcode : 'mul'> <InPorts = 2> <OutPorts = 1>

State 2 <SV = 1> <Delay = 2.61>
ST_2 : Operation 55 [1/1] (1.95ns)   --->   "%icmp_ln300 = icmp_ugt  i257 %add_ln300, i257 21888242871839275222246405745257275088548364400416034343698204186575808495616" [../src/msm.cpp:300]   --->   Operation 55 'icmp' 'icmp_ln300' <Predicate = true> <Delay = 1.95> <CoreInst = "Cmp">   --->   Core 9 'Cmp' <Latency = 0> <II = 1> <Delay = 1.95> <FuncUnit> <Opcode : 'seteq' 'setne' 'setle' 'setge' 'setlt' 'setgt'> <InPorts = 2> <OutPorts = 1>
ST_2 : Operation 56 [1/1] (1.95ns)   --->   "%X1pY1 = add i256 %X1pY1_1, i256 93903846365476920201324579263430632764721620265224529695759379821337321144319" [../src/msm.cpp:300]   --->   Operation 56 'add' 'X1pY1' <Predicate = true> <Delay = 1.95> <CoreInst = "Adder">   --->   Core 1 'Adder' <Latency = 0> <II = 1> <Delay = 1.95> <FuncUnit> <Opcode : 'add' 'sub'> <InPorts = 2> <OutPorts = 1>
ST_2 : Operation 57 [1/1] (0.51ns)   --->   "%X1pY1_2 = select i1 %icmp_ln300, i256 %X1pY1, i256 %X1pY1_1" [../src/msm.cpp:300]   --->   Operation 57 'select' 'X1pY1_2' <Predicate = true> <Delay = 0.51> <CoreInst = "Sel">   --->   Core 73 'Sel' <Latency = 0> <II = 1> <Delay = 0.51> <FuncUnit> <Opcode : 'select'> <InPorts = 3> <OutPorts = 1>
ST_2 : Operation 58 [1/1] (1.95ns)   --->   "%icmp_ln301 = icmp_ugt  i257 %add_ln301, i257 21888242871839275222246405745257275088548364400416034343698204186575808495616" [../src/msm.cpp:301]   --->   Operation 58 'icmp' 'icmp_ln301' <Predicate = true> <Delay = 1.95> <CoreInst = "Cmp">   --->   Core 9 'Cmp' <Latency = 0> <II = 1> <Delay = 1.95> <FuncUnit> <Opcode : 'seteq' 'setne' 'setle' 'setge' 'setlt' 'setgt'> <InPorts = 2> <OutPorts = 1>
ST_2 : Operation 59 [1/1] (1.95ns)   --->   "%X2pY2 = add i256 %X2pY2_1, i256 93903846365476920201324579263430632764721620265224529695759379821337321144319" [../src/msm.cpp:301]   --->   Operation 59 'add' 'X2pY2' <Predicate = true> <Delay = 1.95> <CoreInst = "Adder">   --->   Core 1 'Adder' <Latency = 0> <II = 1> <Delay = 1.95> <FuncUnit> <Opcode : 'add' 'sub'> <InPorts = 2> <OutPorts = 1>
ST_2 : Operation 60 [1/1] (0.51ns)   --->   "%X2pY2_2 = select i1 %icmp_ln301, i256 %X2pY2, i256 %X2pY2_1" [../src/msm.cpp:301]   --->   Operation 60 'select' 'X2pY2_2' <Predicate = true> <Delay = 0.51> <CoreInst = "Sel">   --->   Core 73 'Sel' <Latency = 0> <II = 1> <Delay = 0.51> <FuncUnit> <Opcode : 'select'> <InPorts = 3> <OutPorts = 1>
ST_2 : Operation 61 [4/5] (2.61ns)   --->   "%mul_ln305 = mul i512 %zext_ln305_1, i512 %zext_ln305" [../src/msm.cpp:305]   --->   Operation 61 'mul' 'mul_ln305' <Predicate = true> <Delay = 2.61> <CoreInst = "Multiplier">   --->   Core 3 'Multiplier' <Latency = 4> <II = 1> <Delay = 2.61> <FuncUnit> <Opcode : 'mul'> <InPorts = 2> <OutPorts = 1>
ST_2 : Operation 62 [4/5] (2.61ns)   --->   "%mul_ln305_1 = mul i256 %X2_read, i256 %X1_read" [../src/msm.cpp:305]   --->   Operation 62 'mul' 'mul_ln305_1' <Predicate = true> <Delay = 2.61> <CoreInst = "Multiplier">   --->   Core 3 'Multiplier' <Latency = 4> <II = 1> <Delay = 2.61> <FuncUnit> <Opcode : 'mul'> <InPorts = 2> <OutPorts = 1>
ST_2 : Operation 63 [4/5] (2.61ns)   --->   "%mul_ln306 = mul i512 %zext_ln306_1, i512 %zext_ln306" [../src/msm.cpp:306]   --->   Operation 63 'mul' 'mul_ln306' <Predicate = true> <Delay = 2.61> <CoreInst = "Multiplier">   --->   Core 3 'Multiplier' <Latency = 4> <II = 1> <Delay = 2.61> <FuncUnit> <Opcode : 'mul'> <InPorts = 2> <OutPorts = 1>
ST_2 : Operation 64 [4/5] (2.61ns)   --->   "%mul_ln306_1 = mul i256 %Y2_read, i256 %Y1_read" [../src/msm.cpp:306]   --->   Operation 64 'mul' 'mul_ln306_1' <Predicate = true> <Delay = 2.61> <CoreInst = "Multiplier">   --->   Core 3 'Multiplier' <Latency = 4> <II = 1> <Delay = 2.61> <FuncUnit> <Opcode : 'mul'> <InPorts = 2> <OutPorts = 1>
ST_2 : Operation 65 [4/5] (2.61ns)   --->   "%mul_ln307 = mul i512 %zext_ln307_1, i512 %zext_ln307" [../src/msm.cpp:307]   --->   Operation 65 'mul' 'mul_ln307' <Predicate = true> <Delay = 2.61> <CoreInst = "Multiplier">   --->   Core 3 'Multiplier' <Latency = 4> <II = 1> <Delay = 2.61> <FuncUnit> <Opcode : 'mul'> <InPorts = 2> <OutPorts = 1>
ST_2 : Operation 66 [4/5] (2.61ns)   --->   "%mul_ln307_1 = mul i256 %Z2_read, i256 %Z1_read" [../src/msm.cpp:307]   --->   Operation 66 'mul' 'mul_ln307_1' <Predicate = true> <Delay = 2.61> <CoreInst = "Multiplier">   --->   Core 3 'Multiplier' <Latency = 4> <II = 1> <Delay = 2.61> <FuncUnit> <Opcode : 'mul'> <InPorts = 2> <OutPorts = 1>
ST_2 : Operation 67 [4/5] (2.61ns)   --->   "%mul_ln308 = mul i512 %zext_ln308_1, i512 %zext_ln308" [../src/msm.cpp:308]   --->   Operation 67 'mul' 'mul_ln308' <Predicate = true> <Delay = 2.61> <CoreInst = "Multiplier">   --->   Core 3 'Multiplier' <Latency = 4> <II = 1> <Delay = 2.61> <FuncUnit> <Opcode : 'mul'> <InPorts = 2> <OutPorts = 1>
ST_2 : Operation 68 [4/5] (2.61ns)   --->   "%mul_ln308_1 = mul i256 %T2_read, i256 %T1_read" [../src/msm.cpp:308]   --->   Operation 68 'mul' 'mul_ln308_1' <Predicate = true> <Delay = 2.61> <CoreInst = "Multiplier">   --->   Core 3 'Multiplier' <Latency = 4> <II = 1> <Delay = 2.61> <FuncUnit> <Opcode : 'mul'> <InPorts = 2> <OutPorts = 1>

State 3 <SV = 2> <Delay = 2.61>
ST_3 : Operation 69 [3/5] (2.61ns)   --->   "%mul_ln305 = mul i512 %zext_ln305_1, i512 %zext_ln305" [../src/msm.cpp:305]   --->   Operation 69 'mul' 'mul_ln305' <Predicate = true> <Delay = 2.61> <CoreInst = "Multiplier">   --->   Core 3 'Multiplier' <Latency = 4> <II = 1> <Delay = 2.61> <FuncUnit> <Opcode : 'mul'> <InPorts = 2> <OutPorts = 1>
ST_3 : Operation 70 [3/5] (2.61ns)   --->   "%mul_ln305_1 = mul i256 %X2_read, i256 %X1_read" [../src/msm.cpp:305]   --->   Operation 70 'mul' 'mul_ln305_1' <Predicate = true> <Delay = 2.61> <CoreInst = "Multiplier">   --->   Core 3 'Multiplier' <Latency = 4> <II = 1> <Delay = 2.61> <FuncUnit> <Opcode : 'mul'> <InPorts = 2> <OutPorts = 1>
ST_3 : Operation 71 [3/5] (2.61ns)   --->   "%mul_ln306 = mul i512 %zext_ln306_1, i512 %zext_ln306" [../src/msm.cpp:306]   --->   Operation 71 'mul' 'mul_ln306' <Predicate = true> <Delay = 2.61> <CoreInst = "Multiplier">   --->   Core 3 'Multiplier' <Latency = 4> <II = 1> <Delay = 2.61> <FuncUnit> <Opcode : 'mul'> <InPorts = 2> <OutPorts = 1>
ST_3 : Operation 72 [3/5] (2.61ns)   --->   "%mul_ln306_1 = mul i256 %Y2_read, i256 %Y1_read" [../src/msm.cpp:306]   --->   Operation 72 'mul' 'mul_ln306_1' <Predicate = true> <Delay = 2.61> <CoreInst = "Multiplier">   --->   Core 3 'Multiplier' <Latency = 4> <II = 1> <Delay = 2.61> <FuncUnit> <Opcode : 'mul'> <InPorts = 2> <OutPorts = 1>
ST_3 : Operation 73 [3/5] (2.61ns)   --->   "%mul_ln307 = mul i512 %zext_ln307_1, i512 %zext_ln307" [../src/msm.cpp:307]   --->   Operation 73 'mul' 'mul_ln307' <Predicate = true> <Delay = 2.61> <CoreInst = "Multiplier">   --->   Core 3 'Multiplier' <Latency = 4> <II = 1> <Delay = 2.61> <FuncUnit> <Opcode : 'mul'> <InPorts = 2> <OutPorts = 1>
ST_3 : Operation 74 [3/5] (2.61ns)   --->   "%mul_ln307_1 = mul i256 %Z2_read, i256 %Z1_read" [../src/msm.cpp:307]   --->   Operation 74 'mul' 'mul_ln307_1' <Predicate = true> <Delay = 2.61> <CoreInst = "Multiplier">   --->   Core 3 'Multiplier' <Latency = 4> <II = 1> <Delay = 2.61> <FuncUnit> <Opcode : 'mul'> <InPorts = 2> <OutPorts = 1>
ST_3 : Operation 75 [3/5] (2.61ns)   --->   "%mul_ln308 = mul i512 %zext_ln308_1, i512 %zext_ln308" [../src/msm.cpp:308]   --->   Operation 75 'mul' 'mul_ln308' <Predicate = true> <Delay = 2.61> <CoreInst = "Multiplier">   --->   Core 3 'Multiplier' <Latency = 4> <II = 1> <Delay = 2.61> <FuncUnit> <Opcode : 'mul'> <InPorts = 2> <OutPorts = 1>
ST_3 : Operation 76 [3/5] (2.61ns)   --->   "%mul_ln308_1 = mul i256 %T2_read, i256 %T1_read" [../src/msm.cpp:308]   --->   Operation 76 'mul' 'mul_ln308_1' <Predicate = true> <Delay = 2.61> <CoreInst = "Multiplier">   --->   Core 3 'Multiplier' <Latency = 4> <II = 1> <Delay = 2.61> <FuncUnit> <Opcode : 'mul'> <InPorts = 2> <OutPorts = 1>
ST_3 : Operation 77 [1/1] (0.00ns)   --->   "%zext_ln311 = zext i256 %X1pY1_2" [../src/msm.cpp:311]   --->   Operation 77 'zext' 'zext_ln311' <Predicate = true> <Delay = 0.00>
ST_3 : Operation 78 [1/1] (0.00ns)   --->   "%zext_ln311_1 = zext i256 %X2pY2_2" [../src/msm.cpp:311]   --->   Operation 78 'zext' 'zext_ln311_1' <Predicate = true> <Delay = 0.00>
ST_3 : Operation 79 [5/5] (2.61ns)   --->   "%mul_ln311 = mul i512 %zext_ln311_1, i512 %zext_ln311" [../src/msm.cpp:311]   --->   Operation 79 'mul' 'mul_ln311' <Predicate = true> <Delay = 2.61> <CoreInst = "Multiplier">   --->   Core 3 'Multiplier' <Latency = 4> <II = 1> <Delay = 2.61> <FuncUnit> <Opcode : 'mul'> <InPorts = 2> <OutPorts = 1>
ST_3 : Operation 80 [5/5] (2.61ns)   --->   "%E_1 = mul i256 %X2pY2_2, i256 %X1pY1_2" [../src/msm.cpp:311]   --->   Operation 80 'mul' 'E_1' <Predicate = true> <Delay = 2.61> <CoreInst = "Multiplier">   --->   Core 3 'Multiplier' <Latency = 4> <II = 1> <Delay = 2.61> <FuncUnit> <Opcode : 'mul'> <InPorts = 2> <OutPorts = 1>

State 4 <SV = 3> <Delay = 2.61>
ST_4 : Operation 81 [2/5] (2.61ns)   --->   "%mul_ln305 = mul i512 %zext_ln305_1, i512 %zext_ln305" [../src/msm.cpp:305]   --->   Operation 81 'mul' 'mul_ln305' <Predicate = true> <Delay = 2.61> <CoreInst = "Multiplier">   --->   Core 3 'Multiplier' <Latency = 4> <II = 1> <Delay = 2.61> <FuncUnit> <Opcode : 'mul'> <InPorts = 2> <OutPorts = 1>
ST_4 : Operation 82 [2/5] (2.61ns)   --->   "%mul_ln305_1 = mul i256 %X2_read, i256 %X1_read" [../src/msm.cpp:305]   --->   Operation 82 'mul' 'mul_ln305_1' <Predicate = true> <Delay = 2.61> <CoreInst = "Multiplier">   --->   Core 3 'Multiplier' <Latency = 4> <II = 1> <Delay = 2.61> <FuncUnit> <Opcode : 'mul'> <InPorts = 2> <OutPorts = 1>
ST_4 : Operation 83 [2/5] (2.61ns)   --->   "%mul_ln306 = mul i512 %zext_ln306_1, i512 %zext_ln306" [../src/msm.cpp:306]   --->   Operation 83 'mul' 'mul_ln306' <Predicate = true> <Delay = 2.61> <CoreInst = "Multiplier">   --->   Core 3 'Multiplier' <Latency = 4> <II = 1> <Delay = 2.61> <FuncUnit> <Opcode : 'mul'> <InPorts = 2> <OutPorts = 1>
ST_4 : Operation 84 [2/5] (2.61ns)   --->   "%mul_ln306_1 = mul i256 %Y2_read, i256 %Y1_read" [../src/msm.cpp:306]   --->   Operation 84 'mul' 'mul_ln306_1' <Predicate = true> <Delay = 2.61> <CoreInst = "Multiplier">   --->   Core 3 'Multiplier' <Latency = 4> <II = 1> <Delay = 2.61> <FuncUnit> <Opcode : 'mul'> <InPorts = 2> <OutPorts = 1>
ST_4 : Operation 85 [2/5] (2.61ns)   --->   "%mul_ln307 = mul i512 %zext_ln307_1, i512 %zext_ln307" [../src/msm.cpp:307]   --->   Operation 85 'mul' 'mul_ln307' <Predicate = true> <Delay = 2.61> <CoreInst = "Multiplier">   --->   Core 3 'Multiplier' <Latency = 4> <II = 1> <Delay = 2.61> <FuncUnit> <Opcode : 'mul'> <InPorts = 2> <OutPorts = 1>
ST_4 : Operation 86 [2/5] (2.61ns)   --->   "%mul_ln307_1 = mul i256 %Z2_read, i256 %Z1_read" [../src/msm.cpp:307]   --->   Operation 86 'mul' 'mul_ln307_1' <Predicate = true> <Delay = 2.61> <CoreInst = "Multiplier">   --->   Core 3 'Multiplier' <Latency = 4> <II = 1> <Delay = 2.61> <FuncUnit> <Opcode : 'mul'> <InPorts = 2> <OutPorts = 1>
ST_4 : Operation 87 [2/5] (2.61ns)   --->   "%mul_ln308 = mul i512 %zext_ln308_1, i512 %zext_ln308" [../src/msm.cpp:308]   --->   Operation 87 'mul' 'mul_ln308' <Predicate = true> <Delay = 2.61> <CoreInst = "Multiplier">   --->   Core 3 'Multiplier' <Latency = 4> <II = 1> <Delay = 2.61> <FuncUnit> <Opcode : 'mul'> <InPorts = 2> <OutPorts = 1>
ST_4 : Operation 88 [2/5] (2.61ns)   --->   "%mul_ln308_1 = mul i256 %T2_read, i256 %T1_read" [../src/msm.cpp:308]   --->   Operation 88 'mul' 'mul_ln308_1' <Predicate = true> <Delay = 2.61> <CoreInst = "Multiplier">   --->   Core 3 'Multiplier' <Latency = 4> <II = 1> <Delay = 2.61> <FuncUnit> <Opcode : 'mul'> <InPorts = 2> <OutPorts = 1>
ST_4 : Operation 89 [4/5] (2.61ns)   --->   "%mul_ln311 = mul i512 %zext_ln311_1, i512 %zext_ln311" [../src/msm.cpp:311]   --->   Operation 89 'mul' 'mul_ln311' <Predicate = true> <Delay = 2.61> <CoreInst = "Multiplier">   --->   Core 3 'Multiplier' <Latency = 4> <II = 1> <Delay = 2.61> <FuncUnit> <Opcode : 'mul'> <InPorts = 2> <OutPorts = 1>
ST_4 : Operation 90 [4/5] (2.61ns)   --->   "%E_1 = mul i256 %X2pY2_2, i256 %X1pY1_2" [../src/msm.cpp:311]   --->   Operation 90 'mul' 'E_1' <Predicate = true> <Delay = 2.61> <CoreInst = "Multiplier">   --->   Core 3 'Multiplier' <Latency = 4> <II = 1> <Delay = 2.61> <FuncUnit> <Opcode : 'mul'> <InPorts = 2> <OutPorts = 1>

State 5 <SV = 4> <Delay = 2.61>
ST_5 : Operation 91 [1/5] (2.61ns)   --->   "%mul_ln305 = mul i512 %zext_ln305_1, i512 %zext_ln305" [../src/msm.cpp:305]   --->   Operation 91 'mul' 'mul_ln305' <Predicate = true> <Delay = 2.61> <CoreInst = "Multiplier">   --->   Core 3 'Multiplier' <Latency = 4> <II = 1> <Delay = 2.61> <FuncUnit> <Opcode : 'mul'> <InPorts = 2> <OutPorts = 1>
ST_5 : Operation 92 [1/5] (2.61ns)   --->   "%mul_ln305_1 = mul i256 %X2_read, i256 %X1_read" [../src/msm.cpp:305]   --->   Operation 92 'mul' 'mul_ln305_1' <Predicate = true> <Delay = 2.61> <CoreInst = "Multiplier">   --->   Core 3 'Multiplier' <Latency = 4> <II = 1> <Delay = 2.61> <FuncUnit> <Opcode : 'mul'> <InPorts = 2> <OutPorts = 1>
ST_5 : Operation 93 [1/5] (2.61ns)   --->   "%mul_ln306 = mul i512 %zext_ln306_1, i512 %zext_ln306" [../src/msm.cpp:306]   --->   Operation 93 'mul' 'mul_ln306' <Predicate = true> <Delay = 2.61> <CoreInst = "Multiplier">   --->   Core 3 'Multiplier' <Latency = 4> <II = 1> <Delay = 2.61> <FuncUnit> <Opcode : 'mul'> <InPorts = 2> <OutPorts = 1>
ST_5 : Operation 94 [1/5] (2.61ns)   --->   "%mul_ln306_1 = mul i256 %Y2_read, i256 %Y1_read" [../src/msm.cpp:306]   --->   Operation 94 'mul' 'mul_ln306_1' <Predicate = true> <Delay = 2.61> <CoreInst = "Multiplier">   --->   Core 3 'Multiplier' <Latency = 4> <II = 1> <Delay = 2.61> <FuncUnit> <Opcode : 'mul'> <InPorts = 2> <OutPorts = 1>
ST_5 : Operation 95 [1/5] (2.61ns)   --->   "%mul_ln307 = mul i512 %zext_ln307_1, i512 %zext_ln307" [../src/msm.cpp:307]   --->   Operation 95 'mul' 'mul_ln307' <Predicate = true> <Delay = 2.61> <CoreInst = "Multiplier">   --->   Core 3 'Multiplier' <Latency = 4> <II = 1> <Delay = 2.61> <FuncUnit> <Opcode : 'mul'> <InPorts = 2> <OutPorts = 1>
ST_5 : Operation 96 [1/5] (2.61ns)   --->   "%mul_ln307_1 = mul i256 %Z2_read, i256 %Z1_read" [../src/msm.cpp:307]   --->   Operation 96 'mul' 'mul_ln307_1' <Predicate = true> <Delay = 2.61> <CoreInst = "Multiplier">   --->   Core 3 'Multiplier' <Latency = 4> <II = 1> <Delay = 2.61> <FuncUnit> <Opcode : 'mul'> <InPorts = 2> <OutPorts = 1>
ST_5 : Operation 97 [1/5] (2.61ns)   --->   "%mul_ln308 = mul i512 %zext_ln308_1, i512 %zext_ln308" [../src/msm.cpp:308]   --->   Operation 97 'mul' 'mul_ln308' <Predicate = true> <Delay = 2.61> <CoreInst = "Multiplier">   --->   Core 3 'Multiplier' <Latency = 4> <II = 1> <Delay = 2.61> <FuncUnit> <Opcode : 'mul'> <InPorts = 2> <OutPorts = 1>
ST_5 : Operation 98 [1/5] (2.61ns)   --->   "%mul_ln308_1 = mul i256 %T2_read, i256 %T1_read" [../src/msm.cpp:308]   --->   Operation 98 'mul' 'mul_ln308_1' <Predicate = true> <Delay = 2.61> <CoreInst = "Multiplier">   --->   Core 3 'Multiplier' <Latency = 4> <II = 1> <Delay = 2.61> <FuncUnit> <Opcode : 'mul'> <InPorts = 2> <OutPorts = 1>
ST_5 : Operation 99 [3/5] (2.61ns)   --->   "%mul_ln311 = mul i512 %zext_ln311_1, i512 %zext_ln311" [../src/msm.cpp:311]   --->   Operation 99 'mul' 'mul_ln311' <Predicate = true> <Delay = 2.61> <CoreInst = "Multiplier">   --->   Core 3 'Multiplier' <Latency = 4> <II = 1> <Delay = 2.61> <FuncUnit> <Opcode : 'mul'> <InPorts = 2> <OutPorts = 1>
ST_5 : Operation 100 [3/5] (2.61ns)   --->   "%E_1 = mul i256 %X2pY2_2, i256 %X1pY1_2" [../src/msm.cpp:311]   --->   Operation 100 'mul' 'E_1' <Predicate = true> <Delay = 2.61> <CoreInst = "Multiplier">   --->   Core 3 'Multiplier' <Latency = 4> <II = 1> <Delay = 2.61> <FuncUnit> <Opcode : 'mul'> <InPorts = 2> <OutPorts = 1>

State 6 <SV = 5> <Delay = 2.85>
ST_6 : Operation 101 [1/1] (2.85ns)   --->   "%icmp_ln305 = icmp_ugt  i512 %mul_ln305, i512 21888242871839275222246405745257275088548364400416034343698204186575808495616" [../src/msm.cpp:305]   --->   Operation 101 'icmp' 'icmp_ln305' <Predicate = true> <Delay = 2.85> <CoreInst = "Cmp">   --->   Core 9 'Cmp' <Latency = 0> <II = 1> <Delay = 2.85> <FuncUnit> <Opcode : 'seteq' 'setne' 'setle' 'setge' 'setlt' 'setgt'> <InPorts = 2> <OutPorts = 1>
ST_6 : Operation 102 [1/1] (2.85ns)   --->   "%icmp_ln306 = icmp_ugt  i512 %mul_ln306, i512 21888242871839275222246405745257275088548364400416034343698204186575808495616" [../src/msm.cpp:306]   --->   Operation 102 'icmp' 'icmp_ln306' <Predicate = true> <Delay = 2.85> <CoreInst = "Cmp">   --->   Core 9 'Cmp' <Latency = 0> <II = 1> <Delay = 2.85> <FuncUnit> <Opcode : 'seteq' 'setne' 'setle' 'setge' 'setlt' 'setgt'> <InPorts = 2> <OutPorts = 1>
ST_6 : Operation 103 [1/1] (2.85ns)   --->   "%icmp_ln307 = icmp_ugt  i512 %mul_ln307, i512 21888242871839275222246405745257275088548364400416034343698204186575808495616" [../src/msm.cpp:307]   --->   Operation 103 'icmp' 'icmp_ln307' <Predicate = true> <Delay = 2.85> <CoreInst = "Cmp">   --->   Core 9 'Cmp' <Latency = 0> <II = 1> <Delay = 2.85> <FuncUnit> <Opcode : 'seteq' 'setne' 'setle' 'setge' 'setlt' 'setgt'> <InPorts = 2> <OutPorts = 1>
ST_6 : Operation 104 [1/1] (2.85ns)   --->   "%icmp_ln308 = icmp_ugt  i512 %mul_ln308, i512 21888242871839275222246405745257275088548364400416034343698204186575808495616" [../src/msm.cpp:308]   --->   Operation 104 'icmp' 'icmp_ln308' <Predicate = true> <Delay = 2.85> <CoreInst = "Cmp">   --->   Core 9 'Cmp' <Latency = 0> <II = 1> <Delay = 2.85> <FuncUnit> <Opcode : 'seteq' 'setne' 'setle' 'setge' 'setlt' 'setgt'> <InPorts = 2> <OutPorts = 1>
ST_6 : Operation 105 [2/5] (2.61ns)   --->   "%mul_ln311 = mul i512 %zext_ln311_1, i512 %zext_ln311" [../src/msm.cpp:311]   --->   Operation 105 'mul' 'mul_ln311' <Predicate = true> <Delay = 2.61> <CoreInst = "Multiplier">   --->   Core 3 'Multiplier' <Latency = 4> <II = 1> <Delay = 2.61> <FuncUnit> <Opcode : 'mul'> <InPorts = 2> <OutPorts = 1>
ST_6 : Operation 106 [2/5] (2.61ns)   --->   "%E_1 = mul i256 %X2pY2_2, i256 %X1pY1_2" [../src/msm.cpp:311]   --->   Operation 106 'mul' 'E_1' <Predicate = true> <Delay = 2.61> <CoreInst = "Multiplier">   --->   Core 3 'Multiplier' <Latency = 4> <II = 1> <Delay = 2.61> <FuncUnit> <Opcode : 'mul'> <InPorts = 2> <OutPorts = 1>

State 7 <SV = 6> <Delay = 2.61>
ST_7 : Operation 107 [1/1] (1.95ns)   --->   "%add_ln305 = add i256 %mul_ln305_1, i256 93903846365476920201324579263430632764721620265224529695759379821337321144319" [../src/msm.cpp:305]   --->   Operation 107 'add' 'add_ln305' <Predicate = (icmp_ln305)> <Delay = 1.95> <CoreInst = "Adder">   --->   Core 1 'Adder' <Latency = 0> <II = 1> <Delay = 1.95> <FuncUnit> <Opcode : 'add' 'sub'> <InPorts = 2> <OutPorts = 1>
ST_7 : Operation 108 [1/1] (0.51ns)   --->   "%A = select i1 %icmp_ln305, i256 %add_ln305, i256 %mul_ln305_1" [../src/msm.cpp:305]   --->   Operation 108 'select' 'A' <Predicate = true> <Delay = 0.51> <CoreInst = "Sel">   --->   Core 73 'Sel' <Latency = 0> <II = 1> <Delay = 0.51> <FuncUnit> <Opcode : 'select'> <InPorts = 3> <OutPorts = 1>
ST_7 : Operation 109 [1/1] (1.95ns)   --->   "%add_ln306 = add i256 %mul_ln306_1, i256 93903846365476920201324579263430632764721620265224529695759379821337321144319" [../src/msm.cpp:306]   --->   Operation 109 'add' 'add_ln306' <Predicate = (icmp_ln306)> <Delay = 1.95> <CoreInst = "Adder">   --->   Core 1 'Adder' <Latency = 0> <II = 1> <Delay = 1.95> <FuncUnit> <Opcode : 'add' 'sub'> <InPorts = 2> <OutPorts = 1>
ST_7 : Operation 110 [1/1] (0.51ns)   --->   "%B = select i1 %icmp_ln306, i256 %add_ln306, i256 %mul_ln306_1" [../src/msm.cpp:306]   --->   Operation 110 'select' 'B' <Predicate = true> <Delay = 0.51> <CoreInst = "Sel">   --->   Core 73 'Sel' <Latency = 0> <II = 1> <Delay = 0.51> <FuncUnit> <Opcode : 'select'> <InPorts = 3> <OutPorts = 1>
ST_7 : Operation 111 [1/1] (1.95ns)   --->   "%add_ln307 = add i256 %mul_ln307_1, i256 93903846365476920201324579263430632764721620265224529695759379821337321144319" [../src/msm.cpp:307]   --->   Operation 111 'add' 'add_ln307' <Predicate = (icmp_ln307)> <Delay = 1.95> <CoreInst = "Adder">   --->   Core 1 'Adder' <Latency = 0> <II = 1> <Delay = 1.95> <FuncUnit> <Opcode : 'add' 'sub'> <InPorts = 2> <OutPorts = 1>
ST_7 : Operation 112 [1/1] (0.51ns)   --->   "%C = select i1 %icmp_ln307, i256 %add_ln307, i256 %mul_ln307_1" [../src/msm.cpp:307]   --->   Operation 112 'select' 'C' <Predicate = true> <Delay = 0.51> <CoreInst = "Sel">   --->   Core 73 'Sel' <Latency = 0> <II = 1> <Delay = 0.51> <FuncUnit> <Opcode : 'select'> <InPorts = 3> <OutPorts = 1>
ST_7 : Operation 113 [1/1] (1.95ns)   --->   "%add_ln308 = add i256 %mul_ln308_1, i256 93903846365476920201324579263430632764721620265224529695759379821337321144319" [../src/msm.cpp:308]   --->   Operation 113 'add' 'add_ln308' <Predicate = (icmp_ln308)> <Delay = 1.95> <CoreInst = "Adder">   --->   Core 1 'Adder' <Latency = 0> <II = 1> <Delay = 1.95> <FuncUnit> <Opcode : 'add' 'sub'> <InPorts = 2> <OutPorts = 1>
ST_7 : Operation 114 [1/1] (0.51ns)   --->   "%T1T2 = select i1 %icmp_ln308, i256 %add_ln308, i256 %mul_ln308_1" [../src/msm.cpp:308]   --->   Operation 114 'select' 'T1T2' <Predicate = true> <Delay = 0.51> <CoreInst = "Sel">   --->   Core 73 'Sel' <Latency = 0> <II = 1> <Delay = 0.51> <FuncUnit> <Opcode : 'select'> <InPorts = 3> <OutPorts = 1>
ST_7 : Operation 115 [1/5] (2.61ns)   --->   "%mul_ln311 = mul i512 %zext_ln311_1, i512 %zext_ln311" [../src/msm.cpp:311]   --->   Operation 115 'mul' 'mul_ln311' <Predicate = true> <Delay = 2.61> <CoreInst = "Multiplier">   --->   Core 3 'Multiplier' <Latency = 4> <II = 1> <Delay = 2.61> <FuncUnit> <Opcode : 'mul'> <InPorts = 2> <OutPorts = 1>
ST_7 : Operation 116 [1/5] (2.61ns)   --->   "%E_1 = mul i256 %X2pY2_2, i256 %X1pY1_2" [../src/msm.cpp:311]   --->   Operation 116 'mul' 'E_1' <Predicate = true> <Delay = 2.61> <CoreInst = "Multiplier">   --->   Core 3 'Multiplier' <Latency = 4> <II = 1> <Delay = 2.61> <FuncUnit> <Opcode : 'mul'> <InPorts = 2> <OutPorts = 1>

State 8 <SV = 7> <Delay = 2.85>
ST_8 : Operation 117 [1/1] (0.00ns)   --->   "%zext_ln309 = zext i256 %T1T2" [../src/msm.cpp:309]   --->   Operation 117 'zext' 'zext_ln309' <Predicate = true> <Delay = 0.00>
ST_8 : Operation 118 [5/5] (2.61ns)   --->   "%mul_ln309 = mul i509 %zext_ln309, i509 9706598848417545097372247223557719406784115219466060233080913168975159366771" [../src/msm.cpp:309]   --->   Operation 118 'mul' 'mul_ln309' <Predicate = true> <Delay = 2.61> <CoreInst = "Multiplier">   --->   Core 3 'Multiplier' <Latency = 4> <II = 1> <Delay = 2.61> <FuncUnit> <Opcode : 'mul'> <InPorts = 2> <OutPorts = 1>
ST_8 : Operation 119 [5/5] (2.61ns)   --->   "%mul_ln309_1 = mul i256 %T1T2, i256 9706598848417545097372247223557719406784115219466060233080913168975159366771" [../src/msm.cpp:309]   --->   Operation 119 'mul' 'mul_ln309_1' <Predicate = true> <Delay = 2.61> <CoreInst = "Multiplier">   --->   Core 3 'Multiplier' <Latency = 4> <II = 1> <Delay = 2.61> <FuncUnit> <Opcode : 'mul'> <InPorts = 2> <OutPorts = 1>
ST_8 : Operation 120 [1/1] (2.85ns)   --->   "%icmp_ln311 = icmp_ugt  i512 %mul_ln311, i512 21888242871839275222246405745257275088548364400416034343698204186575808495616" [../src/msm.cpp:311]   --->   Operation 120 'icmp' 'icmp_ln311' <Predicate = true> <Delay = 2.85> <CoreInst = "Cmp">   --->   Core 9 'Cmp' <Latency = 0> <II = 1> <Delay = 2.85> <FuncUnit> <Opcode : 'seteq' 'setne' 'setle' 'setge' 'setlt' 'setgt'> <InPorts = 2> <OutPorts = 1>
ST_8 : Operation 121 [1/1] (1.95ns)   --->   "%E = add i256 %E_1, i256 93903846365476920201324579263430632764721620265224529695759379821337321144319" [../src/msm.cpp:311]   --->   Operation 121 'add' 'E' <Predicate = true> <Delay = 1.95> <CoreInst = "Adder">   --->   Core 1 'Adder' <Latency = 0> <II = 1> <Delay = 1.95> <FuncUnit> <Opcode : 'add' 'sub'> <InPorts = 2> <OutPorts = 1>
ST_8 : Operation 122 [1/1] (1.95ns)   --->   "%icmp_ln314 = icmp_ult  i256 %B, i256 %A" [../src/msm.cpp:314]   --->   Operation 122 'icmp' 'icmp_ln314' <Predicate = true> <Delay = 1.95> <CoreInst = "Cmp">   --->   Core 9 'Cmp' <Latency = 0> <II = 1> <Delay = 1.95> <FuncUnit> <Opcode : 'seteq' 'setne' 'setle' 'setge' 'setlt' 'setgt'> <InPorts = 2> <OutPorts = 1>
ST_8 : Operation 123 [1/1] (1.95ns)   --->   "%H = sub i256 %B, i256 %A" [../src/msm.cpp:314]   --->   Operation 123 'sub' 'H' <Predicate = true> <Delay = 1.95> <CoreInst = "Adder">   --->   Core 1 'Adder' <Latency = 0> <II = 1> <Delay = 1.95> <FuncUnit> <Opcode : 'add' 'sub'> <InPorts = 2> <OutPorts = 1>
ST_8 : Operation 124 [1/1] (1.95ns)   --->   "%AplusB = add i256 %B, i256 %A" [../src/msm.cpp:316]   --->   Operation 124 'add' 'AplusB' <Predicate = true> <Delay = 1.95> <CoreInst = "Adder">   --->   Core 1 'Adder' <Latency = 0> <II = 1> <Delay = 1.95> <FuncUnit> <Opcode : 'add' 'sub'> <InPorts = 2> <OutPorts = 1>

State 9 <SV = 8> <Delay = 2.61>
ST_9 : Operation 125 [4/5] (2.61ns)   --->   "%mul_ln309 = mul i509 %zext_ln309, i509 9706598848417545097372247223557719406784115219466060233080913168975159366771" [../src/msm.cpp:309]   --->   Operation 125 'mul' 'mul_ln309' <Predicate = true> <Delay = 2.61> <CoreInst = "Multiplier">   --->   Core 3 'Multiplier' <Latency = 4> <II = 1> <Delay = 2.61> <FuncUnit> <Opcode : 'mul'> <InPorts = 2> <OutPorts = 1>
ST_9 : Operation 126 [4/5] (2.61ns)   --->   "%mul_ln309_1 = mul i256 %T1T2, i256 9706598848417545097372247223557719406784115219466060233080913168975159366771" [../src/msm.cpp:309]   --->   Operation 126 'mul' 'mul_ln309_1' <Predicate = true> <Delay = 2.61> <CoreInst = "Multiplier">   --->   Core 3 'Multiplier' <Latency = 4> <II = 1> <Delay = 2.61> <FuncUnit> <Opcode : 'mul'> <InPorts = 2> <OutPorts = 1>
ST_9 : Operation 127 [1/1] (0.51ns)   --->   "%E_2 = select i1 %icmp_ln311, i256 %E, i256 %E_1" [../src/msm.cpp:311]   --->   Operation 127 'select' 'E_2' <Predicate = true> <Delay = 0.51> <CoreInst = "Sel">   --->   Core 73 'Sel' <Latency = 0> <II = 1> <Delay = 0.51> <FuncUnit> <Opcode : 'select'> <InPorts = 3> <OutPorts = 1>
ST_9 : Operation 128 [1/1] (0.00ns) (grouped into LUT with out node H_2)   --->   "%xor_ln314 = xor i1 %icmp_ln314, i1 1" [../src/msm.cpp:314]   --->   Operation 128 'xor' 'xor_ln314' <Predicate = true> <Delay = 0.00> <CoreInst = "LogicGate">   --->   Core 74 'LogicGate' <Latency = 0> <II = 1> <Delay = 0.28> <FuncUnit> <Opcode : 'and' 'or' 'xor'> <InPorts = 2> <OutPorts = 1>
ST_9 : Operation 129 [1/1] (1.95ns)   --->   "%H_1 = add i256 %H, i256 21888242871839275222246405745257275088548364400416034343698204186575808495617" [../src/msm.cpp:314]   --->   Operation 129 'add' 'H_1' <Predicate = true> <Delay = 1.95> <CoreInst = "Adder">   --->   Core 1 'Adder' <Latency = 0> <II = 1> <Delay = 1.95> <FuncUnit> <Opcode : 'add' 'sub'> <InPorts = 2> <OutPorts = 1>
ST_9 : Operation 130 [1/1] (0.51ns) (out node of the LUT)   --->   "%H_2 = select i1 %xor_ln314, i256 %H, i256 %H_1" [../src/msm.cpp:314]   --->   Operation 130 'select' 'H_2' <Predicate = true> <Delay = 0.51> <CoreInst = "Sel">   --->   Core 73 'Sel' <Latency = 0> <II = 1> <Delay = 0.51> <FuncUnit> <Opcode : 'select'> <InPorts = 3> <OutPorts = 1>
ST_9 : Operation 131 [1/1] (1.95ns)   --->   "%icmp_ln317 = icmp_ult  i256 %E_2, i256 %AplusB" [../src/msm.cpp:317]   --->   Operation 131 'icmp' 'icmp_ln317' <Predicate = true> <Delay = 1.95> <CoreInst = "Cmp">   --->   Core 9 'Cmp' <Latency = 0> <II = 1> <Delay = 1.95> <FuncUnit> <Opcode : 'seteq' 'setne' 'setle' 'setge' 'setlt' 'setgt'> <InPorts = 2> <OutPorts = 1>
ST_9 : Operation 132 [1/1] (1.95ns)   --->   "%E_minus_AplusB = sub i256 %E_2, i256 %AplusB" [../src/msm.cpp:318]   --->   Operation 132 'sub' 'E_minus_AplusB' <Predicate = true> <Delay = 1.95> <CoreInst = "Adder">   --->   Core 1 'Adder' <Latency = 0> <II = 1> <Delay = 1.95> <FuncUnit> <Opcode : 'add' 'sub'> <InPorts = 2> <OutPorts = 1>

State 10 <SV = 9> <Delay = 2.61>
ST_10 : Operation 133 [3/5] (2.61ns)   --->   "%mul_ln309 = mul i509 %zext_ln309, i509 9706598848417545097372247223557719406784115219466060233080913168975159366771" [../src/msm.cpp:309]   --->   Operation 133 'mul' 'mul_ln309' <Predicate = true> <Delay = 2.61> <CoreInst = "Multiplier">   --->   Core 3 'Multiplier' <Latency = 4> <II = 1> <Delay = 2.61> <FuncUnit> <Opcode : 'mul'> <InPorts = 2> <OutPorts = 1>
ST_10 : Operation 134 [3/5] (2.61ns)   --->   "%mul_ln309_1 = mul i256 %T1T2, i256 9706598848417545097372247223557719406784115219466060233080913168975159366771" [../src/msm.cpp:309]   --->   Operation 134 'mul' 'mul_ln309_1' <Predicate = true> <Delay = 2.61> <CoreInst = "Multiplier">   --->   Core 3 'Multiplier' <Latency = 4> <II = 1> <Delay = 2.61> <FuncUnit> <Opcode : 'mul'> <InPorts = 2> <OutPorts = 1>
ST_10 : Operation 135 [1/1] (0.00ns) (grouped into LUT with out node E_minus_AplusB_2)   --->   "%E_geq_AplusB = xor i1 %icmp_ln317, i1 1" [../src/msm.cpp:317]   --->   Operation 135 'xor' 'E_geq_AplusB' <Predicate = true> <Delay = 0.00> <CoreInst = "LogicGate">   --->   Core 74 'LogicGate' <Latency = 0> <II = 1> <Delay = 0.28> <FuncUnit> <Opcode : 'and' 'or' 'xor'> <InPorts = 2> <OutPorts = 1>
ST_10 : Operation 136 [1/1] (1.95ns)   --->   "%E_minus_AplusB_1 = add i256 %E_minus_AplusB, i256 43776485743678550444492811490514550177096728800832068687396408373151616991234" [../src/msm.cpp:318]   --->   Operation 136 'add' 'E_minus_AplusB_1' <Predicate = true> <Delay = 1.95> <CoreInst = "Adder">   --->   Core 1 'Adder' <Latency = 0> <II = 1> <Delay = 1.95> <FuncUnit> <Opcode : 'add' 'sub'> <InPorts = 2> <OutPorts = 1>
ST_10 : Operation 137 [1/1] (0.51ns) (out node of the LUT)   --->   "%E_minus_AplusB_2 = select i1 %E_geq_AplusB, i256 %E_minus_AplusB, i256 %E_minus_AplusB_1" [../src/msm.cpp:318]   --->   Operation 137 'select' 'E_minus_AplusB_2' <Predicate = true> <Delay = 0.51> <CoreInst = "Sel">   --->   Core 73 'Sel' <Latency = 0> <II = 1> <Delay = 0.51> <FuncUnit> <Opcode : 'select'> <InPorts = 3> <OutPorts = 1>

State 11 <SV = 10> <Delay = 2.61>
ST_11 : Operation 138 [2/5] (2.61ns)   --->   "%mul_ln309 = mul i509 %zext_ln309, i509 9706598848417545097372247223557719406784115219466060233080913168975159366771" [../src/msm.cpp:309]   --->   Operation 138 'mul' 'mul_ln309' <Predicate = true> <Delay = 2.61> <CoreInst = "Multiplier">   --->   Core 3 'Multiplier' <Latency = 4> <II = 1> <Delay = 2.61> <FuncUnit> <Opcode : 'mul'> <InPorts = 2> <OutPorts = 1>
ST_11 : Operation 139 [2/5] (2.61ns)   --->   "%mul_ln309_1 = mul i256 %T1T2, i256 9706598848417545097372247223557719406784115219466060233080913168975159366771" [../src/msm.cpp:309]   --->   Operation 139 'mul' 'mul_ln309_1' <Predicate = true> <Delay = 2.61> <CoreInst = "Multiplier">   --->   Core 3 'Multiplier' <Latency = 4> <II = 1> <Delay = 2.61> <FuncUnit> <Opcode : 'mul'> <InPorts = 2> <OutPorts = 1>

State 12 <SV = 11> <Delay = 2.61>
ST_12 : Operation 140 [1/5] (2.61ns)   --->   "%mul_ln309 = mul i509 %zext_ln309, i509 9706598848417545097372247223557719406784115219466060233080913168975159366771" [../src/msm.cpp:309]   --->   Operation 140 'mul' 'mul_ln309' <Predicate = true> <Delay = 2.61> <CoreInst = "Multiplier">   --->   Core 3 'Multiplier' <Latency = 4> <II = 1> <Delay = 2.61> <FuncUnit> <Opcode : 'mul'> <InPorts = 2> <OutPorts = 1>
ST_12 : Operation 141 [1/5] (2.61ns)   --->   "%mul_ln309_1 = mul i256 %T1T2, i256 9706598848417545097372247223557719406784115219466060233080913168975159366771" [../src/msm.cpp:309]   --->   Operation 141 'mul' 'mul_ln309_1' <Predicate = true> <Delay = 2.61> <CoreInst = "Multiplier">   --->   Core 3 'Multiplier' <Latency = 4> <II = 1> <Delay = 2.61> <FuncUnit> <Opcode : 'mul'> <InPorts = 2> <OutPorts = 1>

State 13 <SV = 12> <Delay = 2.83>
ST_13 : Operation 142 [1/1] (2.83ns)   --->   "%icmp_ln309 = icmp_ugt  i509 %mul_ln309, i509 21888242871839275222246405745257275088548364400416034343698204186575808495616" [../src/msm.cpp:309]   --->   Operation 142 'icmp' 'icmp_ln309' <Predicate = true> <Delay = 2.83> <CoreInst = "Cmp">   --->   Core 9 'Cmp' <Latency = 0> <II = 1> <Delay = 2.83> <FuncUnit> <Opcode : 'seteq' 'setne' 'setle' 'setge' 'setlt' 'setgt'> <InPorts = 2> <OutPorts = 1>
ST_13 : Operation 143 [1/1] (1.95ns)   --->   "%add_ln309 = add i256 %mul_ln309_1, i256 93903846365476920201324579263430632764721620265224529695759379821337321144319" [../src/msm.cpp:309]   --->   Operation 143 'add' 'add_ln309' <Predicate = true> <Delay = 1.95> <CoreInst = "Adder">   --->   Core 1 'Adder' <Latency = 0> <II = 1> <Delay = 1.95> <FuncUnit> <Opcode : 'add' 'sub'> <InPorts = 2> <OutPorts = 1>

State 14 <SV = 13> <Delay = 2.46>
ST_14 : Operation 144 [1/1] (0.51ns)   --->   "%D = select i1 %icmp_ln309, i256 %add_ln309, i256 %mul_ln309_1" [../src/msm.cpp:309]   --->   Operation 144 'select' 'D' <Predicate = true> <Delay = 0.51> <CoreInst = "Sel">   --->   Core 73 'Sel' <Latency = 0> <II = 1> <Delay = 0.51> <FuncUnit> <Opcode : 'select'> <InPorts = 3> <OutPorts = 1>
ST_14 : Operation 145 [1/1] (1.95ns)   --->   "%icmp_ln312 = icmp_ult  i256 %C, i256 %D" [../src/msm.cpp:312]   --->   Operation 145 'icmp' 'icmp_ln312' <Predicate = true> <Delay = 1.95> <CoreInst = "Cmp">   --->   Core 9 'Cmp' <Latency = 0> <II = 1> <Delay = 1.95> <FuncUnit> <Opcode : 'seteq' 'setne' 'setle' 'setge' 'setlt' 'setgt'> <InPorts = 2> <OutPorts = 1>
ST_14 : Operation 146 [1/1] (1.95ns)   --->   "%F = sub i256 %C, i256 %D" [../src/msm.cpp:312]   --->   Operation 146 'sub' 'F' <Predicate = true> <Delay = 1.95> <CoreInst = "Adder">   --->   Core 1 'Adder' <Latency = 0> <II = 1> <Delay = 1.95> <FuncUnit> <Opcode : 'add' 'sub'> <InPorts = 2> <OutPorts = 1>
ST_14 : Operation 147 [1/1] (0.00ns)   --->   "%zext_ln313 = zext i256 %C" [../src/msm.cpp:313]   --->   Operation 147 'zext' 'zext_ln313' <Predicate = true> <Delay = 0.00>
ST_14 : Operation 148 [1/1] (0.00ns)   --->   "%zext_ln313_1 = zext i256 %D" [../src/msm.cpp:313]   --->   Operation 148 'zext' 'zext_ln313_1' <Predicate = true> <Delay = 0.00>
ST_14 : Operation 149 [1/1] (1.95ns)   --->   "%add_ln313 = add i257 %zext_ln313_1, i257 %zext_ln313" [../src/msm.cpp:313]   --->   Operation 149 'add' 'add_ln313' <Predicate = true> <Delay = 1.95> <CoreInst = "Adder">   --->   Core 1 'Adder' <Latency = 0> <II = 1> <Delay = 1.95> <FuncUnit> <Opcode : 'add' 'sub'> <InPorts = 2> <OutPorts = 1>
ST_14 : Operation 150 [1/1] (1.95ns)   --->   "%G_1 = add i256 %D, i256 %C" [../src/msm.cpp:313]   --->   Operation 150 'add' 'G_1' <Predicate = true> <Delay = 1.95> <CoreInst = "Adder">   --->   Core 1 'Adder' <Latency = 0> <II = 1> <Delay = 1.95> <FuncUnit> <Opcode : 'add' 'sub'> <InPorts = 2> <OutPorts = 1>

State 15 <SV = 14> <Delay = 2.46>
ST_15 : Operation 151 [1/1] (0.00ns) (grouped into LUT with out node F_2)   --->   "%xor_ln312 = xor i1 %icmp_ln312, i1 1" [../src/msm.cpp:312]   --->   Operation 151 'xor' 'xor_ln312' <Predicate = true> <Delay = 0.00> <CoreInst = "LogicGate">   --->   Core 74 'LogicGate' <Latency = 0> <II = 1> <Delay = 0.28> <FuncUnit> <Opcode : 'and' 'or' 'xor'> <InPorts = 2> <OutPorts = 1>
ST_15 : Operation 152 [1/1] (1.95ns)   --->   "%F_1 = add i256 %F, i256 21888242871839275222246405745257275088548364400416034343698204186575808495617" [../src/msm.cpp:312]   --->   Operation 152 'add' 'F_1' <Predicate = true> <Delay = 1.95> <CoreInst = "Adder">   --->   Core 1 'Adder' <Latency = 0> <II = 1> <Delay = 1.95> <FuncUnit> <Opcode : 'add' 'sub'> <InPorts = 2> <OutPorts = 1>
ST_15 : Operation 153 [1/1] (0.51ns) (out node of the LUT)   --->   "%F_2 = select i1 %xor_ln312, i256 %F, i256 %F_1" [../src/msm.cpp:312]   --->   Operation 153 'select' 'F_2' <Predicate = true> <Delay = 0.51> <CoreInst = "Sel">   --->   Core 73 'Sel' <Latency = 0> <II = 1> <Delay = 0.51> <FuncUnit> <Opcode : 'select'> <InPorts = 3> <OutPorts = 1>
ST_15 : Operation 154 [1/1] (1.95ns)   --->   "%icmp_ln313 = icmp_ugt  i257 %add_ln313, i257 21888242871839275222246405745257275088548364400416034343698204186575808495616" [../src/msm.cpp:313]   --->   Operation 154 'icmp' 'icmp_ln313' <Predicate = true> <Delay = 1.95> <CoreInst = "Cmp">   --->   Core 9 'Cmp' <Latency = 0> <II = 1> <Delay = 1.95> <FuncUnit> <Opcode : 'seteq' 'setne' 'setle' 'setge' 'setlt' 'setgt'> <InPorts = 2> <OutPorts = 1>
ST_15 : Operation 155 [1/1] (1.95ns)   --->   "%G = add i256 %G_1, i256 93903846365476920201324579263430632764721620265224529695759379821337321144319" [../src/msm.cpp:313]   --->   Operation 155 'add' 'G' <Predicate = true> <Delay = 1.95> <CoreInst = "Adder">   --->   Core 1 'Adder' <Latency = 0> <II = 1> <Delay = 1.95> <FuncUnit> <Opcode : 'add' 'sub'> <InPorts = 2> <OutPorts = 1>
ST_15 : Operation 156 [1/1] (0.51ns)   --->   "%G_2 = select i1 %icmp_ln313, i256 %G, i256 %G_1" [../src/msm.cpp:313]   --->   Operation 156 'select' 'G_2' <Predicate = true> <Delay = 0.51> <CoreInst = "Sel">   --->   Core 73 'Sel' <Latency = 0> <II = 1> <Delay = 0.51> <FuncUnit> <Opcode : 'select'> <InPorts = 3> <OutPorts = 1>

State 16 <SV = 15> <Delay = 2.61>
ST_16 : Operation 157 [1/1] (0.00ns)   --->   "%zext_ln321 = zext i256 %E_minus_AplusB_2" [../src/msm.cpp:321]   --->   Operation 157 'zext' 'zext_ln321' <Predicate = true> <Delay = 0.00>
ST_16 : Operation 158 [1/1] (0.00ns)   --->   "%zext_ln321_1 = zext i256 %F_2" [../src/msm.cpp:321]   --->   Operation 158 'zext' 'zext_ln321_1' <Predicate = true> <Delay = 0.00>
ST_16 : Operation 159 [5/5] (2.61ns)   --->   "%mul_ln321 = mul i512 %zext_ln321_1, i512 %zext_ln321" [../src/msm.cpp:321]   --->   Operation 159 'mul' 'mul_ln321' <Predicate = true> <Delay = 2.61> <CoreInst = "Multiplier">   --->   Core 3 'Multiplier' <Latency = 4> <II = 1> <Delay = 2.61> <FuncUnit> <Opcode : 'mul'> <InPorts = 2> <OutPorts = 1>
ST_16 : Operation 160 [1/1] (0.00ns)   --->   "%zext_ln322 = zext i256 %G_2" [../src/msm.cpp:322]   --->   Operation 160 'zext' 'zext_ln322' <Predicate = true> <Delay = 0.00>
ST_16 : Operation 161 [1/1] (0.00ns)   --->   "%zext_ln322_1 = zext i256 %H_2" [../src/msm.cpp:322]   --->   Operation 161 'zext' 'zext_ln322_1' <Predicate = true> <Delay = 0.00>
ST_16 : Operation 162 [5/5] (2.61ns)   --->   "%mul_ln322 = mul i512 %zext_ln322, i512 %zext_ln322_1" [../src/msm.cpp:322]   --->   Operation 162 'mul' 'mul_ln322' <Predicate = true> <Delay = 2.61> <CoreInst = "Multiplier">   --->   Core 3 'Multiplier' <Latency = 4> <II = 1> <Delay = 2.61> <FuncUnit> <Opcode : 'mul'> <InPorts = 2> <OutPorts = 1>
ST_16 : Operation 163 [5/5] (2.61ns)   --->   "%mul_ln323 = mul i512 %zext_ln321, i512 %zext_ln322_1" [../src/msm.cpp:323]   --->   Operation 163 'mul' 'mul_ln323' <Predicate = true> <Delay = 2.61> <CoreInst = "Multiplier">   --->   Core 3 'Multiplier' <Latency = 4> <II = 1> <Delay = 2.61> <FuncUnit> <Opcode : 'mul'> <InPorts = 2> <OutPorts = 1>
ST_16 : Operation 164 [5/5] (2.61ns)   --->   "%mul_ln324 = mul i512 %zext_ln322, i512 %zext_ln321_1" [../src/msm.cpp:324]   --->   Operation 164 'mul' 'mul_ln324' <Predicate = true> <Delay = 2.61> <CoreInst = "Multiplier">   --->   Core 3 'Multiplier' <Latency = 4> <II = 1> <Delay = 2.61> <FuncUnit> <Opcode : 'mul'> <InPorts = 2> <OutPorts = 1>

State 17 <SV = 16> <Delay = 2.61>
ST_17 : Operation 165 [4/5] (2.61ns)   --->   "%mul_ln321 = mul i512 %zext_ln321_1, i512 %zext_ln321" [../src/msm.cpp:321]   --->   Operation 165 'mul' 'mul_ln321' <Predicate = true> <Delay = 2.61> <CoreInst = "Multiplier">   --->   Core 3 'Multiplier' <Latency = 4> <II = 1> <Delay = 2.61> <FuncUnit> <Opcode : 'mul'> <InPorts = 2> <OutPorts = 1>
ST_17 : Operation 166 [5/5] (2.61ns)   --->   "%X3_tmp_1 = mul i256 %F_2, i256 %E_minus_AplusB_2" [../src/msm.cpp:321]   --->   Operation 166 'mul' 'X3_tmp_1' <Predicate = true> <Delay = 2.61> <CoreInst = "Multiplier">   --->   Core 3 'Multiplier' <Latency = 4> <II = 1> <Delay = 2.61> <FuncUnit> <Opcode : 'mul'> <InPorts = 2> <OutPorts = 1>
ST_17 : Operation 167 [4/5] (2.61ns)   --->   "%mul_ln322 = mul i512 %zext_ln322, i512 %zext_ln322_1" [../src/msm.cpp:322]   --->   Operation 167 'mul' 'mul_ln322' <Predicate = true> <Delay = 2.61> <CoreInst = "Multiplier">   --->   Core 3 'Multiplier' <Latency = 4> <II = 1> <Delay = 2.61> <FuncUnit> <Opcode : 'mul'> <InPorts = 2> <OutPorts = 1>
ST_17 : Operation 168 [5/5] (2.61ns)   --->   "%Y3_tmp_1 = mul i256 %G_2, i256 %H_2" [../src/msm.cpp:322]   --->   Operation 168 'mul' 'Y3_tmp_1' <Predicate = true> <Delay = 2.61> <CoreInst = "Multiplier">   --->   Core 3 'Multiplier' <Latency = 4> <II = 1> <Delay = 2.61> <FuncUnit> <Opcode : 'mul'> <InPorts = 2> <OutPorts = 1>
ST_17 : Operation 169 [4/5] (2.61ns)   --->   "%mul_ln323 = mul i512 %zext_ln321, i512 %zext_ln322_1" [../src/msm.cpp:323]   --->   Operation 169 'mul' 'mul_ln323' <Predicate = true> <Delay = 2.61> <CoreInst = "Multiplier">   --->   Core 3 'Multiplier' <Latency = 4> <II = 1> <Delay = 2.61> <FuncUnit> <Opcode : 'mul'> <InPorts = 2> <OutPorts = 1>
ST_17 : Operation 170 [5/5] (2.61ns)   --->   "%T3_tmp_1 = mul i256 %E_minus_AplusB_2, i256 %H_2" [../src/msm.cpp:323]   --->   Operation 170 'mul' 'T3_tmp_1' <Predicate = true> <Delay = 2.61> <CoreInst = "Multiplier">   --->   Core 3 'Multiplier' <Latency = 4> <II = 1> <Delay = 2.61> <FuncUnit> <Opcode : 'mul'> <InPorts = 2> <OutPorts = 1>
ST_17 : Operation 171 [4/5] (2.61ns)   --->   "%mul_ln324 = mul i512 %zext_ln322, i512 %zext_ln321_1" [../src/msm.cpp:324]   --->   Operation 171 'mul' 'mul_ln324' <Predicate = true> <Delay = 2.61> <CoreInst = "Multiplier">   --->   Core 3 'Multiplier' <Latency = 4> <II = 1> <Delay = 2.61> <FuncUnit> <Opcode : 'mul'> <InPorts = 2> <OutPorts = 1>
ST_17 : Operation 172 [5/5] (2.61ns)   --->   "%Z3_tmp_1 = mul i256 %G_2, i256 %F_2" [../src/msm.cpp:324]   --->   Operation 172 'mul' 'Z3_tmp_1' <Predicate = true> <Delay = 2.61> <CoreInst = "Multiplier">   --->   Core 3 'Multiplier' <Latency = 4> <II = 1> <Delay = 2.61> <FuncUnit> <Opcode : 'mul'> <InPorts = 2> <OutPorts = 1>

State 18 <SV = 17> <Delay = 2.61>
ST_18 : Operation 173 [3/5] (2.61ns)   --->   "%mul_ln321 = mul i512 %zext_ln321_1, i512 %zext_ln321" [../src/msm.cpp:321]   --->   Operation 173 'mul' 'mul_ln321' <Predicate = true> <Delay = 2.61> <CoreInst = "Multiplier">   --->   Core 3 'Multiplier' <Latency = 4> <II = 1> <Delay = 2.61> <FuncUnit> <Opcode : 'mul'> <InPorts = 2> <OutPorts = 1>
ST_18 : Operation 174 [4/5] (2.61ns)   --->   "%X3_tmp_1 = mul i256 %F_2, i256 %E_minus_AplusB_2" [../src/msm.cpp:321]   --->   Operation 174 'mul' 'X3_tmp_1' <Predicate = true> <Delay = 2.61> <CoreInst = "Multiplier">   --->   Core 3 'Multiplier' <Latency = 4> <II = 1> <Delay = 2.61> <FuncUnit> <Opcode : 'mul'> <InPorts = 2> <OutPorts = 1>
ST_18 : Operation 175 [3/5] (2.61ns)   --->   "%mul_ln322 = mul i512 %zext_ln322, i512 %zext_ln322_1" [../src/msm.cpp:322]   --->   Operation 175 'mul' 'mul_ln322' <Predicate = true> <Delay = 2.61> <CoreInst = "Multiplier">   --->   Core 3 'Multiplier' <Latency = 4> <II = 1> <Delay = 2.61> <FuncUnit> <Opcode : 'mul'> <InPorts = 2> <OutPorts = 1>
ST_18 : Operation 176 [4/5] (2.61ns)   --->   "%Y3_tmp_1 = mul i256 %G_2, i256 %H_2" [../src/msm.cpp:322]   --->   Operation 176 'mul' 'Y3_tmp_1' <Predicate = true> <Delay = 2.61> <CoreInst = "Multiplier">   --->   Core 3 'Multiplier' <Latency = 4> <II = 1> <Delay = 2.61> <FuncUnit> <Opcode : 'mul'> <InPorts = 2> <OutPorts = 1>
ST_18 : Operation 177 [3/5] (2.61ns)   --->   "%mul_ln323 = mul i512 %zext_ln321, i512 %zext_ln322_1" [../src/msm.cpp:323]   --->   Operation 177 'mul' 'mul_ln323' <Predicate = true> <Delay = 2.61> <CoreInst = "Multiplier">   --->   Core 3 'Multiplier' <Latency = 4> <II = 1> <Delay = 2.61> <FuncUnit> <Opcode : 'mul'> <InPorts = 2> <OutPorts = 1>
ST_18 : Operation 178 [4/5] (2.61ns)   --->   "%T3_tmp_1 = mul i256 %E_minus_AplusB_2, i256 %H_2" [../src/msm.cpp:323]   --->   Operation 178 'mul' 'T3_tmp_1' <Predicate = true> <Delay = 2.61> <CoreInst = "Multiplier">   --->   Core 3 'Multiplier' <Latency = 4> <II = 1> <Delay = 2.61> <FuncUnit> <Opcode : 'mul'> <InPorts = 2> <OutPorts = 1>
ST_18 : Operation 179 [3/5] (2.61ns)   --->   "%mul_ln324 = mul i512 %zext_ln322, i512 %zext_ln321_1" [../src/msm.cpp:324]   --->   Operation 179 'mul' 'mul_ln324' <Predicate = true> <Delay = 2.61> <CoreInst = "Multiplier">   --->   Core 3 'Multiplier' <Latency = 4> <II = 1> <Delay = 2.61> <FuncUnit> <Opcode : 'mul'> <InPorts = 2> <OutPorts = 1>
ST_18 : Operation 180 [4/5] (2.61ns)   --->   "%Z3_tmp_1 = mul i256 %G_2, i256 %F_2" [../src/msm.cpp:324]   --->   Operation 180 'mul' 'Z3_tmp_1' <Predicate = true> <Delay = 2.61> <CoreInst = "Multiplier">   --->   Core 3 'Multiplier' <Latency = 4> <II = 1> <Delay = 2.61> <FuncUnit> <Opcode : 'mul'> <InPorts = 2> <OutPorts = 1>

State 19 <SV = 18> <Delay = 2.61>
ST_19 : Operation 181 [2/5] (2.61ns)   --->   "%mul_ln321 = mul i512 %zext_ln321_1, i512 %zext_ln321" [../src/msm.cpp:321]   --->   Operation 181 'mul' 'mul_ln321' <Predicate = true> <Delay = 2.61> <CoreInst = "Multiplier">   --->   Core 3 'Multiplier' <Latency = 4> <II = 1> <Delay = 2.61> <FuncUnit> <Opcode : 'mul'> <InPorts = 2> <OutPorts = 1>
ST_19 : Operation 182 [3/5] (2.61ns)   --->   "%X3_tmp_1 = mul i256 %F_2, i256 %E_minus_AplusB_2" [../src/msm.cpp:321]   --->   Operation 182 'mul' 'X3_tmp_1' <Predicate = true> <Delay = 2.61> <CoreInst = "Multiplier">   --->   Core 3 'Multiplier' <Latency = 4> <II = 1> <Delay = 2.61> <FuncUnit> <Opcode : 'mul'> <InPorts = 2> <OutPorts = 1>
ST_19 : Operation 183 [2/5] (2.61ns)   --->   "%mul_ln322 = mul i512 %zext_ln322, i512 %zext_ln322_1" [../src/msm.cpp:322]   --->   Operation 183 'mul' 'mul_ln322' <Predicate = true> <Delay = 2.61> <CoreInst = "Multiplier">   --->   Core 3 'Multiplier' <Latency = 4> <II = 1> <Delay = 2.61> <FuncUnit> <Opcode : 'mul'> <InPorts = 2> <OutPorts = 1>
ST_19 : Operation 184 [3/5] (2.61ns)   --->   "%Y3_tmp_1 = mul i256 %G_2, i256 %H_2" [../src/msm.cpp:322]   --->   Operation 184 'mul' 'Y3_tmp_1' <Predicate = true> <Delay = 2.61> <CoreInst = "Multiplier">   --->   Core 3 'Multiplier' <Latency = 4> <II = 1> <Delay = 2.61> <FuncUnit> <Opcode : 'mul'> <InPorts = 2> <OutPorts = 1>
ST_19 : Operation 185 [2/5] (2.61ns)   --->   "%mul_ln323 = mul i512 %zext_ln321, i512 %zext_ln322_1" [../src/msm.cpp:323]   --->   Operation 185 'mul' 'mul_ln323' <Predicate = true> <Delay = 2.61> <CoreInst = "Multiplier">   --->   Core 3 'Multiplier' <Latency = 4> <II = 1> <Delay = 2.61> <FuncUnit> <Opcode : 'mul'> <InPorts = 2> <OutPorts = 1>
ST_19 : Operation 186 [3/5] (2.61ns)   --->   "%T3_tmp_1 = mul i256 %E_minus_AplusB_2, i256 %H_2" [../src/msm.cpp:323]   --->   Operation 186 'mul' 'T3_tmp_1' <Predicate = true> <Delay = 2.61> <CoreInst = "Multiplier">   --->   Core 3 'Multiplier' <Latency = 4> <II = 1> <Delay = 2.61> <FuncUnit> <Opcode : 'mul'> <InPorts = 2> <OutPorts = 1>
ST_19 : Operation 187 [2/5] (2.61ns)   --->   "%mul_ln324 = mul i512 %zext_ln322, i512 %zext_ln321_1" [../src/msm.cpp:324]   --->   Operation 187 'mul' 'mul_ln324' <Predicate = true> <Delay = 2.61> <CoreInst = "Multiplier">   --->   Core 3 'Multiplier' <Latency = 4> <II = 1> <Delay = 2.61> <FuncUnit> <Opcode : 'mul'> <InPorts = 2> <OutPorts = 1>
ST_19 : Operation 188 [3/5] (2.61ns)   --->   "%Z3_tmp_1 = mul i256 %G_2, i256 %F_2" [../src/msm.cpp:324]   --->   Operation 188 'mul' 'Z3_tmp_1' <Predicate = true> <Delay = 2.61> <CoreInst = "Multiplier">   --->   Core 3 'Multiplier' <Latency = 4> <II = 1> <Delay = 2.61> <FuncUnit> <Opcode : 'mul'> <InPorts = 2> <OutPorts = 1>

State 20 <SV = 19> <Delay = 2.61>
ST_20 : Operation 189 [1/5] (2.61ns)   --->   "%mul_ln321 = mul i512 %zext_ln321_1, i512 %zext_ln321" [../src/msm.cpp:321]   --->   Operation 189 'mul' 'mul_ln321' <Predicate = true> <Delay = 2.61> <CoreInst = "Multiplier">   --->   Core 3 'Multiplier' <Latency = 4> <II = 1> <Delay = 2.61> <FuncUnit> <Opcode : 'mul'> <InPorts = 2> <OutPorts = 1>
ST_20 : Operation 190 [2/5] (2.61ns)   --->   "%X3_tmp_1 = mul i256 %F_2, i256 %E_minus_AplusB_2" [../src/msm.cpp:321]   --->   Operation 190 'mul' 'X3_tmp_1' <Predicate = true> <Delay = 2.61> <CoreInst = "Multiplier">   --->   Core 3 'Multiplier' <Latency = 4> <II = 1> <Delay = 2.61> <FuncUnit> <Opcode : 'mul'> <InPorts = 2> <OutPorts = 1>
ST_20 : Operation 191 [1/5] (2.61ns)   --->   "%mul_ln322 = mul i512 %zext_ln322, i512 %zext_ln322_1" [../src/msm.cpp:322]   --->   Operation 191 'mul' 'mul_ln322' <Predicate = true> <Delay = 2.61> <CoreInst = "Multiplier">   --->   Core 3 'Multiplier' <Latency = 4> <II = 1> <Delay = 2.61> <FuncUnit> <Opcode : 'mul'> <InPorts = 2> <OutPorts = 1>
ST_20 : Operation 192 [2/5] (2.61ns)   --->   "%Y3_tmp_1 = mul i256 %G_2, i256 %H_2" [../src/msm.cpp:322]   --->   Operation 192 'mul' 'Y3_tmp_1' <Predicate = true> <Delay = 2.61> <CoreInst = "Multiplier">   --->   Core 3 'Multiplier' <Latency = 4> <II = 1> <Delay = 2.61> <FuncUnit> <Opcode : 'mul'> <InPorts = 2> <OutPorts = 1>
ST_20 : Operation 193 [1/5] (2.61ns)   --->   "%mul_ln323 = mul i512 %zext_ln321, i512 %zext_ln322_1" [../src/msm.cpp:323]   --->   Operation 193 'mul' 'mul_ln323' <Predicate = true> <Delay = 2.61> <CoreInst = "Multiplier">   --->   Core 3 'Multiplier' <Latency = 4> <II = 1> <Delay = 2.61> <FuncUnit> <Opcode : 'mul'> <InPorts = 2> <OutPorts = 1>
ST_20 : Operation 194 [2/5] (2.61ns)   --->   "%T3_tmp_1 = mul i256 %E_minus_AplusB_2, i256 %H_2" [../src/msm.cpp:323]   --->   Operation 194 'mul' 'T3_tmp_1' <Predicate = true> <Delay = 2.61> <CoreInst = "Multiplier">   --->   Core 3 'Multiplier' <Latency = 4> <II = 1> <Delay = 2.61> <FuncUnit> <Opcode : 'mul'> <InPorts = 2> <OutPorts = 1>
ST_20 : Operation 195 [1/5] (2.61ns)   --->   "%mul_ln324 = mul i512 %zext_ln322, i512 %zext_ln321_1" [../src/msm.cpp:324]   --->   Operation 195 'mul' 'mul_ln324' <Predicate = true> <Delay = 2.61> <CoreInst = "Multiplier">   --->   Core 3 'Multiplier' <Latency = 4> <II = 1> <Delay = 2.61> <FuncUnit> <Opcode : 'mul'> <InPorts = 2> <OutPorts = 1>
ST_20 : Operation 196 [2/5] (2.61ns)   --->   "%Z3_tmp_1 = mul i256 %G_2, i256 %F_2" [../src/msm.cpp:324]   --->   Operation 196 'mul' 'Z3_tmp_1' <Predicate = true> <Delay = 2.61> <CoreInst = "Multiplier">   --->   Core 3 'Multiplier' <Latency = 4> <II = 1> <Delay = 2.61> <FuncUnit> <Opcode : 'mul'> <InPorts = 2> <OutPorts = 1>

State 21 <SV = 20> <Delay = 2.85>
ST_21 : Operation 197 [1/1] (2.85ns)   --->   "%icmp_ln321 = icmp_ugt  i512 %mul_ln321, i512 21888242871839275222246405745257275088548364400416034343698204186575808495616" [../src/msm.cpp:321]   --->   Operation 197 'icmp' 'icmp_ln321' <Predicate = true> <Delay = 2.85> <CoreInst = "Cmp">   --->   Core 9 'Cmp' <Latency = 0> <II = 1> <Delay = 2.85> <FuncUnit> <Opcode : 'seteq' 'setne' 'setle' 'setge' 'setlt' 'setgt'> <InPorts = 2> <OutPorts = 1>
ST_21 : Operation 198 [1/5] (2.61ns)   --->   "%X3_tmp_1 = mul i256 %F_2, i256 %E_minus_AplusB_2" [../src/msm.cpp:321]   --->   Operation 198 'mul' 'X3_tmp_1' <Predicate = true> <Delay = 2.61> <CoreInst = "Multiplier">   --->   Core 3 'Multiplier' <Latency = 4> <II = 1> <Delay = 2.61> <FuncUnit> <Opcode : 'mul'> <InPorts = 2> <OutPorts = 1>
ST_21 : Operation 199 [1/1] (2.85ns)   --->   "%icmp_ln322 = icmp_ugt  i512 %mul_ln322, i512 21888242871839275222246405745257275088548364400416034343698204186575808495616" [../src/msm.cpp:322]   --->   Operation 199 'icmp' 'icmp_ln322' <Predicate = true> <Delay = 2.85> <CoreInst = "Cmp">   --->   Core 9 'Cmp' <Latency = 0> <II = 1> <Delay = 2.85> <FuncUnit> <Opcode : 'seteq' 'setne' 'setle' 'setge' 'setlt' 'setgt'> <InPorts = 2> <OutPorts = 1>
ST_21 : Operation 200 [1/5] (2.61ns)   --->   "%Y3_tmp_1 = mul i256 %G_2, i256 %H_2" [../src/msm.cpp:322]   --->   Operation 200 'mul' 'Y3_tmp_1' <Predicate = true> <Delay = 2.61> <CoreInst = "Multiplier">   --->   Core 3 'Multiplier' <Latency = 4> <II = 1> <Delay = 2.61> <FuncUnit> <Opcode : 'mul'> <InPorts = 2> <OutPorts = 1>
ST_21 : Operation 201 [1/1] (2.85ns)   --->   "%icmp_ln323 = icmp_ugt  i512 %mul_ln323, i512 21888242871839275222246405745257275088548364400416034343698204186575808495616" [../src/msm.cpp:323]   --->   Operation 201 'icmp' 'icmp_ln323' <Predicate = true> <Delay = 2.85> <CoreInst = "Cmp">   --->   Core 9 'Cmp' <Latency = 0> <II = 1> <Delay = 2.85> <FuncUnit> <Opcode : 'seteq' 'setne' 'setle' 'setge' 'setlt' 'setgt'> <InPorts = 2> <OutPorts = 1>
ST_21 : Operation 202 [1/5] (2.61ns)   --->   "%T3_tmp_1 = mul i256 %E_minus_AplusB_2, i256 %H_2" [../src/msm.cpp:323]   --->   Operation 202 'mul' 'T3_tmp_1' <Predicate = true> <Delay = 2.61> <CoreInst = "Multiplier">   --->   Core 3 'Multiplier' <Latency = 4> <II = 1> <Delay = 2.61> <FuncUnit> <Opcode : 'mul'> <InPorts = 2> <OutPorts = 1>
ST_21 : Operation 203 [1/1] (2.85ns)   --->   "%icmp_ln324 = icmp_ugt  i512 %mul_ln324, i512 21888242871839275222246405745257275088548364400416034343698204186575808495616" [../src/msm.cpp:324]   --->   Operation 203 'icmp' 'icmp_ln324' <Predicate = true> <Delay = 2.85> <CoreInst = "Cmp">   --->   Core 9 'Cmp' <Latency = 0> <II = 1> <Delay = 2.85> <FuncUnit> <Opcode : 'seteq' 'setne' 'setle' 'setge' 'setlt' 'setgt'> <InPorts = 2> <OutPorts = 1>
ST_21 : Operation 204 [1/5] (2.61ns)   --->   "%Z3_tmp_1 = mul i256 %G_2, i256 %F_2" [../src/msm.cpp:324]   --->   Operation 204 'mul' 'Z3_tmp_1' <Predicate = true> <Delay = 2.61> <CoreInst = "Multiplier">   --->   Core 3 'Multiplier' <Latency = 4> <II = 1> <Delay = 2.61> <FuncUnit> <Opcode : 'mul'> <InPorts = 2> <OutPorts = 1>

State 22 <SV = 21> <Delay = 2.46>
ST_22 : Operation 205 [1/1] (1.95ns)   --->   "%X3_tmp = add i256 %X3_tmp_1, i256 93903846365476920201324579263430632764721620265224529695759379821337321144319" [../src/msm.cpp:321]   --->   Operation 205 'add' 'X3_tmp' <Predicate = (icmp_ln321)> <Delay = 1.95> <CoreInst = "Adder">   --->   Core 1 'Adder' <Latency = 0> <II = 1> <Delay = 1.95> <FuncUnit> <Opcode : 'add' 'sub'> <InPorts = 2> <OutPorts = 1>
ST_22 : Operation 206 [1/1] (0.51ns)   --->   "%X3_tmp_2 = select i1 %icmp_ln321, i256 %X3_tmp, i256 %X3_tmp_1" [../src/msm.cpp:321]   --->   Operation 206 'select' 'X3_tmp_2' <Predicate = true> <Delay = 0.51> <CoreInst = "Sel">   --->   Core 73 'Sel' <Latency = 0> <II = 1> <Delay = 0.51> <FuncUnit> <Opcode : 'select'> <InPorts = 3> <OutPorts = 1>
ST_22 : Operation 207 [1/1] (1.95ns)   --->   "%Y3_tmp = add i256 %Y3_tmp_1, i256 93903846365476920201324579263430632764721620265224529695759379821337321144319" [../src/msm.cpp:322]   --->   Operation 207 'add' 'Y3_tmp' <Predicate = (icmp_ln322)> <Delay = 1.95> <CoreInst = "Adder">   --->   Core 1 'Adder' <Latency = 0> <II = 1> <Delay = 1.95> <FuncUnit> <Opcode : 'add' 'sub'> <InPorts = 2> <OutPorts = 1>
ST_22 : Operation 208 [1/1] (0.51ns)   --->   "%Y3_tmp_2 = select i1 %icmp_ln322, i256 %Y3_tmp, i256 %Y3_tmp_1" [../src/msm.cpp:322]   --->   Operation 208 'select' 'Y3_tmp_2' <Predicate = true> <Delay = 0.51> <CoreInst = "Sel">   --->   Core 73 'Sel' <Latency = 0> <II = 1> <Delay = 0.51> <FuncUnit> <Opcode : 'select'> <InPorts = 3> <OutPorts = 1>
ST_22 : Operation 209 [1/1] (1.95ns)   --->   "%T3_tmp = add i256 %T3_tmp_1, i256 93903846365476920201324579263430632764721620265224529695759379821337321144319" [../src/msm.cpp:323]   --->   Operation 209 'add' 'T3_tmp' <Predicate = (icmp_ln323)> <Delay = 1.95> <CoreInst = "Adder">   --->   Core 1 'Adder' <Latency = 0> <II = 1> <Delay = 1.95> <FuncUnit> <Opcode : 'add' 'sub'> <InPorts = 2> <OutPorts = 1>
ST_22 : Operation 210 [1/1] (0.51ns)   --->   "%T3_tmp_2 = select i1 %icmp_ln323, i256 %T3_tmp, i256 %T3_tmp_1" [../src/msm.cpp:323]   --->   Operation 210 'select' 'T3_tmp_2' <Predicate = true> <Delay = 0.51> <CoreInst = "Sel">   --->   Core 73 'Sel' <Latency = 0> <II = 1> <Delay = 0.51> <FuncUnit> <Opcode : 'select'> <InPorts = 3> <OutPorts = 1>
ST_22 : Operation 211 [1/1] (1.95ns)   --->   "%Z3_tmp = add i256 %Z3_tmp_1, i256 93903846365476920201324579263430632764721620265224529695759379821337321144319" [../src/msm.cpp:324]   --->   Operation 211 'add' 'Z3_tmp' <Predicate = (icmp_ln324)> <Delay = 1.95> <CoreInst = "Adder">   --->   Core 1 'Adder' <Latency = 0> <II = 1> <Delay = 1.95> <FuncUnit> <Opcode : 'add' 'sub'> <InPorts = 2> <OutPorts = 1>
ST_22 : Operation 212 [1/1] (0.51ns)   --->   "%Z3_tmp_2 = select i1 %icmp_ln324, i256 %Z3_tmp, i256 %Z3_tmp_1" [../src/msm.cpp:324]   --->   Operation 212 'select' 'Z3_tmp_2' <Predicate = true> <Delay = 0.51> <CoreInst = "Sel">   --->   Core 73 'Sel' <Latency = 0> <II = 1> <Delay = 0.51> <FuncUnit> <Opcode : 'select'> <InPorts = 3> <OutPorts = 1>
ST_22 : Operation 213 [1/1] (0.00ns)   --->   "%mrv = insertvalue i1024 <undef>, i256 %X3_tmp_2" [../src/msm.cpp:331]   --->   Operation 213 'insertvalue' 'mrv' <Predicate = true> <Delay = 0.00>
ST_22 : Operation 214 [1/1] (0.00ns)   --->   "%mrv_1 = insertvalue i1024 %mrv, i256 %Y3_tmp_2" [../src/msm.cpp:331]   --->   Operation 214 'insertvalue' 'mrv_1' <Predicate = true> <Delay = 0.00>
ST_22 : Operation 215 [1/1] (0.00ns)   --->   "%mrv_2 = insertvalue i1024 %mrv_1, i256 %Z3_tmp_2" [../src/msm.cpp:331]   --->   Operation 215 'insertvalue' 'mrv_2' <Predicate = true> <Delay = 0.00>
ST_22 : Operation 216 [1/1] (0.00ns)   --->   "%mrv_3 = insertvalue i1024 %mrv_2, i256 %T3_tmp_2" [../src/msm.cpp:331]   --->   Operation 216 'insertvalue' 'mrv_3' <Predicate = true> <Delay = 0.00>
ST_22 : Operation 217 [1/1] (0.00ns)   --->   "%ret_ln331 = ret i1024 %mrv_3" [../src/msm.cpp:331]   --->   Operation 217 'ret' 'ret_ln331' <Predicate = true> <Delay = 0.00>


============================================================
+ Verbose Summary: Binding
============================================================
STG Binding: 
---------------- STG Properties BEGIN ----------------
- Is combinational: 0
- Is one-state seq: 0
- Is datapath-only: 1
- Is pipelined: 1
- Is top level: 0
Port [ Return ] is wired: 1; IO mode=ap_ctrl_hs:ce=0
Port [ X1]:  wired=1; compound=0; hidden=0; nouse=0; global=0; static=0; extern=0; dir=0; type=0; pingpong=0; private_global=0; IO mode=ap_none:ce=0
Port [ Y1]:  wired=1; compound=0; hidden=0; nouse=0; global=0; static=0; extern=0; dir=0; type=0; pingpong=0; private_global=0; IO mode=ap_none:ce=0
Port [ Z1]:  wired=1; compound=0; hidden=0; nouse=0; global=0; static=0; extern=0; dir=0; type=0; pingpong=0; private_global=0; IO mode=ap_none:ce=0
Port [ T1]:  wired=1; compound=0; hidden=0; nouse=0; global=0; static=0; extern=0; dir=0; type=0; pingpong=0; private_global=0; IO mode=ap_none:ce=0
Port [ X2]:  wired=1; compound=0; hidden=0; nouse=0; global=0; static=0; extern=0; dir=0; type=0; pingpong=0; private_global=0; IO mode=ap_none:ce=0
Port [ Y2]:  wired=1; compound=0; hidden=0; nouse=0; global=0; static=0; extern=0; dir=0; type=0; pingpong=0; private_global=0; IO mode=ap_none:ce=0
Port [ Z2]:  wired=1; compound=0; hidden=0; nouse=0; global=0; static=0; extern=0; dir=0; type=0; pingpong=0; private_global=0; IO mode=ap_none:ce=0
Port [ T2]:  wired=1; compound=0; hidden=0; nouse=0; global=0; static=0; extern=0; dir=0; type=0; pingpong=0; private_global=0; IO mode=ap_none:ce=0
---------------- STG Properties END ------------------

---------------- Datapath Model BEGIN ----------------

<LifeTime>
<method=bitvector/>
T2_read          (read       ) [ 01111100000000000000000]
Z2_read          (read       ) [ 01111100000000000000000]
Y2_read          (read       ) [ 01111100000000000000000]
X2_read          (read       ) [ 01111100000000000000000]
T1_read          (read       ) [ 01111100000000000000000]
Z1_read          (read       ) [ 01111100000000000000000]
Y1_read          (read       ) [ 01111100000000000000000]
X1_read          (read       ) [ 01111100000000000000000]
zext_ln300       (zext       ) [ 00000000000000000000000]
zext_ln300_1     (zext       ) [ 00000000000000000000000]
add_ln300        (add        ) [ 01100000000000000000000]
X1pY1_1          (add        ) [ 01100000000000000000000]
zext_ln301       (zext       ) [ 00000000000000000000000]
zext_ln301_1     (zext       ) [ 00000000000000000000000]
add_ln301        (add        ) [ 01100000000000000000000]
X2pY2_1          (add        ) [ 01100000000000000000000]
zext_ln305       (zext       ) [ 01111100000000000000000]
zext_ln305_1     (zext       ) [ 01111100000000000000000]
zext_ln306       (zext       ) [ 01111100000000000000000]
zext_ln306_1     (zext       ) [ 01111100000000000000000]
zext_ln307       (zext       ) [ 01111100000000000000000]
zext_ln307_1     (zext       ) [ 01111100000000000000000]
zext_ln308       (zext       ) [ 01111100000000000000000]
zext_ln308_1     (zext       ) [ 01111100000000000000000]
icmp_ln300       (icmp       ) [ 00000000000000000000000]
X1pY1            (add        ) [ 00000000000000000000000]
X1pY1_2          (select     ) [ 01011111000000000000000]
icmp_ln301       (icmp       ) [ 00000000000000000000000]
X2pY2            (add        ) [ 00000000000000000000000]
X2pY2_2          (select     ) [ 01011111000000000000000]
zext_ln311       (zext       ) [ 01001111000000000000000]
zext_ln311_1     (zext       ) [ 01001111000000000000000]
mul_ln305        (mul        ) [ 01000010000000000000000]
mul_ln305_1      (mul        ) [ 01000011000000000000000]
mul_ln306        (mul        ) [ 01000010000000000000000]
mul_ln306_1      (mul        ) [ 01000011000000000000000]
mul_ln307        (mul        ) [ 01000010000000000000000]
mul_ln307_1      (mul        ) [ 01000011000000000000000]
mul_ln308        (mul        ) [ 01000010000000000000000]
mul_ln308_1      (mul        ) [ 01000011000000000000000]
icmp_ln305       (icmp       ) [ 01000001000000000000000]
icmp_ln306       (icmp       ) [ 01000001000000000000000]
icmp_ln307       (icmp       ) [ 01000001000000000000000]
icmp_ln308       (icmp       ) [ 01000001000000000000000]
add_ln305        (add        ) [ 00000000000000000000000]
A                (select     ) [ 01000000100000000000000]
add_ln306        (add        ) [ 00000000000000000000000]
B                (select     ) [ 01000000100000000000000]
add_ln307        (add        ) [ 00000000000000000000000]
C                (select     ) [ 01000000111111100000000]
add_ln308        (add        ) [ 00000000000000000000000]
T1T2             (select     ) [ 01000000111110000000000]
mul_ln311        (mul        ) [ 01000000100000000000000]
E_1              (mul        ) [ 01000000110000000000000]
zext_ln309       (zext       ) [ 01000000011110000000000]
icmp_ln311       (icmp       ) [ 01000000010000000000000]
E                (add        ) [ 01000000010000000000000]
icmp_ln314       (icmp       ) [ 01000000010000000000000]
H                (sub        ) [ 01000000010000000000000]
AplusB           (add        ) [ 01000000010000000000000]
E_2              (select     ) [ 00000000000000000000000]
xor_ln314        (xor        ) [ 00000000000000000000000]
H_1              (add        ) [ 00000000000000000000000]
H_2              (select     ) [ 01000000001111111111110]
icmp_ln317       (icmp       ) [ 01000000001000000000000]
E_minus_AplusB   (sub        ) [ 01000000001000000000000]
E_geq_AplusB     (xor        ) [ 00000000000000000000000]
E_minus_AplusB_1 (add        ) [ 00000000000000000000000]
E_minus_AplusB_2 (select     ) [ 01000000000111111111110]
mul_ln309        (mul        ) [ 01000000000001000000000]
mul_ln309_1      (mul        ) [ 01000000000001100000000]
icmp_ln309       (icmp       ) [ 01000000000000100000000]
add_ln309        (add        ) [ 01000000000000100000000]
D                (select     ) [ 00000000000000000000000]
icmp_ln312       (icmp       ) [ 01000000000000010000000]
F                (sub        ) [ 01000000000000010000000]
zext_ln313       (zext       ) [ 00000000000000000000000]
zext_ln313_1     (zext       ) [ 00000000000000000000000]
add_ln313        (add        ) [ 01000000000000010000000]
G_1              (add        ) [ 01000000000000010000000]
xor_ln312        (xor        ) [ 00000000000000000000000]
F_1              (add        ) [ 00000000000000000000000]
F_2              (select     ) [ 01000000000000001111110]
icmp_ln313       (icmp       ) [ 00000000000000000000000]
G                (add        ) [ 00000000000000000000000]
G_2              (select     ) [ 01000000000000001111110]
zext_ln321       (zext       ) [ 01000000000000000111100]
zext_ln321_1     (zext       ) [ 01000000000000000111100]
zext_ln322       (zext       ) [ 01000000000000000111100]
zext_ln322_1     (zext       ) [ 01000000000000000111100]
mul_ln321        (mul        ) [ 01000000000000000000010]
mul_ln322        (mul        ) [ 01000000000000000000010]
mul_ln323        (mul        ) [ 01000000000000000000010]
mul_ln324        (mul        ) [ 01000000000000000000010]
icmp_ln321       (icmp       ) [ 01000000000000000000001]
X3_tmp_1         (mul        ) [ 01000000000000000000001]
icmp_ln322       (icmp       ) [ 01000000000000000000001]
Y3_tmp_1         (mul        ) [ 01000000000000000000001]
icmp_ln323       (icmp       ) [ 01000000000000000000001]
T3_tmp_1         (mul        ) [ 01000000000000000000001]
icmp_ln324       (icmp       ) [ 01000000000000000000001]
Z3_tmp_1         (mul        ) [ 01000000000000000000001]
X3_tmp           (add        ) [ 00000000000000000000000]
X3_tmp_2         (select     ) [ 00000000000000000000000]
Y3_tmp           (add        ) [ 00000000000000000000000]
Y3_tmp_2         (select     ) [ 00000000000000000000000]
T3_tmp           (add        ) [ 00000000000000000000000]
T3_tmp_2         (select     ) [ 00000000000000000000000]
Z3_tmp           (add        ) [ 00000000000000000000000]
Z3_tmp_2         (select     ) [ 00000000000000000000000]
mrv              (insertvalue) [ 00000000000000000000000]
mrv_1            (insertvalue) [ 00000000000000000000000]
mrv_2            (insertvalue) [ 00000000000000000000000]
mrv_3            (insertvalue) [ 00000000000000000000000]
ret_ln331        (ret        ) [ 00000000000000000000000]
</LifeTime>

<model>

<comp_list>
<comp id="0" class="1000" name="X1">
<pin_list>
<pin id="1" dir="1" index="0" bw="1" slack="0"/>
</pin_list>
<bind>
<StgValue><ssdm name="X1"/></StgValue>
</bind>
</comp>

<comp id="2" class="1000" name="Y1">
<pin_list>
<pin id="3" dir="1" index="0" bw="1" slack="0"/>
</pin_list>
<bind>
<StgValue><ssdm name="Y1"/></StgValue>
</bind>
</comp>

<comp id="4" class="1000" name="Z1">
<pin_list>
<pin id="5" dir="1" index="0" bw="1" slack="0"/>
</pin_list>
<bind>
<StgValue><ssdm name="Z1"/></StgValue>
</bind>
</comp>

<comp id="6" class="1000" name="T1">
<pin_list>
<pin id="7" dir="1" index="0" bw="1" slack="0"/>
</pin_list>
<bind>
<StgValue><ssdm name="T1"/></StgValue>
</bind>
</comp>

<comp id="8" class="1000" name="X2">
<pin_list>
<pin id="9" dir="1" index="0" bw="1" slack="0"/>
</pin_list>
<bind>
<StgValue><ssdm name="X2"/></StgValue>
</bind>
</comp>

<comp id="10" class="1000" name="Y2">
<pin_list>
<pin id="11" dir="1" index="0" bw="1" slack="0"/>
</pin_list>
<bind>
<StgValue><ssdm name="Y2"/></StgValue>
</bind>
</comp>

<comp id="12" class="1000" name="Z2">
<pin_list>
<pin id="13" dir="1" index="0" bw="1" slack="0"/>
</pin_list>
<bind>
<StgValue><ssdm name="Z2"/></StgValue>
</bind>
</comp>

<comp id="14" class="1000" name="T2">
<pin_list>
<pin id="15" dir="1" index="0" bw="1" slack="0"/>
</pin_list>
<bind>
<StgValue><ssdm name="T2"/></StgValue>
</bind>
</comp>

<comp id="16" class="1001" name="const_16">
<pin_list>
<pin id="17" dir="1" index="0" bw="1" slack="0"/>
</pin_list>
<bind>
<StgValue><ssdm name="_ssdm_op_Read.ap_auto.i256"/></StgValue>
</bind>
</comp>

<comp id="18" class="1001" name="const_18">
<pin_list>
<pin id="19" dir="1" index="0" bw="1" slack="0"/>
</pin_list>
<bind>
<StgValue><ssdm name=""/></StgValue>
</bind>
</comp>

<comp id="20" class="1001" name="const_20">
<pin_list>
<pin id="21" dir="1" index="0" bw="1" slack="0"/>
</pin_list>
<bind>
<StgValue><ssdm name=""/></StgValue>
</bind>
</comp>

<comp id="22" class="1001" name="const_22">
<pin_list>
<pin id="23" dir="1" index="0" bw="1" slack="0"/>
</pin_list>
<bind>
<StgValue><ssdm name=""/></StgValue>
</bind>
</comp>

<comp id="24" class="1001" name="const_24">
<pin_list>
<pin id="25" dir="1" index="0" bw="1" slack="0"/>
</pin_list>
<bind>
<StgValue><ssdm name=""/></StgValue>
</bind>
</comp>

<comp id="26" class="1001" name="const_26">
<pin_list>
<pin id="27" dir="1" index="0" bw="1" slack="0"/>
</pin_list>
<bind>
<StgValue><ssdm name=""/></StgValue>
</bind>
</comp>

<comp id="28" class="1001" name="const_28">
<pin_list>
<pin id="29" dir="1" index="0" bw="1" slack="0"/>
</pin_list>
<bind>
<StgValue><ssdm name=""/></StgValue>
</bind>
</comp>

<comp id="30" class="1001" name="const_30">
<pin_list>
<pin id="31" dir="1" index="0" bw="1" slack="0"/>
</pin_list>
<bind>
<StgValue><ssdm name=""/></StgValue>
</bind>
</comp>

<comp id="32" class="1001" name="const_32">
<pin_list>
<pin id="33" dir="1" index="0" bw="1" slack="0"/>
</pin_list>
<bind>
<StgValue><ssdm name=""/></StgValue>
</bind>
</comp>

<comp id="34" class="1001" name="const_34">
<pin_list>
<pin id="35" dir="1" index="0" bw="1" slack="0"/>
</pin_list>
<bind>
<StgValue><ssdm name=""/></StgValue>
</bind>
</comp>

<comp id="36" class="1001" name="const_36">
<pin_list>
<pin id="37" dir="1" index="0" bw="1" slack="0"/>
</pin_list>
<bind>
<StgValue><ssdm name=""/></StgValue>
</bind>
</comp>

<comp id="38" class="1004" name="T2_read_read_fu_38">
<pin_list>
<pin id="39" dir="0" index="0" bw="256" slack="0"/>
<pin id="40" dir="0" index="1" bw="256" slack="0"/>
<pin id="41" dir="1" index="2" bw="256" slack="0"/>
</pin_list>
<bind>
<opcode="read(1150) " fcode="read"/>
<opset="T2_read/1 "/>
</bind>
</comp>

<comp id="44" class="1004" name="Z2_read_read_fu_44">
<pin_list>
<pin id="45" dir="0" index="0" bw="256" slack="0"/>
<pin id="46" dir="0" index="1" bw="256" slack="0"/>
<pin id="47" dir="1" index="2" bw="256" slack="0"/>
</pin_list>
<bind>
<opcode="read(1150) " fcode="read"/>
<opset="Z2_read/1 "/>
</bind>
</comp>

<comp id="50" class="1004" name="Y2_read_read_fu_50">
<pin_list>
<pin id="51" dir="0" index="0" bw="256" slack="0"/>
<pin id="52" dir="0" index="1" bw="256" slack="0"/>
<pin id="53" dir="1" index="2" bw="256" slack="0"/>
</pin_list>
<bind>
<opcode="read(1150) " fcode="read"/>
<opset="Y2_read/1 "/>
</bind>
</comp>

<comp id="56" class="1004" name="X2_read_read_fu_56">
<pin_list>
<pin id="57" dir="0" index="0" bw="256" slack="0"/>
<pin id="58" dir="0" index="1" bw="256" slack="0"/>
<pin id="59" dir="1" index="2" bw="256" slack="0"/>
</pin_list>
<bind>
<opcode="read(1150) " fcode="read"/>
<opset="X2_read/1 "/>
</bind>
</comp>

<comp id="62" class="1004" name="T1_read_read_fu_62">
<pin_list>
<pin id="63" dir="0" index="0" bw="256" slack="0"/>
<pin id="64" dir="0" index="1" bw="256" slack="0"/>
<pin id="65" dir="1" index="2" bw="256" slack="0"/>
</pin_list>
<bind>
<opcode="read(1150) " fcode="read"/>
<opset="T1_read/1 "/>
</bind>
</comp>

<comp id="68" class="1004" name="Z1_read_read_fu_68">
<pin_list>
<pin id="69" dir="0" index="0" bw="256" slack="0"/>
<pin id="70" dir="0" index="1" bw="256" slack="0"/>
<pin id="71" dir="1" index="2" bw="256" slack="0"/>
</pin_list>
<bind>
<opcode="read(1150) " fcode="read"/>
<opset="Z1_read/1 "/>
</bind>
</comp>

<comp id="74" class="1004" name="Y1_read_read_fu_74">
<pin_list>
<pin id="75" dir="0" index="0" bw="256" slack="0"/>
<pin id="76" dir="0" index="1" bw="256" slack="0"/>
<pin id="77" dir="1" index="2" bw="256" slack="0"/>
</pin_list>
<bind>
<opcode="read(1150) " fcode="read"/>
<opset="Y1_read/1 "/>
</bind>
</comp>

<comp id="80" class="1004" name="X1_read_read_fu_80">
<pin_list>
<pin id="81" dir="0" index="0" bw="256" slack="0"/>
<pin id="82" dir="0" index="1" bw="256" slack="0"/>
<pin id="83" dir="1" index="2" bw="256" slack="0"/>
</pin_list>
<bind>
<opcode="read(1150) " fcode="read"/>
<opset="X1_read/1 "/>
</bind>
</comp>

<comp id="86" class="1004" name="grp_fu_86">
<pin_list>
<pin id="87" dir="0" index="0" bw="256" slack="0"/>
<pin id="88" dir="0" index="1" bw="256" slack="0"/>
<pin id="89" dir="1" index="2" bw="512" slack="1"/>
</pin_list>
<bind>
<opcode="mul(12) " fcode="mul"/>
<opset="mul_ln305/1 "/>
</bind>
</comp>

<comp id="90" class="1004" name="grp_fu_90">
<pin_list>
<pin id="91" dir="0" index="0" bw="256" slack="0"/>
<pin id="92" dir="0" index="1" bw="256" slack="0"/>
<pin id="93" dir="1" index="2" bw="512" slack="1"/>
</pin_list>
<bind>
<opcode="mul(12) " fcode="mul"/>
<opset="mul_ln306/1 "/>
</bind>
</comp>

<comp id="94" class="1004" name="grp_fu_94">
<pin_list>
<pin id="95" dir="0" index="0" bw="256" slack="0"/>
<pin id="96" dir="0" index="1" bw="256" slack="0"/>
<pin id="97" dir="1" index="2" bw="512" slack="1"/>
</pin_list>
<bind>
<opcode="mul(12) " fcode="mul"/>
<opset="mul_ln307/1 "/>
</bind>
</comp>

<comp id="98" class="1004" name="grp_fu_98">
<pin_list>
<pin id="99" dir="0" index="0" bw="256" slack="0"/>
<pin id="100" dir="0" index="1" bw="256" slack="0"/>
<pin id="101" dir="1" index="2" bw="512" slack="1"/>
</pin_list>
<bind>
<opcode="mul(12) " fcode="mul"/>
<opset="mul_ln308/1 "/>
</bind>
</comp>

<comp id="102" class="1004" name="grp_fu_102">
<pin_list>
<pin id="103" dir="0" index="0" bw="256" slack="0"/>
<pin id="104" dir="0" index="1" bw="256" slack="0"/>
<pin id="105" dir="1" index="2" bw="512" slack="1"/>
</pin_list>
<bind>
<opcode="mul(12) " fcode="mul"/>
<opset="mul_ln311/3 "/>
</bind>
</comp>

<comp id="106" class="1004" name="grp_fu_106">
<pin_list>
<pin id="107" dir="0" index="0" bw="256" slack="0"/>
<pin id="108" dir="0" index="1" bw="256" slack="0"/>
<pin id="109" dir="1" index="2" bw="512" slack="1"/>
</pin_list>
<bind>
<opcode="mul(12) " fcode="mul"/>
<opset="mul_ln321/16 "/>
</bind>
</comp>

<comp id="110" class="1004" name="grp_fu_110">
<pin_list>
<pin id="111" dir="0" index="0" bw="256" slack="0"/>
<pin id="112" dir="0" index="1" bw="256" slack="0"/>
<pin id="113" dir="1" index="2" bw="512" slack="1"/>
</pin_list>
<bind>
<opcode="mul(12) " fcode="mul"/>
<opset="mul_ln322/16 "/>
</bind>
</comp>

<comp id="114" class="1004" name="grp_fu_114">
<pin_list>
<pin id="115" dir="0" index="0" bw="256" slack="0"/>
<pin id="116" dir="0" index="1" bw="256" slack="0"/>
<pin id="117" dir="1" index="2" bw="512" slack="1"/>
</pin_list>
<bind>
<opcode="mul(12) " fcode="mul"/>
<opset="mul_ln323/16 "/>
</bind>
</comp>

<comp id="118" class="1004" name="grp_fu_118">
<pin_list>
<pin id="119" dir="0" index="0" bw="256" slack="0"/>
<pin id="120" dir="0" index="1" bw="256" slack="0"/>
<pin id="121" dir="1" index="2" bw="512" slack="1"/>
</pin_list>
<bind>
<opcode="mul(12) " fcode="mul"/>
<opset="mul_ln324/16 "/>
</bind>
</comp>

<comp id="122" class="1004" name="grp_fu_122">
<pin_list>
<pin id="123" dir="0" index="0" bw="256" slack="0"/>
<pin id="124" dir="0" index="1" bw="254" slack="0"/>
<pin id="125" dir="1" index="2" bw="509" slack="1"/>
</pin_list>
<bind>
<opcode="mul(12) " fcode="mul"/>
<opset="mul_ln309/8 "/>
</bind>
</comp>

<comp id="127" class="1004" name="grp_fu_127">
<pin_list>
<pin id="128" dir="0" index="0" bw="256" slack="0"/>
<pin id="129" dir="0" index="1" bw="256" slack="0"/>
<pin id="130" dir="1" index="2" bw="256" slack="2"/>
</pin_list>
<bind>
<opcode="mul(12) " fcode="mul"/>
<opset="mul_ln305_1/1 "/>
</bind>
</comp>

<comp id="133" class="1004" name="grp_fu_133">
<pin_list>
<pin id="134" dir="0" index="0" bw="256" slack="0"/>
<pin id="135" dir="0" index="1" bw="256" slack="0"/>
<pin id="136" dir="1" index="2" bw="256" slack="2"/>
</pin_list>
<bind>
<opcode="mul(12) " fcode="mul"/>
<opset="mul_ln306_1/1 "/>
</bind>
</comp>

<comp id="139" class="1004" name="grp_fu_139">
<pin_list>
<pin id="140" dir="0" index="0" bw="256" slack="0"/>
<pin id="141" dir="0" index="1" bw="256" slack="0"/>
<pin id="142" dir="1" index="2" bw="256" slack="2"/>
</pin_list>
<bind>
<opcode="mul(12) " fcode="mul"/>
<opset="mul_ln307_1/1 "/>
</bind>
</comp>

<comp id="145" class="1004" name="grp_fu_145">
<pin_list>
<pin id="146" dir="0" index="0" bw="256" slack="0"/>
<pin id="147" dir="0" index="1" bw="256" slack="0"/>
<pin id="148" dir="1" index="2" bw="256" slack="2"/>
</pin_list>
<bind>
<opcode="mul(12) " fcode="mul"/>
<opset="mul_ln308_1/1 "/>
</bind>
</comp>

<comp id="151" class="1004" name="grp_fu_151">
<pin_list>
<pin id="152" dir="0" index="0" bw="256" slack="1"/>
<pin id="153" dir="0" index="1" bw="256" slack="1"/>
<pin id="154" dir="1" index="2" bw="256" slack="1"/>
</pin_list>
<bind>
<opcode="mul(12) " fcode="mul"/>
<opset="E_1/3 "/>
</bind>
</comp>

<comp id="155" class="1004" name="grp_fu_155">
<pin_list>
<pin id="156" dir="0" index="0" bw="256" slack="2"/>
<pin id="157" dir="0" index="1" bw="256" slack="7"/>
<pin id="158" dir="1" index="2" bw="256" slack="1"/>
</pin_list>
<bind>
<opcode="mul(12) " fcode="mul"/>
<opset="X3_tmp_1/17 "/>
</bind>
</comp>

<comp id="159" class="1004" name="grp_fu_159">
<pin_list>
<pin id="160" dir="0" index="0" bw="256" slack="2"/>
<pin id="161" dir="0" index="1" bw="256" slack="8"/>
<pin id="162" dir="1" index="2" bw="256" slack="1"/>
</pin_list>
<bind>
<opcode="mul(12) " fcode="mul"/>
<opset="Y3_tmp_1/17 "/>
</bind>
</comp>

<comp id="163" class="1004" name="grp_fu_163">
<pin_list>
<pin id="164" dir="0" index="0" bw="256" slack="7"/>
<pin id="165" dir="0" index="1" bw="256" slack="8"/>
<pin id="166" dir="1" index="2" bw="256" slack="1"/>
</pin_list>
<bind>
<opcode="mul(12) " fcode="mul"/>
<opset="T3_tmp_1/17 "/>
</bind>
</comp>

<comp id="167" class="1004" name="grp_fu_167">
<pin_list>
<pin id="168" dir="0" index="0" bw="256" slack="2"/>
<pin id="169" dir="0" index="1" bw="256" slack="2"/>
<pin id="170" dir="1" index="2" bw="256" slack="1"/>
</pin_list>
<bind>
<opcode="mul(12) " fcode="mul"/>
<opset="Z3_tmp_1/17 "/>
</bind>
</comp>

<comp id="171" class="1004" name="grp_fu_171">
<pin_list>
<pin id="172" dir="0" index="0" bw="256" slack="1"/>
<pin id="173" dir="0" index="1" bw="254" slack="0"/>
<pin id="174" dir="1" index="2" bw="256" slack="1"/>
</pin_list>
<bind>
<opcode="mul(12) " fcode="mul"/>
<opset="mul_ln309_1/8 "/>
</bind>
</comp>

<comp id="176" class="1004" name="zext_ln300_fu_176">
<pin_list>
<pin id="177" dir="0" index="0" bw="256" slack="0"/>
<pin id="178" dir="1" index="1" bw="257" slack="0"/>
</pin_list>
<bind>
<opcode="zext(34) " fcode="zext"/>
<opset="zext_ln300/1 "/>
</bind>
</comp>

<comp id="180" class="1004" name="zext_ln300_1_fu_180">
<pin_list>
<pin id="181" dir="0" index="0" bw="256" slack="0"/>
<pin id="182" dir="1" index="1" bw="257" slack="0"/>
</pin_list>
<bind>
<opcode="zext(34) " fcode="zext"/>
<opset="zext_ln300_1/1 "/>
</bind>
</comp>

<comp id="184" class="1004" name="add_ln300_fu_184">
<pin_list>
<pin id="185" dir="0" index="0" bw="256" slack="0"/>
<pin id="186" dir="0" index="1" bw="256" slack="0"/>
<pin id="187" dir="1" index="2" bw="257" slack="1"/>
</pin_list>
<bind>
<opcode="add(8) " fcode="add"/>
<opset="add_ln300/1 "/>
</bind>
</comp>

<comp id="190" class="1004" name="X1pY1_1_fu_190">
<pin_list>
<pin id="191" dir="0" index="0" bw="256" slack="0"/>
<pin id="192" dir="0" index="1" bw="256" slack="0"/>
<pin id="193" dir="1" index="2" bw="256" slack="1"/>
</pin_list>
<bind>
<opcode="add(8) " fcode="add"/>
<opset="X1pY1_1/1 "/>
</bind>
</comp>

<comp id="196" class="1004" name="zext_ln301_fu_196">
<pin_list>
<pin id="197" dir="0" index="0" bw="256" slack="0"/>
<pin id="198" dir="1" index="1" bw="257" slack="0"/>
</pin_list>
<bind>
<opcode="zext(34) " fcode="zext"/>
<opset="zext_ln301/1 "/>
</bind>
</comp>

<comp id="200" class="1004" name="zext_ln301_1_fu_200">
<pin_list>
<pin id="201" dir="0" index="0" bw="256" slack="0"/>
<pin id="202" dir="1" index="1" bw="257" slack="0"/>
</pin_list>
<bind>
<opcode="zext(34) " fcode="zext"/>
<opset="zext_ln301_1/1 "/>
</bind>
</comp>

<comp id="204" class="1004" name="add_ln301_fu_204">
<pin_list>
<pin id="205" dir="0" index="0" bw="256" slack="0"/>
<pin id="206" dir="0" index="1" bw="256" slack="0"/>
<pin id="207" dir="1" index="2" bw="257" slack="1"/>
</pin_list>
<bind>
<opcode="add(8) " fcode="add"/>
<opset="add_ln301/1 "/>
</bind>
</comp>

<comp id="210" class="1004" name="X2pY2_1_fu_210">
<pin_list>
<pin id="211" dir="0" index="0" bw="256" slack="0"/>
<pin id="212" dir="0" index="1" bw="256" slack="0"/>
<pin id="213" dir="1" index="2" bw="256" slack="1"/>
</pin_list>
<bind>
<opcode="add(8) " fcode="add"/>
<opset="X2pY2_1/1 "/>
</bind>
</comp>

<comp id="216" class="1004" name="zext_ln305_fu_216">
<pin_list>
<pin id="217" dir="0" index="0" bw="256" slack="0"/>
<pin id="218" dir="1" index="1" bw="512" slack="0"/>
</pin_list>
<bind>
<opcode="zext(34) " fcode="zext"/>
<opset="zext_ln305/1 "/>
</bind>
</comp>

<comp id="221" class="1004" name="zext_ln305_1_fu_221">
<pin_list>
<pin id="222" dir="0" index="0" bw="256" slack="0"/>
<pin id="223" dir="1" index="1" bw="512" slack="0"/>
</pin_list>
<bind>
<opcode="zext(34) " fcode="zext"/>
<opset="zext_ln305_1/1 "/>
</bind>
</comp>

<comp id="226" class="1004" name="zext_ln306_fu_226">
<pin_list>
<pin id="227" dir="0" index="0" bw="256" slack="0"/>
<pin id="228" dir="1" index="1" bw="512" slack="0"/>
</pin_list>
<bind>
<opcode="zext(34) " fcode="zext"/>
<opset="zext_ln306/1 "/>
</bind>
</comp>

<comp id="231" class="1004" name="zext_ln306_1_fu_231">
<pin_list>
<pin id="232" dir="0" index="0" bw="256" slack="0"/>
<pin id="233" dir="1" index="1" bw="512" slack="0"/>
</pin_list>
<bind>
<opcode="zext(34) " fcode="zext"/>
<opset="zext_ln306_1/1 "/>
</bind>
</comp>

<comp id="236" class="1004" name="zext_ln307_fu_236">
<pin_list>
<pin id="237" dir="0" index="0" bw="256" slack="0"/>
<pin id="238" dir="1" index="1" bw="512" slack="0"/>
</pin_list>
<bind>
<opcode="zext(34) " fcode="zext"/>
<opset="zext_ln307/1 "/>
</bind>
</comp>

<comp id="241" class="1004" name="zext_ln307_1_fu_241">
<pin_list>
<pin id="242" dir="0" index="0" bw="256" slack="0"/>
<pin id="243" dir="1" index="1" bw="512" slack="0"/>
</pin_list>
<bind>
<opcode="zext(34) " fcode="zext"/>
<opset="zext_ln307_1/1 "/>
</bind>
</comp>

<comp id="246" class="1004" name="zext_ln308_fu_246">
<pin_list>
<pin id="247" dir="0" index="0" bw="256" slack="0"/>
<pin id="248" dir="1" index="1" bw="512" slack="0"/>
</pin_list>
<bind>
<opcode="zext(34) " fcode="zext"/>
<opset="zext_ln308/1 "/>
</bind>
</comp>

<comp id="251" class="1004" name="zext_ln308_1_fu_251">
<pin_list>
<pin id="252" dir="0" index="0" bw="256" slack="0"/>
<pin id="253" dir="1" index="1" bw="512" slack="0"/>
</pin_list>
<bind>
<opcode="zext(34) " fcode="zext"/>
<opset="zext_ln308_1/1 "/>
</bind>
</comp>

<comp id="256" class="1004" name="icmp_ln300_fu_256">
<pin_list>
<pin id="257" dir="0" index="0" bw="257" slack="1"/>
<pin id="258" dir="0" index="1" bw="255" slack="0"/>
<pin id="259" dir="1" index="2" bw="1" slack="0"/>
</pin_list>
<bind>
<opcode="icmp(45) " fcode="icmp"/>
<opset="icmp_ln300/2 "/>
</bind>
</comp>

<comp id="261" class="1004" name="X1pY1_fu_261">
<pin_list>
<pin id="262" dir="0" index="0" bw="256" slack="1"/>
<pin id="263" dir="0" index="1" bw="255" slack="0"/>
<pin id="264" dir="1" index="2" bw="256" slack="0"/>
</pin_list>
<bind>
<opcode="add(8) " fcode="add"/>
<opset="X1pY1/2 "/>
</bind>
</comp>

<comp id="266" class="1004" name="X1pY1_2_fu_266">
<pin_list>
<pin id="267" dir="0" index="0" bw="1" slack="0"/>
<pin id="268" dir="0" index="1" bw="256" slack="0"/>
<pin id="269" dir="0" index="2" bw="256" slack="1"/>
<pin id="270" dir="1" index="3" bw="256" slack="1"/>
</pin_list>
<bind>
<opcode="select(49) " fcode="select"/>
<opset="X1pY1_2/2 "/>
</bind>
</comp>

<comp id="273" class="1004" name="icmp_ln301_fu_273">
<pin_list>
<pin id="274" dir="0" index="0" bw="257" slack="1"/>
<pin id="275" dir="0" index="1" bw="255" slack="0"/>
<pin id="276" dir="1" index="2" bw="1" slack="0"/>
</pin_list>
<bind>
<opcode="icmp(45) " fcode="icmp"/>
<opset="icmp_ln301/2 "/>
</bind>
</comp>

<comp id="278" class="1004" name="X2pY2_fu_278">
<pin_list>
<pin id="279" dir="0" index="0" bw="256" slack="1"/>
<pin id="280" dir="0" index="1" bw="255" slack="0"/>
<pin id="281" dir="1" index="2" bw="256" slack="0"/>
</pin_list>
<bind>
<opcode="add(8) " fcode="add"/>
<opset="X2pY2/2 "/>
</bind>
</comp>

<comp id="283" class="1004" name="X2pY2_2_fu_283">
<pin_list>
<pin id="284" dir="0" index="0" bw="1" slack="0"/>
<pin id="285" dir="0" index="1" bw="256" slack="0"/>
<pin id="286" dir="0" index="2" bw="256" slack="1"/>
<pin id="287" dir="1" index="3" bw="256" slack="1"/>
</pin_list>
<bind>
<opcode="select(49) " fcode="select"/>
<opset="X2pY2_2/2 "/>
</bind>
</comp>

<comp id="290" class="1004" name="zext_ln311_fu_290">
<pin_list>
<pin id="291" dir="0" index="0" bw="256" slack="1"/>
<pin id="292" dir="1" index="1" bw="512" slack="0"/>
</pin_list>
<bind>
<opcode="zext(34) " fcode="zext"/>
<opset="zext_ln311/3 "/>
</bind>
</comp>

<comp id="294" class="1004" name="zext_ln311_1_fu_294">
<pin_list>
<pin id="295" dir="0" index="0" bw="256" slack="1"/>
<pin id="296" dir="1" index="1" bw="512" slack="0"/>
</pin_list>
<bind>
<opcode="zext(34) " fcode="zext"/>
<opset="zext_ln311_1/3 "/>
</bind>
</comp>

<comp id="298" class="1004" name="icmp_ln305_fu_298">
<pin_list>
<pin id="299" dir="0" index="0" bw="512" slack="1"/>
<pin id="300" dir="0" index="1" bw="255" slack="0"/>
<pin id="301" dir="1" index="2" bw="1" slack="1"/>
</pin_list>
<bind>
<opcode="icmp(45) " fcode="icmp"/>
<opset="icmp_ln305/6 "/>
</bind>
</comp>

<comp id="303" class="1004" name="icmp_ln306_fu_303">
<pin_list>
<pin id="304" dir="0" index="0" bw="512" slack="1"/>
<pin id="305" dir="0" index="1" bw="255" slack="0"/>
<pin id="306" dir="1" index="2" bw="1" slack="1"/>
</pin_list>
<bind>
<opcode="icmp(45) " fcode="icmp"/>
<opset="icmp_ln306/6 "/>
</bind>
</comp>

<comp id="308" class="1004" name="icmp_ln307_fu_308">
<pin_list>
<pin id="309" dir="0" index="0" bw="512" slack="1"/>
<pin id="310" dir="0" index="1" bw="255" slack="0"/>
<pin id="311" dir="1" index="2" bw="1" slack="1"/>
</pin_list>
<bind>
<opcode="icmp(45) " fcode="icmp"/>
<opset="icmp_ln307/6 "/>
</bind>
</comp>

<comp id="313" class="1004" name="icmp_ln308_fu_313">
<pin_list>
<pin id="314" dir="0" index="0" bw="512" slack="1"/>
<pin id="315" dir="0" index="1" bw="255" slack="0"/>
<pin id="316" dir="1" index="2" bw="1" slack="1"/>
</pin_list>
<bind>
<opcode="icmp(45) " fcode="icmp"/>
<opset="icmp_ln308/6 "/>
</bind>
</comp>

<comp id="318" class="1004" name="add_ln305_fu_318">
<pin_list>
<pin id="319" dir="0" index="0" bw="256" slack="2"/>
<pin id="320" dir="0" index="1" bw="255" slack="0"/>
<pin id="321" dir="1" index="2" bw="256" slack="0"/>
</pin_list>
<bind>
<opcode="add(8) " fcode="add"/>
<opset="add_ln305/7 "/>
</bind>
</comp>

<comp id="323" class="1004" name="A_fu_323">
<pin_list>
<pin id="324" dir="0" index="0" bw="1" slack="1"/>
<pin id="325" dir="0" index="1" bw="256" slack="0"/>
<pin id="326" dir="0" index="2" bw="256" slack="2"/>
<pin id="327" dir="1" index="3" bw="256" slack="1"/>
</pin_list>
<bind>
<opcode="select(49) " fcode="select"/>
<opset="A/7 "/>
</bind>
</comp>

<comp id="329" class="1004" name="add_ln306_fu_329">
<pin_list>
<pin id="330" dir="0" index="0" bw="256" slack="2"/>
<pin id="331" dir="0" index="1" bw="255" slack="0"/>
<pin id="332" dir="1" index="2" bw="256" slack="0"/>
</pin_list>
<bind>
<opcode="add(8) " fcode="add"/>
<opset="add_ln306/7 "/>
</bind>
</comp>

<comp id="334" class="1004" name="B_fu_334">
<pin_list>
<pin id="335" dir="0" index="0" bw="1" slack="1"/>
<pin id="336" dir="0" index="1" bw="256" slack="0"/>
<pin id="337" dir="0" index="2" bw="256" slack="2"/>
<pin id="338" dir="1" index="3" bw="256" slack="1"/>
</pin_list>
<bind>
<opcode="select(49) " fcode="select"/>
<opset="B/7 "/>
</bind>
</comp>

<comp id="340" class="1004" name="add_ln307_fu_340">
<pin_list>
<pin id="341" dir="0" index="0" bw="256" slack="2"/>
<pin id="342" dir="0" index="1" bw="255" slack="0"/>
<pin id="343" dir="1" index="2" bw="256" slack="0"/>
</pin_list>
<bind>
<opcode="add(8) " fcode="add"/>
<opset="add_ln307/7 "/>
</bind>
</comp>

<comp id="345" class="1004" name="C_fu_345">
<pin_list>
<pin id="346" dir="0" index="0" bw="1" slack="1"/>
<pin id="347" dir="0" index="1" bw="256" slack="0"/>
<pin id="348" dir="0" index="2" bw="256" slack="2"/>
<pin id="349" dir="1" index="3" bw="256" slack="7"/>
</pin_list>
<bind>
<opcode="select(49) " fcode="select"/>
<opset="C/7 "/>
</bind>
</comp>

<comp id="351" class="1004" name="add_ln308_fu_351">
<pin_list>
<pin id="352" dir="0" index="0" bw="256" slack="2"/>
<pin id="353" dir="0" index="1" bw="255" slack="0"/>
<pin id="354" dir="1" index="2" bw="256" slack="0"/>
</pin_list>
<bind>
<opcode="add(8) " fcode="add"/>
<opset="add_ln308/7 "/>
</bind>
</comp>

<comp id="356" class="1004" name="T1T2_fu_356">
<pin_list>
<pin id="357" dir="0" index="0" bw="1" slack="1"/>
<pin id="358" dir="0" index="1" bw="256" slack="0"/>
<pin id="359" dir="0" index="2" bw="256" slack="2"/>
<pin id="360" dir="1" index="3" bw="256" slack="1"/>
</pin_list>
<bind>
<opcode="select(49) " fcode="select"/>
<opset="T1T2/7 "/>
</bind>
</comp>

<comp id="362" class="1004" name="zext_ln309_fu_362">
<pin_list>
<pin id="363" dir="0" index="0" bw="256" slack="1"/>
<pin id="364" dir="1" index="1" bw="509" slack="0"/>
</pin_list>
<bind>
<opcode="zext(34) " fcode="zext"/>
<opset="zext_ln309/8 "/>
</bind>
</comp>

<comp id="366" class="1004" name="icmp_ln311_fu_366">
<pin_list>
<pin id="367" dir="0" index="0" bw="512" slack="1"/>
<pin id="368" dir="0" index="1" bw="255" slack="0"/>
<pin id="369" dir="1" index="2" bw="1" slack="1"/>
</pin_list>
<bind>
<opcode="icmp(45) " fcode="icmp"/>
<opset="icmp_ln311/8 "/>
</bind>
</comp>

<comp id="371" class="1004" name="E_fu_371">
<pin_list>
<pin id="372" dir="0" index="0" bw="256" slack="1"/>
<pin id="373" dir="0" index="1" bw="255" slack="0"/>
<pin id="374" dir="1" index="2" bw="256" slack="1"/>
</pin_list>
<bind>
<opcode="add(8) " fcode="add"/>
<opset="E/8 "/>
</bind>
</comp>

<comp id="376" class="1004" name="icmp_ln314_fu_376">
<pin_list>
<pin id="377" dir="0" index="0" bw="256" slack="1"/>
<pin id="378" dir="0" index="1" bw="256" slack="1"/>
<pin id="379" dir="1" index="2" bw="1" slack="1"/>
</pin_list>
<bind>
<opcode="icmp(45) " fcode="icmp"/>
<opset="icmp_ln314/8 "/>
</bind>
</comp>

<comp id="380" class="1004" name="H_fu_380">
<pin_list>
<pin id="381" dir="0" index="0" bw="256" slack="1"/>
<pin id="382" dir="0" index="1" bw="256" slack="1"/>
<pin id="383" dir="1" index="2" bw="256" slack="1"/>
</pin_list>
<bind>
<opcode="sub(10) " fcode="sub"/>
<opset="H/8 "/>
</bind>
</comp>

<comp id="384" class="1004" name="AplusB_fu_384">
<pin_list>
<pin id="385" dir="0" index="0" bw="256" slack="1"/>
<pin id="386" dir="0" index="1" bw="256" slack="1"/>
<pin id="387" dir="1" index="2" bw="256" slack="1"/>
</pin_list>
<bind>
<opcode="add(8) " fcode="add"/>
<opset="AplusB/8 "/>
</bind>
</comp>

<comp id="388" class="1004" name="E_2_fu_388">
<pin_list>
<pin id="389" dir="0" index="0" bw="1" slack="1"/>
<pin id="390" dir="0" index="1" bw="256" slack="1"/>
<pin id="391" dir="0" index="2" bw="256" slack="2"/>
<pin id="392" dir="1" index="3" bw="256" slack="0"/>
</pin_list>
<bind>
<opcode="select(49) " fcode="select"/>
<opset="E_2/9 "/>
</bind>
</comp>

<comp id="393" class="1004" name="xor_ln314_fu_393">
<pin_list>
<pin id="394" dir="0" index="0" bw="1" slack="1"/>
<pin id="395" dir="0" index="1" bw="1" slack="0"/>
<pin id="396" dir="1" index="2" bw="1" slack="0"/>
</pin_list>
<bind>
<opcode="xor(25) " fcode="xor"/>
<opset="xor_ln314/9 "/>
</bind>
</comp>

<comp id="398" class="1004" name="H_1_fu_398">
<pin_list>
<pin id="399" dir="0" index="0" bw="256" slack="1"/>
<pin id="400" dir="0" index="1" bw="255" slack="0"/>
<pin id="401" dir="1" index="2" bw="256" slack="0"/>
</pin_list>
<bind>
<opcode="add(8) " fcode="add"/>
<opset="H_1/9 "/>
</bind>
</comp>

<comp id="403" class="1004" name="H_2_fu_403">
<pin_list>
<pin id="404" dir="0" index="0" bw="1" slack="0"/>
<pin id="405" dir="0" index="1" bw="256" slack="1"/>
<pin id="406" dir="0" index="2" bw="256" slack="0"/>
<pin id="407" dir="1" index="3" bw="256" slack="7"/>
</pin_list>
<bind>
<opcode="select(49) " fcode="select"/>
<opset="H_2/9 "/>
</bind>
</comp>

<comp id="410" class="1004" name="icmp_ln317_fu_410">
<pin_list>
<pin id="411" dir="0" index="0" bw="256" slack="0"/>
<pin id="412" dir="0" index="1" bw="256" slack="1"/>
<pin id="413" dir="1" index="2" bw="1" slack="1"/>
</pin_list>
<bind>
<opcode="icmp(45) " fcode="icmp"/>
<opset="icmp_ln317/9 "/>
</bind>
</comp>

<comp id="415" class="1004" name="E_minus_AplusB_fu_415">
<pin_list>
<pin id="416" dir="0" index="0" bw="256" slack="0"/>
<pin id="417" dir="0" index="1" bw="256" slack="1"/>
<pin id="418" dir="1" index="2" bw="256" slack="1"/>
</pin_list>
<bind>
<opcode="sub(10) " fcode="sub"/>
<opset="E_minus_AplusB/9 "/>
</bind>
</comp>

<comp id="420" class="1004" name="E_geq_AplusB_fu_420">
<pin_list>
<pin id="421" dir="0" index="0" bw="1" slack="1"/>
<pin id="422" dir="0" index="1" bw="1" slack="0"/>
<pin id="423" dir="1" index="2" bw="1" slack="0"/>
</pin_list>
<bind>
<opcode="xor(25) " fcode="xor"/>
<opset="E_geq_AplusB/10 "/>
</bind>
</comp>

<comp id="425" class="1004" name="E_minus_AplusB_1_fu_425">
<pin_list>
<pin id="426" dir="0" index="0" bw="256" slack="1"/>
<pin id="427" dir="0" index="1" bw="256" slack="0"/>
<pin id="428" dir="1" index="2" bw="256" slack="0"/>
</pin_list>
<bind>
<opcode="add(8) " fcode="add"/>
<opset="E_minus_AplusB_1/10 "/>
</bind>
</comp>

<comp id="430" class="1004" name="E_minus_AplusB_2_fu_430">
<pin_list>
<pin id="431" dir="0" index="0" bw="1" slack="0"/>
<pin id="432" dir="0" index="1" bw="256" slack="1"/>
<pin id="433" dir="0" index="2" bw="256" slack="0"/>
<pin id="434" dir="1" index="3" bw="256" slack="6"/>
</pin_list>
<bind>
<opcode="select(49) " fcode="select"/>
<opset="E_minus_AplusB_2/10 "/>
</bind>
</comp>

<comp id="437" class="1004" name="icmp_ln309_fu_437">
<pin_list>
<pin id="438" dir="0" index="0" bw="509" slack="1"/>
<pin id="439" dir="0" index="1" bw="255" slack="0"/>
<pin id="440" dir="1" index="2" bw="1" slack="1"/>
</pin_list>
<bind>
<opcode="icmp(45) " fcode="icmp"/>
<opset="icmp_ln309/13 "/>
</bind>
</comp>

<comp id="442" class="1004" name="add_ln309_fu_442">
<pin_list>
<pin id="443" dir="0" index="0" bw="256" slack="1"/>
<pin id="444" dir="0" index="1" bw="255" slack="0"/>
<pin id="445" dir="1" index="2" bw="256" slack="1"/>
</pin_list>
<bind>
<opcode="add(8) " fcode="add"/>
<opset="add_ln309/13 "/>
</bind>
</comp>

<comp id="447" class="1004" name="D_fu_447">
<pin_list>
<pin id="448" dir="0" index="0" bw="1" slack="1"/>
<pin id="449" dir="0" index="1" bw="256" slack="1"/>
<pin id="450" dir="0" index="2" bw="256" slack="2"/>
<pin id="451" dir="1" index="3" bw="256" slack="0"/>
</pin_list>
<bind>
<opcode="select(49) " fcode="select"/>
<opset="D/14 "/>
</bind>
</comp>

<comp id="452" class="1004" name="icmp_ln312_fu_452">
<pin_list>
<pin id="453" dir="0" index="0" bw="256" slack="7"/>
<pin id="454" dir="0" index="1" bw="256" slack="0"/>
<pin id="455" dir="1" index="2" bw="1" slack="1"/>
</pin_list>
<bind>
<opcode="icmp(45) " fcode="icmp"/>
<opset="icmp_ln312/14 "/>
</bind>
</comp>

<comp id="457" class="1004" name="F_fu_457">
<pin_list>
<pin id="458" dir="0" index="0" bw="256" slack="7"/>
<pin id="459" dir="0" index="1" bw="256" slack="0"/>
<pin id="460" dir="1" index="2" bw="256" slack="1"/>
</pin_list>
<bind>
<opcode="sub(10) " fcode="sub"/>
<opset="F/14 "/>
</bind>
</comp>

<comp id="462" class="1004" name="zext_ln313_fu_462">
<pin_list>
<pin id="463" dir="0" index="0" bw="256" slack="7"/>
<pin id="464" dir="1" index="1" bw="257" slack="0"/>
</pin_list>
<bind>
<opcode="zext(34) " fcode="zext"/>
<opset="zext_ln313/14 "/>
</bind>
</comp>

<comp id="465" class="1004" name="zext_ln313_1_fu_465">
<pin_list>
<pin id="466" dir="0" index="0" bw="256" slack="0"/>
<pin id="467" dir="1" index="1" bw="257" slack="0"/>
</pin_list>
<bind>
<opcode="zext(34) " fcode="zext"/>
<opset="zext_ln313_1/14 "/>
</bind>
</comp>

<comp id="469" class="1004" name="add_ln313_fu_469">
<pin_list>
<pin id="470" dir="0" index="0" bw="256" slack="0"/>
<pin id="471" dir="0" index="1" bw="256" slack="0"/>
<pin id="472" dir="1" index="2" bw="257" slack="1"/>
</pin_list>
<bind>
<opcode="add(8) " fcode="add"/>
<opset="add_ln313/14 "/>
</bind>
</comp>

<comp id="475" class="1004" name="G_1_fu_475">
<pin_list>
<pin id="476" dir="0" index="0" bw="256" slack="0"/>
<pin id="477" dir="0" index="1" bw="256" slack="7"/>
<pin id="478" dir="1" index="2" bw="256" slack="1"/>
</pin_list>
<bind>
<opcode="add(8) " fcode="add"/>
<opset="G_1/14 "/>
</bind>
</comp>

<comp id="480" class="1004" name="xor_ln312_fu_480">
<pin_list>
<pin id="481" dir="0" index="0" bw="1" slack="1"/>
<pin id="482" dir="0" index="1" bw="1" slack="0"/>
<pin id="483" dir="1" index="2" bw="1" slack="0"/>
</pin_list>
<bind>
<opcode="xor(25) " fcode="xor"/>
<opset="xor_ln312/15 "/>
</bind>
</comp>

<comp id="485" class="1004" name="F_1_fu_485">
<pin_list>
<pin id="486" dir="0" index="0" bw="256" slack="1"/>
<pin id="487" dir="0" index="1" bw="255" slack="0"/>
<pin id="488" dir="1" index="2" bw="256" slack="0"/>
</pin_list>
<bind>
<opcode="add(8) " fcode="add"/>
<opset="F_1/15 "/>
</bind>
</comp>

<comp id="490" class="1004" name="F_2_fu_490">
<pin_list>
<pin id="491" dir="0" index="0" bw="1" slack="0"/>
<pin id="492" dir="0" index="1" bw="256" slack="1"/>
<pin id="493" dir="0" index="2" bw="256" slack="0"/>
<pin id="494" dir="1" index="3" bw="256" slack="1"/>
</pin_list>
<bind>
<opcode="select(49) " fcode="select"/>
<opset="F_2/15 "/>
</bind>
</comp>

<comp id="497" class="1004" name="icmp_ln313_fu_497">
<pin_list>
<pin id="498" dir="0" index="0" bw="257" slack="1"/>
<pin id="499" dir="0" index="1" bw="255" slack="0"/>
<pin id="500" dir="1" index="2" bw="1" slack="0"/>
</pin_list>
<bind>
<opcode="icmp(45) " fcode="icmp"/>
<opset="icmp_ln313/15 "/>
</bind>
</comp>

<comp id="502" class="1004" name="G_fu_502">
<pin_list>
<pin id="503" dir="0" index="0" bw="256" slack="1"/>
<pin id="504" dir="0" index="1" bw="255" slack="0"/>
<pin id="505" dir="1" index="2" bw="256" slack="0"/>
</pin_list>
<bind>
<opcode="add(8) " fcode="add"/>
<opset="G/15 "/>
</bind>
</comp>

<comp id="507" class="1004" name="G_2_fu_507">
<pin_list>
<pin id="508" dir="0" index="0" bw="1" slack="0"/>
<pin id="509" dir="0" index="1" bw="256" slack="0"/>
<pin id="510" dir="0" index="2" bw="256" slack="1"/>
<pin id="511" dir="1" index="3" bw="256" slack="1"/>
</pin_list>
<bind>
<opcode="select(49) " fcode="select"/>
<opset="G_2/15 "/>
</bind>
</comp>

<comp id="514" class="1004" name="zext_ln321_fu_514">
<pin_list>
<pin id="515" dir="0" index="0" bw="256" slack="6"/>
<pin id="516" dir="1" index="1" bw="512" slack="0"/>
</pin_list>
<bind>
<opcode="zext(34) " fcode="zext"/>
<opset="zext_ln321/16 "/>
</bind>
</comp>

<comp id="519" class="1004" name="zext_ln321_1_fu_519">
<pin_list>
<pin id="520" dir="0" index="0" bw="256" slack="1"/>
<pin id="521" dir="1" index="1" bw="512" slack="0"/>
</pin_list>
<bind>
<opcode="zext(34) " fcode="zext"/>
<opset="zext_ln321_1/16 "/>
</bind>
</comp>

<comp id="524" class="1004" name="zext_ln322_fu_524">
<pin_list>
<pin id="525" dir="0" index="0" bw="256" slack="1"/>
<pin id="526" dir="1" index="1" bw="512" slack="0"/>
</pin_list>
<bind>
<opcode="zext(34) " fcode="zext"/>
<opset="zext_ln322/16 "/>
</bind>
</comp>

<comp id="529" class="1004" name="zext_ln322_1_fu_529">
<pin_list>
<pin id="530" dir="0" index="0" bw="256" slack="7"/>
<pin id="531" dir="1" index="1" bw="512" slack="0"/>
</pin_list>
<bind>
<opcode="zext(34) " fcode="zext"/>
<opset="zext_ln322_1/16 "/>
</bind>
</comp>

<comp id="534" class="1004" name="icmp_ln321_fu_534">
<pin_list>
<pin id="535" dir="0" index="0" bw="512" slack="1"/>
<pin id="536" dir="0" index="1" bw="255" slack="0"/>
<pin id="537" dir="1" index="2" bw="1" slack="1"/>
</pin_list>
<bind>
<opcode="icmp(45) " fcode="icmp"/>
<opset="icmp_ln321/21 "/>
</bind>
</comp>

<comp id="539" class="1004" name="icmp_ln322_fu_539">
<pin_list>
<pin id="540" dir="0" index="0" bw="512" slack="1"/>
<pin id="541" dir="0" index="1" bw="255" slack="0"/>
<pin id="542" dir="1" index="2" bw="1" slack="1"/>
</pin_list>
<bind>
<opcode="icmp(45) " fcode="icmp"/>
<opset="icmp_ln322/21 "/>
</bind>
</comp>

<comp id="544" class="1004" name="icmp_ln323_fu_544">
<pin_list>
<pin id="545" dir="0" index="0" bw="512" slack="1"/>
<pin id="546" dir="0" index="1" bw="255" slack="0"/>
<pin id="547" dir="1" index="2" bw="1" slack="1"/>
</pin_list>
<bind>
<opcode="icmp(45) " fcode="icmp"/>
<opset="icmp_ln323/21 "/>
</bind>
</comp>

<comp id="549" class="1004" name="icmp_ln324_fu_549">
<pin_list>
<pin id="550" dir="0" index="0" bw="512" slack="1"/>
<pin id="551" dir="0" index="1" bw="255" slack="0"/>
<pin id="552" dir="1" index="2" bw="1" slack="1"/>
</pin_list>
<bind>
<opcode="icmp(45) " fcode="icmp"/>
<opset="icmp_ln324/21 "/>
</bind>
</comp>

<comp id="554" class="1004" name="X3_tmp_fu_554">
<pin_list>
<pin id="555" dir="0" index="0" bw="256" slack="1"/>
<pin id="556" dir="0" index="1" bw="255" slack="0"/>
<pin id="557" dir="1" index="2" bw="256" slack="0"/>
</pin_list>
<bind>
<opcode="add(8) " fcode="add"/>
<opset="X3_tmp/22 "/>
</bind>
</comp>

<comp id="559" class="1004" name="X3_tmp_2_fu_559">
<pin_list>
<pin id="560" dir="0" index="0" bw="1" slack="1"/>
<pin id="561" dir="0" index="1" bw="256" slack="0"/>
<pin id="562" dir="0" index="2" bw="256" slack="1"/>
<pin id="563" dir="1" index="3" bw="256" slack="0"/>
</pin_list>
<bind>
<opcode="select(49) " fcode="select"/>
<opset="X3_tmp_2/22 "/>
</bind>
</comp>

<comp id="565" class="1004" name="Y3_tmp_fu_565">
<pin_list>
<pin id="566" dir="0" index="0" bw="256" slack="1"/>
<pin id="567" dir="0" index="1" bw="255" slack="0"/>
<pin id="568" dir="1" index="2" bw="256" slack="0"/>
</pin_list>
<bind>
<opcode="add(8) " fcode="add"/>
<opset="Y3_tmp/22 "/>
</bind>
</comp>

<comp id="570" class="1004" name="Y3_tmp_2_fu_570">
<pin_list>
<pin id="571" dir="0" index="0" bw="1" slack="1"/>
<pin id="572" dir="0" index="1" bw="256" slack="0"/>
<pin id="573" dir="0" index="2" bw="256" slack="1"/>
<pin id="574" dir="1" index="3" bw="256" slack="0"/>
</pin_list>
<bind>
<opcode="select(49) " fcode="select"/>
<opset="Y3_tmp_2/22 "/>
</bind>
</comp>

<comp id="576" class="1004" name="T3_tmp_fu_576">
<pin_list>
<pin id="577" dir="0" index="0" bw="256" slack="1"/>
<pin id="578" dir="0" index="1" bw="255" slack="0"/>
<pin id="579" dir="1" index="2" bw="256" slack="0"/>
</pin_list>
<bind>
<opcode="add(8) " fcode="add"/>
<opset="T3_tmp/22 "/>
</bind>
</comp>

<comp id="581" class="1004" name="T3_tmp_2_fu_581">
<pin_list>
<pin id="582" dir="0" index="0" bw="1" slack="1"/>
<pin id="583" dir="0" index="1" bw="256" slack="0"/>
<pin id="584" dir="0" index="2" bw="256" slack="1"/>
<pin id="585" dir="1" index="3" bw="256" slack="0"/>
</pin_list>
<bind>
<opcode="select(49) " fcode="select"/>
<opset="T3_tmp_2/22 "/>
</bind>
</comp>

<comp id="587" class="1004" name="Z3_tmp_fu_587">
<pin_list>
<pin id="588" dir="0" index="0" bw="256" slack="1"/>
<pin id="589" dir="0" index="1" bw="255" slack="0"/>
<pin id="590" dir="1" index="2" bw="256" slack="0"/>
</pin_list>
<bind>
<opcode="add(8) " fcode="add"/>
<opset="Z3_tmp/22 "/>
</bind>
</comp>

<comp id="592" class="1004" name="Z3_tmp_2_fu_592">
<pin_list>
<pin id="593" dir="0" index="0" bw="1" slack="1"/>
<pin id="594" dir="0" index="1" bw="256" slack="0"/>
<pin id="595" dir="0" index="2" bw="256" slack="1"/>
<pin id="596" dir="1" index="3" bw="256" slack="0"/>
</pin_list>
<bind>
<opcode="select(49) " fcode="select"/>
<opset="Z3_tmp_2/22 "/>
</bind>
</comp>

<comp id="598" class="1004" name="mrv_fu_598">
<pin_list>
<pin id="599" dir="0" index="0" bw="1024" slack="0"/>
<pin id="600" dir="0" index="1" bw="256" slack="0"/>
<pin id="601" dir="1" index="2" bw="1024" slack="0"/>
</pin_list>
<bind>
<opcode="insertvalue(57) " fcode="insertvalue"/>
<opset="mrv/22 "/>
</bind>
</comp>

<comp id="604" class="1004" name="mrv_1_fu_604">
<pin_list>
<pin id="605" dir="0" index="0" bw="1024" slack="0"/>
<pin id="606" dir="0" index="1" bw="256" slack="0"/>
<pin id="607" dir="1" index="2" bw="1024" slack="0"/>
</pin_list>
<bind>
<opcode="insertvalue(57) " fcode="insertvalue"/>
<opset="mrv_1/22 "/>
</bind>
</comp>

<comp id="610" class="1004" name="mrv_2_fu_610">
<pin_list>
<pin id="611" dir="0" index="0" bw="1024" slack="0"/>
<pin id="612" dir="0" index="1" bw="256" slack="0"/>
<pin id="613" dir="1" index="2" bw="1024" slack="0"/>
</pin_list>
<bind>
<opcode="insertvalue(57) " fcode="insertvalue"/>
<opset="mrv_2/22 "/>
</bind>
</comp>

<comp id="616" class="1004" name="mrv_3_fu_616">
<pin_list>
<pin id="617" dir="0" index="0" bw="1024" slack="0"/>
<pin id="618" dir="0" index="1" bw="256" slack="0"/>
<pin id="619" dir="1" index="2" bw="1024" slack="2147483647"/>
</pin_list>
<bind>
<opcode="insertvalue(57) " fcode="insertvalue"/>
<opset="mrv_3/22 "/>
</bind>
</comp>

<comp id="622" class="1005" name="T2_read_reg_622">
<pin_list>
<pin id="623" dir="0" index="0" bw="256" slack="1"/>
<pin id="624" dir="1" index="1" bw="256" slack="1"/>
</pin_list>
<bind>
<opset="T2_read "/>
</bind>
</comp>

<comp id="627" class="1005" name="Z2_read_reg_627">
<pin_list>
<pin id="628" dir="0" index="0" bw="256" slack="1"/>
<pin id="629" dir="1" index="1" bw="256" slack="1"/>
</pin_list>
<bind>
<opset="Z2_read "/>
</bind>
</comp>

<comp id="632" class="1005" name="Y2_read_reg_632">
<pin_list>
<pin id="633" dir="0" index="0" bw="256" slack="1"/>
<pin id="634" dir="1" index="1" bw="256" slack="1"/>
</pin_list>
<bind>
<opset="Y2_read "/>
</bind>
</comp>

<comp id="637" class="1005" name="X2_read_reg_637">
<pin_list>
<pin id="638" dir="0" index="0" bw="256" slack="1"/>
<pin id="639" dir="1" index="1" bw="256" slack="1"/>
</pin_list>
<bind>
<opset="X2_read "/>
</bind>
</comp>

<comp id="642" class="1005" name="T1_read_reg_642">
<pin_list>
<pin id="643" dir="0" index="0" bw="256" slack="1"/>
<pin id="644" dir="1" index="1" bw="256" slack="1"/>
</pin_list>
<bind>
<opset="T1_read "/>
</bind>
</comp>

<comp id="647" class="1005" name="Z1_read_reg_647">
<pin_list>
<pin id="648" dir="0" index="0" bw="256" slack="1"/>
<pin id="649" dir="1" index="1" bw="256" slack="1"/>
</pin_list>
<bind>
<opset="Z1_read "/>
</bind>
</comp>

<comp id="652" class="1005" name="Y1_read_reg_652">
<pin_list>
<pin id="653" dir="0" index="0" bw="256" slack="1"/>
<pin id="654" dir="1" index="1" bw="256" slack="1"/>
</pin_list>
<bind>
<opset="Y1_read "/>
</bind>
</comp>

<comp id="657" class="1005" name="X1_read_reg_657">
<pin_list>
<pin id="658" dir="0" index="0" bw="256" slack="1"/>
<pin id="659" dir="1" index="1" bw="256" slack="1"/>
</pin_list>
<bind>
<opset="X1_read "/>
</bind>
</comp>

<comp id="662" class="1005" name="add_ln300_reg_662">
<pin_list>
<pin id="663" dir="0" index="0" bw="257" slack="1"/>
<pin id="664" dir="1" index="1" bw="257" slack="1"/>
</pin_list>
<bind>
<opset="add_ln300 "/>
</bind>
</comp>

<comp id="667" class="1005" name="X1pY1_1_reg_667">
<pin_list>
<pin id="668" dir="0" index="0" bw="256" slack="1"/>
<pin id="669" dir="1" index="1" bw="256" slack="1"/>
</pin_list>
<bind>
<opset="X1pY1_1 "/>
</bind>
</comp>

<comp id="673" class="1005" name="add_ln301_reg_673">
<pin_list>
<pin id="674" dir="0" index="0" bw="257" slack="1"/>
<pin id="675" dir="1" index="1" bw="257" slack="1"/>
</pin_list>
<bind>
<opset="add_ln301 "/>
</bind>
</comp>

<comp id="678" class="1005" name="X2pY2_1_reg_678">
<pin_list>
<pin id="679" dir="0" index="0" bw="256" slack="1"/>
<pin id="680" dir="1" index="1" bw="256" slack="1"/>
</pin_list>
<bind>
<opset="X2pY2_1 "/>
</bind>
</comp>

<comp id="684" class="1005" name="zext_ln305_reg_684">
<pin_list>
<pin id="685" dir="0" index="0" bw="512" slack="1"/>
<pin id="686" dir="1" index="1" bw="512" slack="1"/>
</pin_list>
<bind>
<opset="zext_ln305 "/>
</bind>
</comp>

<comp id="689" class="1005" name="zext_ln305_1_reg_689">
<pin_list>
<pin id="690" dir="0" index="0" bw="512" slack="1"/>
<pin id="691" dir="1" index="1" bw="512" slack="1"/>
</pin_list>
<bind>
<opset="zext_ln305_1 "/>
</bind>
</comp>

<comp id="694" class="1005" name="zext_ln306_reg_694">
<pin_list>
<pin id="695" dir="0" index="0" bw="512" slack="1"/>
<pin id="696" dir="1" index="1" bw="512" slack="1"/>
</pin_list>
<bind>
<opset="zext_ln306 "/>
</bind>
</comp>

<comp id="699" class="1005" name="zext_ln306_1_reg_699">
<pin_list>
<pin id="700" dir="0" index="0" bw="512" slack="1"/>
<pin id="701" dir="1" index="1" bw="512" slack="1"/>
</pin_list>
<bind>
<opset="zext_ln306_1 "/>
</bind>
</comp>

<comp id="704" class="1005" name="zext_ln307_reg_704">
<pin_list>
<pin id="705" dir="0" index="0" bw="512" slack="1"/>
<pin id="706" dir="1" index="1" bw="512" slack="1"/>
</pin_list>
<bind>
<opset="zext_ln307 "/>
</bind>
</comp>

<comp id="709" class="1005" name="zext_ln307_1_reg_709">
<pin_list>
<pin id="710" dir="0" index="0" bw="512" slack="1"/>
<pin id="711" dir="1" index="1" bw="512" slack="1"/>
</pin_list>
<bind>
<opset="zext_ln307_1 "/>
</bind>
</comp>

<comp id="714" class="1005" name="zext_ln308_reg_714">
<pin_list>
<pin id="715" dir="0" index="0" bw="512" slack="1"/>
<pin id="716" dir="1" index="1" bw="512" slack="1"/>
</pin_list>
<bind>
<opset="zext_ln308 "/>
</bind>
</comp>

<comp id="719" class="1005" name="zext_ln308_1_reg_719">
<pin_list>
<pin id="720" dir="0" index="0" bw="512" slack="1"/>
<pin id="721" dir="1" index="1" bw="512" slack="1"/>
</pin_list>
<bind>
<opset="zext_ln308_1 "/>
</bind>
</comp>

<comp id="724" class="1005" name="X1pY1_2_reg_724">
<pin_list>
<pin id="725" dir="0" index="0" bw="256" slack="1"/>
<pin id="726" dir="1" index="1" bw="256" slack="1"/>
</pin_list>
<bind>
<opset="X1pY1_2 "/>
</bind>
</comp>

<comp id="730" class="1005" name="X2pY2_2_reg_730">
<pin_list>
<pin id="731" dir="0" index="0" bw="256" slack="1"/>
<pin id="732" dir="1" index="1" bw="256" slack="1"/>
</pin_list>
<bind>
<opset="X2pY2_2 "/>
</bind>
</comp>

<comp id="736" class="1005" name="zext_ln311_reg_736">
<pin_list>
<pin id="737" dir="0" index="0" bw="512" slack="1"/>
<pin id="738" dir="1" index="1" bw="512" slack="1"/>
</pin_list>
<bind>
<opset="zext_ln311 "/>
</bind>
</comp>

<comp id="741" class="1005" name="zext_ln311_1_reg_741">
<pin_list>
<pin id="742" dir="0" index="0" bw="512" slack="1"/>
<pin id="743" dir="1" index="1" bw="512" slack="1"/>
</pin_list>
<bind>
<opset="zext_ln311_1 "/>
</bind>
</comp>

<comp id="746" class="1005" name="mul_ln305_reg_746">
<pin_list>
<pin id="747" dir="0" index="0" bw="512" slack="1"/>
<pin id="748" dir="1" index="1" bw="512" slack="1"/>
</pin_list>
<bind>
<opset="mul_ln305 "/>
</bind>
</comp>

<comp id="751" class="1005" name="mul_ln305_1_reg_751">
<pin_list>
<pin id="752" dir="0" index="0" bw="256" slack="2"/>
<pin id="753" dir="1" index="1" bw="256" slack="2"/>
</pin_list>
<bind>
<opset="mul_ln305_1 "/>
</bind>
</comp>

<comp id="757" class="1005" name="mul_ln306_reg_757">
<pin_list>
<pin id="758" dir="0" index="0" bw="512" slack="1"/>
<pin id="759" dir="1" index="1" bw="512" slack="1"/>
</pin_list>
<bind>
<opset="mul_ln306 "/>
</bind>
</comp>

<comp id="762" class="1005" name="mul_ln306_1_reg_762">
<pin_list>
<pin id="763" dir="0" index="0" bw="256" slack="2"/>
<pin id="764" dir="1" index="1" bw="256" slack="2"/>
</pin_list>
<bind>
<opset="mul_ln306_1 "/>
</bind>
</comp>

<comp id="768" class="1005" name="mul_ln307_reg_768">
<pin_list>
<pin id="769" dir="0" index="0" bw="512" slack="1"/>
<pin id="770" dir="1" index="1" bw="512" slack="1"/>
</pin_list>
<bind>
<opset="mul_ln307 "/>
</bind>
</comp>

<comp id="773" class="1005" name="mul_ln307_1_reg_773">
<pin_list>
<pin id="774" dir="0" index="0" bw="256" slack="2"/>
<pin id="775" dir="1" index="1" bw="256" slack="2"/>
</pin_list>
<bind>
<opset="mul_ln307_1 "/>
</bind>
</comp>

<comp id="779" class="1005" name="mul_ln308_reg_779">
<pin_list>
<pin id="780" dir="0" index="0" bw="512" slack="1"/>
<pin id="781" dir="1" index="1" bw="512" slack="1"/>
</pin_list>
<bind>
<opset="mul_ln308 "/>
</bind>
</comp>

<comp id="784" class="1005" name="mul_ln308_1_reg_784">
<pin_list>
<pin id="785" dir="0" index="0" bw="256" slack="2"/>
<pin id="786" dir="1" index="1" bw="256" slack="2"/>
</pin_list>
<bind>
<opset="mul_ln308_1 "/>
</bind>
</comp>

<comp id="790" class="1005" name="icmp_ln305_reg_790">
<pin_list>
<pin id="791" dir="0" index="0" bw="1" slack="1"/>
<pin id="792" dir="1" index="1" bw="1" slack="1"/>
</pin_list>
<bind>
<opset="icmp_ln305 "/>
</bind>
</comp>

<comp id="795" class="1005" name="icmp_ln306_reg_795">
<pin_list>
<pin id="796" dir="0" index="0" bw="1" slack="1"/>
<pin id="797" dir="1" index="1" bw="1" slack="1"/>
</pin_list>
<bind>
<opset="icmp_ln306 "/>
</bind>
</comp>

<comp id="800" class="1005" name="icmp_ln307_reg_800">
<pin_list>
<pin id="801" dir="0" index="0" bw="1" slack="1"/>
<pin id="802" dir="1" index="1" bw="1" slack="1"/>
</pin_list>
<bind>
<opset="icmp_ln307 "/>
</bind>
</comp>

<comp id="805" class="1005" name="icmp_ln308_reg_805">
<pin_list>
<pin id="806" dir="0" index="0" bw="1" slack="1"/>
<pin id="807" dir="1" index="1" bw="1" slack="1"/>
</pin_list>
<bind>
<opset="icmp_ln308 "/>
</bind>
</comp>

<comp id="810" class="1005" name="A_reg_810">
<pin_list>
<pin id="811" dir="0" index="0" bw="256" slack="1"/>
<pin id="812" dir="1" index="1" bw="256" slack="1"/>
</pin_list>
<bind>
<opset="A "/>
</bind>
</comp>

<comp id="817" class="1005" name="B_reg_817">
<pin_list>
<pin id="818" dir="0" index="0" bw="256" slack="1"/>
<pin id="819" dir="1" index="1" bw="256" slack="1"/>
</pin_list>
<bind>
<opset="B "/>
</bind>
</comp>

<comp id="824" class="1005" name="C_reg_824">
<pin_list>
<pin id="825" dir="0" index="0" bw="256" slack="7"/>
<pin id="826" dir="1" index="1" bw="256" slack="7"/>
</pin_list>
<bind>
<opset="C "/>
</bind>
</comp>

<comp id="832" class="1005" name="T1T2_reg_832">
<pin_list>
<pin id="833" dir="0" index="0" bw="256" slack="1"/>
<pin id="834" dir="1" index="1" bw="256" slack="1"/>
</pin_list>
<bind>
<opset="T1T2 "/>
</bind>
</comp>

<comp id="838" class="1005" name="mul_ln311_reg_838">
<pin_list>
<pin id="839" dir="0" index="0" bw="512" slack="1"/>
<pin id="840" dir="1" index="1" bw="512" slack="1"/>
</pin_list>
<bind>
<opset="mul_ln311 "/>
</bind>
</comp>

<comp id="843" class="1005" name="E_1_reg_843">
<pin_list>
<pin id="844" dir="0" index="0" bw="256" slack="1"/>
<pin id="845" dir="1" index="1" bw="256" slack="1"/>
</pin_list>
<bind>
<opset="E_1 "/>
</bind>
</comp>

<comp id="849" class="1005" name="zext_ln309_reg_849">
<pin_list>
<pin id="850" dir="0" index="0" bw="509" slack="1"/>
<pin id="851" dir="1" index="1" bw="509" slack="1"/>
</pin_list>
<bind>
<opset="zext_ln309 "/>
</bind>
</comp>

<comp id="854" class="1005" name="icmp_ln311_reg_854">
<pin_list>
<pin id="855" dir="0" index="0" bw="1" slack="1"/>
<pin id="856" dir="1" index="1" bw="1" slack="1"/>
</pin_list>
<bind>
<opset="icmp_ln311 "/>
</bind>
</comp>

<comp id="859" class="1005" name="E_reg_859">
<pin_list>
<pin id="860" dir="0" index="0" bw="256" slack="1"/>
<pin id="861" dir="1" index="1" bw="256" slack="1"/>
</pin_list>
<bind>
<opset="E "/>
</bind>
</comp>

<comp id="864" class="1005" name="icmp_ln314_reg_864">
<pin_list>
<pin id="865" dir="0" index="0" bw="1" slack="1"/>
<pin id="866" dir="1" index="1" bw="1" slack="1"/>
</pin_list>
<bind>
<opset="icmp_ln314 "/>
</bind>
</comp>

<comp id="869" class="1005" name="H_reg_869">
<pin_list>
<pin id="870" dir="0" index="0" bw="256" slack="1"/>
<pin id="871" dir="1" index="1" bw="256" slack="1"/>
</pin_list>
<bind>
<opset="H "/>
</bind>
</comp>

<comp id="875" class="1005" name="AplusB_reg_875">
<pin_list>
<pin id="876" dir="0" index="0" bw="256" slack="1"/>
<pin id="877" dir="1" index="1" bw="256" slack="1"/>
</pin_list>
<bind>
<opset="AplusB "/>
</bind>
</comp>

<comp id="881" class="1005" name="H_2_reg_881">
<pin_list>
<pin id="882" dir="0" index="0" bw="256" slack="7"/>
<pin id="883" dir="1" index="1" bw="256" slack="7"/>
</pin_list>
<bind>
<opset="H_2 "/>
</bind>
</comp>

<comp id="888" class="1005" name="icmp_ln317_reg_888">
<pin_list>
<pin id="889" dir="0" index="0" bw="1" slack="1"/>
<pin id="890" dir="1" index="1" bw="1" slack="1"/>
</pin_list>
<bind>
<opset="icmp_ln317 "/>
</bind>
</comp>

<comp id="893" class="1005" name="E_minus_AplusB_reg_893">
<pin_list>
<pin id="894" dir="0" index="0" bw="256" slack="1"/>
<pin id="895" dir="1" index="1" bw="256" slack="1"/>
</pin_list>
<bind>
<opset="E_minus_AplusB "/>
</bind>
</comp>

<comp id="899" class="1005" name="E_minus_AplusB_2_reg_899">
<pin_list>
<pin id="900" dir="0" index="0" bw="256" slack="6"/>
<pin id="901" dir="1" index="1" bw="256" slack="6"/>
</pin_list>
<bind>
<opset="E_minus_AplusB_2 "/>
</bind>
</comp>

<comp id="906" class="1005" name="mul_ln309_reg_906">
<pin_list>
<pin id="907" dir="0" index="0" bw="509" slack="1"/>
<pin id="908" dir="1" index="1" bw="509" slack="1"/>
</pin_list>
<bind>
<opset="mul_ln309 "/>
</bind>
</comp>

<comp id="911" class="1005" name="mul_ln309_1_reg_911">
<pin_list>
<pin id="912" dir="0" index="0" bw="256" slack="1"/>
<pin id="913" dir="1" index="1" bw="256" slack="1"/>
</pin_list>
<bind>
<opset="mul_ln309_1 "/>
</bind>
</comp>

<comp id="917" class="1005" name="icmp_ln309_reg_917">
<pin_list>
<pin id="918" dir="0" index="0" bw="1" slack="1"/>
<pin id="919" dir="1" index="1" bw="1" slack="1"/>
</pin_list>
<bind>
<opset="icmp_ln309 "/>
</bind>
</comp>

<comp id="922" class="1005" name="add_ln309_reg_922">
<pin_list>
<pin id="923" dir="0" index="0" bw="256" slack="1"/>
<pin id="924" dir="1" index="1" bw="256" slack="1"/>
</pin_list>
<bind>
<opset="add_ln309 "/>
</bind>
</comp>

<comp id="927" class="1005" name="icmp_ln312_reg_927">
<pin_list>
<pin id="928" dir="0" index="0" bw="1" slack="1"/>
<pin id="929" dir="1" index="1" bw="1" slack="1"/>
</pin_list>
<bind>
<opset="icmp_ln312 "/>
</bind>
</comp>

<comp id="932" class="1005" name="F_reg_932">
<pin_list>
<pin id="933" dir="0" index="0" bw="256" slack="1"/>
<pin id="934" dir="1" index="1" bw="256" slack="1"/>
</pin_list>
<bind>
<opset="F "/>
</bind>
</comp>

<comp id="938" class="1005" name="add_ln313_reg_938">
<pin_list>
<pin id="939" dir="0" index="0" bw="257" slack="1"/>
<pin id="940" dir="1" index="1" bw="257" slack="1"/>
</pin_list>
<bind>
<opset="add_ln313 "/>
</bind>
</comp>

<comp id="943" class="1005" name="G_1_reg_943">
<pin_list>
<pin id="944" dir="0" index="0" bw="256" slack="1"/>
<pin id="945" dir="1" index="1" bw="256" slack="1"/>
</pin_list>
<bind>
<opset="G_1 "/>
</bind>
</comp>

<comp id="949" class="1005" name="F_2_reg_949">
<pin_list>
<pin id="950" dir="0" index="0" bw="256" slack="1"/>
<pin id="951" dir="1" index="1" bw="256" slack="1"/>
</pin_list>
<bind>
<opset="F_2 "/>
</bind>
</comp>

<comp id="956" class="1005" name="G_2_reg_956">
<pin_list>
<pin id="957" dir="0" index="0" bw="256" slack="1"/>
<pin id="958" dir="1" index="1" bw="256" slack="1"/>
</pin_list>
<bind>
<opset="G_2 "/>
</bind>
</comp>

<comp id="963" class="1005" name="zext_ln321_reg_963">
<pin_list>
<pin id="964" dir="0" index="0" bw="512" slack="1"/>
<pin id="965" dir="1" index="1" bw="512" slack="1"/>
</pin_list>
<bind>
<opset="zext_ln321 "/>
</bind>
</comp>

<comp id="969" class="1005" name="zext_ln321_1_reg_969">
<pin_list>
<pin id="970" dir="0" index="0" bw="512" slack="1"/>
<pin id="971" dir="1" index="1" bw="512" slack="1"/>
</pin_list>
<bind>
<opset="zext_ln321_1 "/>
</bind>
</comp>

<comp id="975" class="1005" name="zext_ln322_reg_975">
<pin_list>
<pin id="976" dir="0" index="0" bw="512" slack="1"/>
<pin id="977" dir="1" index="1" bw="512" slack="1"/>
</pin_list>
<bind>
<opset="zext_ln322 "/>
</bind>
</comp>

<comp id="981" class="1005" name="zext_ln322_1_reg_981">
<pin_list>
<pin id="982" dir="0" index="0" bw="512" slack="1"/>
<pin id="983" dir="1" index="1" bw="512" slack="1"/>
</pin_list>
<bind>
<opset="zext_ln322_1 "/>
</bind>
</comp>

<comp id="987" class="1005" name="mul_ln321_reg_987">
<pin_list>
<pin id="988" dir="0" index="0" bw="512" slack="1"/>
<pin id="989" dir="1" index="1" bw="512" slack="1"/>
</pin_list>
<bind>
<opset="mul_ln321 "/>
</bind>
</comp>

<comp id="992" class="1005" name="mul_ln322_reg_992">
<pin_list>
<pin id="993" dir="0" index="0" bw="512" slack="1"/>
<pin id="994" dir="1" index="1" bw="512" slack="1"/>
</pin_list>
<bind>
<opset="mul_ln322 "/>
</bind>
</comp>

<comp id="997" class="1005" name="mul_ln323_reg_997">
<pin_list>
<pin id="998" dir="0" index="0" bw="512" slack="1"/>
<pin id="999" dir="1" index="1" bw="512" slack="1"/>
</pin_list>
<bind>
<opset="mul_ln323 "/>
</bind>
</comp>

<comp id="1002" class="1005" name="mul_ln324_reg_1002">
<pin_list>
<pin id="1003" dir="0" index="0" bw="512" slack="1"/>
<pin id="1004" dir="1" index="1" bw="512" slack="1"/>
</pin_list>
<bind>
<opset="mul_ln324 "/>
</bind>
</comp>

<comp id="1007" class="1005" name="icmp_ln321_reg_1007">
<pin_list>
<pin id="1008" dir="0" index="0" bw="1" slack="1"/>
<pin id="1009" dir="1" index="1" bw="1" slack="1"/>
</pin_list>
<bind>
<opset="icmp_ln321 "/>
</bind>
</comp>

<comp id="1012" class="1005" name="X3_tmp_1_reg_1012">
<pin_list>
<pin id="1013" dir="0" index="0" bw="256" slack="1"/>
<pin id="1014" dir="1" index="1" bw="256" slack="1"/>
</pin_list>
<bind>
<opset="X3_tmp_1 "/>
</bind>
</comp>

<comp id="1018" class="1005" name="icmp_ln322_reg_1018">
<pin_list>
<pin id="1019" dir="0" index="0" bw="1" slack="1"/>
<pin id="1020" dir="1" index="1" bw="1" slack="1"/>
</pin_list>
<bind>
<opset="icmp_ln322 "/>
</bind>
</comp>

<comp id="1023" class="1005" name="Y3_tmp_1_reg_1023">
<pin_list>
<pin id="1024" dir="0" index="0" bw="256" slack="1"/>
<pin id="1025" dir="1" index="1" bw="256" slack="1"/>
</pin_list>
<bind>
<opset="Y3_tmp_1 "/>
</bind>
</comp>

<comp id="1029" class="1005" name="icmp_ln323_reg_1029">
<pin_list>
<pin id="1030" dir="0" index="0" bw="1" slack="1"/>
<pin id="1031" dir="1" index="1" bw="1" slack="1"/>
</pin_list>
<bind>
<opset="icmp_ln323 "/>
</bind>
</comp>

<comp id="1034" class="1005" name="T3_tmp_1_reg_1034">
<pin_list>
<pin id="1035" dir="0" index="0" bw="256" slack="1"/>
<pin id="1036" dir="1" index="1" bw="256" slack="1"/>
</pin_list>
<bind>
<opset="T3_tmp_1 "/>
</bind>
</comp>

<comp id="1040" class="1005" name="icmp_ln324_reg_1040">
<pin_list>
<pin id="1041" dir="0" index="0" bw="1" slack="1"/>
<pin id="1042" dir="1" index="1" bw="1" slack="1"/>
</pin_list>
<bind>
<opset="icmp_ln324 "/>
</bind>
</comp>

<comp id="1045" class="1005" name="Z3_tmp_1_reg_1045">
<pin_list>
<pin id="1046" dir="0" index="0" bw="256" slack="1"/>
<pin id="1047" dir="1" index="1" bw="256" slack="1"/>
</pin_list>
<bind>
<opset="Z3_tmp_1 "/>
</bind>
</comp>

</comp_list>

<net_list>
<net id="42"><net_src comp="16" pin="0"/><net_sink comp="38" pin=0"/></net>

<net id="43"><net_src comp="14" pin="0"/><net_sink comp="38" pin=1"/></net>

<net id="48"><net_src comp="16" pin="0"/><net_sink comp="44" pin=0"/></net>

<net id="49"><net_src comp="12" pin="0"/><net_sink comp="44" pin=1"/></net>

<net id="54"><net_src comp="16" pin="0"/><net_sink comp="50" pin=0"/></net>

<net id="55"><net_src comp="10" pin="0"/><net_sink comp="50" pin=1"/></net>

<net id="60"><net_src comp="16" pin="0"/><net_sink comp="56" pin=0"/></net>

<net id="61"><net_src comp="8" pin="0"/><net_sink comp="56" pin=1"/></net>

<net id="66"><net_src comp="16" pin="0"/><net_sink comp="62" pin=0"/></net>

<net id="67"><net_src comp="6" pin="0"/><net_sink comp="62" pin=1"/></net>

<net id="72"><net_src comp="16" pin="0"/><net_sink comp="68" pin=0"/></net>

<net id="73"><net_src comp="4" pin="0"/><net_sink comp="68" pin=1"/></net>

<net id="78"><net_src comp="16" pin="0"/><net_sink comp="74" pin=0"/></net>

<net id="79"><net_src comp="2" pin="0"/><net_sink comp="74" pin=1"/></net>

<net id="84"><net_src comp="16" pin="0"/><net_sink comp="80" pin=0"/></net>

<net id="85"><net_src comp="0" pin="0"/><net_sink comp="80" pin=1"/></net>

<net id="126"><net_src comp="24" pin="0"/><net_sink comp="122" pin=1"/></net>

<net id="131"><net_src comp="56" pin="2"/><net_sink comp="127" pin=0"/></net>

<net id="132"><net_src comp="80" pin="2"/><net_sink comp="127" pin=1"/></net>

<net id="137"><net_src comp="50" pin="2"/><net_sink comp="133" pin=0"/></net>

<net id="138"><net_src comp="74" pin="2"/><net_sink comp="133" pin=1"/></net>

<net id="143"><net_src comp="44" pin="2"/><net_sink comp="139" pin=0"/></net>

<net id="144"><net_src comp="68" pin="2"/><net_sink comp="139" pin=1"/></net>

<net id="149"><net_src comp="38" pin="2"/><net_sink comp="145" pin=0"/></net>

<net id="150"><net_src comp="62" pin="2"/><net_sink comp="145" pin=1"/></net>

<net id="175"><net_src comp="26" pin="0"/><net_sink comp="171" pin=1"/></net>

<net id="179"><net_src comp="80" pin="2"/><net_sink comp="176" pin=0"/></net>

<net id="183"><net_src comp="74" pin="2"/><net_sink comp="180" pin=0"/></net>

<net id="188"><net_src comp="180" pin="1"/><net_sink comp="184" pin=0"/></net>

<net id="189"><net_src comp="176" pin="1"/><net_sink comp="184" pin=1"/></net>

<net id="194"><net_src comp="74" pin="2"/><net_sink comp="190" pin=0"/></net>

<net id="195"><net_src comp="80" pin="2"/><net_sink comp="190" pin=1"/></net>

<net id="199"><net_src comp="56" pin="2"/><net_sink comp="196" pin=0"/></net>

<net id="203"><net_src comp="50" pin="2"/><net_sink comp="200" pin=0"/></net>

<net id="208"><net_src comp="200" pin="1"/><net_sink comp="204" pin=0"/></net>

<net id="209"><net_src comp="196" pin="1"/><net_sink comp="204" pin=1"/></net>

<net id="214"><net_src comp="50" pin="2"/><net_sink comp="210" pin=0"/></net>

<net id="215"><net_src comp="56" pin="2"/><net_sink comp="210" pin=1"/></net>

<net id="219"><net_src comp="80" pin="2"/><net_sink comp="216" pin=0"/></net>

<net id="220"><net_src comp="216" pin="1"/><net_sink comp="86" pin=1"/></net>

<net id="224"><net_src comp="56" pin="2"/><net_sink comp="221" pin=0"/></net>

<net id="225"><net_src comp="221" pin="1"/><net_sink comp="86" pin=0"/></net>

<net id="229"><net_src comp="74" pin="2"/><net_sink comp="226" pin=0"/></net>

<net id="230"><net_src comp="226" pin="1"/><net_sink comp="90" pin=1"/></net>

<net id="234"><net_src comp="50" pin="2"/><net_sink comp="231" pin=0"/></net>

<net id="235"><net_src comp="231" pin="1"/><net_sink comp="90" pin=0"/></net>

<net id="239"><net_src comp="68" pin="2"/><net_sink comp="236" pin=0"/></net>

<net id="240"><net_src comp="236" pin="1"/><net_sink comp="94" pin=1"/></net>

<net id="244"><net_src comp="44" pin="2"/><net_sink comp="241" pin=0"/></net>

<net id="245"><net_src comp="241" pin="1"/><net_sink comp="94" pin=0"/></net>

<net id="249"><net_src comp="62" pin="2"/><net_sink comp="246" pin=0"/></net>

<net id="250"><net_src comp="246" pin="1"/><net_sink comp="98" pin=1"/></net>

<net id="254"><net_src comp="38" pin="2"/><net_sink comp="251" pin=0"/></net>

<net id="255"><net_src comp="251" pin="1"/><net_sink comp="98" pin=0"/></net>

<net id="260"><net_src comp="18" pin="0"/><net_sink comp="256" pin=1"/></net>

<net id="265"><net_src comp="20" pin="0"/><net_sink comp="261" pin=1"/></net>

<net id="271"><net_src comp="256" pin="2"/><net_sink comp="266" pin=0"/></net>

<net id="272"><net_src comp="261" pin="2"/><net_sink comp="266" pin=1"/></net>

<net id="277"><net_src comp="18" pin="0"/><net_sink comp="273" pin=1"/></net>

<net id="282"><net_src comp="20" pin="0"/><net_sink comp="278" pin=1"/></net>

<net id="288"><net_src comp="273" pin="2"/><net_sink comp="283" pin=0"/></net>

<net id="289"><net_src comp="278" pin="2"/><net_sink comp="283" pin=1"/></net>

<net id="293"><net_src comp="290" pin="1"/><net_sink comp="102" pin=1"/></net>

<net id="297"><net_src comp="294" pin="1"/><net_sink comp="102" pin=0"/></net>

<net id="302"><net_src comp="22" pin="0"/><net_sink comp="298" pin=1"/></net>

<net id="307"><net_src comp="22" pin="0"/><net_sink comp="303" pin=1"/></net>

<net id="312"><net_src comp="22" pin="0"/><net_sink comp="308" pin=1"/></net>

<net id="317"><net_src comp="22" pin="0"/><net_sink comp="313" pin=1"/></net>

<net id="322"><net_src comp="20" pin="0"/><net_sink comp="318" pin=1"/></net>

<net id="328"><net_src comp="318" pin="2"/><net_sink comp="323" pin=1"/></net>

<net id="333"><net_src comp="20" pin="0"/><net_sink comp="329" pin=1"/></net>

<net id="339"><net_src comp="329" pin="2"/><net_sink comp="334" pin=1"/></net>

<net id="344"><net_src comp="20" pin="0"/><net_sink comp="340" pin=1"/></net>

<net id="350"><net_src comp="340" pin="2"/><net_sink comp="345" pin=1"/></net>

<net id="355"><net_src comp="20" pin="0"/><net_sink comp="351" pin=1"/></net>

<net id="361"><net_src comp="351" pin="2"/><net_sink comp="356" pin=1"/></net>

<net id="365"><net_src comp="362" pin="1"/><net_sink comp="122" pin=0"/></net>

<net id="370"><net_src comp="22" pin="0"/><net_sink comp="366" pin=1"/></net>

<net id="375"><net_src comp="20" pin="0"/><net_sink comp="371" pin=1"/></net>

<net id="397"><net_src comp="28" pin="0"/><net_sink comp="393" pin=1"/></net>

<net id="402"><net_src comp="30" pin="0"/><net_sink comp="398" pin=1"/></net>

<net id="408"><net_src comp="393" pin="2"/><net_sink comp="403" pin=0"/></net>

<net id="409"><net_src comp="398" pin="2"/><net_sink comp="403" pin=2"/></net>

<net id="414"><net_src comp="388" pin="3"/><net_sink comp="410" pin=0"/></net>

<net id="419"><net_src comp="388" pin="3"/><net_sink comp="415" pin=0"/></net>

<net id="424"><net_src comp="28" pin="0"/><net_sink comp="420" pin=1"/></net>

<net id="429"><net_src comp="32" pin="0"/><net_sink comp="425" pin=1"/></net>

<net id="435"><net_src comp="420" pin="2"/><net_sink comp="430" pin=0"/></net>

<net id="436"><net_src comp="425" pin="2"/><net_sink comp="430" pin=2"/></net>

<net id="441"><net_src comp="34" pin="0"/><net_sink comp="437" pin=1"/></net>

<net id="446"><net_src comp="20" pin="0"/><net_sink comp="442" pin=1"/></net>

<net id="456"><net_src comp="447" pin="3"/><net_sink comp="452" pin=1"/></net>

<net id="461"><net_src comp="447" pin="3"/><net_sink comp="457" pin=1"/></net>

<net id="468"><net_src comp="447" pin="3"/><net_sink comp="465" pin=0"/></net>

<net id="473"><net_src comp="465" pin="1"/><net_sink comp="469" pin=0"/></net>

<net id="474"><net_src comp="462" pin="1"/><net_sink comp="469" pin=1"/></net>

<net id="479"><net_src comp="447" pin="3"/><net_sink comp="475" pin=0"/></net>

<net id="484"><net_src comp="28" pin="0"/><net_sink comp="480" pin=1"/></net>

<net id="489"><net_src comp="30" pin="0"/><net_sink comp="485" pin=1"/></net>

<net id="495"><net_src comp="480" pin="2"/><net_sink comp="490" pin=0"/></net>

<net id="496"><net_src comp="485" pin="2"/><net_sink comp="490" pin=2"/></net>

<net id="501"><net_src comp="18" pin="0"/><net_sink comp="497" pin=1"/></net>

<net id="506"><net_src comp="20" pin="0"/><net_sink comp="502" pin=1"/></net>

<net id="512"><net_src comp="497" pin="2"/><net_sink comp="507" pin=0"/></net>

<net id="513"><net_src comp="502" pin="2"/><net_sink comp="507" pin=1"/></net>

<net id="517"><net_src comp="514" pin="1"/><net_sink comp="106" pin=1"/></net>

<net id="518"><net_src comp="514" pin="1"/><net_sink comp="114" pin=0"/></net>

<net id="522"><net_src comp="519" pin="1"/><net_sink comp="106" pin=0"/></net>

<net id="523"><net_src comp="519" pin="1"/><net_sink comp="118" pin=1"/></net>

<net id="527"><net_src comp="524" pin="1"/><net_sink comp="110" pin=0"/></net>

<net id="528"><net_src comp="524" pin="1"/><net_sink comp="118" pin=0"/></net>

<net id="532"><net_src comp="529" pin="1"/><net_sink comp="110" pin=1"/></net>

<net id="533"><net_src comp="529" pin="1"/><net_sink comp="114" pin=1"/></net>

<net id="538"><net_src comp="22" pin="0"/><net_sink comp="534" pin=1"/></net>

<net id="543"><net_src comp="22" pin="0"/><net_sink comp="539" pin=1"/></net>

<net id="548"><net_src comp="22" pin="0"/><net_sink comp="544" pin=1"/></net>

<net id="553"><net_src comp="22" pin="0"/><net_sink comp="549" pin=1"/></net>

<net id="558"><net_src comp="20" pin="0"/><net_sink comp="554" pin=1"/></net>

<net id="564"><net_src comp="554" pin="2"/><net_sink comp="559" pin=1"/></net>

<net id="569"><net_src comp="20" pin="0"/><net_sink comp="565" pin=1"/></net>

<net id="575"><net_src comp="565" pin="2"/><net_sink comp="570" pin=1"/></net>

<net id="580"><net_src comp="20" pin="0"/><net_sink comp="576" pin=1"/></net>

<net id="586"><net_src comp="576" pin="2"/><net_sink comp="581" pin=1"/></net>

<net id="591"><net_src comp="20" pin="0"/><net_sink comp="587" pin=1"/></net>

<net id="597"><net_src comp="587" pin="2"/><net_sink comp="592" pin=1"/></net>

<net id="602"><net_src comp="36" pin="0"/><net_sink comp="598" pin=0"/></net>

<net id="603"><net_src comp="559" pin="3"/><net_sink comp="598" pin=1"/></net>

<net id="608"><net_src comp="598" pin="2"/><net_sink comp="604" pin=0"/></net>

<net id="609"><net_src comp="570" pin="3"/><net_sink comp="604" pin=1"/></net>

<net id="614"><net_src comp="604" pin="2"/><net_sink comp="610" pin=0"/></net>

<net id="615"><net_src comp="592" pin="3"/><net_sink comp="610" pin=1"/></net>

<net id="620"><net_src comp="610" pin="2"/><net_sink comp="616" pin=0"/></net>

<net id="621"><net_src comp="581" pin="3"/><net_sink comp="616" pin=1"/></net>

<net id="625"><net_src comp="38" pin="2"/><net_sink comp="622" pin=0"/></net>

<net id="626"><net_src comp="622" pin="1"/><net_sink comp="145" pin=0"/></net>

<net id="630"><net_src comp="44" pin="2"/><net_sink comp="627" pin=0"/></net>

<net id="631"><net_src comp="627" pin="1"/><net_sink comp="139" pin=0"/></net>

<net id="635"><net_src comp="50" pin="2"/><net_sink comp="632" pin=0"/></net>

<net id="636"><net_src comp="632" pin="1"/><net_sink comp="133" pin=0"/></net>

<net id="640"><net_src comp="56" pin="2"/><net_sink comp="637" pin=0"/></net>

<net id="641"><net_src comp="637" pin="1"/><net_sink comp="127" pin=0"/></net>

<net id="645"><net_src comp="62" pin="2"/><net_sink comp="642" pin=0"/></net>

<net id="646"><net_src comp="642" pin="1"/><net_sink comp="145" pin=1"/></net>

<net id="650"><net_src comp="68" pin="2"/><net_sink comp="647" pin=0"/></net>

<net id="651"><net_src comp="647" pin="1"/><net_sink comp="139" pin=1"/></net>

<net id="655"><net_src comp="74" pin="2"/><net_sink comp="652" pin=0"/></net>

<net id="656"><net_src comp="652" pin="1"/><net_sink comp="133" pin=1"/></net>

<net id="660"><net_src comp="80" pin="2"/><net_sink comp="657" pin=0"/></net>

<net id="661"><net_src comp="657" pin="1"/><net_sink comp="127" pin=1"/></net>

<net id="665"><net_src comp="184" pin="2"/><net_sink comp="662" pin=0"/></net>

<net id="666"><net_src comp="662" pin="1"/><net_sink comp="256" pin=0"/></net>

<net id="670"><net_src comp="190" pin="2"/><net_sink comp="667" pin=0"/></net>

<net id="671"><net_src comp="667" pin="1"/><net_sink comp="261" pin=0"/></net>

<net id="672"><net_src comp="667" pin="1"/><net_sink comp="266" pin=2"/></net>

<net id="676"><net_src comp="204" pin="2"/><net_sink comp="673" pin=0"/></net>

<net id="677"><net_src comp="673" pin="1"/><net_sink comp="273" pin=0"/></net>

<net id="681"><net_src comp="210" pin="2"/><net_sink comp="678" pin=0"/></net>

<net id="682"><net_src comp="678" pin="1"/><net_sink comp="278" pin=0"/></net>

<net id="683"><net_src comp="678" pin="1"/><net_sink comp="283" pin=2"/></net>

<net id="687"><net_src comp="216" pin="1"/><net_sink comp="684" pin=0"/></net>

<net id="688"><net_src comp="684" pin="1"/><net_sink comp="86" pin=1"/></net>

<net id="692"><net_src comp="221" pin="1"/><net_sink comp="689" pin=0"/></net>

<net id="693"><net_src comp="689" pin="1"/><net_sink comp="86" pin=0"/></net>

<net id="697"><net_src comp="226" pin="1"/><net_sink comp="694" pin=0"/></net>

<net id="698"><net_src comp="694" pin="1"/><net_sink comp="90" pin=1"/></net>

<net id="702"><net_src comp="231" pin="1"/><net_sink comp="699" pin=0"/></net>

<net id="703"><net_src comp="699" pin="1"/><net_sink comp="90" pin=0"/></net>

<net id="707"><net_src comp="236" pin="1"/><net_sink comp="704" pin=0"/></net>

<net id="708"><net_src comp="704" pin="1"/><net_sink comp="94" pin=1"/></net>

<net id="712"><net_src comp="241" pin="1"/><net_sink comp="709" pin=0"/></net>

<net id="713"><net_src comp="709" pin="1"/><net_sink comp="94" pin=0"/></net>

<net id="717"><net_src comp="246" pin="1"/><net_sink comp="714" pin=0"/></net>

<net id="718"><net_src comp="714" pin="1"/><net_sink comp="98" pin=1"/></net>

<net id="722"><net_src comp="251" pin="1"/><net_sink comp="719" pin=0"/></net>

<net id="723"><net_src comp="719" pin="1"/><net_sink comp="98" pin=0"/></net>

<net id="727"><net_src comp="266" pin="3"/><net_sink comp="724" pin=0"/></net>

<net id="728"><net_src comp="724" pin="1"/><net_sink comp="290" pin=0"/></net>

<net id="729"><net_src comp="724" pin="1"/><net_sink comp="151" pin=1"/></net>

<net id="733"><net_src comp="283" pin="3"/><net_sink comp="730" pin=0"/></net>

<net id="734"><net_src comp="730" pin="1"/><net_sink comp="294" pin=0"/></net>

<net id="735"><net_src comp="730" pin="1"/><net_sink comp="151" pin=0"/></net>

<net id="739"><net_src comp="290" pin="1"/><net_sink comp="736" pin=0"/></net>

<net id="740"><net_src comp="736" pin="1"/><net_sink comp="102" pin=1"/></net>

<net id="744"><net_src comp="294" pin="1"/><net_sink comp="741" pin=0"/></net>

<net id="745"><net_src comp="741" pin="1"/><net_sink comp="102" pin=0"/></net>

<net id="749"><net_src comp="86" pin="2"/><net_sink comp="746" pin=0"/></net>

<net id="750"><net_src comp="746" pin="1"/><net_sink comp="298" pin=0"/></net>

<net id="754"><net_src comp="127" pin="2"/><net_sink comp="751" pin=0"/></net>

<net id="755"><net_src comp="751" pin="1"/><net_sink comp="318" pin=0"/></net>

<net id="756"><net_src comp="751" pin="1"/><net_sink comp="323" pin=2"/></net>

<net id="760"><net_src comp="90" pin="2"/><net_sink comp="757" pin=0"/></net>

<net id="761"><net_src comp="757" pin="1"/><net_sink comp="303" pin=0"/></net>

<net id="765"><net_src comp="133" pin="2"/><net_sink comp="762" pin=0"/></net>

<net id="766"><net_src comp="762" pin="1"/><net_sink comp="329" pin=0"/></net>

<net id="767"><net_src comp="762" pin="1"/><net_sink comp="334" pin=2"/></net>

<net id="771"><net_src comp="94" pin="2"/><net_sink comp="768" pin=0"/></net>

<net id="772"><net_src comp="768" pin="1"/><net_sink comp="308" pin=0"/></net>

<net id="776"><net_src comp="139" pin="2"/><net_sink comp="773" pin=0"/></net>

<net id="777"><net_src comp="773" pin="1"/><net_sink comp="340" pin=0"/></net>

<net id="778"><net_src comp="773" pin="1"/><net_sink comp="345" pin=2"/></net>

<net id="782"><net_src comp="98" pin="2"/><net_sink comp="779" pin=0"/></net>

<net id="783"><net_src comp="779" pin="1"/><net_sink comp="313" pin=0"/></net>

<net id="787"><net_src comp="145" pin="2"/><net_sink comp="784" pin=0"/></net>

<net id="788"><net_src comp="784" pin="1"/><net_sink comp="351" pin=0"/></net>

<net id="789"><net_src comp="784" pin="1"/><net_sink comp="356" pin=2"/></net>

<net id="793"><net_src comp="298" pin="2"/><net_sink comp="790" pin=0"/></net>

<net id="794"><net_src comp="790" pin="1"/><net_sink comp="323" pin=0"/></net>

<net id="798"><net_src comp="303" pin="2"/><net_sink comp="795" pin=0"/></net>

<net id="799"><net_src comp="795" pin="1"/><net_sink comp="334" pin=0"/></net>

<net id="803"><net_src comp="308" pin="2"/><net_sink comp="800" pin=0"/></net>

<net id="804"><net_src comp="800" pin="1"/><net_sink comp="345" pin=0"/></net>

<net id="808"><net_src comp="313" pin="2"/><net_sink comp="805" pin=0"/></net>

<net id="809"><net_src comp="805" pin="1"/><net_sink comp="356" pin=0"/></net>

<net id="813"><net_src comp="323" pin="3"/><net_sink comp="810" pin=0"/></net>

<net id="814"><net_src comp="810" pin="1"/><net_sink comp="376" pin=1"/></net>

<net id="815"><net_src comp="810" pin="1"/><net_sink comp="380" pin=1"/></net>

<net id="816"><net_src comp="810" pin="1"/><net_sink comp="384" pin=1"/></net>

<net id="820"><net_src comp="334" pin="3"/><net_sink comp="817" pin=0"/></net>

<net id="821"><net_src comp="817" pin="1"/><net_sink comp="376" pin=0"/></net>

<net id="822"><net_src comp="817" pin="1"/><net_sink comp="380" pin=0"/></net>

<net id="823"><net_src comp="817" pin="1"/><net_sink comp="384" pin=0"/></net>

<net id="827"><net_src comp="345" pin="3"/><net_sink comp="824" pin=0"/></net>

<net id="828"><net_src comp="824" pin="1"/><net_sink comp="452" pin=0"/></net>

<net id="829"><net_src comp="824" pin="1"/><net_sink comp="457" pin=0"/></net>

<net id="830"><net_src comp="824" pin="1"/><net_sink comp="462" pin=0"/></net>

<net id="831"><net_src comp="824" pin="1"/><net_sink comp="475" pin=1"/></net>

<net id="835"><net_src comp="356" pin="3"/><net_sink comp="832" pin=0"/></net>

<net id="836"><net_src comp="832" pin="1"/><net_sink comp="362" pin=0"/></net>

<net id="837"><net_src comp="832" pin="1"/><net_sink comp="171" pin=0"/></net>

<net id="841"><net_src comp="102" pin="2"/><net_sink comp="838" pin=0"/></net>

<net id="842"><net_src comp="838" pin="1"/><net_sink comp="366" pin=0"/></net>

<net id="846"><net_src comp="151" pin="2"/><net_sink comp="843" pin=0"/></net>

<net id="847"><net_src comp="843" pin="1"/><net_sink comp="371" pin=0"/></net>

<net id="848"><net_src comp="843" pin="1"/><net_sink comp="388" pin=2"/></net>

<net id="852"><net_src comp="362" pin="1"/><net_sink comp="849" pin=0"/></net>

<net id="853"><net_src comp="849" pin="1"/><net_sink comp="122" pin=0"/></net>

<net id="857"><net_src comp="366" pin="2"/><net_sink comp="854" pin=0"/></net>

<net id="858"><net_src comp="854" pin="1"/><net_sink comp="388" pin=0"/></net>

<net id="862"><net_src comp="371" pin="2"/><net_sink comp="859" pin=0"/></net>

<net id="863"><net_src comp="859" pin="1"/><net_sink comp="388" pin=1"/></net>

<net id="867"><net_src comp="376" pin="2"/><net_sink comp="864" pin=0"/></net>

<net id="868"><net_src comp="864" pin="1"/><net_sink comp="393" pin=0"/></net>

<net id="872"><net_src comp="380" pin="2"/><net_sink comp="869" pin=0"/></net>

<net id="873"><net_src comp="869" pin="1"/><net_sink comp="398" pin=0"/></net>

<net id="874"><net_src comp="869" pin="1"/><net_sink comp="403" pin=1"/></net>

<net id="878"><net_src comp="384" pin="2"/><net_sink comp="875" pin=0"/></net>

<net id="879"><net_src comp="875" pin="1"/><net_sink comp="410" pin=1"/></net>

<net id="880"><net_src comp="875" pin="1"/><net_sink comp="415" pin=1"/></net>

<net id="884"><net_src comp="403" pin="3"/><net_sink comp="881" pin=0"/></net>

<net id="885"><net_src comp="881" pin="1"/><net_sink comp="529" pin=0"/></net>

<net id="886"><net_src comp="881" pin="1"/><net_sink comp="159" pin=1"/></net>

<net id="887"><net_src comp="881" pin="1"/><net_sink comp="163" pin=1"/></net>

<net id="891"><net_src comp="410" pin="2"/><net_sink comp="888" pin=0"/></net>

<net id="892"><net_src comp="888" pin="1"/><net_sink comp="420" pin=0"/></net>

<net id="896"><net_src comp="415" pin="2"/><net_sink comp="893" pin=0"/></net>

<net id="897"><net_src comp="893" pin="1"/><net_sink comp="425" pin=0"/></net>

<net id="898"><net_src comp="893" pin="1"/><net_sink comp="430" pin=1"/></net>

<net id="902"><net_src comp="430" pin="3"/><net_sink comp="899" pin=0"/></net>

<net id="903"><net_src comp="899" pin="1"/><net_sink comp="514" pin=0"/></net>

<net id="904"><net_src comp="899" pin="1"/><net_sink comp="155" pin=1"/></net>

<net id="905"><net_src comp="899" pin="1"/><net_sink comp="163" pin=0"/></net>

<net id="909"><net_src comp="122" pin="2"/><net_sink comp="906" pin=0"/></net>

<net id="910"><net_src comp="906" pin="1"/><net_sink comp="437" pin=0"/></net>

<net id="914"><net_src comp="171" pin="2"/><net_sink comp="911" pin=0"/></net>

<net id="915"><net_src comp="911" pin="1"/><net_sink comp="442" pin=0"/></net>

<net id="916"><net_src comp="911" pin="1"/><net_sink comp="447" pin=2"/></net>

<net id="920"><net_src comp="437" pin="2"/><net_sink comp="917" pin=0"/></net>

<net id="921"><net_src comp="917" pin="1"/><net_sink comp="447" pin=0"/></net>

<net id="925"><net_src comp="442" pin="2"/><net_sink comp="922" pin=0"/></net>

<net id="926"><net_src comp="922" pin="1"/><net_sink comp="447" pin=1"/></net>

<net id="930"><net_src comp="452" pin="2"/><net_sink comp="927" pin=0"/></net>

<net id="931"><net_src comp="927" pin="1"/><net_sink comp="480" pin=0"/></net>

<net id="935"><net_src comp="457" pin="2"/><net_sink comp="932" pin=0"/></net>

<net id="936"><net_src comp="932" pin="1"/><net_sink comp="485" pin=0"/></net>

<net id="937"><net_src comp="932" pin="1"/><net_sink comp="490" pin=1"/></net>

<net id="941"><net_src comp="469" pin="2"/><net_sink comp="938" pin=0"/></net>

<net id="942"><net_src comp="938" pin="1"/><net_sink comp="497" pin=0"/></net>

<net id="946"><net_src comp="475" pin="2"/><net_sink comp="943" pin=0"/></net>

<net id="947"><net_src comp="943" pin="1"/><net_sink comp="502" pin=0"/></net>

<net id="948"><net_src comp="943" pin="1"/><net_sink comp="507" pin=2"/></net>

<net id="952"><net_src comp="490" pin="3"/><net_sink comp="949" pin=0"/></net>

<net id="953"><net_src comp="949" pin="1"/><net_sink comp="519" pin=0"/></net>

<net id="954"><net_src comp="949" pin="1"/><net_sink comp="155" pin=0"/></net>

<net id="955"><net_src comp="949" pin="1"/><net_sink comp="167" pin=1"/></net>

<net id="959"><net_src comp="507" pin="3"/><net_sink comp="956" pin=0"/></net>

<net id="960"><net_src comp="956" pin="1"/><net_sink comp="524" pin=0"/></net>

<net id="961"><net_src comp="956" pin="1"/><net_sink comp="159" pin=0"/></net>

<net id="962"><net_src comp="956" pin="1"/><net_sink comp="167" pin=0"/></net>

<net id="966"><net_src comp="514" pin="1"/><net_sink comp="963" pin=0"/></net>

<net id="967"><net_src comp="963" pin="1"/><net_sink comp="106" pin=1"/></net>

<net id="968"><net_src comp="963" pin="1"/><net_sink comp="114" pin=0"/></net>

<net id="972"><net_src comp="519" pin="1"/><net_sink comp="969" pin=0"/></net>

<net id="973"><net_src comp="969" pin="1"/><net_sink comp="106" pin=0"/></net>

<net id="974"><net_src comp="969" pin="1"/><net_sink comp="118" pin=1"/></net>

<net id="978"><net_src comp="524" pin="1"/><net_sink comp="975" pin=0"/></net>

<net id="979"><net_src comp="975" pin="1"/><net_sink comp="110" pin=0"/></net>

<net id="980"><net_src comp="975" pin="1"/><net_sink comp="118" pin=0"/></net>

<net id="984"><net_src comp="529" pin="1"/><net_sink comp="981" pin=0"/></net>

<net id="985"><net_src comp="981" pin="1"/><net_sink comp="110" pin=1"/></net>

<net id="986"><net_src comp="981" pin="1"/><net_sink comp="114" pin=1"/></net>

<net id="990"><net_src comp="106" pin="2"/><net_sink comp="987" pin=0"/></net>

<net id="991"><net_src comp="987" pin="1"/><net_sink comp="534" pin=0"/></net>

<net id="995"><net_src comp="110" pin="2"/><net_sink comp="992" pin=0"/></net>

<net id="996"><net_src comp="992" pin="1"/><net_sink comp="539" pin=0"/></net>

<net id="1000"><net_src comp="114" pin="2"/><net_sink comp="997" pin=0"/></net>

<net id="1001"><net_src comp="997" pin="1"/><net_sink comp="544" pin=0"/></net>

<net id="1005"><net_src comp="118" pin="2"/><net_sink comp="1002" pin=0"/></net>

<net id="1006"><net_src comp="1002" pin="1"/><net_sink comp="549" pin=0"/></net>

<net id="1010"><net_src comp="534" pin="2"/><net_sink comp="1007" pin=0"/></net>

<net id="1011"><net_src comp="1007" pin="1"/><net_sink comp="559" pin=0"/></net>

<net id="1015"><net_src comp="155" pin="2"/><net_sink comp="1012" pin=0"/></net>

<net id="1016"><net_src comp="1012" pin="1"/><net_sink comp="554" pin=0"/></net>

<net id="1017"><net_src comp="1012" pin="1"/><net_sink comp="559" pin=2"/></net>

<net id="1021"><net_src comp="539" pin="2"/><net_sink comp="1018" pin=0"/></net>

<net id="1022"><net_src comp="1018" pin="1"/><net_sink comp="570" pin=0"/></net>

<net id="1026"><net_src comp="159" pin="2"/><net_sink comp="1023" pin=0"/></net>

<net id="1027"><net_src comp="1023" pin="1"/><net_sink comp="565" pin=0"/></net>

<net id="1028"><net_src comp="1023" pin="1"/><net_sink comp="570" pin=2"/></net>

<net id="1032"><net_src comp="544" pin="2"/><net_sink comp="1029" pin=0"/></net>

<net id="1033"><net_src comp="1029" pin="1"/><net_sink comp="581" pin=0"/></net>

<net id="1037"><net_src comp="163" pin="2"/><net_sink comp="1034" pin=0"/></net>

<net id="1038"><net_src comp="1034" pin="1"/><net_sink comp="576" pin=0"/></net>

<net id="1039"><net_src comp="1034" pin="1"/><net_sink comp="581" pin=2"/></net>

<net id="1043"><net_src comp="549" pin="2"/><net_sink comp="1040" pin=0"/></net>

<net id="1044"><net_src comp="1040" pin="1"/><net_sink comp="592" pin=0"/></net>

<net id="1048"><net_src comp="167" pin="2"/><net_sink comp="1045" pin=0"/></net>

<net id="1049"><net_src comp="1045" pin="1"/><net_sink comp="587" pin=0"/></net>

<net id="1050"><net_src comp="1045" pin="1"/><net_sink comp="592" pin=2"/></net>

</net_list>

</model> 
---------------- Datapath Model END ------------------

* FSMD analyzer results:
  - Output states:
 - Input state : 
	Port: edwards_point_add : X1 | {1 }
	Port: edwards_point_add : Y1 | {1 }
	Port: edwards_point_add : Z1 | {1 }
	Port: edwards_point_add : T1 | {1 }
	Port: edwards_point_add : X2 | {1 }
	Port: edwards_point_add : Y2 | {1 }
	Port: edwards_point_add : Z2 | {1 }
	Port: edwards_point_add : T2 | {1 }
  - Chain level:
	State 1
		add_ln300 : 1
		add_ln301 : 1
		mul_ln305 : 1
		mul_ln306 : 1
		mul_ln307 : 1
		mul_ln308 : 1
	State 2
		X1pY1_2 : 1
		X2pY2_2 : 1
	State 3
		mul_ln311 : 1
	State 4
	State 5
	State 6
	State 7
		A : 1
		B : 1
		C : 1
		T1T2 : 1
	State 8
		mul_ln309 : 1
	State 9
		H_2 : 1
		icmp_ln317 : 1
		E_minus_AplusB : 1
	State 10
		E_minus_AplusB_2 : 1
	State 11
	State 12
	State 13
	State 14
		icmp_ln312 : 1
		F : 1
		zext_ln313_1 : 1
		add_ln313 : 2
		G_1 : 1
	State 15
		F_2 : 1
		G_2 : 1
	State 16
		mul_ln321 : 1
		mul_ln322 : 1
		mul_ln323 : 1
		mul_ln324 : 1
	State 17
	State 18
	State 19
	State 20
	State 21
	State 22
		X3_tmp_2 : 1
		Y3_tmp_2 : 1
		T3_tmp_2 : 1
		Z3_tmp_2 : 1
		mrv : 2
		mrv_1 : 3
		mrv_2 : 4
		mrv_3 : 5
		ret_ln331 : 6


============================================================
+ Verbose Summary: Datapath Resource usage 
============================================================

* Functional unit list:
|----------|-------------------------|---------|---------|---------|
| Operation|     Functional Unit     |   DSP   |    FF   |   LUT   |
|----------|-------------------------|---------|---------|---------|
|          |        grp_fu_86        |   225   |   441   |   249   |
|          |        grp_fu_90        |   225   |   441   |   249   |
|          |        grp_fu_94        |   225   |   441   |   249   |
|          |        grp_fu_98        |   225   |   441   |   249   |
|          |        grp_fu_102       |   225   |   441   |   249   |
|          |        grp_fu_106       |   225   |   441   |   249   |
|          |        grp_fu_110       |   225   |   441   |   249   |
|          |        grp_fu_114       |   225   |   441   |   249   |
|          |        grp_fu_118       |   225   |   441   |   249   |
|    mul   |        grp_fu_122       |   225   |   441   |   249   |
|          |        grp_fu_127       |   134   |   441   |   249   |
|          |        grp_fu_133       |   134   |   441   |   249   |
|          |        grp_fu_139       |   134   |   441   |   249   |
|          |        grp_fu_145       |   134   |   441   |   249   |
|          |        grp_fu_151       |   134   |   441   |   249   |
|          |        grp_fu_155       |   134   |   441   |   249   |
|          |        grp_fu_159       |   134   |   441   |   249   |
|          |        grp_fu_163       |   134   |   441   |   249   |
|          |        grp_fu_167       |   134   |   441   |   249   |
|          |        grp_fu_171       |   134   |   441   |   249   |
|----------|-------------------------|---------|---------|---------|
|          |    icmp_ln300_fu_256    |    0    |    0    |   263   |
|          |    icmp_ln301_fu_273    |    0    |    0    |   263   |
|          |    icmp_ln305_fu_298    |    0    |    0    |   512   |
|          |    icmp_ln306_fu_303    |    0    |    0    |   512   |
|          |    icmp_ln307_fu_308    |    0    |    0    |   512   |
|          |    icmp_ln308_fu_313    |    0    |    0    |   512   |
|          |    icmp_ln311_fu_366    |    0    |    0    |   512   |
|   icmp   |    icmp_ln314_fu_376    |    0    |    0    |   263   |
|          |    icmp_ln317_fu_410    |    0    |    0    |   263   |
|          |    icmp_ln309_fu_437    |    0    |    0    |   509   |
|          |    icmp_ln312_fu_452    |    0    |    0    |   263   |
|          |    icmp_ln313_fu_497    |    0    |    0    |   263   |
|          |    icmp_ln321_fu_534    |    0    |    0    |   512   |
|          |    icmp_ln322_fu_539    |    0    |    0    |   512   |
|          |    icmp_ln323_fu_544    |    0    |    0    |   512   |
|          |    icmp_ln324_fu_549    |    0    |    0    |   512   |
|----------|-------------------------|---------|---------|---------|
|          |     add_ln300_fu_184    |    0    |    0    |   263   |
|          |      X1pY1_1_fu_190     |    0    |    0    |   263   |
|          |     add_ln301_fu_204    |    0    |    0    |   263   |
|          |      X2pY2_1_fu_210     |    0    |    0    |   263   |
|          |       X1pY1_fu_261      |    0    |    0    |   263   |
|          |       X2pY2_fu_278      |    0    |    0    |   263   |
|          |     add_ln305_fu_318    |    0    |    0    |   263   |
|          |     add_ln306_fu_329    |    0    |    0    |   263   |
|          |     add_ln307_fu_340    |    0    |    0    |   263   |
|          |     add_ln308_fu_351    |    0    |    0    |   263   |
|          |         E_fu_371        |    0    |    0    |   263   |
|    add   |      AplusB_fu_384      |    0    |    0    |   263   |
|          |        H_1_fu_398       |    0    |    0    |   263   |
|          | E_minus_AplusB_1_fu_425 |    0    |    0    |   263   |
|          |     add_ln309_fu_442    |    0    |    0    |   263   |
|          |     add_ln313_fu_469    |    0    |    0    |   263   |
|          |        G_1_fu_475       |    0    |    0    |   263   |
|          |        F_1_fu_485       |    0    |    0    |   263   |
|          |         G_fu_502        |    0    |    0    |   263   |
|          |      X3_tmp_fu_554      |    0    |    0    |   263   |
|          |      Y3_tmp_fu_565      |    0    |    0    |   263   |
|          |      T3_tmp_fu_576      |    0    |    0    |   263   |
|          |      Z3_tmp_fu_587      |    0    |    0    |   263   |
|----------|-------------------------|---------|---------|---------|
|          |      X1pY1_2_fu_266     |    0    |    0    |   208   |
|          |      X2pY2_2_fu_283     |    0    |    0    |   208   |
|          |         A_fu_323        |    0    |    0    |   208   |
|          |         B_fu_334        |    0    |    0    |   208   |
|          |         C_fu_345        |    0    |    0    |   208   |
|          |       T1T2_fu_356       |    0    |    0    |   208   |
|          |        E_2_fu_388       |    0    |    0    |   208   |
|  select  |        H_2_fu_403       |    0    |    0    |   208   |
|          | E_minus_AplusB_2_fu_430 |    0    |    0    |   208   |
|          |         D_fu_447        |    0    |    0    |   208   |
|          |        F_2_fu_490       |    0    |    0    |   208   |
|          |        G_2_fu_507       |    0    |    0    |   208   |
|          |     X3_tmp_2_fu_559     |    0    |    0    |   208   |
|          |     Y3_tmp_2_fu_570     |    0    |    0    |   208   |
|          |     T3_tmp_2_fu_581     |    0    |    0    |   208   |
|          |     Z3_tmp_2_fu_592     |    0    |    0    |   208   |
|----------|-------------------------|---------|---------|---------|
|          |         H_fu_380        |    0    |    0    |   263   |
|    sub   |  E_minus_AplusB_fu_415  |    0    |    0    |   263   |
|          |         F_fu_457        |    0    |    0    |   263   |
|----------|-------------------------|---------|---------|---------|
|          |     xor_ln314_fu_393    |    0    |    0    |    2    |
|    xor   |   E_geq_AplusB_fu_420   |    0    |    0    |    2    |
|          |     xor_ln312_fu_480    |    0    |    0    |    2    |
|----------|-------------------------|---------|---------|---------|
|          |    T2_read_read_fu_38   |    0    |    0    |    0    |
|          |    Z2_read_read_fu_44   |    0    |    0    |    0    |
|          |    Y2_read_read_fu_50   |    0    |    0    |    0    |
|   read   |    X2_read_read_fu_56   |    0    |    0    |    0    |
|          |    T1_read_read_fu_62   |    0    |    0    |    0    |
|          |    Z1_read_read_fu_68   |    0    |    0    |    0    |
|          |    Y1_read_read_fu_74   |    0    |    0    |    0    |
|          |    X1_read_read_fu_80   |    0    |    0    |    0    |
|----------|-------------------------|---------|---------|---------|
|          |    zext_ln300_fu_176    |    0    |    0    |    0    |
|          |   zext_ln300_1_fu_180   |    0    |    0    |    0    |
|          |    zext_ln301_fu_196    |    0    |    0    |    0    |
|          |   zext_ln301_1_fu_200   |    0    |    0    |    0    |
|          |    zext_ln305_fu_216    |    0    |    0    |    0    |
|          |   zext_ln305_1_fu_221   |    0    |    0    |    0    |
|          |    zext_ln306_fu_226    |    0    |    0    |    0    |
|          |   zext_ln306_1_fu_231   |    0    |    0    |    0    |
|          |    zext_ln307_fu_236    |    0    |    0    |    0    |
|          |   zext_ln307_1_fu_241   |    0    |    0    |    0    |
|   zext   |    zext_ln308_fu_246    |    0    |    0    |    0    |
|          |   zext_ln308_1_fu_251   |    0    |    0    |    0    |
|          |    zext_ln311_fu_290    |    0    |    0    |    0    |
|          |   zext_ln311_1_fu_294   |    0    |    0    |    0    |
|          |    zext_ln309_fu_362    |    0    |    0    |    0    |
|          |    zext_ln313_fu_462    |    0    |    0    |    0    |
|          |   zext_ln313_1_fu_465   |    0    |    0    |    0    |
|          |    zext_ln321_fu_514    |    0    |    0    |    0    |
|          |   zext_ln321_1_fu_519   |    0    |    0    |    0    |
|          |    zext_ln322_fu_524    |    0    |    0    |    0    |
|          |   zext_ln322_1_fu_529   |    0    |    0    |    0    |
|----------|-------------------------|---------|---------|---------|
|          |        mrv_fu_598       |    0    |    0    |    0    |
|insertvalue|       mrv_1_fu_604      |    0    |    0    |    0    |
|          |       mrv_2_fu_610      |    0    |    0    |    0    |
|          |       mrv_3_fu_616      |    0    |    0    |    0    |
|----------|-------------------------|---------|---------|---------|
|   Total  |                         |   3590  |   8820  |  21847  |
|----------|-------------------------|---------|---------|---------|

Memories:
N/A

* Register list:
+------------------------+--------+
|                        |   FF   |
+------------------------+--------+
|        A_reg_810       |   256  |
|     AplusB_reg_875     |   256  |
|        B_reg_817       |   256  |
|        C_reg_824       |   256  |
|       E_1_reg_843      |   256  |
|E_minus_AplusB_2_reg_899|   256  |
| E_minus_AplusB_reg_893 |   256  |
|        E_reg_859       |   256  |
|       F_2_reg_949      |   256  |
|        F_reg_932       |   256  |
|       G_1_reg_943      |   256  |
|       G_2_reg_956      |   256  |
|       H_2_reg_881      |   256  |
|        H_reg_869       |   256  |
|      T1T2_reg_832      |   256  |
|     T1_read_reg_642    |   256  |
|     T2_read_reg_622    |   256  |
|    T3_tmp_1_reg_1034   |   256  |
|     X1_read_reg_657    |   256  |
|     X1pY1_1_reg_667    |   256  |
|     X1pY1_2_reg_724    |   256  |
|     X2_read_reg_637    |   256  |
|     X2pY2_1_reg_678    |   256  |
|     X2pY2_2_reg_730    |   256  |
|    X3_tmp_1_reg_1012   |   256  |
|     Y1_read_reg_652    |   256  |
|     Y2_read_reg_632    |   256  |
|    Y3_tmp_1_reg_1023   |   256  |
|     Z1_read_reg_647    |   256  |
|     Z2_read_reg_627    |   256  |
|    Z3_tmp_1_reg_1045   |   256  |
|    add_ln300_reg_662   |   257  |
|    add_ln301_reg_673   |   257  |
|    add_ln309_reg_922   |   256  |
|    add_ln313_reg_938   |   257  |
|   icmp_ln305_reg_790   |    1   |
|   icmp_ln306_reg_795   |    1   |
|   icmp_ln307_reg_800   |    1   |
|   icmp_ln308_reg_805   |    1   |
|   icmp_ln309_reg_917   |    1   |
|   icmp_ln311_reg_854   |    1   |
|   icmp_ln312_reg_927   |    1   |
|   icmp_ln314_reg_864   |    1   |
|   icmp_ln317_reg_888   |    1   |
|   icmp_ln321_reg_1007  |    1   |
|   icmp_ln322_reg_1018  |    1   |
|   icmp_ln323_reg_1029  |    1   |
|   icmp_ln324_reg_1040  |    1   |
|   mul_ln305_1_reg_751  |   256  |
|    mul_ln305_reg_746   |   512  |
|   mul_ln306_1_reg_762  |   256  |
|    mul_ln306_reg_757   |   512  |
|   mul_ln307_1_reg_773  |   256  |
|    mul_ln307_reg_768   |   512  |
|   mul_ln308_1_reg_784  |   256  |
|    mul_ln308_reg_779   |   512  |
|   mul_ln309_1_reg_911  |   256  |
|    mul_ln309_reg_906   |   509  |
|    mul_ln311_reg_838   |   512  |
|    mul_ln321_reg_987   |   512  |
|    mul_ln322_reg_992   |   512  |
|    mul_ln323_reg_997   |   512  |
|   mul_ln324_reg_1002   |   512  |
|  zext_ln305_1_reg_689  |   512  |
|   zext_ln305_reg_684   |   512  |
|  zext_ln306_1_reg_699  |   512  |
|   zext_ln306_reg_694   |   512  |
|  zext_ln307_1_reg_709  |   512  |
|   zext_ln307_reg_704   |   512  |
|  zext_ln308_1_reg_719  |   512  |
|   zext_ln308_reg_714   |   512  |
|   zext_ln309_reg_849   |   509  |
|  zext_ln311_1_reg_741  |   512  |
|   zext_ln311_reg_736   |   512  |
|  zext_ln321_1_reg_969  |   512  |
|   zext_ln321_reg_963   |   512  |
|  zext_ln322_1_reg_981  |   512  |
|   zext_ln322_reg_975   |   512  |
+------------------------+--------+
|          Total         |  23050 |
+------------------------+--------+

* Multiplexer (MUX) list: 
|------------|------|------|------|--------||---------||---------||---------|
|    Comp    |  Pin | Size |  BW  | S x BW ||  Delay  ||    FF   ||   LUT   |
|------------|------|------|------|--------||---------||---------||---------|
|  grp_fu_86 |  p0  |   2  |  256 |   512  ||    0    ||    9    |
|  grp_fu_86 |  p1  |   2  |  256 |   512  ||    0    ||    9    |
|  grp_fu_90 |  p0  |   2  |  256 |   512  ||    0    ||    9    |
|  grp_fu_90 |  p1  |   2  |  256 |   512  ||    0    ||    9    |
|  grp_fu_94 |  p0  |   2  |  256 |   512  ||    0    ||    9    |
|  grp_fu_94 |  p1  |   2  |  256 |   512  ||    0    ||    9    |
|  grp_fu_98 |  p0  |   2  |  256 |   512  ||    0    ||    9    |
|  grp_fu_98 |  p1  |   2  |  256 |   512  ||    0    ||    9    |
| grp_fu_102 |  p0  |   2  |  256 |   512  ||    0    ||    9    |
| grp_fu_102 |  p1  |   2  |  256 |   512  ||    0    ||    9    |
| grp_fu_106 |  p0  |   2  |  256 |   512  ||    0    ||    9    |
| grp_fu_106 |  p1  |   2  |  256 |   512  ||    0    ||    9    |
| grp_fu_110 |  p0  |   2  |  256 |   512  ||    0    ||    9    |
| grp_fu_110 |  p1  |   2  |  256 |   512  ||    0    ||    9    |
| grp_fu_114 |  p0  |   2  |  256 |   512  ||    0    ||    9    |
| grp_fu_114 |  p1  |   2  |  256 |   512  ||    0    ||    9    |
| grp_fu_118 |  p0  |   2  |  256 |   512  ||    0    ||    9    |
| grp_fu_118 |  p1  |   2  |  256 |   512  ||    0    ||    9    |
| grp_fu_122 |  p0  |   2  |  256 |   512  ||    0    ||    9    |
| grp_fu_127 |  p0  |   2  |  256 |   512  ||    0    ||    9    |
| grp_fu_127 |  p1  |   2  |  256 |   512  ||    0    ||    9    |
| grp_fu_133 |  p0  |   2  |  256 |   512  ||    0    ||    9    |
| grp_fu_133 |  p1  |   2  |  256 |   512  ||    0    ||    9    |
| grp_fu_139 |  p0  |   2  |  256 |   512  ||    0    ||    9    |
| grp_fu_139 |  p1  |   2  |  256 |   512  ||    0    ||    9    |
| grp_fu_145 |  p0  |   2  |  256 |   512  ||    0    ||    9    |
| grp_fu_145 |  p1  |   2  |  256 |   512  ||    0    ||    9    |
|------------|------|------|------|--------||---------||---------||---------|
|    Total   |      |      |      |  13824 ||  11.529 ||    0    ||   243   |
|------------|------|------|------|--------||---------||---------||---------|



* Summary:
+-----------+--------+--------+--------+--------+
|           |   DSP  |  Delay |   FF   |   LUT  |
+-----------+--------+--------+--------+--------+
|  Function |  3590  |    -   |  8820  |  21847 |
|   Memory  |    -   |    -   |    -   |    -   |
|Multiplexer|    -   |   11   |    0   |   243  |
|  Register |    -   |    -   |  23050 |    -   |
+-----------+--------+--------+--------+--------+
|   Total   |  3590  |   11   |  31870 |  22090 |
+-----------+--------+--------+--------+--------+
