

================================================================
== Vitis HLS Report for 'pippenger_control_Pipeline_VITIS_LOOP_544_1'
================================================================
* Date:           Wed Apr 23 16:26:16 2025

* Version:        2024.2 (Build 5238294 on Nov  8 2024)
* Project:        msm_2
* Solution:       solution1 (Vivado IP Flow Target)
* Product family: zynquplus
* Target device:  xczu7ev-ffvc1156-2-e


================================================================
== Performance Estimates
================================================================
+ Timing: 
    * Summary: 
    +--------+---------+----------+------------+
    |  Clock |  Target | Estimated| Uncertainty|
    +--------+---------+----------+------------+
    |ap_clk  |  4.00 ns|  2.920 ns|     1.08 ns|
    +--------+---------+----------+------------+

+ Latency: 
    * Summary: 
    +---------+-----------+----------+-----------+-----+-----------+------------------------------------------------+
    |   Latency (cycles)  |  Latency (absolute)  |     Interval    |                    Pipeline                    |
    |   min   |    max    |    min   |    max    | min |    max    |                      Type                      |
    +---------+-----------+----------+-----------+-----+-----------+------------------------------------------------+
    |       28|  436207618|  0.112 us|  1.745 sec|   27|  436207617|  loop auto-rewind stp (delay=0 clock cycles(s))|
    +---------+-----------+----------+-----------+-----+-----------+------------------------------------------------+

    + Detail: 
        * Instance: 
        N/A

        * Loop: 
        +--------------------+---------+-----------+----------+-----------+-----------+--------------+----------+
        |                    |   Latency (cycles)  | Iteration|  Initiation Interval  |     Trip     |          |
        |      Loop Name     |   min   |    max    |  Latency |  achieved |   target  |     Count    | Pipelined|
        +--------------------+---------+-----------+----------+-----------+-----------+--------------+----------+
        |- VITIS_LOOP_544_1  |       26|  436207616|        27|         26|          1|  1 ~ 16777216|       yes|
        +--------------------+---------+-----------+----------+-----------+-----------+--------------+----------+



================================================================
== Utilization Estimates
================================================================
* Summary: 
+-----------------+---------+------+--------+--------+-----+
|       Name      | BRAM_18K|  DSP |   FF   |   LUT  | URAM|
+-----------------+---------+------+--------+--------+-----+
|DSP              |        -|     -|       -|       -|    -|
|Expression       |        -|     -|       0|      78|    -|
|FIFO             |        -|     -|       -|       -|    -|
|Instance         |        -|     -|       -|       -|    -|
|Memory           |        -|     -|       -|       -|    -|
|Multiplexer      |        -|     -|       0|     216|    -|
|Register         |        -|     -|      35|       -|    -|
+-----------------+---------+------+--------+--------+-----+
|Total            |        0|     0|      35|     294|    0|
+-----------------+---------+------+--------+--------+-----+
|Available        |      624|  1728|  460800|  230400|   96|
+-----------------+---------+------+--------+--------+-----+
|Utilization (%)  |        0|     0|      ~0|      ~0|    0|
+-----------------+---------+------+--------+--------+-----+

+ Detail: 
    * Instance: 
    N/A

    * DSP: 
    N/A

    * Memory: 
    N/A

    * FIFO: 
    N/A

    * Expression: 
    +-----------------------------------------+----------+----+---+----+------------+------------+
    |              Variable Name              | Operation| DSP| FF| LUT| Bitwidth P0| Bitwidth P1|
    +-----------------------------------------+----------+----+---+----+------------+------------+
    |ap_block_pp0_stage0_01001_grp30          |       and|   0|  0|   2|           1|           1|
    |ap_block_pp0_stage10_01001_grp14         |       and|   0|  0|   2|           1|           1|
    |ap_block_pp0_stage11_01001_grp15         |       and|   0|  0|   2|           1|           1|
    |ap_block_pp0_stage12_01001_grp16         |       and|   0|  0|   2|           1|           1|
    |ap_block_pp0_stage13_01001_grp17         |       and|   0|  0|   2|           1|           1|
    |ap_block_pp0_stage14_01001_grp18         |       and|   0|  0|   2|           1|           1|
    |ap_block_pp0_stage15_01001_grp19         |       and|   0|  0|   2|           1|           1|
    |ap_block_pp0_stage16_01001_grp20         |       and|   0|  0|   2|           1|           1|
    |ap_block_pp0_stage17_01001_grp21         |       and|   0|  0|   2|           1|           1|
    |ap_block_pp0_stage18_01001_grp22         |       and|   0|  0|   2|           1|           1|
    |ap_block_pp0_stage19_01001_grp23         |       and|   0|  0|   2|           1|           1|
    |ap_block_pp0_stage1_01001_grp5           |       and|   0|  0|   2|           1|           1|
    |ap_block_pp0_stage1_11001_grp1           |       and|   0|  0|   2|           1|           1|
    |ap_block_pp0_stage1_11001_grp2           |       and|   0|  0|   2|           1|           1|
    |ap_block_pp0_stage1_11001_grp3           |       and|   0|  0|   2|           1|           1|
    |ap_block_pp0_stage1_11001_grp4           |       and|   0|  0|   2|           1|           1|
    |ap_block_pp0_stage1_subdone              |       and|   0|  0|   2|           1|           1|
    |ap_block_pp0_stage20_01001_grp24         |       and|   0|  0|   2|           1|           1|
    |ap_block_pp0_stage21_01001_grp25         |       and|   0|  0|   2|           1|           1|
    |ap_block_pp0_stage22_01001_grp26         |       and|   0|  0|   2|           1|           1|
    |ap_block_pp0_stage23_01001_grp27         |       and|   0|  0|   2|           1|           1|
    |ap_block_pp0_stage24_01001_grp28         |       and|   0|  0|   2|           1|           1|
    |ap_block_pp0_stage25_01001_grp29         |       and|   0|  0|   2|           1|           1|
    |ap_block_pp0_stage2_01001_grp6           |       and|   0|  0|   2|           1|           1|
    |ap_block_pp0_stage3_01001_grp7           |       and|   0|  0|   2|           1|           1|
    |ap_block_pp0_stage4_01001_grp8           |       and|   0|  0|   2|           1|           1|
    |ap_block_pp0_stage5_01001_grp9           |       and|   0|  0|   2|           1|           1|
    |ap_block_pp0_stage6_01001_grp10          |       and|   0|  0|   2|           1|           1|
    |ap_block_pp0_stage7_01001_grp11          |       and|   0|  0|   2|           1|           1|
    |ap_block_pp0_stage8_01001_grp12          |       and|   0|  0|   2|           1|           1|
    |ap_block_pp0_stage9_01001_grp13          |       and|   0|  0|   2|           1|           1|
    |ap_block_state10_pp0_stage9_iter0_grp13  |       and|   0|  0|   2|           1|           1|
    |ap_block_state2_pp0_stage1_iter0_grp1    |       and|   0|  0|   2|           1|           1|
    |ap_block_state2_pp0_stage1_iter0_grp2    |       and|   0|  0|   2|           1|           1|
    |ap_block_state2_pp0_stage1_iter0_grp3    |       and|   0|  0|   2|           1|           1|
    |ap_block_state2_pp0_stage1_iter0_grp4    |       and|   0|  0|   2|           1|           1|
    |tmp_nbreadreq_fu_150_p3                  |       and|   0|  0|   2|           1|           0|
    |ap_block_state2_pp0_stage1_iter0_grp5    |        or|   0|  0|   2|           1|           1|
    |ap_enable_pp0                            |       xor|   0|  0|   2|           1|           2|
    +-----------------------------------------+----------+----+---+----+------------+------------+
    |Total                                    |          |   0|  0|  78|          39|          39|
    +-----------------------------------------+----------+----+---+----+------------+------------+

    * Multiplexer: 
    +-----------------------------+-----+-----------+-----+-----------+
    |             Name            | LUT | Input Size| Bits| Total Bits|
    +-----------------------------+-----+-----------+-----+-----------+
    |ap_NS_fsm                    |  135|         27|    1|         27|
    |ap_done_int                  |    9|          2|    1|          2|
    |ap_enable_reg_pp0_iter0      |    9|          2|    1|          2|
    |ap_enable_reg_pp0_iter0_reg  |    9|          2|    1|          2|
    |ap_enable_reg_pp0_iter1      |    9|          2|    1|          2|
    |scalar_stream_blk_n          |    9|          2|    1|          2|
    |t_stream_blk_n               |    9|          2|    1|          2|
    |x_stream_blk_n               |    9|          2|    1|          2|
    |y_stream_blk_n               |    9|          2|    1|          2|
    |z_stream_blk_n               |    9|          2|    1|          2|
    +-----------------------------+-----+-----------+-----+-----------+
    |Total                        |  216|         45|   10|         45|
    +-----------------------------+-----+-----------+-----+-----------+

    * Register: 
    +-------------------------------------------+----+----+-----+-----------+
    |                    Name                   | FF | LUT| Bits| Const Bits|
    +-------------------------------------------+----+----+-----+-----------+
    |ap_CS_fsm                                  |  26|   0|   26|          0|
    |ap_block_pp0_stage1_subdone_grp1_done_reg  |   1|   0|    1|          0|
    |ap_block_pp0_stage1_subdone_grp2_done_reg  |   1|   0|    1|          0|
    |ap_block_pp0_stage1_subdone_grp3_done_reg  |   1|   0|    1|          0|
    |ap_block_pp0_stage1_subdone_grp4_done_reg  |   1|   0|    1|          0|
    |ap_block_pp0_stage1_subdone_grp5_done_reg  |   1|   0|    1|          0|
    |ap_done_reg                                |   1|   0|    1|          0|
    |ap_enable_reg_pp0_iter0_reg                |   1|   0|    1|          0|
    |ap_enable_reg_pp0_iter1                    |   1|   0|    1|          0|
    |tmp_reg_558                                |   1|   0|    1|          0|
    +-------------------------------------------+----+----+-----+-----------+
    |Total                                      |  35|   0|   35|          0|
    +-------------------------------------------+----+----+-----+-----------+



================================================================
== Interface
================================================================
* Summary: 
+-----------------------+-----+-----+------------+---------------------------------------------+--------------+
|       RTL Ports       | Dir | Bits|  Protocol  |                Source Object                |    C Type    |
+-----------------------+-----+-----+------------+---------------------------------------------+--------------+
|ap_clk                 |   in|    1|  ap_ctrl_hs|  pippenger_control_Pipeline_VITIS_LOOP_544_1|  return value|
|ap_rst                 |   in|    1|  ap_ctrl_hs|  pippenger_control_Pipeline_VITIS_LOOP_544_1|  return value|
|ap_start               |   in|    1|  ap_ctrl_hs|  pippenger_control_Pipeline_VITIS_LOOP_544_1|  return value|
|ap_done                |  out|    1|  ap_ctrl_hs|  pippenger_control_Pipeline_VITIS_LOOP_544_1|  return value|
|ap_idle                |  out|    1|  ap_ctrl_hs|  pippenger_control_Pipeline_VITIS_LOOP_544_1|  return value|
|ap_ready               |  out|    1|  ap_ctrl_hs|  pippenger_control_Pipeline_VITIS_LOOP_544_1|  return value|
|x_stream_dout          |   in|  256|     ap_fifo|                                     x_stream|       pointer|
|x_stream_empty_n       |   in|    1|     ap_fifo|                                     x_stream|       pointer|
|x_stream_read          |  out|    1|     ap_fifo|                                     x_stream|       pointer|
|y_stream_dout          |   in|  256|     ap_fifo|                                     y_stream|       pointer|
|y_stream_empty_n       |   in|    1|     ap_fifo|                                     y_stream|       pointer|
|y_stream_read          |  out|    1|     ap_fifo|                                     y_stream|       pointer|
|z_stream_dout          |   in|  256|     ap_fifo|                                     z_stream|       pointer|
|z_stream_empty_n       |   in|    1|     ap_fifo|                                     z_stream|       pointer|
|z_stream_read          |  out|    1|     ap_fifo|                                     z_stream|       pointer|
|t_stream_dout          |   in|  256|     ap_fifo|                                     t_stream|       pointer|
|t_stream_empty_n       |   in|    1|     ap_fifo|                                     t_stream|       pointer|
|t_stream_read          |  out|    1|     ap_fifo|                                     t_stream|       pointer|
|scalar_stream_dout     |   in|  256|     ap_fifo|                                scalar_stream|       pointer|
|scalar_stream_empty_n  |   in|    1|     ap_fifo|                                scalar_stream|       pointer|
|scalar_stream_read     |  out|    1|     ap_fifo|                                scalar_stream|       pointer|
+-----------------------+-----+-----+------------+---------------------------------------------+--------------+

============================================================
+ Verbose Summary: Synthesis Manager
============================================================
InlineROM: 1
ExposeGlobal: 0
============================================================
+ Verbose Summary: CDFG Model
============================================================
IsTopModel: 0
ResetActiveHigh: 1
IsCombinational: 2
IsDatapathOnly: 2
HasWiredReturn: 1
HasMFsm: 2
HasVarLatency: 1
IsPipeline: 0
IsRtlPipelined: 0
IsInstanceOverlapped: 0
IsDontTouch: 0
HasImplIP: 0
IsGatedGlobalClock: 0

+ Individual pipeline summary: 
  * Pipeline-0: initiation interval (II) = 26, depth = 27


============================================================
+ Verbose Summary: Schedule
============================================================
* Number of FSM states : 27
* Pipeline : 1
  Pipeline-0 : II = 26, D = 27, States = { 1 2 3 4 5 6 7 8 9 10 11 12 13 14 15 16 17 18 19 20 21 22 23 24 25 26 27 }
* Dataflow Pipeline: 0

* FSM state transitions: 
1 --> 2 
2 --> 3 
3 --> 4 
4 --> 5 
5 --> 6 
6 --> 7 
7 --> 8 
8 --> 9 
9 --> 10 
10 --> 11 
11 --> 12 
12 --> 13 
13 --> 14 
14 --> 15 
15 --> 16 
16 --> 17 
17 --> 18 
18 --> 19 
19 --> 20 
20 --> 21 
21 --> 22 
22 --> 23 
23 --> 24 
24 --> 25 
25 --> 26 
26 --> 27 
27 --> 

* FSM state operations: 

State 1 <SV = 0> <Delay = 0.42>
ST_1 : Operation 30 [1/1] (0.00ns)   --->   "%specinterface_ln0 = specinterface void @_ssdm_op_SpecInterface, i256 %scalar_stream, void @empty_0, i32 0, i32 0, void @empty, i32 0, i32 0, void @empty, void @empty, void @empty, i32 0, i32 0, i32 0, i32 0, void @empty, void @empty, i32 4294967295, i32 0, i32 0"   --->   Operation 30 'specinterface' 'specinterface_ln0' <Predicate = true> <Delay = 0.00>
ST_1 : Operation 31 [1/1] (0.00ns)   --->   "%specinterface_ln0 = specinterface void @_ssdm_op_SpecInterface, i256 %t_stream, void @empty_0, i32 0, i32 0, void @empty, i32 0, i32 0, void @empty, void @empty, void @empty, i32 0, i32 0, i32 0, i32 0, void @empty, void @empty, i32 4294967295, i32 0, i32 0"   --->   Operation 31 'specinterface' 'specinterface_ln0' <Predicate = true> <Delay = 0.00>
ST_1 : Operation 32 [1/1] (0.00ns)   --->   "%specinterface_ln0 = specinterface void @_ssdm_op_SpecInterface, i256 %z_stream, void @empty_0, i32 0, i32 0, void @empty, i32 0, i32 0, void @empty, void @empty, void @empty, i32 0, i32 0, i32 0, i32 0, void @empty, void @empty, i32 4294967295, i32 0, i32 0"   --->   Operation 32 'specinterface' 'specinterface_ln0' <Predicate = true> <Delay = 0.00>
ST_1 : Operation 33 [1/1] (0.00ns)   --->   "%specinterface_ln0 = specinterface void @_ssdm_op_SpecInterface, i256 %y_stream, void @empty_0, i32 0, i32 0, void @empty, i32 0, i32 0, void @empty, void @empty, void @empty, i32 0, i32 0, i32 0, i32 0, void @empty, void @empty, i32 4294967295, i32 0, i32 0"   --->   Operation 33 'specinterface' 'specinterface_ln0' <Predicate = true> <Delay = 0.00>
ST_1 : Operation 34 [1/1] (0.00ns)   --->   "%specinterface_ln0 = specinterface void @_ssdm_op_SpecInterface, i256 %x_stream, void @empty_0, i32 0, i32 0, void @empty, i32 0, i32 0, void @empty, void @empty, void @empty, i32 0, i32 0, i32 0, i32 0, void @empty, void @empty, i32 4294967295, i32 0, i32 0"   --->   Operation 34 'specinterface' 'specinterface_ln0' <Predicate = true> <Delay = 0.00>
ST_1 : Operation 35 [1/1] (0.00ns)   --->   "%scalar_partition_stream = alloca i64 1" [../src/msm.cpp:541->../src/msm.cpp:608]   --->   Operation 35 'alloca' 'scalar_partition_stream' <Predicate = true> <Delay = 0.00>
ST_1 : Operation 36 [1/1] (0.00ns)   --->   "%specinterface_ln0 = specinterface void @_ssdm_op_SpecInterface, i32 %scalar_partition_stream, void @empty_0, i32 0, i32 0, void @empty, i32 0, i32 0, void @empty, void @empty, void @empty, i32 0, i32 0, i32 0, i32 0, void @empty, void @empty, i32 4294967295, i32 0, i32 0"   --->   Operation 36 'specinterface' 'specinterface_ln0' <Predicate = true> <Delay = 0.00>
ST_1 : Operation 37 [1/1] (0.00ns)   --->   "%br_ln544 = br void %while.cond.i" [../src/msm.cpp:544->../src/msm.cpp:608]   --->   Operation 37 'br' 'br_ln544' <Predicate = true> <Delay = 0.00>
ST_1 : Operation 38 [1/1] ( I:0.00ns O:0.00ns )   --->   "%tmp = nbreadreq i1 @_ssdm_op_NbReadReq.ap_fifo.i256P0A, i256 %x_stream, i32 1" [../src/msm.cpp:544->../src/msm.cpp:608]   --->   Operation 38 'nbreadreq' 'tmp' <Predicate = true> <Delay = 0.00> <CoreInst = "FIFO">   --->   Core 77 'FIFO' <Latency = 0> <II = 1> <Delay = 1.63> <Storage> <Opcode : 'read' 'write' 'nbread' 'nbwrite'> <Ports = 0> <Width = -1> <Depth = -1> <FIFO>
ST_1 : Operation 39 [1/1] (0.00ns)   --->   "%br_ln544 = br i1 %tmp, void %for.inc.i.preheader.exitStub, void %while.body.i" [../src/msm.cpp:544->../src/msm.cpp:608]   --->   Operation 39 'br' 'br_ln544' <Predicate = true> <Delay = 0.00>
ST_1 : Operation 127 [1/1] (0.42ns)   --->   "%ret_ln0 = ret"   --->   Operation 127 'ret' 'ret_ln0' <Predicate = (!tmp)> <Delay = 0.42>

State 2 <SV = 1> <Delay = 2.92>
ST_2 : Operation 40 [1/1] ( I:1.46ns O:1.46ns )   --->   "%p_0 = read i256 @_ssdm_op_Read.ap_fifo.volatile.i256P0A, i256 %x_stream" [../src/msm.cpp:547->../src/msm.cpp:608]   --->   Operation 40 'read' 'p_0' <Predicate = (tmp)> <Delay = 1.46> <CoreInst = "FIFO">   --->   Core 77 'FIFO' <Latency = 0> <II = 1> <Delay = 1.63> <Storage> <Opcode : 'read' 'write' 'nbread' 'nbwrite'> <Ports = 0> <Width = -1> <Depth = -1> <FIFO>
ST_2 : Operation 41 [1/1] ( I:1.46ns O:1.46ns )   --->   "%p_030 = read i256 @_ssdm_op_Read.ap_fifo.volatile.i256P0A, i256 %y_stream" [../src/msm.cpp:548->../src/msm.cpp:608]   --->   Operation 41 'read' 'p_030' <Predicate = (tmp)> <Delay = 1.46> <CoreInst = "FIFO">   --->   Core 77 'FIFO' <Latency = 0> <II = 1> <Delay = 1.63> <Storage> <Opcode : 'read' 'write' 'nbread' 'nbwrite'> <Ports = 0> <Width = -1> <Depth = -1> <FIFO>
ST_2 : Operation 42 [1/1] ( I:1.46ns O:1.46ns )   --->   "%p_029 = read i256 @_ssdm_op_Read.ap_fifo.volatile.i256P0A, i256 %z_stream" [../src/msm.cpp:549->../src/msm.cpp:608]   --->   Operation 42 'read' 'p_029' <Predicate = (tmp)> <Delay = 1.46> <CoreInst = "FIFO">   --->   Core 77 'FIFO' <Latency = 0> <II = 1> <Delay = 1.63> <Storage> <Opcode : 'read' 'write' 'nbread' 'nbwrite'> <Ports = 0> <Width = -1> <Depth = -1> <FIFO>
ST_2 : Operation 43 [1/1] ( I:1.46ns O:1.46ns )   --->   "%p_028 = read i256 @_ssdm_op_Read.ap_fifo.volatile.i256P0A, i256 %t_stream" [../src/msm.cpp:550->../src/msm.cpp:608]   --->   Operation 43 'read' 'p_028' <Predicate = (tmp)> <Delay = 1.46> <CoreInst = "FIFO">   --->   Core 77 'FIFO' <Latency = 0> <II = 1> <Delay = 1.63> <Storage> <Opcode : 'read' 'write' 'nbread' 'nbwrite'> <Ports = 0> <Width = -1> <Depth = -1> <FIFO>
ST_2 : Operation 44 [1/1] ( I:1.46ns O:1.46ns )   --->   "%scalar = read i256 @_ssdm_op_Read.ap_fifo.volatile.i256P0A, i256 %scalar_stream" [../src/msm.cpp:474->../src/msm.cpp:553->../src/msm.cpp:608]   --->   Operation 44 'read' 'scalar' <Predicate = (tmp)> <Delay = 1.46> <CoreInst = "FIFO">   --->   Core 77 'FIFO' <Latency = 0> <II = 1> <Delay = 1.63> <Storage> <Opcode : 'read' 'write' 'nbread' 'nbwrite'> <Ports = 0> <Width = -1> <Depth = -1> <FIFO>
ST_2 : Operation 45 [1/1] (0.00ns)   --->   "%scalar_partition = trunc i256 %scalar" [../src/msm.cpp:478->../src/msm.cpp:553->../src/msm.cpp:608]   --->   Operation 45 'trunc' 'scalar_partition' <Predicate = (tmp)> <Delay = 0.00>
ST_2 : Operation 46 [1/1] (0.00ns)   --->   "%zext_ln475 = zext i10 %scalar_partition" [../src/msm.cpp:475->../src/msm.cpp:553->../src/msm.cpp:608]   --->   Operation 46 'zext' 'zext_ln475' <Predicate = (tmp)> <Delay = 0.00>
ST_2 : Operation 47 [1/1] ( I:1.46ns O:1.46ns )   --->   "%write_ln479 = write void @_ssdm_op_Write.ap_fifo.volatile.i32P0A, i32 %scalar_partition_stream, i32 %zext_ln475" [../src/msm.cpp:479->../src/msm.cpp:553->../src/msm.cpp:608]   --->   Operation 47 'write' 'write_ln479' <Predicate = (tmp)> <Delay = 1.46> <CoreInst = "FIFO">   --->   Core 77 'FIFO' <Latency = 0> <II = 1> <Delay = 1.63> <Storage> <Opcode : 'read' 'write' 'nbread' 'nbwrite'> <Ports = 0> <Width = -1> <Depth = -1> <FIFO>
ST_2 : Operation 48 [1/1] (0.00ns)   --->   "%scalar_partition_1 = partselect i10 @_ssdm_op_PartSelect.i10.i256.i32.i32, i256 %scalar, i32 10, i32 19" [../src/msm.cpp:478->../src/msm.cpp:553->../src/msm.cpp:608]   --->   Operation 48 'partselect' 'scalar_partition_1' <Predicate = (tmp)> <Delay = 0.00>
ST_2 : Operation 49 [1/1] (0.00ns)   --->   "%scalar_partition_2 = partselect i10 @_ssdm_op_PartSelect.i10.i256.i32.i32, i256 %scalar, i32 20, i32 29" [../src/msm.cpp:478->../src/msm.cpp:553->../src/msm.cpp:608]   --->   Operation 49 'partselect' 'scalar_partition_2' <Predicate = (tmp)> <Delay = 0.00>
ST_2 : Operation 50 [1/1] (0.00ns)   --->   "%scalar_partition_3 = partselect i10 @_ssdm_op_PartSelect.i10.i256.i32.i32, i256 %scalar, i32 30, i32 39" [../src/msm.cpp:478->../src/msm.cpp:553->../src/msm.cpp:608]   --->   Operation 50 'partselect' 'scalar_partition_3' <Predicate = (tmp)> <Delay = 0.00>
ST_2 : Operation 51 [1/1] (0.00ns)   --->   "%scalar_partition_4 = partselect i10 @_ssdm_op_PartSelect.i10.i256.i32.i32, i256 %scalar, i32 40, i32 49" [../src/msm.cpp:478->../src/msm.cpp:553->../src/msm.cpp:608]   --->   Operation 51 'partselect' 'scalar_partition_4' <Predicate = (tmp)> <Delay = 0.00>
ST_2 : Operation 52 [1/1] (0.00ns)   --->   "%scalar_partition_5 = partselect i10 @_ssdm_op_PartSelect.i10.i256.i32.i32, i256 %scalar, i32 50, i32 59" [../src/msm.cpp:478->../src/msm.cpp:553->../src/msm.cpp:608]   --->   Operation 52 'partselect' 'scalar_partition_5' <Predicate = (tmp)> <Delay = 0.00>
ST_2 : Operation 53 [1/1] (0.00ns)   --->   "%scalar_partition_6 = partselect i10 @_ssdm_op_PartSelect.i10.i256.i32.i32, i256 %scalar, i32 60, i32 69" [../src/msm.cpp:478->../src/msm.cpp:553->../src/msm.cpp:608]   --->   Operation 53 'partselect' 'scalar_partition_6' <Predicate = (tmp)> <Delay = 0.00>
ST_2 : Operation 54 [1/1] (0.00ns)   --->   "%scalar_partition_7 = partselect i10 @_ssdm_op_PartSelect.i10.i256.i32.i32, i256 %scalar, i32 70, i32 79" [../src/msm.cpp:478->../src/msm.cpp:553->../src/msm.cpp:608]   --->   Operation 54 'partselect' 'scalar_partition_7' <Predicate = (tmp)> <Delay = 0.00>
ST_2 : Operation 55 [1/1] (0.00ns)   --->   "%scalar_partition_8 = partselect i10 @_ssdm_op_PartSelect.i10.i256.i32.i32, i256 %scalar, i32 80, i32 89" [../src/msm.cpp:478->../src/msm.cpp:553->../src/msm.cpp:608]   --->   Operation 55 'partselect' 'scalar_partition_8' <Predicate = (tmp)> <Delay = 0.00>
ST_2 : Operation 56 [1/1] (0.00ns)   --->   "%scalar_partition_9 = partselect i10 @_ssdm_op_PartSelect.i10.i256.i32.i32, i256 %scalar, i32 90, i32 99" [../src/msm.cpp:478->../src/msm.cpp:553->../src/msm.cpp:608]   --->   Operation 56 'partselect' 'scalar_partition_9' <Predicate = (tmp)> <Delay = 0.00>
ST_2 : Operation 57 [1/1] (0.00ns)   --->   "%scalar_partition_10 = partselect i10 @_ssdm_op_PartSelect.i10.i256.i32.i32, i256 %scalar, i32 100, i32 109" [../src/msm.cpp:478->../src/msm.cpp:553->../src/msm.cpp:608]   --->   Operation 57 'partselect' 'scalar_partition_10' <Predicate = (tmp)> <Delay = 0.00>
ST_2 : Operation 58 [1/1] (0.00ns)   --->   "%scalar_partition_11 = partselect i10 @_ssdm_op_PartSelect.i10.i256.i32.i32, i256 %scalar, i32 110, i32 119" [../src/msm.cpp:478->../src/msm.cpp:553->../src/msm.cpp:608]   --->   Operation 58 'partselect' 'scalar_partition_11' <Predicate = (tmp)> <Delay = 0.00>
ST_2 : Operation 59 [1/1] (0.00ns)   --->   "%scalar_partition_12 = partselect i10 @_ssdm_op_PartSelect.i10.i256.i32.i32, i256 %scalar, i32 120, i32 129" [../src/msm.cpp:478->../src/msm.cpp:553->../src/msm.cpp:608]   --->   Operation 59 'partselect' 'scalar_partition_12' <Predicate = (tmp)> <Delay = 0.00>
ST_2 : Operation 60 [1/1] (0.00ns)   --->   "%scalar_partition_13 = partselect i10 @_ssdm_op_PartSelect.i10.i256.i32.i32, i256 %scalar, i32 130, i32 139" [../src/msm.cpp:478->../src/msm.cpp:553->../src/msm.cpp:608]   --->   Operation 60 'partselect' 'scalar_partition_13' <Predicate = (tmp)> <Delay = 0.00>
ST_2 : Operation 61 [1/1] (0.00ns)   --->   "%scalar_partition_14 = partselect i10 @_ssdm_op_PartSelect.i10.i256.i32.i32, i256 %scalar, i32 140, i32 149" [../src/msm.cpp:478->../src/msm.cpp:553->../src/msm.cpp:608]   --->   Operation 61 'partselect' 'scalar_partition_14' <Predicate = (tmp)> <Delay = 0.00>
ST_2 : Operation 62 [1/1] (0.00ns)   --->   "%scalar_partition_15 = partselect i10 @_ssdm_op_PartSelect.i10.i256.i32.i32, i256 %scalar, i32 150, i32 159" [../src/msm.cpp:478->../src/msm.cpp:553->../src/msm.cpp:608]   --->   Operation 62 'partselect' 'scalar_partition_15' <Predicate = (tmp)> <Delay = 0.00>
ST_2 : Operation 63 [1/1] (0.00ns)   --->   "%scalar_partition_16 = partselect i10 @_ssdm_op_PartSelect.i10.i256.i32.i32, i256 %scalar, i32 160, i32 169" [../src/msm.cpp:478->../src/msm.cpp:553->../src/msm.cpp:608]   --->   Operation 63 'partselect' 'scalar_partition_16' <Predicate = (tmp)> <Delay = 0.00>
ST_2 : Operation 64 [1/1] (0.00ns)   --->   "%scalar_partition_17 = partselect i10 @_ssdm_op_PartSelect.i10.i256.i32.i32, i256 %scalar, i32 170, i32 179" [../src/msm.cpp:478->../src/msm.cpp:553->../src/msm.cpp:608]   --->   Operation 64 'partselect' 'scalar_partition_17' <Predicate = (tmp)> <Delay = 0.00>
ST_2 : Operation 65 [1/1] (0.00ns)   --->   "%scalar_partition_18 = partselect i10 @_ssdm_op_PartSelect.i10.i256.i32.i32, i256 %scalar, i32 180, i32 189" [../src/msm.cpp:478->../src/msm.cpp:553->../src/msm.cpp:608]   --->   Operation 65 'partselect' 'scalar_partition_18' <Predicate = (tmp)> <Delay = 0.00>
ST_2 : Operation 66 [1/1] (0.00ns)   --->   "%scalar_partition_19 = partselect i10 @_ssdm_op_PartSelect.i10.i256.i32.i32, i256 %scalar, i32 190, i32 199" [../src/msm.cpp:478->../src/msm.cpp:553->../src/msm.cpp:608]   --->   Operation 66 'partselect' 'scalar_partition_19' <Predicate = (tmp)> <Delay = 0.00>
ST_2 : Operation 67 [1/1] (0.00ns)   --->   "%scalar_partition_20 = partselect i10 @_ssdm_op_PartSelect.i10.i256.i32.i32, i256 %scalar, i32 200, i32 209" [../src/msm.cpp:478->../src/msm.cpp:553->../src/msm.cpp:608]   --->   Operation 67 'partselect' 'scalar_partition_20' <Predicate = (tmp)> <Delay = 0.00>
ST_2 : Operation 68 [1/1] (0.00ns)   --->   "%scalar_partition_21 = partselect i10 @_ssdm_op_PartSelect.i10.i256.i32.i32, i256 %scalar, i32 210, i32 219" [../src/msm.cpp:478->../src/msm.cpp:553->../src/msm.cpp:608]   --->   Operation 68 'partselect' 'scalar_partition_21' <Predicate = (tmp)> <Delay = 0.00>
ST_2 : Operation 69 [1/1] (0.00ns)   --->   "%scalar_partition_22 = partselect i10 @_ssdm_op_PartSelect.i10.i256.i32.i32, i256 %scalar, i32 220, i32 229" [../src/msm.cpp:478->../src/msm.cpp:553->../src/msm.cpp:608]   --->   Operation 69 'partselect' 'scalar_partition_22' <Predicate = (tmp)> <Delay = 0.00>
ST_2 : Operation 70 [1/1] (0.00ns)   --->   "%scalar_partition_23 = partselect i10 @_ssdm_op_PartSelect.i10.i256.i32.i32, i256 %scalar, i32 230, i32 239" [../src/msm.cpp:478->../src/msm.cpp:553->../src/msm.cpp:608]   --->   Operation 70 'partselect' 'scalar_partition_23' <Predicate = (tmp)> <Delay = 0.00>
ST_2 : Operation 71 [1/1] (0.00ns)   --->   "%scalar_partition_24 = partselect i10 @_ssdm_op_PartSelect.i10.i256.i32.i32, i256 %scalar, i32 240, i32 249" [../src/msm.cpp:478->../src/msm.cpp:553->../src/msm.cpp:608]   --->   Operation 71 'partselect' 'scalar_partition_24' <Predicate = (tmp)> <Delay = 0.00>
ST_2 : Operation 72 [1/1] (0.00ns)   --->   "%tmp_2 = partselect i6 @_ssdm_op_PartSelect.i6.i256.i32.i32, i256 %scalar, i32 250, i32 255" [../src/msm.cpp:478->../src/msm.cpp:553->../src/msm.cpp:608]   --->   Operation 72 'partselect' 'tmp_2' <Predicate = (tmp)> <Delay = 0.00>

State 3 <SV = 2> <Delay = 1.46>
ST_3 : Operation 73 [1/1] (0.00ns)   --->   "%zext_ln475_1 = zext i10 %scalar_partition_1" [../src/msm.cpp:475->../src/msm.cpp:553->../src/msm.cpp:608]   --->   Operation 73 'zext' 'zext_ln475_1' <Predicate = (tmp)> <Delay = 0.00>
ST_3 : Operation 74 [1/1] ( I:1.46ns O:1.46ns )   --->   "%write_ln479 = write void @_ssdm_op_Write.ap_fifo.volatile.i32P0A, i32 %scalar_partition_stream, i32 %zext_ln475_1" [../src/msm.cpp:479->../src/msm.cpp:553->../src/msm.cpp:608]   --->   Operation 74 'write' 'write_ln479' <Predicate = (tmp)> <Delay = 1.46> <CoreInst = "FIFO">   --->   Core 77 'FIFO' <Latency = 0> <II = 1> <Delay = 1.63> <Storage> <Opcode : 'read' 'write' 'nbread' 'nbwrite'> <Ports = 0> <Width = -1> <Depth = -1> <FIFO>

State 4 <SV = 3> <Delay = 1.46>
ST_4 : Operation 75 [1/1] (0.00ns)   --->   "%zext_ln475_2 = zext i10 %scalar_partition_2" [../src/msm.cpp:475->../src/msm.cpp:553->../src/msm.cpp:608]   --->   Operation 75 'zext' 'zext_ln475_2' <Predicate = (tmp)> <Delay = 0.00>
ST_4 : Operation 76 [1/1] ( I:1.46ns O:1.46ns )   --->   "%write_ln479 = write void @_ssdm_op_Write.ap_fifo.volatile.i32P0A, i32 %scalar_partition_stream, i32 %zext_ln475_2" [../src/msm.cpp:479->../src/msm.cpp:553->../src/msm.cpp:608]   --->   Operation 76 'write' 'write_ln479' <Predicate = (tmp)> <Delay = 1.46> <CoreInst = "FIFO">   --->   Core 77 'FIFO' <Latency = 0> <II = 1> <Delay = 1.63> <Storage> <Opcode : 'read' 'write' 'nbread' 'nbwrite'> <Ports = 0> <Width = -1> <Depth = -1> <FIFO>

State 5 <SV = 4> <Delay = 1.46>
ST_5 : Operation 77 [1/1] (0.00ns)   --->   "%zext_ln475_3 = zext i10 %scalar_partition_3" [../src/msm.cpp:475->../src/msm.cpp:553->../src/msm.cpp:608]   --->   Operation 77 'zext' 'zext_ln475_3' <Predicate = (tmp)> <Delay = 0.00>
ST_5 : Operation 78 [1/1] ( I:1.46ns O:1.46ns )   --->   "%write_ln479 = write void @_ssdm_op_Write.ap_fifo.volatile.i32P0A, i32 %scalar_partition_stream, i32 %zext_ln475_3" [../src/msm.cpp:479->../src/msm.cpp:553->../src/msm.cpp:608]   --->   Operation 78 'write' 'write_ln479' <Predicate = (tmp)> <Delay = 1.46> <CoreInst = "FIFO">   --->   Core 77 'FIFO' <Latency = 0> <II = 1> <Delay = 1.63> <Storage> <Opcode : 'read' 'write' 'nbread' 'nbwrite'> <Ports = 0> <Width = -1> <Depth = -1> <FIFO>

State 6 <SV = 5> <Delay = 1.46>
ST_6 : Operation 79 [1/1] (0.00ns)   --->   "%zext_ln475_4 = zext i10 %scalar_partition_4" [../src/msm.cpp:475->../src/msm.cpp:553->../src/msm.cpp:608]   --->   Operation 79 'zext' 'zext_ln475_4' <Predicate = (tmp)> <Delay = 0.00>
ST_6 : Operation 80 [1/1] ( I:1.46ns O:1.46ns )   --->   "%write_ln479 = write void @_ssdm_op_Write.ap_fifo.volatile.i32P0A, i32 %scalar_partition_stream, i32 %zext_ln475_4" [../src/msm.cpp:479->../src/msm.cpp:553->../src/msm.cpp:608]   --->   Operation 80 'write' 'write_ln479' <Predicate = (tmp)> <Delay = 1.46> <CoreInst = "FIFO">   --->   Core 77 'FIFO' <Latency = 0> <II = 1> <Delay = 1.63> <Storage> <Opcode : 'read' 'write' 'nbread' 'nbwrite'> <Ports = 0> <Width = -1> <Depth = -1> <FIFO>

State 7 <SV = 6> <Delay = 1.46>
ST_7 : Operation 81 [1/1] (0.00ns)   --->   "%zext_ln475_5 = zext i10 %scalar_partition_5" [../src/msm.cpp:475->../src/msm.cpp:553->../src/msm.cpp:608]   --->   Operation 81 'zext' 'zext_ln475_5' <Predicate = (tmp)> <Delay = 0.00>
ST_7 : Operation 82 [1/1] ( I:1.46ns O:1.46ns )   --->   "%write_ln479 = write void @_ssdm_op_Write.ap_fifo.volatile.i32P0A, i32 %scalar_partition_stream, i32 %zext_ln475_5" [../src/msm.cpp:479->../src/msm.cpp:553->../src/msm.cpp:608]   --->   Operation 82 'write' 'write_ln479' <Predicate = (tmp)> <Delay = 1.46> <CoreInst = "FIFO">   --->   Core 77 'FIFO' <Latency = 0> <II = 1> <Delay = 1.63> <Storage> <Opcode : 'read' 'write' 'nbread' 'nbwrite'> <Ports = 0> <Width = -1> <Depth = -1> <FIFO>

State 8 <SV = 7> <Delay = 1.46>
ST_8 : Operation 83 [1/1] (0.00ns)   --->   "%zext_ln475_6 = zext i10 %scalar_partition_6" [../src/msm.cpp:475->../src/msm.cpp:553->../src/msm.cpp:608]   --->   Operation 83 'zext' 'zext_ln475_6' <Predicate = (tmp)> <Delay = 0.00>
ST_8 : Operation 84 [1/1] ( I:1.46ns O:1.46ns )   --->   "%write_ln479 = write void @_ssdm_op_Write.ap_fifo.volatile.i32P0A, i32 %scalar_partition_stream, i32 %zext_ln475_6" [../src/msm.cpp:479->../src/msm.cpp:553->../src/msm.cpp:608]   --->   Operation 84 'write' 'write_ln479' <Predicate = (tmp)> <Delay = 1.46> <CoreInst = "FIFO">   --->   Core 77 'FIFO' <Latency = 0> <II = 1> <Delay = 1.63> <Storage> <Opcode : 'read' 'write' 'nbread' 'nbwrite'> <Ports = 0> <Width = -1> <Depth = -1> <FIFO>

State 9 <SV = 8> <Delay = 1.46>
ST_9 : Operation 85 [1/1] (0.00ns)   --->   "%zext_ln475_7 = zext i10 %scalar_partition_7" [../src/msm.cpp:475->../src/msm.cpp:553->../src/msm.cpp:608]   --->   Operation 85 'zext' 'zext_ln475_7' <Predicate = (tmp)> <Delay = 0.00>
ST_9 : Operation 86 [1/1] ( I:1.46ns O:1.46ns )   --->   "%write_ln479 = write void @_ssdm_op_Write.ap_fifo.volatile.i32P0A, i32 %scalar_partition_stream, i32 %zext_ln475_7" [../src/msm.cpp:479->../src/msm.cpp:553->../src/msm.cpp:608]   --->   Operation 86 'write' 'write_ln479' <Predicate = (tmp)> <Delay = 1.46> <CoreInst = "FIFO">   --->   Core 77 'FIFO' <Latency = 0> <II = 1> <Delay = 1.63> <Storage> <Opcode : 'read' 'write' 'nbread' 'nbwrite'> <Ports = 0> <Width = -1> <Depth = -1> <FIFO>

State 10 <SV = 9> <Delay = 1.46>
ST_10 : Operation 87 [1/1] (0.00ns)   --->   "%zext_ln475_8 = zext i10 %scalar_partition_8" [../src/msm.cpp:475->../src/msm.cpp:553->../src/msm.cpp:608]   --->   Operation 87 'zext' 'zext_ln475_8' <Predicate = (tmp)> <Delay = 0.00>
ST_10 : Operation 88 [1/1] ( I:1.46ns O:1.46ns )   --->   "%write_ln479 = write void @_ssdm_op_Write.ap_fifo.volatile.i32P0A, i32 %scalar_partition_stream, i32 %zext_ln475_8" [../src/msm.cpp:479->../src/msm.cpp:553->../src/msm.cpp:608]   --->   Operation 88 'write' 'write_ln479' <Predicate = (tmp)> <Delay = 1.46> <CoreInst = "FIFO">   --->   Core 77 'FIFO' <Latency = 0> <II = 1> <Delay = 1.63> <Storage> <Opcode : 'read' 'write' 'nbread' 'nbwrite'> <Ports = 0> <Width = -1> <Depth = -1> <FIFO>

State 11 <SV = 10> <Delay = 1.46>
ST_11 : Operation 89 [1/1] (0.00ns)   --->   "%zext_ln475_9 = zext i10 %scalar_partition_9" [../src/msm.cpp:475->../src/msm.cpp:553->../src/msm.cpp:608]   --->   Operation 89 'zext' 'zext_ln475_9' <Predicate = (tmp)> <Delay = 0.00>
ST_11 : Operation 90 [1/1] ( I:1.46ns O:1.46ns )   --->   "%write_ln479 = write void @_ssdm_op_Write.ap_fifo.volatile.i32P0A, i32 %scalar_partition_stream, i32 %zext_ln475_9" [../src/msm.cpp:479->../src/msm.cpp:553->../src/msm.cpp:608]   --->   Operation 90 'write' 'write_ln479' <Predicate = (tmp)> <Delay = 1.46> <CoreInst = "FIFO">   --->   Core 77 'FIFO' <Latency = 0> <II = 1> <Delay = 1.63> <Storage> <Opcode : 'read' 'write' 'nbread' 'nbwrite'> <Ports = 0> <Width = -1> <Depth = -1> <FIFO>

State 12 <SV = 11> <Delay = 1.46>
ST_12 : Operation 91 [1/1] (0.00ns)   --->   "%zext_ln475_10 = zext i10 %scalar_partition_10" [../src/msm.cpp:475->../src/msm.cpp:553->../src/msm.cpp:608]   --->   Operation 91 'zext' 'zext_ln475_10' <Predicate = (tmp)> <Delay = 0.00>
ST_12 : Operation 92 [1/1] ( I:1.46ns O:1.46ns )   --->   "%write_ln479 = write void @_ssdm_op_Write.ap_fifo.volatile.i32P0A, i32 %scalar_partition_stream, i32 %zext_ln475_10" [../src/msm.cpp:479->../src/msm.cpp:553->../src/msm.cpp:608]   --->   Operation 92 'write' 'write_ln479' <Predicate = (tmp)> <Delay = 1.46> <CoreInst = "FIFO">   --->   Core 77 'FIFO' <Latency = 0> <II = 1> <Delay = 1.63> <Storage> <Opcode : 'read' 'write' 'nbread' 'nbwrite'> <Ports = 0> <Width = -1> <Depth = -1> <FIFO>

State 13 <SV = 12> <Delay = 1.46>
ST_13 : Operation 93 [1/1] (0.00ns)   --->   "%zext_ln475_11 = zext i10 %scalar_partition_11" [../src/msm.cpp:475->../src/msm.cpp:553->../src/msm.cpp:608]   --->   Operation 93 'zext' 'zext_ln475_11' <Predicate = (tmp)> <Delay = 0.00>
ST_13 : Operation 94 [1/1] ( I:1.46ns O:1.46ns )   --->   "%write_ln479 = write void @_ssdm_op_Write.ap_fifo.volatile.i32P0A, i32 %scalar_partition_stream, i32 %zext_ln475_11" [../src/msm.cpp:479->../src/msm.cpp:553->../src/msm.cpp:608]   --->   Operation 94 'write' 'write_ln479' <Predicate = (tmp)> <Delay = 1.46> <CoreInst = "FIFO">   --->   Core 77 'FIFO' <Latency = 0> <II = 1> <Delay = 1.63> <Storage> <Opcode : 'read' 'write' 'nbread' 'nbwrite'> <Ports = 0> <Width = -1> <Depth = -1> <FIFO>

State 14 <SV = 13> <Delay = 1.46>
ST_14 : Operation 95 [1/1] (0.00ns)   --->   "%zext_ln475_12 = zext i10 %scalar_partition_12" [../src/msm.cpp:475->../src/msm.cpp:553->../src/msm.cpp:608]   --->   Operation 95 'zext' 'zext_ln475_12' <Predicate = (tmp)> <Delay = 0.00>
ST_14 : Operation 96 [1/1] ( I:1.46ns O:1.46ns )   --->   "%write_ln479 = write void @_ssdm_op_Write.ap_fifo.volatile.i32P0A, i32 %scalar_partition_stream, i32 %zext_ln475_12" [../src/msm.cpp:479->../src/msm.cpp:553->../src/msm.cpp:608]   --->   Operation 96 'write' 'write_ln479' <Predicate = (tmp)> <Delay = 1.46> <CoreInst = "FIFO">   --->   Core 77 'FIFO' <Latency = 0> <II = 1> <Delay = 1.63> <Storage> <Opcode : 'read' 'write' 'nbread' 'nbwrite'> <Ports = 0> <Width = -1> <Depth = -1> <FIFO>

State 15 <SV = 14> <Delay = 1.46>
ST_15 : Operation 97 [1/1] (0.00ns)   --->   "%zext_ln475_13 = zext i10 %scalar_partition_13" [../src/msm.cpp:475->../src/msm.cpp:553->../src/msm.cpp:608]   --->   Operation 97 'zext' 'zext_ln475_13' <Predicate = (tmp)> <Delay = 0.00>
ST_15 : Operation 98 [1/1] ( I:1.46ns O:1.46ns )   --->   "%write_ln479 = write void @_ssdm_op_Write.ap_fifo.volatile.i32P0A, i32 %scalar_partition_stream, i32 %zext_ln475_13" [../src/msm.cpp:479->../src/msm.cpp:553->../src/msm.cpp:608]   --->   Operation 98 'write' 'write_ln479' <Predicate = (tmp)> <Delay = 1.46> <CoreInst = "FIFO">   --->   Core 77 'FIFO' <Latency = 0> <II = 1> <Delay = 1.63> <Storage> <Opcode : 'read' 'write' 'nbread' 'nbwrite'> <Ports = 0> <Width = -1> <Depth = -1> <FIFO>

State 16 <SV = 15> <Delay = 1.46>
ST_16 : Operation 99 [1/1] (0.00ns)   --->   "%zext_ln475_14 = zext i10 %scalar_partition_14" [../src/msm.cpp:475->../src/msm.cpp:553->../src/msm.cpp:608]   --->   Operation 99 'zext' 'zext_ln475_14' <Predicate = (tmp)> <Delay = 0.00>
ST_16 : Operation 100 [1/1] ( I:1.46ns O:1.46ns )   --->   "%write_ln479 = write void @_ssdm_op_Write.ap_fifo.volatile.i32P0A, i32 %scalar_partition_stream, i32 %zext_ln475_14" [../src/msm.cpp:479->../src/msm.cpp:553->../src/msm.cpp:608]   --->   Operation 100 'write' 'write_ln479' <Predicate = (tmp)> <Delay = 1.46> <CoreInst = "FIFO">   --->   Core 77 'FIFO' <Latency = 0> <II = 1> <Delay = 1.63> <Storage> <Opcode : 'read' 'write' 'nbread' 'nbwrite'> <Ports = 0> <Width = -1> <Depth = -1> <FIFO>

State 17 <SV = 16> <Delay = 1.46>
ST_17 : Operation 101 [1/1] (0.00ns)   --->   "%zext_ln475_15 = zext i10 %scalar_partition_15" [../src/msm.cpp:475->../src/msm.cpp:553->../src/msm.cpp:608]   --->   Operation 101 'zext' 'zext_ln475_15' <Predicate = (tmp)> <Delay = 0.00>
ST_17 : Operation 102 [1/1] ( I:1.46ns O:1.46ns )   --->   "%write_ln479 = write void @_ssdm_op_Write.ap_fifo.volatile.i32P0A, i32 %scalar_partition_stream, i32 %zext_ln475_15" [../src/msm.cpp:479->../src/msm.cpp:553->../src/msm.cpp:608]   --->   Operation 102 'write' 'write_ln479' <Predicate = (tmp)> <Delay = 1.46> <CoreInst = "FIFO">   --->   Core 77 'FIFO' <Latency = 0> <II = 1> <Delay = 1.63> <Storage> <Opcode : 'read' 'write' 'nbread' 'nbwrite'> <Ports = 0> <Width = -1> <Depth = -1> <FIFO>

State 18 <SV = 17> <Delay = 1.46>
ST_18 : Operation 103 [1/1] (0.00ns)   --->   "%zext_ln475_16 = zext i10 %scalar_partition_16" [../src/msm.cpp:475->../src/msm.cpp:553->../src/msm.cpp:608]   --->   Operation 103 'zext' 'zext_ln475_16' <Predicate = (tmp)> <Delay = 0.00>
ST_18 : Operation 104 [1/1] ( I:1.46ns O:1.46ns )   --->   "%write_ln479 = write void @_ssdm_op_Write.ap_fifo.volatile.i32P0A, i32 %scalar_partition_stream, i32 %zext_ln475_16" [../src/msm.cpp:479->../src/msm.cpp:553->../src/msm.cpp:608]   --->   Operation 104 'write' 'write_ln479' <Predicate = (tmp)> <Delay = 1.46> <CoreInst = "FIFO">   --->   Core 77 'FIFO' <Latency = 0> <II = 1> <Delay = 1.63> <Storage> <Opcode : 'read' 'write' 'nbread' 'nbwrite'> <Ports = 0> <Width = -1> <Depth = -1> <FIFO>

State 19 <SV = 18> <Delay = 1.46>
ST_19 : Operation 105 [1/1] (0.00ns)   --->   "%zext_ln475_17 = zext i10 %scalar_partition_17" [../src/msm.cpp:475->../src/msm.cpp:553->../src/msm.cpp:608]   --->   Operation 105 'zext' 'zext_ln475_17' <Predicate = (tmp)> <Delay = 0.00>
ST_19 : Operation 106 [1/1] ( I:1.46ns O:1.46ns )   --->   "%write_ln479 = write void @_ssdm_op_Write.ap_fifo.volatile.i32P0A, i32 %scalar_partition_stream, i32 %zext_ln475_17" [../src/msm.cpp:479->../src/msm.cpp:553->../src/msm.cpp:608]   --->   Operation 106 'write' 'write_ln479' <Predicate = (tmp)> <Delay = 1.46> <CoreInst = "FIFO">   --->   Core 77 'FIFO' <Latency = 0> <II = 1> <Delay = 1.63> <Storage> <Opcode : 'read' 'write' 'nbread' 'nbwrite'> <Ports = 0> <Width = -1> <Depth = -1> <FIFO>

State 20 <SV = 19> <Delay = 1.46>
ST_20 : Operation 107 [1/1] (0.00ns)   --->   "%zext_ln475_18 = zext i10 %scalar_partition_18" [../src/msm.cpp:475->../src/msm.cpp:553->../src/msm.cpp:608]   --->   Operation 107 'zext' 'zext_ln475_18' <Predicate = (tmp)> <Delay = 0.00>
ST_20 : Operation 108 [1/1] ( I:1.46ns O:1.46ns )   --->   "%write_ln479 = write void @_ssdm_op_Write.ap_fifo.volatile.i32P0A, i32 %scalar_partition_stream, i32 %zext_ln475_18" [../src/msm.cpp:479->../src/msm.cpp:553->../src/msm.cpp:608]   --->   Operation 108 'write' 'write_ln479' <Predicate = (tmp)> <Delay = 1.46> <CoreInst = "FIFO">   --->   Core 77 'FIFO' <Latency = 0> <II = 1> <Delay = 1.63> <Storage> <Opcode : 'read' 'write' 'nbread' 'nbwrite'> <Ports = 0> <Width = -1> <Depth = -1> <FIFO>

State 21 <SV = 20> <Delay = 1.46>
ST_21 : Operation 109 [1/1] (0.00ns)   --->   "%zext_ln475_19 = zext i10 %scalar_partition_19" [../src/msm.cpp:475->../src/msm.cpp:553->../src/msm.cpp:608]   --->   Operation 109 'zext' 'zext_ln475_19' <Predicate = (tmp)> <Delay = 0.00>
ST_21 : Operation 110 [1/1] ( I:1.46ns O:1.46ns )   --->   "%write_ln479 = write void @_ssdm_op_Write.ap_fifo.volatile.i32P0A, i32 %scalar_partition_stream, i32 %zext_ln475_19" [../src/msm.cpp:479->../src/msm.cpp:553->../src/msm.cpp:608]   --->   Operation 110 'write' 'write_ln479' <Predicate = (tmp)> <Delay = 1.46> <CoreInst = "FIFO">   --->   Core 77 'FIFO' <Latency = 0> <II = 1> <Delay = 1.63> <Storage> <Opcode : 'read' 'write' 'nbread' 'nbwrite'> <Ports = 0> <Width = -1> <Depth = -1> <FIFO>

State 22 <SV = 21> <Delay = 1.46>
ST_22 : Operation 111 [1/1] (0.00ns)   --->   "%zext_ln475_20 = zext i10 %scalar_partition_20" [../src/msm.cpp:475->../src/msm.cpp:553->../src/msm.cpp:608]   --->   Operation 111 'zext' 'zext_ln475_20' <Predicate = (tmp)> <Delay = 0.00>
ST_22 : Operation 112 [1/1] ( I:1.46ns O:1.46ns )   --->   "%write_ln479 = write void @_ssdm_op_Write.ap_fifo.volatile.i32P0A, i32 %scalar_partition_stream, i32 %zext_ln475_20" [../src/msm.cpp:479->../src/msm.cpp:553->../src/msm.cpp:608]   --->   Operation 112 'write' 'write_ln479' <Predicate = (tmp)> <Delay = 1.46> <CoreInst = "FIFO">   --->   Core 77 'FIFO' <Latency = 0> <II = 1> <Delay = 1.63> <Storage> <Opcode : 'read' 'write' 'nbread' 'nbwrite'> <Ports = 0> <Width = -1> <Depth = -1> <FIFO>

State 23 <SV = 22> <Delay = 1.46>
ST_23 : Operation 113 [1/1] (0.00ns)   --->   "%zext_ln475_21 = zext i10 %scalar_partition_21" [../src/msm.cpp:475->../src/msm.cpp:553->../src/msm.cpp:608]   --->   Operation 113 'zext' 'zext_ln475_21' <Predicate = (tmp)> <Delay = 0.00>
ST_23 : Operation 114 [1/1] ( I:1.46ns O:1.46ns )   --->   "%write_ln479 = write void @_ssdm_op_Write.ap_fifo.volatile.i32P0A, i32 %scalar_partition_stream, i32 %zext_ln475_21" [../src/msm.cpp:479->../src/msm.cpp:553->../src/msm.cpp:608]   --->   Operation 114 'write' 'write_ln479' <Predicate = (tmp)> <Delay = 1.46> <CoreInst = "FIFO">   --->   Core 77 'FIFO' <Latency = 0> <II = 1> <Delay = 1.63> <Storage> <Opcode : 'read' 'write' 'nbread' 'nbwrite'> <Ports = 0> <Width = -1> <Depth = -1> <FIFO>

State 24 <SV = 23> <Delay = 1.46>
ST_24 : Operation 115 [1/1] (0.00ns)   --->   "%zext_ln475_22 = zext i10 %scalar_partition_22" [../src/msm.cpp:475->../src/msm.cpp:553->../src/msm.cpp:608]   --->   Operation 115 'zext' 'zext_ln475_22' <Predicate = (tmp)> <Delay = 0.00>
ST_24 : Operation 116 [1/1] ( I:1.46ns O:1.46ns )   --->   "%write_ln479 = write void @_ssdm_op_Write.ap_fifo.volatile.i32P0A, i32 %scalar_partition_stream, i32 %zext_ln475_22" [../src/msm.cpp:479->../src/msm.cpp:553->../src/msm.cpp:608]   --->   Operation 116 'write' 'write_ln479' <Predicate = (tmp)> <Delay = 1.46> <CoreInst = "FIFO">   --->   Core 77 'FIFO' <Latency = 0> <II = 1> <Delay = 1.63> <Storage> <Opcode : 'read' 'write' 'nbread' 'nbwrite'> <Ports = 0> <Width = -1> <Depth = -1> <FIFO>

State 25 <SV = 24> <Delay = 1.46>
ST_25 : Operation 117 [1/1] (0.00ns)   --->   "%zext_ln475_23 = zext i10 %scalar_partition_23" [../src/msm.cpp:475->../src/msm.cpp:553->../src/msm.cpp:608]   --->   Operation 117 'zext' 'zext_ln475_23' <Predicate = (tmp)> <Delay = 0.00>
ST_25 : Operation 118 [1/1] ( I:1.46ns O:1.46ns )   --->   "%write_ln479 = write void @_ssdm_op_Write.ap_fifo.volatile.i32P0A, i32 %scalar_partition_stream, i32 %zext_ln475_23" [../src/msm.cpp:479->../src/msm.cpp:553->../src/msm.cpp:608]   --->   Operation 118 'write' 'write_ln479' <Predicate = (tmp)> <Delay = 1.46> <CoreInst = "FIFO">   --->   Core 77 'FIFO' <Latency = 0> <II = 1> <Delay = 1.63> <Storage> <Opcode : 'read' 'write' 'nbread' 'nbwrite'> <Ports = 0> <Width = -1> <Depth = -1> <FIFO>

State 26 <SV = 25> <Delay = 1.46>
ST_26 : Operation 119 [1/1] (0.00ns)   --->   "%zext_ln475_24 = zext i10 %scalar_partition_24" [../src/msm.cpp:475->../src/msm.cpp:553->../src/msm.cpp:608]   --->   Operation 119 'zext' 'zext_ln475_24' <Predicate = (tmp)> <Delay = 0.00>
ST_26 : Operation 120 [1/1] ( I:1.46ns O:1.46ns )   --->   "%write_ln479 = write void @_ssdm_op_Write.ap_fifo.volatile.i32P0A, i32 %scalar_partition_stream, i32 %zext_ln475_24" [../src/msm.cpp:479->../src/msm.cpp:553->../src/msm.cpp:608]   --->   Operation 120 'write' 'write_ln479' <Predicate = (tmp)> <Delay = 1.46> <CoreInst = "FIFO">   --->   Core 77 'FIFO' <Latency = 0> <II = 1> <Delay = 1.63> <Storage> <Opcode : 'read' 'write' 'nbread' 'nbwrite'> <Ports = 0> <Width = -1> <Depth = -1> <FIFO>

State 27 <SV = 26> <Delay = 1.46>
ST_27 : Operation 121 [1/1] (0.00ns)   --->   "%specpipeline_ln547 = specpipeline void @_ssdm_op_SpecPipeline, i32 4294967295, i32 0, i32 0, i32 0, void @empty" [../src/msm.cpp:547->../src/msm.cpp:608]   --->   Operation 121 'specpipeline' 'specpipeline_ln547' <Predicate = true> <Delay = 0.00>
ST_27 : Operation 122 [1/1] (0.00ns)   --->   "%speclooptripcount_ln546 = speclooptripcount void @_ssdm_op_SpecLoopTripCount, i64 1, i64 16777216, i64 8388608" [../src/msm.cpp:546->../src/msm.cpp:608]   --->   Operation 122 'speclooptripcount' 'speclooptripcount_ln546' <Predicate = true> <Delay = 0.00>
ST_27 : Operation 123 [1/1] (0.00ns)   --->   "%specloopname_ln544 = specloopname void @_ssdm_op_SpecLoopName, void @empty_2" [../src/msm.cpp:544->../src/msm.cpp:608]   --->   Operation 123 'specloopname' 'specloopname_ln544' <Predicate = true> <Delay = 0.00>
ST_27 : Operation 124 [1/1] (0.00ns)   --->   "%zext_ln478 = zext i6 %tmp_2" [../src/msm.cpp:478->../src/msm.cpp:553->../src/msm.cpp:608]   --->   Operation 124 'zext' 'zext_ln478' <Predicate = true> <Delay = 0.00>
ST_27 : Operation 125 [1/1] ( I:1.46ns O:1.46ns )   --->   "%write_ln479 = write void @_ssdm_op_Write.ap_fifo.volatile.i32P0A, i32 %scalar_partition_stream, i32 %zext_ln478" [../src/msm.cpp:479->../src/msm.cpp:553->../src/msm.cpp:608]   --->   Operation 125 'write' 'write_ln479' <Predicate = true> <Delay = 1.46> <CoreInst = "FIFO">   --->   Core 77 'FIFO' <Latency = 0> <II = 1> <Delay = 1.63> <Storage> <Opcode : 'read' 'write' 'nbread' 'nbwrite'> <Ports = 0> <Width = -1> <Depth = -1> <FIFO>
ST_27 : Operation 126 [1/1] (0.00ns)   --->   "%br_ln544 = br void %while.cond.i" [../src/msm.cpp:544->../src/msm.cpp:608]   --->   Operation 126 'br' 'br_ln544' <Predicate = true> <Delay = 0.00>


============================================================
+ Verbose Summary: Binding
============================================================
STG Binding: 
---------------- STG Properties BEGIN ----------------
- Is combinational: 0
- Is one-state seq: 0
- Is datapath-only: 0
- Is pipelined: 0
- Is top level: 0
Port [ Return ] is wired: 1; IO mode=ap_ctrl_hs:ce=0
Port [ x_stream]:  wired=1; compound=1; hidden=0; nouse=0; global=0; static=0; extern=0; dir=0; type=3; pingpong=0; private_global=0; IO mode=ap_fifo:ce=0
Port [ y_stream]:  wired=1; compound=1; hidden=0; nouse=0; global=0; static=0; extern=0; dir=0; type=3; pingpong=0; private_global=0; IO mode=ap_fifo:ce=0
Port [ z_stream]:  wired=1; compound=1; hidden=0; nouse=0; global=0; static=0; extern=0; dir=0; type=3; pingpong=0; private_global=0; IO mode=ap_fifo:ce=0
Port [ t_stream]:  wired=1; compound=1; hidden=0; nouse=0; global=0; static=0; extern=0; dir=0; type=3; pingpong=0; private_global=0; IO mode=ap_fifo:ce=0
Port [ scalar_stream]:  wired=1; compound=1; hidden=0; nouse=0; global=0; static=0; extern=0; dir=0; type=3; pingpong=0; private_global=0; IO mode=ap_fifo:ce=0
---------------- STG Properties END ------------------

---------------- Datapath Model BEGIN ----------------

<LifeTime>
<method=bitvector/>
specinterface_ln0       (specinterface    ) [ 0000000000000000000000000000]
specinterface_ln0       (specinterface    ) [ 0000000000000000000000000000]
specinterface_ln0       (specinterface    ) [ 0000000000000000000000000000]
specinterface_ln0       (specinterface    ) [ 0000000000000000000000000000]
specinterface_ln0       (specinterface    ) [ 0000000000000000000000000000]
scalar_partition_stream (alloca           ) [ 0111111111111111111111111111]
specinterface_ln0       (specinterface    ) [ 0000000000000000000000000000]
br_ln544                (br               ) [ 0000000000000000000000000000]
tmp                     (nbreadreq        ) [ 0111111111111111111111111110]
br_ln544                (br               ) [ 0000000000000000000000000000]
p_0                     (read             ) [ 0000000000000000000000000000]
p_030                   (read             ) [ 0000000000000000000000000000]
p_029                   (read             ) [ 0000000000000000000000000000]
p_028                   (read             ) [ 0000000000000000000000000000]
scalar                  (read             ) [ 0000000000000000000000000000]
scalar_partition        (trunc            ) [ 0000000000000000000000000000]
zext_ln475              (zext             ) [ 0000000000000000000000000000]
write_ln479             (write            ) [ 0000000000000000000000000000]
scalar_partition_1      (partselect       ) [ 0001000000000000000000000000]
scalar_partition_2      (partselect       ) [ 0001100000000000000000000000]
scalar_partition_3      (partselect       ) [ 0001110000000000000000000000]
scalar_partition_4      (partselect       ) [ 0001111000000000000000000000]
scalar_partition_5      (partselect       ) [ 0001111100000000000000000000]
scalar_partition_6      (partselect       ) [ 0001111110000000000000000000]
scalar_partition_7      (partselect       ) [ 0001111111000000000000000000]
scalar_partition_8      (partselect       ) [ 0001111111100000000000000000]
scalar_partition_9      (partselect       ) [ 0001111111110000000000000000]
scalar_partition_10     (partselect       ) [ 0001111111111000000000000000]
scalar_partition_11     (partselect       ) [ 0001111111111100000000000000]
scalar_partition_12     (partselect       ) [ 0001111111111110000000000000]
scalar_partition_13     (partselect       ) [ 0001111111111111000000000000]
scalar_partition_14     (partselect       ) [ 0001111111111111100000000000]
scalar_partition_15     (partselect       ) [ 0001111111111111110000000000]
scalar_partition_16     (partselect       ) [ 0001111111111111111000000000]
scalar_partition_17     (partselect       ) [ 0001111111111111111100000000]
scalar_partition_18     (partselect       ) [ 0001111111111111111110000000]
scalar_partition_19     (partselect       ) [ 0001111111111111111111000000]
scalar_partition_20     (partselect       ) [ 0001111111111111111111100000]
scalar_partition_21     (partselect       ) [ 0001111111111111111111110000]
scalar_partition_22     (partselect       ) [ 0001111111111111111111111000]
scalar_partition_23     (partselect       ) [ 0001111111111111111111111100]
scalar_partition_24     (partselect       ) [ 0001111111111111111111111110]
tmp_2                   (partselect       ) [ 0101111111111111111111111111]
zext_ln475_1            (zext             ) [ 0000000000000000000000000000]
write_ln479             (write            ) [ 0000000000000000000000000000]
zext_ln475_2            (zext             ) [ 0000000000000000000000000000]
write_ln479             (write            ) [ 0000000000000000000000000000]
zext_ln475_3            (zext             ) [ 0000000000000000000000000000]
write_ln479             (write            ) [ 0000000000000000000000000000]
zext_ln475_4            (zext             ) [ 0000000000000000000000000000]
write_ln479             (write            ) [ 0000000000000000000000000000]
zext_ln475_5            (zext             ) [ 0000000000000000000000000000]
write_ln479             (write            ) [ 0000000000000000000000000000]
zext_ln475_6            (zext             ) [ 0000000000000000000000000000]
write_ln479             (write            ) [ 0000000000000000000000000000]
zext_ln475_7            (zext             ) [ 0000000000000000000000000000]
write_ln479             (write            ) [ 0000000000000000000000000000]
zext_ln475_8            (zext             ) [ 0000000000000000000000000000]
write_ln479             (write            ) [ 0000000000000000000000000000]
zext_ln475_9            (zext             ) [ 0000000000000000000000000000]
write_ln479             (write            ) [ 0000000000000000000000000000]
zext_ln475_10           (zext             ) [ 0000000000000000000000000000]
write_ln479             (write            ) [ 0000000000000000000000000000]
zext_ln475_11           (zext             ) [ 0000000000000000000000000000]
write_ln479             (write            ) [ 0000000000000000000000000000]
zext_ln475_12           (zext             ) [ 0000000000000000000000000000]
write_ln479             (write            ) [ 0000000000000000000000000000]
zext_ln475_13           (zext             ) [ 0000000000000000000000000000]
write_ln479             (write            ) [ 0000000000000000000000000000]
zext_ln475_14           (zext             ) [ 0000000000000000000000000000]
write_ln479             (write            ) [ 0000000000000000000000000000]
zext_ln475_15           (zext             ) [ 0000000000000000000000000000]
write_ln479             (write            ) [ 0000000000000000000000000000]
zext_ln475_16           (zext             ) [ 0000000000000000000000000000]
write_ln479             (write            ) [ 0000000000000000000000000000]
zext_ln475_17           (zext             ) [ 0000000000000000000000000000]
write_ln479             (write            ) [ 0000000000000000000000000000]
zext_ln475_18           (zext             ) [ 0000000000000000000000000000]
write_ln479             (write            ) [ 0000000000000000000000000000]
zext_ln475_19           (zext             ) [ 0000000000000000000000000000]
write_ln479             (write            ) [ 0000000000000000000000000000]
zext_ln475_20           (zext             ) [ 0000000000000000000000000000]
write_ln479             (write            ) [ 0000000000000000000000000000]
zext_ln475_21           (zext             ) [ 0000000000000000000000000000]
write_ln479             (write            ) [ 0000000000000000000000000000]
zext_ln475_22           (zext             ) [ 0000000000000000000000000000]
write_ln479             (write            ) [ 0000000000000000000000000000]
zext_ln475_23           (zext             ) [ 0000000000000000000000000000]
write_ln479             (write            ) [ 0000000000000000000000000000]
zext_ln475_24           (zext             ) [ 0000000000000000000000000000]
write_ln479             (write            ) [ 0000000000000000000000000000]
specpipeline_ln547      (specpipeline     ) [ 0000000000000000000000000000]
speclooptripcount_ln546 (speclooptripcount) [ 0000000000000000000000000000]
specloopname_ln544      (specloopname     ) [ 0000000000000000000000000000]
zext_ln478              (zext             ) [ 0000000000000000000000000000]
write_ln479             (write            ) [ 0000000000000000000000000000]
br_ln544                (br               ) [ 0000000000000000000000000000]
ret_ln0                 (ret              ) [ 0000000000000000000000000000]
</LifeTime>

<model>

<comp_list>
<comp id="0" class="1000" name="x_stream">
<pin_list>
<pin id="1" dir="1" index="0" bw="1" slack="0"/>
</pin_list>
<bind>
<StgValue><ssdm name="x_stream"/></StgValue>
</bind>
</comp>

<comp id="2" class="1000" name="y_stream">
<pin_list>
<pin id="3" dir="1" index="0" bw="1" slack="0"/>
</pin_list>
<bind>
<StgValue><ssdm name="y_stream"/></StgValue>
</bind>
</comp>

<comp id="4" class="1000" name="z_stream">
<pin_list>
<pin id="5" dir="1" index="0" bw="1" slack="0"/>
</pin_list>
<bind>
<StgValue><ssdm name="z_stream"/></StgValue>
</bind>
</comp>

<comp id="6" class="1000" name="t_stream">
<pin_list>
<pin id="7" dir="1" index="0" bw="1" slack="0"/>
</pin_list>
<bind>
<StgValue><ssdm name="t_stream"/></StgValue>
</bind>
</comp>

<comp id="8" class="1000" name="scalar_stream">
<pin_list>
<pin id="9" dir="1" index="0" bw="1" slack="0"/>
</pin_list>
<bind>
<StgValue><ssdm name="scalar_stream"/></StgValue>
</bind>
</comp>

<comp id="10" class="1001" name="const_10">
<pin_list>
<pin id="11" dir="1" index="0" bw="1" slack="2147483647"/>
</pin_list>
<bind>
<StgValue><ssdm name="_ssdm_op_SpecInterface"/></StgValue>
</bind>
</comp>

<comp id="12" class="1001" name="const_12">
<pin_list>
<pin id="13" dir="1" index="0" bw="1" slack="2147483647"/>
</pin_list>
<bind>
<StgValue><ssdm name="empty_0"/></StgValue>
</bind>
</comp>

<comp id="14" class="1001" name="const_14">
<pin_list>
<pin id="15" dir="1" index="0" bw="1" slack="2147483647"/>
</pin_list>
<bind>
<StgValue><ssdm name=""/></StgValue>
</bind>
</comp>

<comp id="16" class="1001" name="const_16">
<pin_list>
<pin id="17" dir="1" index="0" bw="1" slack="2147483647"/>
</pin_list>
<bind>
<StgValue><ssdm name="empty"/></StgValue>
</bind>
</comp>

<comp id="18" class="1001" name="const_18">
<pin_list>
<pin id="19" dir="1" index="0" bw="1" slack="2147483647"/>
</pin_list>
<bind>
<StgValue><ssdm name=""/></StgValue>
</bind>
</comp>

<comp id="20" class="1001" name="const_20">
<pin_list>
<pin id="21" dir="1" index="0" bw="1" slack="0"/>
</pin_list>
<bind>
<StgValue><ssdm name=""/></StgValue>
</bind>
</comp>

<comp id="22" class="1001" name="const_22">
<pin_list>
<pin id="23" dir="1" index="0" bw="1" slack="0"/>
</pin_list>
<bind>
<StgValue><ssdm name="_ssdm_op_NbReadReq.ap_fifo.i256P0A"/></StgValue>
</bind>
</comp>

<comp id="24" class="1001" name="const_24">
<pin_list>
<pin id="25" dir="1" index="0" bw="1" slack="0"/>
</pin_list>
<bind>
<StgValue><ssdm name=""/></StgValue>
</bind>
</comp>

<comp id="26" class="1001" name="const_26">
<pin_list>
<pin id="27" dir="1" index="0" bw="1" slack="0"/>
</pin_list>
<bind>
<StgValue><ssdm name="_ssdm_op_Read.ap_fifo.volatile.i256P0A"/></StgValue>
</bind>
</comp>

<comp id="28" class="1001" name="const_28">
<pin_list>
<pin id="29" dir="1" index="0" bw="1" slack="0"/>
</pin_list>
<bind>
<StgValue><ssdm name="_ssdm_op_Write.ap_fifo.volatile.i32P0A"/></StgValue>
</bind>
</comp>

<comp id="30" class="1001" name="const_30">
<pin_list>
<pin id="31" dir="1" index="0" bw="1" slack="0"/>
</pin_list>
<bind>
<StgValue><ssdm name="_ssdm_op_PartSelect.i10.i256.i32.i32"/></StgValue>
</bind>
</comp>

<comp id="32" class="1001" name="const_32">
<pin_list>
<pin id="33" dir="1" index="0" bw="1" slack="0"/>
</pin_list>
<bind>
<StgValue><ssdm name=""/></StgValue>
</bind>
</comp>

<comp id="34" class="1001" name="const_34">
<pin_list>
<pin id="35" dir="1" index="0" bw="1" slack="0"/>
</pin_list>
<bind>
<StgValue><ssdm name=""/></StgValue>
</bind>
</comp>

<comp id="36" class="1001" name="const_36">
<pin_list>
<pin id="37" dir="1" index="0" bw="1" slack="0"/>
</pin_list>
<bind>
<StgValue><ssdm name=""/></StgValue>
</bind>
</comp>

<comp id="38" class="1001" name="const_38">
<pin_list>
<pin id="39" dir="1" index="0" bw="1" slack="0"/>
</pin_list>
<bind>
<StgValue><ssdm name=""/></StgValue>
</bind>
</comp>

<comp id="40" class="1001" name="const_40">
<pin_list>
<pin id="41" dir="1" index="0" bw="1" slack="0"/>
</pin_list>
<bind>
<StgValue><ssdm name=""/></StgValue>
</bind>
</comp>

<comp id="42" class="1001" name="const_42">
<pin_list>
<pin id="43" dir="1" index="0" bw="1" slack="0"/>
</pin_list>
<bind>
<StgValue><ssdm name=""/></StgValue>
</bind>
</comp>

<comp id="44" class="1001" name="const_44">
<pin_list>
<pin id="45" dir="1" index="0" bw="1" slack="0"/>
</pin_list>
<bind>
<StgValue><ssdm name=""/></StgValue>
</bind>
</comp>

<comp id="46" class="1001" name="const_46">
<pin_list>
<pin id="47" dir="1" index="0" bw="1" slack="0"/>
</pin_list>
<bind>
<StgValue><ssdm name=""/></StgValue>
</bind>
</comp>

<comp id="48" class="1001" name="const_48">
<pin_list>
<pin id="49" dir="1" index="0" bw="1" slack="0"/>
</pin_list>
<bind>
<StgValue><ssdm name=""/></StgValue>
</bind>
</comp>

<comp id="50" class="1001" name="const_50">
<pin_list>
<pin id="51" dir="1" index="0" bw="1" slack="0"/>
</pin_list>
<bind>
<StgValue><ssdm name=""/></StgValue>
</bind>
</comp>

<comp id="52" class="1001" name="const_52">
<pin_list>
<pin id="53" dir="1" index="0" bw="1" slack="0"/>
</pin_list>
<bind>
<StgValue><ssdm name=""/></StgValue>
</bind>
</comp>

<comp id="54" class="1001" name="const_54">
<pin_list>
<pin id="55" dir="1" index="0" bw="1" slack="0"/>
</pin_list>
<bind>
<StgValue><ssdm name=""/></StgValue>
</bind>
</comp>

<comp id="56" class="1001" name="const_56">
<pin_list>
<pin id="57" dir="1" index="0" bw="1" slack="0"/>
</pin_list>
<bind>
<StgValue><ssdm name=""/></StgValue>
</bind>
</comp>

<comp id="58" class="1001" name="const_58">
<pin_list>
<pin id="59" dir="1" index="0" bw="1" slack="0"/>
</pin_list>
<bind>
<StgValue><ssdm name=""/></StgValue>
</bind>
</comp>

<comp id="60" class="1001" name="const_60">
<pin_list>
<pin id="61" dir="1" index="0" bw="1" slack="0"/>
</pin_list>
<bind>
<StgValue><ssdm name=""/></StgValue>
</bind>
</comp>

<comp id="62" class="1001" name="const_62">
<pin_list>
<pin id="63" dir="1" index="0" bw="1" slack="0"/>
</pin_list>
<bind>
<StgValue><ssdm name=""/></StgValue>
</bind>
</comp>

<comp id="64" class="1001" name="const_64">
<pin_list>
<pin id="65" dir="1" index="0" bw="1" slack="0"/>
</pin_list>
<bind>
<StgValue><ssdm name=""/></StgValue>
</bind>
</comp>

<comp id="66" class="1001" name="const_66">
<pin_list>
<pin id="67" dir="1" index="0" bw="1" slack="0"/>
</pin_list>
<bind>
<StgValue><ssdm name=""/></StgValue>
</bind>
</comp>

<comp id="68" class="1001" name="const_68">
<pin_list>
<pin id="69" dir="1" index="0" bw="1" slack="0"/>
</pin_list>
<bind>
<StgValue><ssdm name=""/></StgValue>
</bind>
</comp>

<comp id="70" class="1001" name="const_70">
<pin_list>
<pin id="71" dir="1" index="0" bw="1" slack="0"/>
</pin_list>
<bind>
<StgValue><ssdm name=""/></StgValue>
</bind>
</comp>

<comp id="72" class="1001" name="const_72">
<pin_list>
<pin id="73" dir="1" index="0" bw="1" slack="0"/>
</pin_list>
<bind>
<StgValue><ssdm name=""/></StgValue>
</bind>
</comp>

<comp id="74" class="1001" name="const_74">
<pin_list>
<pin id="75" dir="1" index="0" bw="1" slack="0"/>
</pin_list>
<bind>
<StgValue><ssdm name=""/></StgValue>
</bind>
</comp>

<comp id="76" class="1001" name="const_76">
<pin_list>
<pin id="77" dir="1" index="0" bw="1" slack="0"/>
</pin_list>
<bind>
<StgValue><ssdm name=""/></StgValue>
</bind>
</comp>

<comp id="78" class="1001" name="const_78">
<pin_list>
<pin id="79" dir="1" index="0" bw="1" slack="0"/>
</pin_list>
<bind>
<StgValue><ssdm name=""/></StgValue>
</bind>
</comp>

<comp id="80" class="1001" name="const_80">
<pin_list>
<pin id="81" dir="1" index="0" bw="1" slack="0"/>
</pin_list>
<bind>
<StgValue><ssdm name=""/></StgValue>
</bind>
</comp>

<comp id="82" class="1001" name="const_82">
<pin_list>
<pin id="83" dir="1" index="0" bw="1" slack="0"/>
</pin_list>
<bind>
<StgValue><ssdm name=""/></StgValue>
</bind>
</comp>

<comp id="84" class="1001" name="const_84">
<pin_list>
<pin id="85" dir="1" index="0" bw="1" slack="0"/>
</pin_list>
<bind>
<StgValue><ssdm name=""/></StgValue>
</bind>
</comp>

<comp id="86" class="1001" name="const_86">
<pin_list>
<pin id="87" dir="1" index="0" bw="1" slack="0"/>
</pin_list>
<bind>
<StgValue><ssdm name=""/></StgValue>
</bind>
</comp>

<comp id="88" class="1001" name="const_88">
<pin_list>
<pin id="89" dir="1" index="0" bw="1" slack="0"/>
</pin_list>
<bind>
<StgValue><ssdm name=""/></StgValue>
</bind>
</comp>

<comp id="90" class="1001" name="const_90">
<pin_list>
<pin id="91" dir="1" index="0" bw="1" slack="0"/>
</pin_list>
<bind>
<StgValue><ssdm name=""/></StgValue>
</bind>
</comp>

<comp id="92" class="1001" name="const_92">
<pin_list>
<pin id="93" dir="1" index="0" bw="1" slack="0"/>
</pin_list>
<bind>
<StgValue><ssdm name=""/></StgValue>
</bind>
</comp>

<comp id="94" class="1001" name="const_94">
<pin_list>
<pin id="95" dir="1" index="0" bw="1" slack="0"/>
</pin_list>
<bind>
<StgValue><ssdm name=""/></StgValue>
</bind>
</comp>

<comp id="96" class="1001" name="const_96">
<pin_list>
<pin id="97" dir="1" index="0" bw="1" slack="0"/>
</pin_list>
<bind>
<StgValue><ssdm name=""/></StgValue>
</bind>
</comp>

<comp id="98" class="1001" name="const_98">
<pin_list>
<pin id="99" dir="1" index="0" bw="1" slack="0"/>
</pin_list>
<bind>
<StgValue><ssdm name=""/></StgValue>
</bind>
</comp>

<comp id="100" class="1001" name="const_100">
<pin_list>
<pin id="101" dir="1" index="0" bw="1" slack="0"/>
</pin_list>
<bind>
<StgValue><ssdm name=""/></StgValue>
</bind>
</comp>

<comp id="102" class="1001" name="const_102">
<pin_list>
<pin id="103" dir="1" index="0" bw="1" slack="0"/>
</pin_list>
<bind>
<StgValue><ssdm name=""/></StgValue>
</bind>
</comp>

<comp id="104" class="1001" name="const_104">
<pin_list>
<pin id="105" dir="1" index="0" bw="1" slack="0"/>
</pin_list>
<bind>
<StgValue><ssdm name=""/></StgValue>
</bind>
</comp>

<comp id="106" class="1001" name="const_106">
<pin_list>
<pin id="107" dir="1" index="0" bw="1" slack="0"/>
</pin_list>
<bind>
<StgValue><ssdm name=""/></StgValue>
</bind>
</comp>

<comp id="108" class="1001" name="const_108">
<pin_list>
<pin id="109" dir="1" index="0" bw="1" slack="0"/>
</pin_list>
<bind>
<StgValue><ssdm name=""/></StgValue>
</bind>
</comp>

<comp id="110" class="1001" name="const_110">
<pin_list>
<pin id="111" dir="1" index="0" bw="1" slack="0"/>
</pin_list>
<bind>
<StgValue><ssdm name=""/></StgValue>
</bind>
</comp>

<comp id="112" class="1001" name="const_112">
<pin_list>
<pin id="113" dir="1" index="0" bw="1" slack="0"/>
</pin_list>
<bind>
<StgValue><ssdm name=""/></StgValue>
</bind>
</comp>

<comp id="114" class="1001" name="const_114">
<pin_list>
<pin id="115" dir="1" index="0" bw="1" slack="0"/>
</pin_list>
<bind>
<StgValue><ssdm name=""/></StgValue>
</bind>
</comp>

<comp id="116" class="1001" name="const_116">
<pin_list>
<pin id="117" dir="1" index="0" bw="1" slack="0"/>
</pin_list>
<bind>
<StgValue><ssdm name=""/></StgValue>
</bind>
</comp>

<comp id="118" class="1001" name="const_118">
<pin_list>
<pin id="119" dir="1" index="0" bw="1" slack="0"/>
</pin_list>
<bind>
<StgValue><ssdm name=""/></StgValue>
</bind>
</comp>

<comp id="120" class="1001" name="const_120">
<pin_list>
<pin id="121" dir="1" index="0" bw="1" slack="0"/>
</pin_list>
<bind>
<StgValue><ssdm name=""/></StgValue>
</bind>
</comp>

<comp id="122" class="1001" name="const_122">
<pin_list>
<pin id="123" dir="1" index="0" bw="1" slack="0"/>
</pin_list>
<bind>
<StgValue><ssdm name=""/></StgValue>
</bind>
</comp>

<comp id="124" class="1001" name="const_124">
<pin_list>
<pin id="125" dir="1" index="0" bw="1" slack="0"/>
</pin_list>
<bind>
<StgValue><ssdm name=""/></StgValue>
</bind>
</comp>

<comp id="126" class="1001" name="const_126">
<pin_list>
<pin id="127" dir="1" index="0" bw="1" slack="0"/>
</pin_list>
<bind>
<StgValue><ssdm name=""/></StgValue>
</bind>
</comp>

<comp id="128" class="1001" name="const_128">
<pin_list>
<pin id="129" dir="1" index="0" bw="1" slack="0"/>
</pin_list>
<bind>
<StgValue><ssdm name="_ssdm_op_PartSelect.i6.i256.i32.i32"/></StgValue>
</bind>
</comp>

<comp id="130" class="1001" name="const_130">
<pin_list>
<pin id="131" dir="1" index="0" bw="1" slack="0"/>
</pin_list>
<bind>
<StgValue><ssdm name=""/></StgValue>
</bind>
</comp>

<comp id="132" class="1001" name="const_132">
<pin_list>
<pin id="133" dir="1" index="0" bw="1" slack="0"/>
</pin_list>
<bind>
<StgValue><ssdm name=""/></StgValue>
</bind>
</comp>

<comp id="134" class="1001" name="const_134">
<pin_list>
<pin id="135" dir="1" index="0" bw="1" slack="2147483647"/>
</pin_list>
<bind>
<StgValue><ssdm name="_ssdm_op_SpecPipeline"/></StgValue>
</bind>
</comp>

<comp id="136" class="1001" name="const_136">
<pin_list>
<pin id="137" dir="1" index="0" bw="1" slack="2147483647"/>
</pin_list>
<bind>
<StgValue><ssdm name="_ssdm_op_SpecLoopTripCount"/></StgValue>
</bind>
</comp>

<comp id="138" class="1001" name="const_138">
<pin_list>
<pin id="139" dir="1" index="0" bw="1" slack="2147483647"/>
</pin_list>
<bind>
<StgValue><ssdm name=""/></StgValue>
</bind>
</comp>

<comp id="140" class="1001" name="const_140">
<pin_list>
<pin id="141" dir="1" index="0" bw="1" slack="2147483647"/>
</pin_list>
<bind>
<StgValue><ssdm name=""/></StgValue>
</bind>
</comp>

<comp id="142" class="1001" name="const_142">
<pin_list>
<pin id="143" dir="1" index="0" bw="1" slack="2147483647"/>
</pin_list>
<bind>
<StgValue><ssdm name="_ssdm_op_SpecLoopName"/></StgValue>
</bind>
</comp>

<comp id="144" class="1001" name="const_144">
<pin_list>
<pin id="145" dir="1" index="0" bw="1" slack="2147483647"/>
</pin_list>
<bind>
<StgValue><ssdm name="empty_2"/></StgValue>
</bind>
</comp>

<comp id="146" class="1004" name="scalar_partition_stream_fu_146">
<pin_list>
<pin id="147" dir="0" index="0" bw="1" slack="0"/>
<pin id="148" dir="1" index="1" bw="32" slack="0"/>
</pin_list>
<bind>
<opcode="alloca(26) " fcode="alloca"/>
<opset="scalar_partition_stream/1 "/>
</bind>
</comp>

<comp id="150" class="1004" name="tmp_nbreadreq_fu_150">
<pin_list>
<pin id="151" dir="0" index="0" bw="1" slack="0"/>
<pin id="152" dir="0" index="1" bw="256" slack="0"/>
<pin id="153" dir="0" index="2" bw="1" slack="0"/>
<pin id="154" dir="1" index="3" bw="1" slack="1"/>
</pin_list>
<bind>
<opcode="nbreadreq(1156) " fcode="nbreadreq"/>
<opset="tmp/1 "/>
</bind>
</comp>

<comp id="158" class="1004" name="p_0_read_fu_158">
<pin_list>
<pin id="159" dir="0" index="0" bw="256" slack="0"/>
<pin id="160" dir="0" index="1" bw="256" slack="0"/>
<pin id="161" dir="1" index="2" bw="256" slack="2147483647"/>
</pin_list>
<bind>
<opcode="read(1150) " fcode="read"/>
<opset="p_0/2 "/>
</bind>
</comp>

<comp id="164" class="1004" name="p_030_read_fu_164">
<pin_list>
<pin id="165" dir="0" index="0" bw="256" slack="0"/>
<pin id="166" dir="0" index="1" bw="256" slack="0"/>
<pin id="167" dir="1" index="2" bw="256" slack="2147483647"/>
</pin_list>
<bind>
<opcode="read(1150) " fcode="read"/>
<opset="p_030/2 "/>
</bind>
</comp>

<comp id="170" class="1004" name="p_029_read_fu_170">
<pin_list>
<pin id="171" dir="0" index="0" bw="256" slack="0"/>
<pin id="172" dir="0" index="1" bw="256" slack="0"/>
<pin id="173" dir="1" index="2" bw="256" slack="2147483647"/>
</pin_list>
<bind>
<opcode="read(1150) " fcode="read"/>
<opset="p_029/2 "/>
</bind>
</comp>

<comp id="176" class="1004" name="p_028_read_fu_176">
<pin_list>
<pin id="177" dir="0" index="0" bw="256" slack="0"/>
<pin id="178" dir="0" index="1" bw="256" slack="0"/>
<pin id="179" dir="1" index="2" bw="256" slack="2147483647"/>
</pin_list>
<bind>
<opcode="read(1150) " fcode="read"/>
<opset="p_028/2 "/>
</bind>
</comp>

<comp id="182" class="1004" name="scalar_read_fu_182">
<pin_list>
<pin id="183" dir="0" index="0" bw="256" slack="0"/>
<pin id="184" dir="0" index="1" bw="256" slack="0"/>
<pin id="185" dir="1" index="2" bw="256" slack="0"/>
</pin_list>
<bind>
<opcode="read(1150) " fcode="read"/>
<opset="scalar/2 "/>
</bind>
</comp>

<comp id="188" class="1004" name="grp_write_fu_188">
<pin_list>
<pin id="189" dir="0" index="0" bw="0" slack="0"/>
<pin id="190" dir="0" index="1" bw="32" slack="1"/>
<pin id="191" dir="0" index="2" bw="10" slack="0"/>
<pin id="192" dir="1" index="3" bw="0" slack="2147483647"/>
</pin_list>
<bind>
<opcode="write(1151) " fcode="write"/>
<opset="write_ln479/2 write_ln479/3 write_ln479/4 write_ln479/5 write_ln479/6 write_ln479/7 write_ln479/8 write_ln479/9 write_ln479/10 write_ln479/11 write_ln479/12 write_ln479/13 write_ln479/14 write_ln479/15 write_ln479/16 write_ln479/17 write_ln479/18 write_ln479/19 write_ln479/20 write_ln479/21 write_ln479/22 write_ln479/23 write_ln479/24 write_ln479/25 write_ln479/26 write_ln479/27 "/>
</bind>
</comp>

<comp id="194" class="1004" name="scalar_partition_fu_194">
<pin_list>
<pin id="195" dir="0" index="0" bw="256" slack="0"/>
<pin id="196" dir="1" index="1" bw="10" slack="0"/>
</pin_list>
<bind>
<opcode="trunc(33) " fcode="trunc"/>
<opset="scalar_partition/2 "/>
</bind>
</comp>

<comp id="198" class="1004" name="zext_ln475_fu_198">
<pin_list>
<pin id="199" dir="0" index="0" bw="10" slack="0"/>
<pin id="200" dir="1" index="1" bw="32" slack="0"/>
</pin_list>
<bind>
<opcode="zext(34) " fcode="zext"/>
<opset="zext_ln475/2 "/>
</bind>
</comp>

<comp id="203" class="1004" name="scalar_partition_1_fu_203">
<pin_list>
<pin id="204" dir="0" index="0" bw="10" slack="0"/>
<pin id="205" dir="0" index="1" bw="256" slack="0"/>
<pin id="206" dir="0" index="2" bw="5" slack="0"/>
<pin id="207" dir="0" index="3" bw="6" slack="0"/>
<pin id="208" dir="1" index="4" bw="10" slack="1"/>
</pin_list>
<bind>
<opcode="partselect(1002) " fcode="partselect"/>
<opset="scalar_partition_1/2 "/>
</bind>
</comp>

<comp id="213" class="1004" name="scalar_partition_2_fu_213">
<pin_list>
<pin id="214" dir="0" index="0" bw="10" slack="0"/>
<pin id="215" dir="0" index="1" bw="256" slack="0"/>
<pin id="216" dir="0" index="2" bw="6" slack="0"/>
<pin id="217" dir="0" index="3" bw="6" slack="0"/>
<pin id="218" dir="1" index="4" bw="10" slack="2"/>
</pin_list>
<bind>
<opcode="partselect(1002) " fcode="partselect"/>
<opset="scalar_partition_2/2 "/>
</bind>
</comp>

<comp id="223" class="1004" name="scalar_partition_3_fu_223">
<pin_list>
<pin id="224" dir="0" index="0" bw="10" slack="0"/>
<pin id="225" dir="0" index="1" bw="256" slack="0"/>
<pin id="226" dir="0" index="2" bw="6" slack="0"/>
<pin id="227" dir="0" index="3" bw="7" slack="0"/>
<pin id="228" dir="1" index="4" bw="10" slack="3"/>
</pin_list>
<bind>
<opcode="partselect(1002) " fcode="partselect"/>
<opset="scalar_partition_3/2 "/>
</bind>
</comp>

<comp id="233" class="1004" name="scalar_partition_4_fu_233">
<pin_list>
<pin id="234" dir="0" index="0" bw="10" slack="0"/>
<pin id="235" dir="0" index="1" bw="256" slack="0"/>
<pin id="236" dir="0" index="2" bw="7" slack="0"/>
<pin id="237" dir="0" index="3" bw="7" slack="0"/>
<pin id="238" dir="1" index="4" bw="10" slack="4"/>
</pin_list>
<bind>
<opcode="partselect(1002) " fcode="partselect"/>
<opset="scalar_partition_4/2 "/>
</bind>
</comp>

<comp id="243" class="1004" name="scalar_partition_5_fu_243">
<pin_list>
<pin id="244" dir="0" index="0" bw="10" slack="0"/>
<pin id="245" dir="0" index="1" bw="256" slack="0"/>
<pin id="246" dir="0" index="2" bw="7" slack="0"/>
<pin id="247" dir="0" index="3" bw="7" slack="0"/>
<pin id="248" dir="1" index="4" bw="10" slack="5"/>
</pin_list>
<bind>
<opcode="partselect(1002) " fcode="partselect"/>
<opset="scalar_partition_5/2 "/>
</bind>
</comp>

<comp id="253" class="1004" name="scalar_partition_6_fu_253">
<pin_list>
<pin id="254" dir="0" index="0" bw="10" slack="0"/>
<pin id="255" dir="0" index="1" bw="256" slack="0"/>
<pin id="256" dir="0" index="2" bw="7" slack="0"/>
<pin id="257" dir="0" index="3" bw="8" slack="0"/>
<pin id="258" dir="1" index="4" bw="10" slack="6"/>
</pin_list>
<bind>
<opcode="partselect(1002) " fcode="partselect"/>
<opset="scalar_partition_6/2 "/>
</bind>
</comp>

<comp id="263" class="1004" name="scalar_partition_7_fu_263">
<pin_list>
<pin id="264" dir="0" index="0" bw="10" slack="0"/>
<pin id="265" dir="0" index="1" bw="256" slack="0"/>
<pin id="266" dir="0" index="2" bw="8" slack="0"/>
<pin id="267" dir="0" index="3" bw="8" slack="0"/>
<pin id="268" dir="1" index="4" bw="10" slack="7"/>
</pin_list>
<bind>
<opcode="partselect(1002) " fcode="partselect"/>
<opset="scalar_partition_7/2 "/>
</bind>
</comp>

<comp id="273" class="1004" name="scalar_partition_8_fu_273">
<pin_list>
<pin id="274" dir="0" index="0" bw="10" slack="0"/>
<pin id="275" dir="0" index="1" bw="256" slack="0"/>
<pin id="276" dir="0" index="2" bw="8" slack="0"/>
<pin id="277" dir="0" index="3" bw="8" slack="0"/>
<pin id="278" dir="1" index="4" bw="10" slack="8"/>
</pin_list>
<bind>
<opcode="partselect(1002) " fcode="partselect"/>
<opset="scalar_partition_8/2 "/>
</bind>
</comp>

<comp id="283" class="1004" name="scalar_partition_9_fu_283">
<pin_list>
<pin id="284" dir="0" index="0" bw="10" slack="0"/>
<pin id="285" dir="0" index="1" bw="256" slack="0"/>
<pin id="286" dir="0" index="2" bw="8" slack="0"/>
<pin id="287" dir="0" index="3" bw="8" slack="0"/>
<pin id="288" dir="1" index="4" bw="10" slack="9"/>
</pin_list>
<bind>
<opcode="partselect(1002) " fcode="partselect"/>
<opset="scalar_partition_9/2 "/>
</bind>
</comp>

<comp id="293" class="1004" name="scalar_partition_10_fu_293">
<pin_list>
<pin id="294" dir="0" index="0" bw="10" slack="0"/>
<pin id="295" dir="0" index="1" bw="256" slack="0"/>
<pin id="296" dir="0" index="2" bw="8" slack="0"/>
<pin id="297" dir="0" index="3" bw="8" slack="0"/>
<pin id="298" dir="1" index="4" bw="10" slack="10"/>
</pin_list>
<bind>
<opcode="partselect(1002) " fcode="partselect"/>
<opset="scalar_partition_10/2 "/>
</bind>
</comp>

<comp id="303" class="1004" name="scalar_partition_11_fu_303">
<pin_list>
<pin id="304" dir="0" index="0" bw="10" slack="0"/>
<pin id="305" dir="0" index="1" bw="256" slack="0"/>
<pin id="306" dir="0" index="2" bw="8" slack="0"/>
<pin id="307" dir="0" index="3" bw="8" slack="0"/>
<pin id="308" dir="1" index="4" bw="10" slack="11"/>
</pin_list>
<bind>
<opcode="partselect(1002) " fcode="partselect"/>
<opset="scalar_partition_11/2 "/>
</bind>
</comp>

<comp id="313" class="1004" name="scalar_partition_12_fu_313">
<pin_list>
<pin id="314" dir="0" index="0" bw="10" slack="0"/>
<pin id="315" dir="0" index="1" bw="256" slack="0"/>
<pin id="316" dir="0" index="2" bw="8" slack="0"/>
<pin id="317" dir="0" index="3" bw="9" slack="0"/>
<pin id="318" dir="1" index="4" bw="10" slack="12"/>
</pin_list>
<bind>
<opcode="partselect(1002) " fcode="partselect"/>
<opset="scalar_partition_12/2 "/>
</bind>
</comp>

<comp id="323" class="1004" name="scalar_partition_13_fu_323">
<pin_list>
<pin id="324" dir="0" index="0" bw="10" slack="0"/>
<pin id="325" dir="0" index="1" bw="256" slack="0"/>
<pin id="326" dir="0" index="2" bw="9" slack="0"/>
<pin id="327" dir="0" index="3" bw="9" slack="0"/>
<pin id="328" dir="1" index="4" bw="10" slack="13"/>
</pin_list>
<bind>
<opcode="partselect(1002) " fcode="partselect"/>
<opset="scalar_partition_13/2 "/>
</bind>
</comp>

<comp id="333" class="1004" name="scalar_partition_14_fu_333">
<pin_list>
<pin id="334" dir="0" index="0" bw="10" slack="0"/>
<pin id="335" dir="0" index="1" bw="256" slack="0"/>
<pin id="336" dir="0" index="2" bw="9" slack="0"/>
<pin id="337" dir="0" index="3" bw="9" slack="0"/>
<pin id="338" dir="1" index="4" bw="10" slack="14"/>
</pin_list>
<bind>
<opcode="partselect(1002) " fcode="partselect"/>
<opset="scalar_partition_14/2 "/>
</bind>
</comp>

<comp id="343" class="1004" name="scalar_partition_15_fu_343">
<pin_list>
<pin id="344" dir="0" index="0" bw="10" slack="0"/>
<pin id="345" dir="0" index="1" bw="256" slack="0"/>
<pin id="346" dir="0" index="2" bw="9" slack="0"/>
<pin id="347" dir="0" index="3" bw="9" slack="0"/>
<pin id="348" dir="1" index="4" bw="10" slack="15"/>
</pin_list>
<bind>
<opcode="partselect(1002) " fcode="partselect"/>
<opset="scalar_partition_15/2 "/>
</bind>
</comp>

<comp id="353" class="1004" name="scalar_partition_16_fu_353">
<pin_list>
<pin id="354" dir="0" index="0" bw="10" slack="0"/>
<pin id="355" dir="0" index="1" bw="256" slack="0"/>
<pin id="356" dir="0" index="2" bw="9" slack="0"/>
<pin id="357" dir="0" index="3" bw="9" slack="0"/>
<pin id="358" dir="1" index="4" bw="10" slack="16"/>
</pin_list>
<bind>
<opcode="partselect(1002) " fcode="partselect"/>
<opset="scalar_partition_16/2 "/>
</bind>
</comp>

<comp id="363" class="1004" name="scalar_partition_17_fu_363">
<pin_list>
<pin id="364" dir="0" index="0" bw="10" slack="0"/>
<pin id="365" dir="0" index="1" bw="256" slack="0"/>
<pin id="366" dir="0" index="2" bw="9" slack="0"/>
<pin id="367" dir="0" index="3" bw="9" slack="0"/>
<pin id="368" dir="1" index="4" bw="10" slack="17"/>
</pin_list>
<bind>
<opcode="partselect(1002) " fcode="partselect"/>
<opset="scalar_partition_17/2 "/>
</bind>
</comp>

<comp id="373" class="1004" name="scalar_partition_18_fu_373">
<pin_list>
<pin id="374" dir="0" index="0" bw="10" slack="0"/>
<pin id="375" dir="0" index="1" bw="256" slack="0"/>
<pin id="376" dir="0" index="2" bw="9" slack="0"/>
<pin id="377" dir="0" index="3" bw="9" slack="0"/>
<pin id="378" dir="1" index="4" bw="10" slack="18"/>
</pin_list>
<bind>
<opcode="partselect(1002) " fcode="partselect"/>
<opset="scalar_partition_18/2 "/>
</bind>
</comp>

<comp id="383" class="1004" name="scalar_partition_19_fu_383">
<pin_list>
<pin id="384" dir="0" index="0" bw="10" slack="0"/>
<pin id="385" dir="0" index="1" bw="256" slack="0"/>
<pin id="386" dir="0" index="2" bw="9" slack="0"/>
<pin id="387" dir="0" index="3" bw="9" slack="0"/>
<pin id="388" dir="1" index="4" bw="10" slack="19"/>
</pin_list>
<bind>
<opcode="partselect(1002) " fcode="partselect"/>
<opset="scalar_partition_19/2 "/>
</bind>
</comp>

<comp id="393" class="1004" name="scalar_partition_20_fu_393">
<pin_list>
<pin id="394" dir="0" index="0" bw="10" slack="0"/>
<pin id="395" dir="0" index="1" bw="256" slack="0"/>
<pin id="396" dir="0" index="2" bw="9" slack="0"/>
<pin id="397" dir="0" index="3" bw="9" slack="0"/>
<pin id="398" dir="1" index="4" bw="10" slack="20"/>
</pin_list>
<bind>
<opcode="partselect(1002) " fcode="partselect"/>
<opset="scalar_partition_20/2 "/>
</bind>
</comp>

<comp id="403" class="1004" name="scalar_partition_21_fu_403">
<pin_list>
<pin id="404" dir="0" index="0" bw="10" slack="0"/>
<pin id="405" dir="0" index="1" bw="256" slack="0"/>
<pin id="406" dir="0" index="2" bw="9" slack="0"/>
<pin id="407" dir="0" index="3" bw="9" slack="0"/>
<pin id="408" dir="1" index="4" bw="10" slack="21"/>
</pin_list>
<bind>
<opcode="partselect(1002) " fcode="partselect"/>
<opset="scalar_partition_21/2 "/>
</bind>
</comp>

<comp id="413" class="1004" name="scalar_partition_22_fu_413">
<pin_list>
<pin id="414" dir="0" index="0" bw="10" slack="0"/>
<pin id="415" dir="0" index="1" bw="256" slack="0"/>
<pin id="416" dir="0" index="2" bw="9" slack="0"/>
<pin id="417" dir="0" index="3" bw="9" slack="0"/>
<pin id="418" dir="1" index="4" bw="10" slack="22"/>
</pin_list>
<bind>
<opcode="partselect(1002) " fcode="partselect"/>
<opset="scalar_partition_22/2 "/>
</bind>
</comp>

<comp id="423" class="1004" name="scalar_partition_23_fu_423">
<pin_list>
<pin id="424" dir="0" index="0" bw="10" slack="0"/>
<pin id="425" dir="0" index="1" bw="256" slack="0"/>
<pin id="426" dir="0" index="2" bw="9" slack="0"/>
<pin id="427" dir="0" index="3" bw="9" slack="0"/>
<pin id="428" dir="1" index="4" bw="10" slack="23"/>
</pin_list>
<bind>
<opcode="partselect(1002) " fcode="partselect"/>
<opset="scalar_partition_23/2 "/>
</bind>
</comp>

<comp id="433" class="1004" name="scalar_partition_24_fu_433">
<pin_list>
<pin id="434" dir="0" index="0" bw="10" slack="0"/>
<pin id="435" dir="0" index="1" bw="256" slack="0"/>
<pin id="436" dir="0" index="2" bw="9" slack="0"/>
<pin id="437" dir="0" index="3" bw="9" slack="0"/>
<pin id="438" dir="1" index="4" bw="10" slack="24"/>
</pin_list>
<bind>
<opcode="partselect(1002) " fcode="partselect"/>
<opset="scalar_partition_24/2 "/>
</bind>
</comp>

<comp id="443" class="1004" name="tmp_2_fu_443">
<pin_list>
<pin id="444" dir="0" index="0" bw="6" slack="0"/>
<pin id="445" dir="0" index="1" bw="256" slack="0"/>
<pin id="446" dir="0" index="2" bw="9" slack="0"/>
<pin id="447" dir="0" index="3" bw="9" slack="0"/>
<pin id="448" dir="1" index="4" bw="6" slack="25"/>
</pin_list>
<bind>
<opcode="partselect(1002) " fcode="partselect"/>
<opset="tmp_2/2 "/>
</bind>
</comp>

<comp id="453" class="1004" name="zext_ln475_1_fu_453">
<pin_list>
<pin id="454" dir="0" index="0" bw="10" slack="1"/>
<pin id="455" dir="1" index="1" bw="32" slack="0"/>
</pin_list>
<bind>
<opcode="zext(34) " fcode="zext"/>
<opset="zext_ln475_1/3 "/>
</bind>
</comp>

<comp id="457" class="1004" name="zext_ln475_2_fu_457">
<pin_list>
<pin id="458" dir="0" index="0" bw="10" slack="2"/>
<pin id="459" dir="1" index="1" bw="32" slack="0"/>
</pin_list>
<bind>
<opcode="zext(34) " fcode="zext"/>
<opset="zext_ln475_2/4 "/>
</bind>
</comp>

<comp id="461" class="1004" name="zext_ln475_3_fu_461">
<pin_list>
<pin id="462" dir="0" index="0" bw="10" slack="3"/>
<pin id="463" dir="1" index="1" bw="32" slack="0"/>
</pin_list>
<bind>
<opcode="zext(34) " fcode="zext"/>
<opset="zext_ln475_3/5 "/>
</bind>
</comp>

<comp id="465" class="1004" name="zext_ln475_4_fu_465">
<pin_list>
<pin id="466" dir="0" index="0" bw="10" slack="4"/>
<pin id="467" dir="1" index="1" bw="32" slack="0"/>
</pin_list>
<bind>
<opcode="zext(34) " fcode="zext"/>
<opset="zext_ln475_4/6 "/>
</bind>
</comp>

<comp id="469" class="1004" name="zext_ln475_5_fu_469">
<pin_list>
<pin id="470" dir="0" index="0" bw="10" slack="5"/>
<pin id="471" dir="1" index="1" bw="32" slack="0"/>
</pin_list>
<bind>
<opcode="zext(34) " fcode="zext"/>
<opset="zext_ln475_5/7 "/>
</bind>
</comp>

<comp id="473" class="1004" name="zext_ln475_6_fu_473">
<pin_list>
<pin id="474" dir="0" index="0" bw="10" slack="6"/>
<pin id="475" dir="1" index="1" bw="32" slack="0"/>
</pin_list>
<bind>
<opcode="zext(34) " fcode="zext"/>
<opset="zext_ln475_6/8 "/>
</bind>
</comp>

<comp id="477" class="1004" name="zext_ln475_7_fu_477">
<pin_list>
<pin id="478" dir="0" index="0" bw="10" slack="7"/>
<pin id="479" dir="1" index="1" bw="32" slack="0"/>
</pin_list>
<bind>
<opcode="zext(34) " fcode="zext"/>
<opset="zext_ln475_7/9 "/>
</bind>
</comp>

<comp id="481" class="1004" name="zext_ln475_8_fu_481">
<pin_list>
<pin id="482" dir="0" index="0" bw="10" slack="8"/>
<pin id="483" dir="1" index="1" bw="32" slack="0"/>
</pin_list>
<bind>
<opcode="zext(34) " fcode="zext"/>
<opset="zext_ln475_8/10 "/>
</bind>
</comp>

<comp id="485" class="1004" name="zext_ln475_9_fu_485">
<pin_list>
<pin id="486" dir="0" index="0" bw="10" slack="9"/>
<pin id="487" dir="1" index="1" bw="32" slack="0"/>
</pin_list>
<bind>
<opcode="zext(34) " fcode="zext"/>
<opset="zext_ln475_9/11 "/>
</bind>
</comp>

<comp id="489" class="1004" name="zext_ln475_10_fu_489">
<pin_list>
<pin id="490" dir="0" index="0" bw="10" slack="10"/>
<pin id="491" dir="1" index="1" bw="32" slack="0"/>
</pin_list>
<bind>
<opcode="zext(34) " fcode="zext"/>
<opset="zext_ln475_10/12 "/>
</bind>
</comp>

<comp id="493" class="1004" name="zext_ln475_11_fu_493">
<pin_list>
<pin id="494" dir="0" index="0" bw="10" slack="11"/>
<pin id="495" dir="1" index="1" bw="32" slack="0"/>
</pin_list>
<bind>
<opcode="zext(34) " fcode="zext"/>
<opset="zext_ln475_11/13 "/>
</bind>
</comp>

<comp id="497" class="1004" name="zext_ln475_12_fu_497">
<pin_list>
<pin id="498" dir="0" index="0" bw="10" slack="12"/>
<pin id="499" dir="1" index="1" bw="32" slack="0"/>
</pin_list>
<bind>
<opcode="zext(34) " fcode="zext"/>
<opset="zext_ln475_12/14 "/>
</bind>
</comp>

<comp id="501" class="1004" name="zext_ln475_13_fu_501">
<pin_list>
<pin id="502" dir="0" index="0" bw="10" slack="13"/>
<pin id="503" dir="1" index="1" bw="32" slack="0"/>
</pin_list>
<bind>
<opcode="zext(34) " fcode="zext"/>
<opset="zext_ln475_13/15 "/>
</bind>
</comp>

<comp id="505" class="1004" name="zext_ln475_14_fu_505">
<pin_list>
<pin id="506" dir="0" index="0" bw="10" slack="14"/>
<pin id="507" dir="1" index="1" bw="32" slack="0"/>
</pin_list>
<bind>
<opcode="zext(34) " fcode="zext"/>
<opset="zext_ln475_14/16 "/>
</bind>
</comp>

<comp id="509" class="1004" name="zext_ln475_15_fu_509">
<pin_list>
<pin id="510" dir="0" index="0" bw="10" slack="15"/>
<pin id="511" dir="1" index="1" bw="32" slack="0"/>
</pin_list>
<bind>
<opcode="zext(34) " fcode="zext"/>
<opset="zext_ln475_15/17 "/>
</bind>
</comp>

<comp id="513" class="1004" name="zext_ln475_16_fu_513">
<pin_list>
<pin id="514" dir="0" index="0" bw="10" slack="16"/>
<pin id="515" dir="1" index="1" bw="32" slack="0"/>
</pin_list>
<bind>
<opcode="zext(34) " fcode="zext"/>
<opset="zext_ln475_16/18 "/>
</bind>
</comp>

<comp id="517" class="1004" name="zext_ln475_17_fu_517">
<pin_list>
<pin id="518" dir="0" index="0" bw="10" slack="17"/>
<pin id="519" dir="1" index="1" bw="32" slack="0"/>
</pin_list>
<bind>
<opcode="zext(34) " fcode="zext"/>
<opset="zext_ln475_17/19 "/>
</bind>
</comp>

<comp id="521" class="1004" name="zext_ln475_18_fu_521">
<pin_list>
<pin id="522" dir="0" index="0" bw="10" slack="18"/>
<pin id="523" dir="1" index="1" bw="32" slack="0"/>
</pin_list>
<bind>
<opcode="zext(34) " fcode="zext"/>
<opset="zext_ln475_18/20 "/>
</bind>
</comp>

<comp id="525" class="1004" name="zext_ln475_19_fu_525">
<pin_list>
<pin id="526" dir="0" index="0" bw="10" slack="19"/>
<pin id="527" dir="1" index="1" bw="32" slack="0"/>
</pin_list>
<bind>
<opcode="zext(34) " fcode="zext"/>
<opset="zext_ln475_19/21 "/>
</bind>
</comp>

<comp id="529" class="1004" name="zext_ln475_20_fu_529">
<pin_list>
<pin id="530" dir="0" index="0" bw="10" slack="20"/>
<pin id="531" dir="1" index="1" bw="32" slack="0"/>
</pin_list>
<bind>
<opcode="zext(34) " fcode="zext"/>
<opset="zext_ln475_20/22 "/>
</bind>
</comp>

<comp id="533" class="1004" name="zext_ln475_21_fu_533">
<pin_list>
<pin id="534" dir="0" index="0" bw="10" slack="21"/>
<pin id="535" dir="1" index="1" bw="32" slack="0"/>
</pin_list>
<bind>
<opcode="zext(34) " fcode="zext"/>
<opset="zext_ln475_21/23 "/>
</bind>
</comp>

<comp id="537" class="1004" name="zext_ln475_22_fu_537">
<pin_list>
<pin id="538" dir="0" index="0" bw="10" slack="22"/>
<pin id="539" dir="1" index="1" bw="32" slack="0"/>
</pin_list>
<bind>
<opcode="zext(34) " fcode="zext"/>
<opset="zext_ln475_22/24 "/>
</bind>
</comp>

<comp id="541" class="1004" name="zext_ln475_23_fu_541">
<pin_list>
<pin id="542" dir="0" index="0" bw="10" slack="23"/>
<pin id="543" dir="1" index="1" bw="32" slack="0"/>
</pin_list>
<bind>
<opcode="zext(34) " fcode="zext"/>
<opset="zext_ln475_23/25 "/>
</bind>
</comp>

<comp id="545" class="1004" name="zext_ln475_24_fu_545">
<pin_list>
<pin id="546" dir="0" index="0" bw="10" slack="24"/>
<pin id="547" dir="1" index="1" bw="32" slack="0"/>
</pin_list>
<bind>
<opcode="zext(34) " fcode="zext"/>
<opset="zext_ln475_24/26 "/>
</bind>
</comp>

<comp id="549" class="1004" name="zext_ln478_fu_549">
<pin_list>
<pin id="550" dir="0" index="0" bw="6" slack="25"/>
<pin id="551" dir="1" index="1" bw="32" slack="0"/>
</pin_list>
<bind>
<opcode="zext(34) " fcode="zext"/>
<opset="zext_ln478/27 "/>
</bind>
</comp>

<comp id="553" class="1005" name="scalar_partition_stream_reg_553">
<pin_list>
<pin id="554" dir="0" index="0" bw="32" slack="0"/>
<pin id="555" dir="1" index="1" bw="32" slack="1"/>
</pin_list>
<bind>
<opset="scalar_partition_stream "/>
</bind>
</comp>

<comp id="558" class="1005" name="tmp_reg_558">
<pin_list>
<pin id="559" dir="0" index="0" bw="1" slack="1"/>
<pin id="560" dir="1" index="1" bw="1" slack="2147483647"/>
</pin_list>
<bind>
<opset="tmp "/>
</bind>
</comp>

<comp id="562" class="1005" name="scalar_partition_1_reg_562">
<pin_list>
<pin id="563" dir="0" index="0" bw="10" slack="1"/>
<pin id="564" dir="1" index="1" bw="10" slack="1"/>
</pin_list>
<bind>
<opset="scalar_partition_1 "/>
</bind>
</comp>

<comp id="567" class="1005" name="scalar_partition_2_reg_567">
<pin_list>
<pin id="568" dir="0" index="0" bw="10" slack="2"/>
<pin id="569" dir="1" index="1" bw="10" slack="2"/>
</pin_list>
<bind>
<opset="scalar_partition_2 "/>
</bind>
</comp>

<comp id="572" class="1005" name="scalar_partition_3_reg_572">
<pin_list>
<pin id="573" dir="0" index="0" bw="10" slack="3"/>
<pin id="574" dir="1" index="1" bw="10" slack="3"/>
</pin_list>
<bind>
<opset="scalar_partition_3 "/>
</bind>
</comp>

<comp id="577" class="1005" name="scalar_partition_4_reg_577">
<pin_list>
<pin id="578" dir="0" index="0" bw="10" slack="4"/>
<pin id="579" dir="1" index="1" bw="10" slack="4"/>
</pin_list>
<bind>
<opset="scalar_partition_4 "/>
</bind>
</comp>

<comp id="582" class="1005" name="scalar_partition_5_reg_582">
<pin_list>
<pin id="583" dir="0" index="0" bw="10" slack="5"/>
<pin id="584" dir="1" index="1" bw="10" slack="5"/>
</pin_list>
<bind>
<opset="scalar_partition_5 "/>
</bind>
</comp>

<comp id="587" class="1005" name="scalar_partition_6_reg_587">
<pin_list>
<pin id="588" dir="0" index="0" bw="10" slack="6"/>
<pin id="589" dir="1" index="1" bw="10" slack="6"/>
</pin_list>
<bind>
<opset="scalar_partition_6 "/>
</bind>
</comp>

<comp id="592" class="1005" name="scalar_partition_7_reg_592">
<pin_list>
<pin id="593" dir="0" index="0" bw="10" slack="7"/>
<pin id="594" dir="1" index="1" bw="10" slack="7"/>
</pin_list>
<bind>
<opset="scalar_partition_7 "/>
</bind>
</comp>

<comp id="597" class="1005" name="scalar_partition_8_reg_597">
<pin_list>
<pin id="598" dir="0" index="0" bw="10" slack="8"/>
<pin id="599" dir="1" index="1" bw="10" slack="8"/>
</pin_list>
<bind>
<opset="scalar_partition_8 "/>
</bind>
</comp>

<comp id="602" class="1005" name="scalar_partition_9_reg_602">
<pin_list>
<pin id="603" dir="0" index="0" bw="10" slack="9"/>
<pin id="604" dir="1" index="1" bw="10" slack="9"/>
</pin_list>
<bind>
<opset="scalar_partition_9 "/>
</bind>
</comp>

<comp id="607" class="1005" name="scalar_partition_10_reg_607">
<pin_list>
<pin id="608" dir="0" index="0" bw="10" slack="10"/>
<pin id="609" dir="1" index="1" bw="10" slack="10"/>
</pin_list>
<bind>
<opset="scalar_partition_10 "/>
</bind>
</comp>

<comp id="612" class="1005" name="scalar_partition_11_reg_612">
<pin_list>
<pin id="613" dir="0" index="0" bw="10" slack="11"/>
<pin id="614" dir="1" index="1" bw="10" slack="11"/>
</pin_list>
<bind>
<opset="scalar_partition_11 "/>
</bind>
</comp>

<comp id="617" class="1005" name="scalar_partition_12_reg_617">
<pin_list>
<pin id="618" dir="0" index="0" bw="10" slack="12"/>
<pin id="619" dir="1" index="1" bw="10" slack="12"/>
</pin_list>
<bind>
<opset="scalar_partition_12 "/>
</bind>
</comp>

<comp id="622" class="1005" name="scalar_partition_13_reg_622">
<pin_list>
<pin id="623" dir="0" index="0" bw="10" slack="13"/>
<pin id="624" dir="1" index="1" bw="10" slack="13"/>
</pin_list>
<bind>
<opset="scalar_partition_13 "/>
</bind>
</comp>

<comp id="627" class="1005" name="scalar_partition_14_reg_627">
<pin_list>
<pin id="628" dir="0" index="0" bw="10" slack="14"/>
<pin id="629" dir="1" index="1" bw="10" slack="14"/>
</pin_list>
<bind>
<opset="scalar_partition_14 "/>
</bind>
</comp>

<comp id="632" class="1005" name="scalar_partition_15_reg_632">
<pin_list>
<pin id="633" dir="0" index="0" bw="10" slack="15"/>
<pin id="634" dir="1" index="1" bw="10" slack="15"/>
</pin_list>
<bind>
<opset="scalar_partition_15 "/>
</bind>
</comp>

<comp id="637" class="1005" name="scalar_partition_16_reg_637">
<pin_list>
<pin id="638" dir="0" index="0" bw="10" slack="16"/>
<pin id="639" dir="1" index="1" bw="10" slack="16"/>
</pin_list>
<bind>
<opset="scalar_partition_16 "/>
</bind>
</comp>

<comp id="642" class="1005" name="scalar_partition_17_reg_642">
<pin_list>
<pin id="643" dir="0" index="0" bw="10" slack="17"/>
<pin id="644" dir="1" index="1" bw="10" slack="17"/>
</pin_list>
<bind>
<opset="scalar_partition_17 "/>
</bind>
</comp>

<comp id="647" class="1005" name="scalar_partition_18_reg_647">
<pin_list>
<pin id="648" dir="0" index="0" bw="10" slack="18"/>
<pin id="649" dir="1" index="1" bw="10" slack="18"/>
</pin_list>
<bind>
<opset="scalar_partition_18 "/>
</bind>
</comp>

<comp id="652" class="1005" name="scalar_partition_19_reg_652">
<pin_list>
<pin id="653" dir="0" index="0" bw="10" slack="19"/>
<pin id="654" dir="1" index="1" bw="10" slack="19"/>
</pin_list>
<bind>
<opset="scalar_partition_19 "/>
</bind>
</comp>

<comp id="657" class="1005" name="scalar_partition_20_reg_657">
<pin_list>
<pin id="658" dir="0" index="0" bw="10" slack="20"/>
<pin id="659" dir="1" index="1" bw="10" slack="20"/>
</pin_list>
<bind>
<opset="scalar_partition_20 "/>
</bind>
</comp>

<comp id="662" class="1005" name="scalar_partition_21_reg_662">
<pin_list>
<pin id="663" dir="0" index="0" bw="10" slack="21"/>
<pin id="664" dir="1" index="1" bw="10" slack="21"/>
</pin_list>
<bind>
<opset="scalar_partition_21 "/>
</bind>
</comp>

<comp id="667" class="1005" name="scalar_partition_22_reg_667">
<pin_list>
<pin id="668" dir="0" index="0" bw="10" slack="22"/>
<pin id="669" dir="1" index="1" bw="10" slack="22"/>
</pin_list>
<bind>
<opset="scalar_partition_22 "/>
</bind>
</comp>

<comp id="672" class="1005" name="scalar_partition_23_reg_672">
<pin_list>
<pin id="673" dir="0" index="0" bw="10" slack="23"/>
<pin id="674" dir="1" index="1" bw="10" slack="23"/>
</pin_list>
<bind>
<opset="scalar_partition_23 "/>
</bind>
</comp>

<comp id="677" class="1005" name="scalar_partition_24_reg_677">
<pin_list>
<pin id="678" dir="0" index="0" bw="10" slack="24"/>
<pin id="679" dir="1" index="1" bw="10" slack="24"/>
</pin_list>
<bind>
<opset="scalar_partition_24 "/>
</bind>
</comp>

<comp id="682" class="1005" name="tmp_2_reg_682">
<pin_list>
<pin id="683" dir="0" index="0" bw="6" slack="25"/>
<pin id="684" dir="1" index="1" bw="6" slack="25"/>
</pin_list>
<bind>
<opset="tmp_2 "/>
</bind>
</comp>

</comp_list>

<net_list>
<net id="149"><net_src comp="20" pin="0"/><net_sink comp="146" pin=0"/></net>

<net id="155"><net_src comp="22" pin="0"/><net_sink comp="150" pin=0"/></net>

<net id="156"><net_src comp="0" pin="0"/><net_sink comp="150" pin=1"/></net>

<net id="157"><net_src comp="24" pin="0"/><net_sink comp="150" pin=2"/></net>

<net id="162"><net_src comp="26" pin="0"/><net_sink comp="158" pin=0"/></net>

<net id="163"><net_src comp="0" pin="0"/><net_sink comp="158" pin=1"/></net>

<net id="168"><net_src comp="26" pin="0"/><net_sink comp="164" pin=0"/></net>

<net id="169"><net_src comp="2" pin="0"/><net_sink comp="164" pin=1"/></net>

<net id="174"><net_src comp="26" pin="0"/><net_sink comp="170" pin=0"/></net>

<net id="175"><net_src comp="4" pin="0"/><net_sink comp="170" pin=1"/></net>

<net id="180"><net_src comp="26" pin="0"/><net_sink comp="176" pin=0"/></net>

<net id="181"><net_src comp="6" pin="0"/><net_sink comp="176" pin=1"/></net>

<net id="186"><net_src comp="26" pin="0"/><net_sink comp="182" pin=0"/></net>

<net id="187"><net_src comp="8" pin="0"/><net_sink comp="182" pin=1"/></net>

<net id="193"><net_src comp="28" pin="0"/><net_sink comp="188" pin=0"/></net>

<net id="197"><net_src comp="182" pin="2"/><net_sink comp="194" pin=0"/></net>

<net id="201"><net_src comp="194" pin="1"/><net_sink comp="198" pin=0"/></net>

<net id="202"><net_src comp="198" pin="1"/><net_sink comp="188" pin=2"/></net>

<net id="209"><net_src comp="30" pin="0"/><net_sink comp="203" pin=0"/></net>

<net id="210"><net_src comp="182" pin="2"/><net_sink comp="203" pin=1"/></net>

<net id="211"><net_src comp="32" pin="0"/><net_sink comp="203" pin=2"/></net>

<net id="212"><net_src comp="34" pin="0"/><net_sink comp="203" pin=3"/></net>

<net id="219"><net_src comp="30" pin="0"/><net_sink comp="213" pin=0"/></net>

<net id="220"><net_src comp="182" pin="2"/><net_sink comp="213" pin=1"/></net>

<net id="221"><net_src comp="36" pin="0"/><net_sink comp="213" pin=2"/></net>

<net id="222"><net_src comp="38" pin="0"/><net_sink comp="213" pin=3"/></net>

<net id="229"><net_src comp="30" pin="0"/><net_sink comp="223" pin=0"/></net>

<net id="230"><net_src comp="182" pin="2"/><net_sink comp="223" pin=1"/></net>

<net id="231"><net_src comp="40" pin="0"/><net_sink comp="223" pin=2"/></net>

<net id="232"><net_src comp="42" pin="0"/><net_sink comp="223" pin=3"/></net>

<net id="239"><net_src comp="30" pin="0"/><net_sink comp="233" pin=0"/></net>

<net id="240"><net_src comp="182" pin="2"/><net_sink comp="233" pin=1"/></net>

<net id="241"><net_src comp="44" pin="0"/><net_sink comp="233" pin=2"/></net>

<net id="242"><net_src comp="46" pin="0"/><net_sink comp="233" pin=3"/></net>

<net id="249"><net_src comp="30" pin="0"/><net_sink comp="243" pin=0"/></net>

<net id="250"><net_src comp="182" pin="2"/><net_sink comp="243" pin=1"/></net>

<net id="251"><net_src comp="48" pin="0"/><net_sink comp="243" pin=2"/></net>

<net id="252"><net_src comp="50" pin="0"/><net_sink comp="243" pin=3"/></net>

<net id="259"><net_src comp="30" pin="0"/><net_sink comp="253" pin=0"/></net>

<net id="260"><net_src comp="182" pin="2"/><net_sink comp="253" pin=1"/></net>

<net id="261"><net_src comp="52" pin="0"/><net_sink comp="253" pin=2"/></net>

<net id="262"><net_src comp="54" pin="0"/><net_sink comp="253" pin=3"/></net>

<net id="269"><net_src comp="30" pin="0"/><net_sink comp="263" pin=0"/></net>

<net id="270"><net_src comp="182" pin="2"/><net_sink comp="263" pin=1"/></net>

<net id="271"><net_src comp="56" pin="0"/><net_sink comp="263" pin=2"/></net>

<net id="272"><net_src comp="58" pin="0"/><net_sink comp="263" pin=3"/></net>

<net id="279"><net_src comp="30" pin="0"/><net_sink comp="273" pin=0"/></net>

<net id="280"><net_src comp="182" pin="2"/><net_sink comp="273" pin=1"/></net>

<net id="281"><net_src comp="60" pin="0"/><net_sink comp="273" pin=2"/></net>

<net id="282"><net_src comp="62" pin="0"/><net_sink comp="273" pin=3"/></net>

<net id="289"><net_src comp="30" pin="0"/><net_sink comp="283" pin=0"/></net>

<net id="290"><net_src comp="182" pin="2"/><net_sink comp="283" pin=1"/></net>

<net id="291"><net_src comp="64" pin="0"/><net_sink comp="283" pin=2"/></net>

<net id="292"><net_src comp="66" pin="0"/><net_sink comp="283" pin=3"/></net>

<net id="299"><net_src comp="30" pin="0"/><net_sink comp="293" pin=0"/></net>

<net id="300"><net_src comp="182" pin="2"/><net_sink comp="293" pin=1"/></net>

<net id="301"><net_src comp="68" pin="0"/><net_sink comp="293" pin=2"/></net>

<net id="302"><net_src comp="70" pin="0"/><net_sink comp="293" pin=3"/></net>

<net id="309"><net_src comp="30" pin="0"/><net_sink comp="303" pin=0"/></net>

<net id="310"><net_src comp="182" pin="2"/><net_sink comp="303" pin=1"/></net>

<net id="311"><net_src comp="72" pin="0"/><net_sink comp="303" pin=2"/></net>

<net id="312"><net_src comp="74" pin="0"/><net_sink comp="303" pin=3"/></net>

<net id="319"><net_src comp="30" pin="0"/><net_sink comp="313" pin=0"/></net>

<net id="320"><net_src comp="182" pin="2"/><net_sink comp="313" pin=1"/></net>

<net id="321"><net_src comp="76" pin="0"/><net_sink comp="313" pin=2"/></net>

<net id="322"><net_src comp="78" pin="0"/><net_sink comp="313" pin=3"/></net>

<net id="329"><net_src comp="30" pin="0"/><net_sink comp="323" pin=0"/></net>

<net id="330"><net_src comp="182" pin="2"/><net_sink comp="323" pin=1"/></net>

<net id="331"><net_src comp="80" pin="0"/><net_sink comp="323" pin=2"/></net>

<net id="332"><net_src comp="82" pin="0"/><net_sink comp="323" pin=3"/></net>

<net id="339"><net_src comp="30" pin="0"/><net_sink comp="333" pin=0"/></net>

<net id="340"><net_src comp="182" pin="2"/><net_sink comp="333" pin=1"/></net>

<net id="341"><net_src comp="84" pin="0"/><net_sink comp="333" pin=2"/></net>

<net id="342"><net_src comp="86" pin="0"/><net_sink comp="333" pin=3"/></net>

<net id="349"><net_src comp="30" pin="0"/><net_sink comp="343" pin=0"/></net>

<net id="350"><net_src comp="182" pin="2"/><net_sink comp="343" pin=1"/></net>

<net id="351"><net_src comp="88" pin="0"/><net_sink comp="343" pin=2"/></net>

<net id="352"><net_src comp="90" pin="0"/><net_sink comp="343" pin=3"/></net>

<net id="359"><net_src comp="30" pin="0"/><net_sink comp="353" pin=0"/></net>

<net id="360"><net_src comp="182" pin="2"/><net_sink comp="353" pin=1"/></net>

<net id="361"><net_src comp="92" pin="0"/><net_sink comp="353" pin=2"/></net>

<net id="362"><net_src comp="94" pin="0"/><net_sink comp="353" pin=3"/></net>

<net id="369"><net_src comp="30" pin="0"/><net_sink comp="363" pin=0"/></net>

<net id="370"><net_src comp="182" pin="2"/><net_sink comp="363" pin=1"/></net>

<net id="371"><net_src comp="96" pin="0"/><net_sink comp="363" pin=2"/></net>

<net id="372"><net_src comp="98" pin="0"/><net_sink comp="363" pin=3"/></net>

<net id="379"><net_src comp="30" pin="0"/><net_sink comp="373" pin=0"/></net>

<net id="380"><net_src comp="182" pin="2"/><net_sink comp="373" pin=1"/></net>

<net id="381"><net_src comp="100" pin="0"/><net_sink comp="373" pin=2"/></net>

<net id="382"><net_src comp="102" pin="0"/><net_sink comp="373" pin=3"/></net>

<net id="389"><net_src comp="30" pin="0"/><net_sink comp="383" pin=0"/></net>

<net id="390"><net_src comp="182" pin="2"/><net_sink comp="383" pin=1"/></net>

<net id="391"><net_src comp="104" pin="0"/><net_sink comp="383" pin=2"/></net>

<net id="392"><net_src comp="106" pin="0"/><net_sink comp="383" pin=3"/></net>

<net id="399"><net_src comp="30" pin="0"/><net_sink comp="393" pin=0"/></net>

<net id="400"><net_src comp="182" pin="2"/><net_sink comp="393" pin=1"/></net>

<net id="401"><net_src comp="108" pin="0"/><net_sink comp="393" pin=2"/></net>

<net id="402"><net_src comp="110" pin="0"/><net_sink comp="393" pin=3"/></net>

<net id="409"><net_src comp="30" pin="0"/><net_sink comp="403" pin=0"/></net>

<net id="410"><net_src comp="182" pin="2"/><net_sink comp="403" pin=1"/></net>

<net id="411"><net_src comp="112" pin="0"/><net_sink comp="403" pin=2"/></net>

<net id="412"><net_src comp="114" pin="0"/><net_sink comp="403" pin=3"/></net>

<net id="419"><net_src comp="30" pin="0"/><net_sink comp="413" pin=0"/></net>

<net id="420"><net_src comp="182" pin="2"/><net_sink comp="413" pin=1"/></net>

<net id="421"><net_src comp="116" pin="0"/><net_sink comp="413" pin=2"/></net>

<net id="422"><net_src comp="118" pin="0"/><net_sink comp="413" pin=3"/></net>

<net id="429"><net_src comp="30" pin="0"/><net_sink comp="423" pin=0"/></net>

<net id="430"><net_src comp="182" pin="2"/><net_sink comp="423" pin=1"/></net>

<net id="431"><net_src comp="120" pin="0"/><net_sink comp="423" pin=2"/></net>

<net id="432"><net_src comp="122" pin="0"/><net_sink comp="423" pin=3"/></net>

<net id="439"><net_src comp="30" pin="0"/><net_sink comp="433" pin=0"/></net>

<net id="440"><net_src comp="182" pin="2"/><net_sink comp="433" pin=1"/></net>

<net id="441"><net_src comp="124" pin="0"/><net_sink comp="433" pin=2"/></net>

<net id="442"><net_src comp="126" pin="0"/><net_sink comp="433" pin=3"/></net>

<net id="449"><net_src comp="128" pin="0"/><net_sink comp="443" pin=0"/></net>

<net id="450"><net_src comp="182" pin="2"/><net_sink comp="443" pin=1"/></net>

<net id="451"><net_src comp="130" pin="0"/><net_sink comp="443" pin=2"/></net>

<net id="452"><net_src comp="132" pin="0"/><net_sink comp="443" pin=3"/></net>

<net id="456"><net_src comp="453" pin="1"/><net_sink comp="188" pin=2"/></net>

<net id="460"><net_src comp="457" pin="1"/><net_sink comp="188" pin=2"/></net>

<net id="464"><net_src comp="461" pin="1"/><net_sink comp="188" pin=2"/></net>

<net id="468"><net_src comp="465" pin="1"/><net_sink comp="188" pin=2"/></net>

<net id="472"><net_src comp="469" pin="1"/><net_sink comp="188" pin=2"/></net>

<net id="476"><net_src comp="473" pin="1"/><net_sink comp="188" pin=2"/></net>

<net id="480"><net_src comp="477" pin="1"/><net_sink comp="188" pin=2"/></net>

<net id="484"><net_src comp="481" pin="1"/><net_sink comp="188" pin=2"/></net>

<net id="488"><net_src comp="485" pin="1"/><net_sink comp="188" pin=2"/></net>

<net id="492"><net_src comp="489" pin="1"/><net_sink comp="188" pin=2"/></net>

<net id="496"><net_src comp="493" pin="1"/><net_sink comp="188" pin=2"/></net>

<net id="500"><net_src comp="497" pin="1"/><net_sink comp="188" pin=2"/></net>

<net id="504"><net_src comp="501" pin="1"/><net_sink comp="188" pin=2"/></net>

<net id="508"><net_src comp="505" pin="1"/><net_sink comp="188" pin=2"/></net>

<net id="512"><net_src comp="509" pin="1"/><net_sink comp="188" pin=2"/></net>

<net id="516"><net_src comp="513" pin="1"/><net_sink comp="188" pin=2"/></net>

<net id="520"><net_src comp="517" pin="1"/><net_sink comp="188" pin=2"/></net>

<net id="524"><net_src comp="521" pin="1"/><net_sink comp="188" pin=2"/></net>

<net id="528"><net_src comp="525" pin="1"/><net_sink comp="188" pin=2"/></net>

<net id="532"><net_src comp="529" pin="1"/><net_sink comp="188" pin=2"/></net>

<net id="536"><net_src comp="533" pin="1"/><net_sink comp="188" pin=2"/></net>

<net id="540"><net_src comp="537" pin="1"/><net_sink comp="188" pin=2"/></net>

<net id="544"><net_src comp="541" pin="1"/><net_sink comp="188" pin=2"/></net>

<net id="548"><net_src comp="545" pin="1"/><net_sink comp="188" pin=2"/></net>

<net id="552"><net_src comp="549" pin="1"/><net_sink comp="188" pin=2"/></net>

<net id="556"><net_src comp="146" pin="1"/><net_sink comp="553" pin=0"/></net>

<net id="557"><net_src comp="553" pin="1"/><net_sink comp="188" pin=1"/></net>

<net id="561"><net_src comp="150" pin="3"/><net_sink comp="558" pin=0"/></net>

<net id="565"><net_src comp="203" pin="4"/><net_sink comp="562" pin=0"/></net>

<net id="566"><net_src comp="562" pin="1"/><net_sink comp="453" pin=0"/></net>

<net id="570"><net_src comp="213" pin="4"/><net_sink comp="567" pin=0"/></net>

<net id="571"><net_src comp="567" pin="1"/><net_sink comp="457" pin=0"/></net>

<net id="575"><net_src comp="223" pin="4"/><net_sink comp="572" pin=0"/></net>

<net id="576"><net_src comp="572" pin="1"/><net_sink comp="461" pin=0"/></net>

<net id="580"><net_src comp="233" pin="4"/><net_sink comp="577" pin=0"/></net>

<net id="581"><net_src comp="577" pin="1"/><net_sink comp="465" pin=0"/></net>

<net id="585"><net_src comp="243" pin="4"/><net_sink comp="582" pin=0"/></net>

<net id="586"><net_src comp="582" pin="1"/><net_sink comp="469" pin=0"/></net>

<net id="590"><net_src comp="253" pin="4"/><net_sink comp="587" pin=0"/></net>

<net id="591"><net_src comp="587" pin="1"/><net_sink comp="473" pin=0"/></net>

<net id="595"><net_src comp="263" pin="4"/><net_sink comp="592" pin=0"/></net>

<net id="596"><net_src comp="592" pin="1"/><net_sink comp="477" pin=0"/></net>

<net id="600"><net_src comp="273" pin="4"/><net_sink comp="597" pin=0"/></net>

<net id="601"><net_src comp="597" pin="1"/><net_sink comp="481" pin=0"/></net>

<net id="605"><net_src comp="283" pin="4"/><net_sink comp="602" pin=0"/></net>

<net id="606"><net_src comp="602" pin="1"/><net_sink comp="485" pin=0"/></net>

<net id="610"><net_src comp="293" pin="4"/><net_sink comp="607" pin=0"/></net>

<net id="611"><net_src comp="607" pin="1"/><net_sink comp="489" pin=0"/></net>

<net id="615"><net_src comp="303" pin="4"/><net_sink comp="612" pin=0"/></net>

<net id="616"><net_src comp="612" pin="1"/><net_sink comp="493" pin=0"/></net>

<net id="620"><net_src comp="313" pin="4"/><net_sink comp="617" pin=0"/></net>

<net id="621"><net_src comp="617" pin="1"/><net_sink comp="497" pin=0"/></net>

<net id="625"><net_src comp="323" pin="4"/><net_sink comp="622" pin=0"/></net>

<net id="626"><net_src comp="622" pin="1"/><net_sink comp="501" pin=0"/></net>

<net id="630"><net_src comp="333" pin="4"/><net_sink comp="627" pin=0"/></net>

<net id="631"><net_src comp="627" pin="1"/><net_sink comp="505" pin=0"/></net>

<net id="635"><net_src comp="343" pin="4"/><net_sink comp="632" pin=0"/></net>

<net id="636"><net_src comp="632" pin="1"/><net_sink comp="509" pin=0"/></net>

<net id="640"><net_src comp="353" pin="4"/><net_sink comp="637" pin=0"/></net>

<net id="641"><net_src comp="637" pin="1"/><net_sink comp="513" pin=0"/></net>

<net id="645"><net_src comp="363" pin="4"/><net_sink comp="642" pin=0"/></net>

<net id="646"><net_src comp="642" pin="1"/><net_sink comp="517" pin=0"/></net>

<net id="650"><net_src comp="373" pin="4"/><net_sink comp="647" pin=0"/></net>

<net id="651"><net_src comp="647" pin="1"/><net_sink comp="521" pin=0"/></net>

<net id="655"><net_src comp="383" pin="4"/><net_sink comp="652" pin=0"/></net>

<net id="656"><net_src comp="652" pin="1"/><net_sink comp="525" pin=0"/></net>

<net id="660"><net_src comp="393" pin="4"/><net_sink comp="657" pin=0"/></net>

<net id="661"><net_src comp="657" pin="1"/><net_sink comp="529" pin=0"/></net>

<net id="665"><net_src comp="403" pin="4"/><net_sink comp="662" pin=0"/></net>

<net id="666"><net_src comp="662" pin="1"/><net_sink comp="533" pin=0"/></net>

<net id="670"><net_src comp="413" pin="4"/><net_sink comp="667" pin=0"/></net>

<net id="671"><net_src comp="667" pin="1"/><net_sink comp="537" pin=0"/></net>

<net id="675"><net_src comp="423" pin="4"/><net_sink comp="672" pin=0"/></net>

<net id="676"><net_src comp="672" pin="1"/><net_sink comp="541" pin=0"/></net>

<net id="680"><net_src comp="433" pin="4"/><net_sink comp="677" pin=0"/></net>

<net id="681"><net_src comp="677" pin="1"/><net_sink comp="545" pin=0"/></net>

<net id="685"><net_src comp="443" pin="4"/><net_sink comp="682" pin=0"/></net>

<net id="686"><net_src comp="682" pin="1"/><net_sink comp="549" pin=0"/></net>

</net_list>

</model> 
---------------- Datapath Model END ------------------

* FSMD analyzer results:
  - Output states:
	Port: x_stream | {}
	Port: y_stream | {}
	Port: z_stream | {}
	Port: t_stream | {}
	Port: scalar_stream | {}
 - Input state : 
	Port: pippenger_control_Pipeline_VITIS_LOOP_544_1 : x_stream | {1 2 }
	Port: pippenger_control_Pipeline_VITIS_LOOP_544_1 : y_stream | {2 }
	Port: pippenger_control_Pipeline_VITIS_LOOP_544_1 : z_stream | {2 }
	Port: pippenger_control_Pipeline_VITIS_LOOP_544_1 : t_stream | {2 }
	Port: pippenger_control_Pipeline_VITIS_LOOP_544_1 : scalar_stream | {2 }
  - Chain level:
	State 1
		specinterface_ln0 : 1
	State 2
		zext_ln475 : 1
		write_ln479 : 2
	State 3
		write_ln479 : 1
	State 4
		write_ln479 : 1
	State 5
		write_ln479 : 1
	State 6
		write_ln479 : 1
	State 7
		write_ln479 : 1
	State 8
		write_ln479 : 1
	State 9
		write_ln479 : 1
	State 10
		write_ln479 : 1
	State 11
		write_ln479 : 1
	State 12
		write_ln479 : 1
	State 13
		write_ln479 : 1
	State 14
		write_ln479 : 1
	State 15
		write_ln479 : 1
	State 16
		write_ln479 : 1
	State 17
		write_ln479 : 1
	State 18
		write_ln479 : 1
	State 19
		write_ln479 : 1
	State 20
		write_ln479 : 1
	State 21
		write_ln479 : 1
	State 22
		write_ln479 : 1
	State 23
		write_ln479 : 1
	State 24
		write_ln479 : 1
	State 25
		write_ln479 : 1
	State 26
		write_ln479 : 1
	State 27
		write_ln479 : 1


============================================================
+ Verbose Summary: Datapath Resource usage 
============================================================

* Functional unit list:
|----------|----------------------------|
| Operation|       Functional Unit      |
|----------|----------------------------|
| nbreadreq|    tmp_nbreadreq_fu_150    |
|----------|----------------------------|
|          |       p_0_read_fu_158      |
|          |      p_030_read_fu_164     |
|   read   |      p_029_read_fu_170     |
|          |      p_028_read_fu_176     |
|          |     scalar_read_fu_182     |
|----------|----------------------------|
|   write  |      grp_write_fu_188      |
|----------|----------------------------|
|   trunc  |   scalar_partition_fu_194  |
|----------|----------------------------|
|          |      zext_ln475_fu_198     |
|          |     zext_ln475_1_fu_453    |
|          |     zext_ln475_2_fu_457    |
|          |     zext_ln475_3_fu_461    |
|          |     zext_ln475_4_fu_465    |
|          |     zext_ln475_5_fu_469    |
|          |     zext_ln475_6_fu_473    |
|          |     zext_ln475_7_fu_477    |
|          |     zext_ln475_8_fu_481    |
|          |     zext_ln475_9_fu_485    |
|          |    zext_ln475_10_fu_489    |
|          |    zext_ln475_11_fu_493    |
|   zext   |    zext_ln475_12_fu_497    |
|          |    zext_ln475_13_fu_501    |
|          |    zext_ln475_14_fu_505    |
|          |    zext_ln475_15_fu_509    |
|          |    zext_ln475_16_fu_513    |
|          |    zext_ln475_17_fu_517    |
|          |    zext_ln475_18_fu_521    |
|          |    zext_ln475_19_fu_525    |
|          |    zext_ln475_20_fu_529    |
|          |    zext_ln475_21_fu_533    |
|          |    zext_ln475_22_fu_537    |
|          |    zext_ln475_23_fu_541    |
|          |    zext_ln475_24_fu_545    |
|          |      zext_ln478_fu_549     |
|----------|----------------------------|
|          |  scalar_partition_1_fu_203 |
|          |  scalar_partition_2_fu_213 |
|          |  scalar_partition_3_fu_223 |
|          |  scalar_partition_4_fu_233 |
|          |  scalar_partition_5_fu_243 |
|          |  scalar_partition_6_fu_253 |
|          |  scalar_partition_7_fu_263 |
|          |  scalar_partition_8_fu_273 |
|          |  scalar_partition_9_fu_283 |
|          | scalar_partition_10_fu_293 |
|          | scalar_partition_11_fu_303 |
|          | scalar_partition_12_fu_313 |
|partselect| scalar_partition_13_fu_323 |
|          | scalar_partition_14_fu_333 |
|          | scalar_partition_15_fu_343 |
|          | scalar_partition_16_fu_353 |
|          | scalar_partition_17_fu_363 |
|          | scalar_partition_18_fu_373 |
|          | scalar_partition_19_fu_383 |
|          | scalar_partition_20_fu_393 |
|          | scalar_partition_21_fu_403 |
|          | scalar_partition_22_fu_413 |
|          | scalar_partition_23_fu_423 |
|          | scalar_partition_24_fu_433 |
|          |        tmp_2_fu_443        |
|----------|----------------------------|
|   Total  |                            |
|----------|----------------------------|

Memories:
N/A

* Register list:
+-------------------------------+--------+
|                               |   FF   |
+-------------------------------+--------+
|  scalar_partition_10_reg_607  |   10   |
|  scalar_partition_11_reg_612  |   10   |
|  scalar_partition_12_reg_617  |   10   |
|  scalar_partition_13_reg_622  |   10   |
|  scalar_partition_14_reg_627  |   10   |
|  scalar_partition_15_reg_632  |   10   |
|  scalar_partition_16_reg_637  |   10   |
|  scalar_partition_17_reg_642  |   10   |
|  scalar_partition_18_reg_647  |   10   |
|  scalar_partition_19_reg_652  |   10   |
|   scalar_partition_1_reg_562  |   10   |
|  scalar_partition_20_reg_657  |   10   |
|  scalar_partition_21_reg_662  |   10   |
|  scalar_partition_22_reg_667  |   10   |
|  scalar_partition_23_reg_672  |   10   |
|  scalar_partition_24_reg_677  |   10   |
|   scalar_partition_2_reg_567  |   10   |
|   scalar_partition_3_reg_572  |   10   |
|   scalar_partition_4_reg_577  |   10   |
|   scalar_partition_5_reg_582  |   10   |
|   scalar_partition_6_reg_587  |   10   |
|   scalar_partition_7_reg_592  |   10   |
|   scalar_partition_8_reg_597  |   10   |
|   scalar_partition_9_reg_602  |   10   |
|scalar_partition_stream_reg_553|   32   |
|         tmp_2_reg_682         |    6   |
|          tmp_reg_558          |    1   |
+-------------------------------+--------+
|             Total             |   279  |
+-------------------------------+--------+

* Multiplexer (MUX) list: 
|------------------|------|------|------|--------||---------||---------||---------|
|       Comp       |  Pin | Size |  BW  | S x BW ||  Delay  ||    FF   ||   LUT   |
|------------------|------|------|------|--------||---------||---------||---------|
| grp_write_fu_188 |  p2  |  26  |  10  |   260  ||    0    ||   130   |
|------------------|------|------|------|--------||---------||---------||---------|
|       Total      |      |      |      |   260  ||  0.9053 ||    0    ||   130   |
|------------------|------|------|------|--------||---------||---------||---------|



* Summary:
+-----------+--------+--------+--------+
|           |  Delay |   FF   |   LUT  |
+-----------+--------+--------+--------+
|  Function |    -   |    -   |    -   |
|   Memory  |    -   |    -   |    -   |
|Multiplexer|    0   |    0   |   130  |
|  Register |    -   |   279  |    -   |
+-----------+--------+--------+--------+
|   Total   |    0   |   279  |   130  |
+-----------+--------+--------+--------+
