
****** Vitis HLS - High-Level Synthesis from C, C++ and OpenCL v2024.2 (64-bit)
  **** SW Build 5238294 on Nov  8 2024
  **** IP Build 5239520 on Sun Nov 10 16:12:51 MST 2024
  **** SharedData Build 5239561 on Fri Nov 08 14:39:27 MST 2024
  **** Start of session at: Mon Apr 28 04:14:15 2025
    ** Copyright 1986-2022 Xilinx, Inc. All Rights Reserved.
    ** Copyright 2022-2024 Advanced Micro Devices, Inc. All Rights Reserved.

source /tools/Xilinx/Vitis/2024.2/scripts/vitis_hls/hls.tcl -notrace
INFO: [HLS 200-10] For user 'terryadavis' on host 'terryadavis' (Linux_x86_64 version 6.12.20-amd64) on Mon Apr 28 04:14:16 IST 2025
INFO: [HLS 200-10] On os Kali GNU/Linux Rolling
INFO: [HLS 200-10] In directory '/home/terryadavis/utkarsh/zkml-fpga/hls/ntt/ccs'
WARNING: [HLS 200-2053] The vitis_hls executable is deprecated. Consider using vitis-run --mode hls --tcl
Sourcing Tcl script 'run_hls.tcl'
INFO: [HLS 200-1510] Running: open_project ntt 
INFO: [HLS 200-10] Opening project '/home/terryadavis/utkarsh/zkml-fpga/hls/ntt/ccs/ntt'.
INFO: [HLS 200-1510] Running: set_top ntt_2_24 
INFO: [HLS 200-1510] Running: add_files ../src/ntt.cpp -cflags -Wextra-tokens 
INFO: [HLS 200-10] Adding design file '../src/ntt.cpp' to the project
INFO: [HLS 200-1510] Running: add_files ../src/ntt.hpp -cflags -Wextra-tokens 
INFO: [HLS 200-10] Adding design file '../src/ntt.hpp' to the project
INFO: [HLS 200-1510] Running: add_files ../src/omega.hpp -cflags -Wextra-tokens 
INFO: [HLS 200-10] Adding design file '../src/omega.hpp' to the project
INFO: [HLS 200-1510] Running: add_files -tb ../src/timer.hpp -cflags -Wextra-tokens 
INFO: [HLS 200-10] Adding test bench file '../src/timer.hpp' to the project
INFO: [HLS 200-1510] Running: add_files -tb ../src/ntt_tb.cpp -cflags -Wno-unknown-pragmas -Wextra-tokens -csimflags -Wno-unknown-pragmas -Wextra-tokens 
INFO: [HLS 200-10] Adding test bench file '../src/ntt_tb.cpp' to the project
INFO: [HLS 200-1510] Running: add_files -tb ../dat/in_fully_random_2_24.txt 
INFO: [HLS 200-10] Adding test bench file '../dat/in_fully_random_2_24.txt' to the project
INFO: [HLS 200-1510] Running: add_files -tb ../dat/out_fully_random_2_24.txt 
INFO: [HLS 200-10] Adding test bench file '../dat/out_fully_random_2_24.txt' to the project
INFO: [HLS 200-1510] Running: open_solution solution1 -flow_target vitis 
INFO: [HLS 200-10] Opening solution '/home/terryadavis/utkarsh/zkml-fpga/hls/ntt/ccs/ntt/solution1'.
INFO: [SYN 201-201] Setting up clock 'default' with a period of 4ns.
INFO: [HLS 200-1611] Setting target device to 'xczu7ev-ffvc1156-2-e'
INFO: [HLS 200-1505] Using flow_target 'vitis'
Resolution: For help on HLS 200-1505 see docs.xilinx.com/access/sources/dita/topic?Doc_Version=2024.2%20English&url=ug1448-hls-guidance&resourceid=200-1505.html
INFO: [HLS 200-1464] Running solution command: config_interface -m_axi_latency=64
INFO: [HLS 200-1464] Running solution command: config_interface -m_axi_alignment_byte_size=64
INFO: [HLS 200-1464] Running solution command: config_interface -m_axi_max_widen_bitwidth=512
INFO: [HLS 200-1464] Running solution command: config_interface -default_interface=kernel
INFO: [HLS 200-1464] Running solution command: config_rtl -register_reset_num=3
INFO: [HLS 200-1510] Running: set_part xczu7ev-ffvc1156-2-e 
INFO: [HLS 200-1510] Running: create_clock -period 4 -name default 
INFO: [HLS 200-1510] Running: csynth_design 
INFO: [HLS 200-111] Finished File checks and directory preparation: CPU user time: 0.07 seconds. CPU system time: 0 seconds. Elapsed time: 0.08 seconds; current allocated memory: 368.609 MB.
INFO: [HLS 200-10] Analyzing design file '../src/ntt.cpp' ... 
WARNING: [HLS 214-114] Since the only kind of statements allowed in a canonical dataflow region are variable declarations and function calls, the compiler may not be able to correctly handle the region (../src/ntt.cpp:185:9)
Resolution: For help on HLS 214-114 see docs.xilinx.com/access/sources/dita/topic?Doc_Version=2024.2%20English&url=ug1448-hls-guidance&resourceid=214-114.html
WARNING: [HLS 214-114] Since the only kind of statements allowed in a canonical dataflow region are variable declarations and function calls, the compiler may not be able to correctly handle the region (../src/ntt.cpp:484:9)
Resolution: For help on HLS 214-114 see docs.xilinx.com/access/sources/dita/topic?Doc_Version=2024.2%20English&url=ug1448-hls-guidance&resourceid=214-114.html
WARNING: [HLS 200-471] Dataflow form checks found 2 issue(s) in file ../src/ntt.cpp
Resolution: For help on HLS 200-471 see docs.xilinx.com/access/sources/dita/topic?Doc_Version=2024.2%20English&url=ug1448-hls-guidance&resourceid=200-471.html
INFO: [HLS 200-111] Finished Source Code Analysis and Preprocessing: CPU user time: 7.59 seconds. CPU system time: 0.46 seconds. Elapsed time: 8.05 seconds; current allocated memory: 371.223 MB.
INFO: [HLS 200-777] Using interface defaults for 'Vitis' flow target.
INFO: [HLS 200-1995] There were 61,489 instructions in the design after the 'Compile/Link' phase of compilation. See the Design Size Report for more details: /home/terryadavis/utkarsh/zkml-fpga/hls/ntt/ccs/ntt/solution1/syn/report/csynth_design_size.rpt
WARNING: [HLS 200-1995] There were 468,151 instructions in the design after the 'Unroll/Inline (step 1)' phase of compilation. See the Design Size Report for more details: /home/terryadavis/utkarsh/zkml-fpga/hls/ntt/ccs/ntt/solution1/syn/report/csynth_design_size.rpt
WARNING: [HLS 200-1995] There were 414,533 instructions in the design after the 'Unroll/Inline (step 2)' phase of compilation. See the Design Size Report for more details: /home/terryadavis/utkarsh/zkml-fpga/hls/ntt/ccs/ntt/solution1/syn/report/csynth_design_size.rpt
WARNING: [HLS 200-1995] There were 206,077 instructions in the design after the 'Unroll/Inline (step 3)' phase of compilation. See the Design Size Report for more details: /home/terryadavis/utkarsh/zkml-fpga/hls/ntt/ccs/ntt/solution1/syn/report/csynth_design_size.rpt
WARNING: [HLS 200-1995] There were 178,143 instructions in the design after the 'Unroll/Inline (step 4)' phase of compilation. See the Design Size Report for more details: /home/terryadavis/utkarsh/zkml-fpga/hls/ntt/ccs/ntt/solution1/syn/report/csynth_design_size.rpt
INFO: [HLS 200-1995] There were 92,869 instructions in the design after the 'Array/Struct (step 1)' phase of compilation. See the Design Size Report for more details: /home/terryadavis/utkarsh/zkml-fpga/hls/ntt/ccs/ntt/solution1/syn/report/csynth_design_size.rpt
INFO: [HLS 200-1995] There were 92,869 instructions in the design after the 'Array/Struct (step 2)' phase of compilation. See the Design Size Report for more details: /home/terryadavis/utkarsh/zkml-fpga/hls/ntt/ccs/ntt/solution1/syn/report/csynth_design_size.rpt
WARNING: [HLS 200-1995] There were 144,041 instructions in the design after the 'Array/Struct (step 3)' phase of compilation. See the Design Size Report for more details: /home/terryadavis/utkarsh/zkml-fpga/hls/ntt/ccs/ntt/solution1/syn/report/csynth_design_size.rpt
WARNING: [HLS 200-1995] There were 121,021 instructions in the design after the 'Array/Struct (step 4)' phase of compilation. See the Design Size Report for more details: /home/terryadavis/utkarsh/zkml-fpga/hls/ntt/ccs/ntt/solution1/syn/report/csynth_design_size.rpt
WARNING: [HLS 200-1995] There were 118,141 instructions in the design after the 'Array/Struct (step 5)' phase of compilation. See the Design Size Report for more details: /home/terryadavis/utkarsh/zkml-fpga/hls/ntt/ccs/ntt/solution1/syn/report/csynth_design_size.rpt
WARNING: [HLS 200-1995] There were 104,273 instructions in the design after the 'Performance (step 1)' phase of compilation. See the Design Size Report for more details: /home/terryadavis/utkarsh/zkml-fpga/hls/ntt/ccs/ntt/solution1/syn/report/csynth_design_size.rpt
WARNING: [HLS 200-1995] There were 101,757 instructions in the design after the 'Performance (step 2)' phase of compilation. See the Design Size Report for more details: /home/terryadavis/utkarsh/zkml-fpga/hls/ntt/ccs/ntt/solution1/syn/report/csynth_design_size.rpt
INFO: [HLS 200-1995] There were 83,189 instructions in the design after the 'Performance (step 3)' phase of compilation. See the Design Size Report for more details: /home/terryadavis/utkarsh/zkml-fpga/hls/ntt/ccs/ntt/solution1/syn/report/csynth_design_size.rpt
INFO: [HLS 200-1995] There were 83,189 instructions in the design after the 'Performance (step 4)' phase of compilation. See the Design Size Report for more details: /home/terryadavis/utkarsh/zkml-fpga/hls/ntt/ccs/ntt/solution1/syn/report/csynth_design_size.rpt
INFO: [HLS 214-415] Performing recursive inline in function 'mult_twiddle<ap_uint<65> >' (../src/ntt.cpp:61:9)
INFO: [HLS 214-415] Performing recursive inline in function 'gs_butterfly' (../src/ntt.cpp:92:9)
WARNING: [HLS 214-273] In function 'ap_uint<64> mult_twiddle<ap_uint<65> >(ap_uint<65>, int)', Pragma conflict happens on 'INLINE' and 'FUNCTION_INSTANTIATE' pragmas: same function (../src/ntt.cpp:59:0)
INFO: [HLS 214-415] Performing recursive inline in function 'mult' (../src/ntt.cpp:83:9)
INFO: [HLS 214-131] Inlining function 'ap_uint<64> reduce<96>(ap_uint<96>) (.110)' into 'ap_uint<64> mult_twiddle<ap_uint<65> >(ap_uint<65>, int)' (../src/ntt.cpp:77:16)
INFO: [HLS 214-131] Inlining function 'ap_uint<64> reduce<128>(ap_uint<128>) (.1)' into 'ap_uint<64> mult_twiddle<ap_uint<65> >(ap_uint<65>, int)' (../src/ntt.cpp:72:16)
INFO: [HLS 214-131] Inlining function 'ap_uint<64> reduce<160>(ap_uint<160>) (.125)' into 'ap_uint<64> mult_twiddle<ap_uint<65> >(ap_uint<65>, int)' (../src/ntt.cpp:67:16)
INFO: [HLS 214-131] Inlining function 'add(ap_uint<64>, ap_uint<64>) (.93)' into 'gs_butterfly(ap_uint<64>*, ap_uint<64>*, ap_uint<64>*, ap_uint<64>*, int)' (../src/ntt.cpp:95:13)
INFO: [HLS 214-131] Inlining function 'ap_uint<64> reduce<128>(ap_uint<128>) (.1)' into 'mult(ap_uint<64>, ap_uint<64>)' (../src/ntt.cpp:86:12)
INFO: [HLS 214-291] Loop 'VITIS_LOOP_341_4' is marked as complete unroll implied by the pipeline pragma (../src/ntt.cpp:341:35)
INFO: [HLS 214-291] Loop 'VITIS_LOOP_349_5' is marked as complete unroll implied by the pipeline pragma (../src/ntt.cpp:349:35)
INFO: [HLS 214-291] Loop 'mul' is marked as complete unroll implied by the pipeline pragma (../src/ntt.cpp:460:17)
INFO: [HLS 214-291] Loop 'bram_read' is marked as complete unroll implied by the pipeline pragma (../src/ntt.cpp:295:9)
INFO: [HLS 214-291] Loop 'twiddle_mul' is marked as complete unroll implied by the pipeline pragma (../src/ntt.cpp:275:9)
INFO: [HLS 214-291] Loop 'bram_write' is marked as complete unroll implied by the pipeline pragma (../src/ntt.cpp:281:9)
INFO: [HLS 214-291] Loop 'ntt_2_6_stages' is marked as complete unroll implied by the pipeline pragma (../src/ntt.cpp:142:5)
INFO: [HLS 214-291] Loop 'stage' is marked as complete unroll implied by the pipeline pragma (../src/ntt.cpp:111:5)
INFO: [HLS 214-291] Loop 'VITIS_LOOP_318_4' is marked as complete unroll implied by the pipeline pragma (../src/ntt.cpp:318:35)
INFO: [HLS 214-291] Loop 'xor_permute_stages' is marked as complete unroll implied by the pipeline pragma (../src/ntt.cpp:161:5)
INFO: [HLS 214-291] Loop 'VITIS_LOOP_163_1' is marked as complete unroll implied by the pipeline pragma (../src/ntt.cpp:163:27)
INFO: [HLS 214-186] Unrolling loop 's2mm' (../src/ntt.cpp:503:9) in function 'ntt_2_24_pass' completely with a factor of 16 (../src/ntt.cpp:476:0)
INFO: [HLS 214-186] Unrolling loop 'mm2s' (../src/ntt.cpp:491:9) in function 'ntt_2_24_pass' completely with a factor of 16 (../src/ntt.cpp:476:0)
INFO: [HLS 214-186] Unrolling loop 'VITIS_LOOP_341_4' (../src/ntt.cpp:341:35) in function 'xor_permute_spatial_4096x4096' completely with a factor of 64 (../src/ntt.cpp:331:0)
INFO: [HLS 214-186] Unrolling loop 'VITIS_LOOP_349_5' (../src/ntt.cpp:349:35) in function 'xor_permute_spatial_4096x4096' completely with a factor of 64 (../src/ntt.cpp:331:0)
INFO: [HLS 214-186] Unrolling loop 'mul' (../src/ntt.cpp:460:17) in function 'twiddle_mul_4096x4096' completely with a factor of 64 (../src/ntt.cpp:445:0)
INFO: [HLS 214-186] Unrolling loop 'bram_read' (../src/ntt.cpp:295:9) in function 'ntt_2_12_serial' completely with a factor of 64 (../src/ntt.cpp:261:0)
INFO: [HLS 214-186] Unrolling loop 'twiddle_mul' (../src/ntt.cpp:275:9) in function 'ntt_2_12_serial' completely with a factor of 63 (../src/ntt.cpp:261:0)
INFO: [HLS 214-186] Unrolling loop 'bram_write' (../src/ntt.cpp:281:9) in function 'ntt_2_12_serial' completely with a factor of 64 (../src/ntt.cpp:261:0)
INFO: [HLS 214-186] Unrolling loop 'ntt_2_6_stages' (../src/ntt.cpp:142:5) in function 'ntt_2_6' completely with a factor of 6 (../src/ntt.cpp:133:0)
INFO: [HLS 214-186] Unrolling loop 'stage' (../src/ntt.cpp:111:5) in function 'ntt_2_6_stage' completely with a factor of 32 (../src/ntt.cpp:103:0)
INFO: [HLS 214-186] Unrolling loop 'VITIS_LOOP_318_4' (../src/ntt.cpp:318:35) in function 'xor_permute_spatial_4096x4096' completely with a factor of 64 (../src/ntt.cpp:308:0)
INFO: [HLS 214-186] Unrolling loop 'xor_permute_stages' (../src/ntt.cpp:161:5) in function 'xor_permute_spatial' completely with a factor of 6 (../src/ntt.cpp:152:0)
INFO: [HLS 214-186] Unrolling loop 'VITIS_LOOP_163_1' (../src/ntt.cpp:163:27) in function 'xor_permute_spatial' completely with a factor of 64 (../src/ntt.cpp:152:0)
WARNING: [HLS 214-366] Duplicating function 'std::array<ap_uint<64>, 64ul>::operator[](unsigned long)' as different function signatures were detected between this call site and other call site(s). This may impact the resources used in the design. (../src/ntt.cpp:321:12)
WARNING: [HLS 214-366] Duplicating function 'std::array<ap_uint<64>, 64ul>::operator[](unsigned long)' as different function signatures were detected between this call site and other call site(s). This may impact the resources used in the design. (../src/ntt.cpp:121:109)
WARNING: [HLS 214-366] Duplicating function 'std::array<ap_uint<64>, 64ul>::operator[](unsigned long)' as different function signatures were detected between this call site and other call site(s). This may impact the resources used in the design. (../src/ntt.cpp:121:98)
WARNING: [HLS 214-366] Duplicating function 'std::array<ap_uint<64>, 64ul>::operator[](unsigned long)' as different function signatures were detected between this call site and other call site(s). This may impact the resources used in the design. (../src/ntt.cpp:121:63)
WARNING: [HLS 214-366] Duplicating function 'std::array<ap_uint<64>, 64ul>::operator[](unsigned long)' as different function signatures were detected between this call site and other call site(s). This may impact the resources used in the design. (../src/ntt.cpp:121:27)
WARNING: [HLS 214-366] Duplicating function 'std::array<ap_uint<64>, 64ul>::operator[](unsigned long)' as different function signatures were detected between this call site and other call site(s). This may impact the resources used in the design. (../src/ntt.cpp:125:61)
WARNING: [HLS 214-366] Duplicating function 'std::array<ap_uint<64>, 64ul>::operator[](unsigned long)' as different function signatures were detected between this call site and other call site(s). This may impact the resources used in the design. (../src/ntt.cpp:125:50)
WARNING: [HLS 214-366] Duplicating function 'std::array<ap_uint<64>, 64ul>::operator[](unsigned long)' as different function signatures were detected between this call site and other call site(s). This may impact the resources used in the design. (../src/ntt.cpp:125:39)
WARNING: [HLS 214-366] Duplicating function 'std::array<ap_uint<64>, 64ul>::operator[](unsigned long)' as different function signatures were detected between this call site and other call site(s). This may impact the resources used in the design. (../src/ntt.cpp:125:27)
WARNING: [HLS 214-366] Duplicating function 'std::array<ap_uint<64>, 64ul>::operator[](unsigned long)' as different function signatures were detected between this call site and other call site(s). This may impact the resources used in the design. (../src/ntt.cpp:277:25)
WARNING: [HLS 214-366] Duplicating function 'std::array<ap_uint<64>, 64ul>::operator[](unsigned long)' as different function signatures were detected between this call site and other call site(s). This may impact the resources used in the design. (../src/ntt.cpp:297:13)
WARNING: [HLS 214-366] Duplicating function 'std::array<ap_uint<64>, 64ul>::operator[](unsigned long)' as different function signatures were detected between this call site and other call site(s). This may impact the resources used in the design. (../src/ntt.cpp:466:36)
WARNING: [HLS 214-366] Duplicating function 'std::array<ap_uint<64>, 64ul>::operator[](unsigned long)' as different function signatures were detected between this call site and other call site(s). This may impact the resources used in the design. (../src/ntt.cpp:344:12)
WARNING: [HLS 214-366] Duplicating function 'std::array<ap_uint<64>, 64ul>::operator[](unsigned long)' as different function signatures were detected between this call site and other call site(s). This may impact the resources used in the design. (../src/ntt.cpp:283:26)
WARNING: [HLS 214-366] Duplicating function 'std::__array_traits<ap_uint<64>, 64ul>::_S_ref(ap_uint<64> const (&) [64], unsigned long)' as different function signatures were detected between this call site and other call site(s). This may impact the resources used in the design. (/tools/Xilinx/Vitis/2024.2/tps/lnx64/gcc-8.3.0/lib/gcc/x86_64-pc-linux-gnu/8.3.0/../../../../include/c++/8.3.0/array:186:16)
INFO: [HLS 214-367] Instantiating function 'ntt_2_6_stage(hls::vector<ap_uint<64>, 64ul>, int)' to 'ntt_2_6_stage(hls::vector<ap_uint<64>, 64ul>, int) (.225)' by setting 'stage' to '5' (../src/ntt.cpp:145:18)
INFO: [HLS 214-367] Instantiating function 'ntt_2_6_stage(hls::vector<ap_uint<64>, 64ul>, int)' to 'ntt_2_6_stage(hls::vector<ap_uint<64>, 64ul>, int) (.226)' by setting 'stage' to '4' (../src/ntt.cpp:145:18)
INFO: [HLS 214-367] Instantiating function 'ntt_2_6_stage(hls::vector<ap_uint<64>, 64ul>, int)' to 'ntt_2_6_stage(hls::vector<ap_uint<64>, 64ul>, int) (.227)' by setting 'stage' to '3' (../src/ntt.cpp:145:18)
INFO: [HLS 214-367] Instantiating function 'ntt_2_6_stage(hls::vector<ap_uint<64>, 64ul>, int)' to 'ntt_2_6_stage(hls::vector<ap_uint<64>, 64ul>, int) (.228)' by setting 'stage' to '2' (../src/ntt.cpp:145:18)
INFO: [HLS 214-367] Instantiating function 'ntt_2_6_stage(hls::vector<ap_uint<64>, 64ul>, int)' to 'ntt_2_6_stage(hls::vector<ap_uint<64>, 64ul>, int) (.229)' by setting 'stage' to '1' (../src/ntt.cpp:145:18)
INFO: [HLS 214-367] Instantiating function 'ntt_2_6_stage(hls::vector<ap_uint<64>, 64ul>, int)' to 'ntt_2_6_stage(hls::vector<ap_uint<64>, 64ul>, int) (.230)' by setting 'stage' to '0' (../src/ntt.cpp:145:18)
INFO: [HLS 214-367] Instantiating function 'gs_butterfly(ap_uint<64>*, ap_uint<64>*, ap_uint<64>*, ap_uint<64>*, int)' to 'gs_butterfly(ap_uint<64>*, ap_uint<64>*, ap_uint<64>*, ap_uint<64>*, int)' by setting 'exp' to 'conv12.31' (../src/ntt.cpp:121:13)
INFO: [HLS 214-367] Instantiating function 'gs_butterfly(ap_uint<64>*, ap_uint<64>*, ap_uint<64>*, ap_uint<64>*, int)' to 'gs_butterfly(ap_uint<64>*, ap_uint<64>*, ap_uint<64>*, ap_uint<64>*, int)' by setting 'exp' to 'conv12.31' (../src/ntt.cpp:125:13)
INFO: [HLS 214-367] Instantiating function 'gs_butterfly(ap_uint<64>*, ap_uint<64>*, ap_uint<64>*, ap_uint<64>*, int)' to 'gs_butterfly(ap_uint<64>*, ap_uint<64>*, ap_uint<64>*, ap_uint<64>*, int) (.231)' by setting 'exp' to 'conv12.30' (../src/ntt.cpp:121:13)
INFO: [HLS 214-367] Instantiating function 'gs_butterfly(ap_uint<64>*, ap_uint<64>*, ap_uint<64>*, ap_uint<64>*, int)' to 'gs_butterfly(ap_uint<64>*, ap_uint<64>*, ap_uint<64>*, ap_uint<64>*, int) (.231)' by setting 'exp' to 'conv12.30' (../src/ntt.cpp:125:13)
INFO: [HLS 214-367] Instantiating function 'gs_butterfly(ap_uint<64>*, ap_uint<64>*, ap_uint<64>*, ap_uint<64>*, int)' to 'gs_butterfly(ap_uint<64>*, ap_uint<64>*, ap_uint<64>*, ap_uint<64>*, int) (.232)' by setting 'exp' to 'conv12.29' (../src/ntt.cpp:121:13)
INFO: [HLS 214-367] Instantiating function 'gs_butterfly(ap_uint<64>*, ap_uint<64>*, ap_uint<64>*, ap_uint<64>*, int)' to 'gs_butterfly(ap_uint<64>*, ap_uint<64>*, ap_uint<64>*, ap_uint<64>*, int) (.232)' by setting 'exp' to 'conv12.29' (../src/ntt.cpp:125:13)
INFO: [HLS 214-367] Instantiating function 'gs_butterfly(ap_uint<64>*, ap_uint<64>*, ap_uint<64>*, ap_uint<64>*, int)' to 'gs_butterfly(ap_uint<64>*, ap_uint<64>*, ap_uint<64>*, ap_uint<64>*, int) (.233)' by setting 'exp' to 'conv12.28' (../src/ntt.cpp:121:13)
INFO: [HLS 214-367] Instantiating function 'gs_butterfly(ap_uint<64>*, ap_uint<64>*, ap_uint<64>*, ap_uint<64>*, int)' to 'gs_butterfly(ap_uint<64>*, ap_uint<64>*, ap_uint<64>*, ap_uint<64>*, int) (.233)' by setting 'exp' to 'conv12.28' (../src/ntt.cpp:125:13)
INFO: [HLS 214-367] Instantiating function 'gs_butterfly(ap_uint<64>*, ap_uint<64>*, ap_uint<64>*, ap_uint<64>*, int)' to 'gs_butterfly(ap_uint<64>*, ap_uint<64>*, ap_uint<64>*, ap_uint<64>*, int) (.234)' by setting 'exp' to 'conv12.27' (../src/ntt.cpp:121:13)
INFO: [HLS 214-367] Instantiating function 'gs_butterfly(ap_uint<64>*, ap_uint<64>*, ap_uint<64>*, ap_uint<64>*, int)' to 'gs_butterfly(ap_uint<64>*, ap_uint<64>*, ap_uint<64>*, ap_uint<64>*, int) (.234)' by setting 'exp' to 'conv12.27' (../src/ntt.cpp:125:13)
INFO: [HLS 214-367] Instantiating function 'gs_butterfly(ap_uint<64>*, ap_uint<64>*, ap_uint<64>*, ap_uint<64>*, int)' to 'gs_butterfly(ap_uint<64>*, ap_uint<64>*, ap_uint<64>*, ap_uint<64>*, int) (.235)' by setting 'exp' to 'conv12.26' (../src/ntt.cpp:121:13)
INFO: [HLS 214-367] Instantiating function 'gs_butterfly(ap_uint<64>*, ap_uint<64>*, ap_uint<64>*, ap_uint<64>*, int)' to 'gs_butterfly(ap_uint<64>*, ap_uint<64>*, ap_uint<64>*, ap_uint<64>*, int) (.235)' by setting 'exp' to 'conv12.26' (../src/ntt.cpp:125:13)
INFO: [HLS 214-367] Instantiating function 'gs_butterfly(ap_uint<64>*, ap_uint<64>*, ap_uint<64>*, ap_uint<64>*, int)' to 'gs_butterfly(ap_uint<64>*, ap_uint<64>*, ap_uint<64>*, ap_uint<64>*, int) (.236)' by setting 'exp' to 'conv12.25' (../src/ntt.cpp:121:13)
INFO: [HLS 214-367] Instantiating function 'gs_butterfly(ap_uint<64>*, ap_uint<64>*, ap_uint<64>*, ap_uint<64>*, int)' to 'gs_butterfly(ap_uint<64>*, ap_uint<64>*, ap_uint<64>*, ap_uint<64>*, int) (.236)' by setting 'exp' to 'conv12.25' (../src/ntt.cpp:125:13)
INFO: [HLS 214-367] Instantiating function 'gs_butterfly(ap_uint<64>*, ap_uint<64>*, ap_uint<64>*, ap_uint<64>*, int)' to 'gs_butterfly(ap_uint<64>*, ap_uint<64>*, ap_uint<64>*, ap_uint<64>*, int) (.237)' by setting 'exp' to 'conv12.24' (../src/ntt.cpp:121:13)
INFO: [HLS 214-367] Instantiating function 'gs_butterfly(ap_uint<64>*, ap_uint<64>*, ap_uint<64>*, ap_uint<64>*, int)' to 'gs_butterfly(ap_uint<64>*, ap_uint<64>*, ap_uint<64>*, ap_uint<64>*, int) (.237)' by setting 'exp' to 'conv12.24' (../src/ntt.cpp:125:13)
INFO: [HLS 214-367] Instantiating function 'gs_butterfly(ap_uint<64>*, ap_uint<64>*, ap_uint<64>*, ap_uint<64>*, int)' to 'gs_butterfly(ap_uint<64>*, ap_uint<64>*, ap_uint<64>*, ap_uint<64>*, int) (.238)' by setting 'exp' to 'conv12.23' (../src/ntt.cpp:121:13)
INFO: [HLS 214-367] Instantiating function 'gs_butterfly(ap_uint<64>*, ap_uint<64>*, ap_uint<64>*, ap_uint<64>*, int)' to 'gs_butterfly(ap_uint<64>*, ap_uint<64>*, ap_uint<64>*, ap_uint<64>*, int) (.238)' by setting 'exp' to 'conv12.23' (../src/ntt.cpp:125:13)
INFO: [HLS 214-367] Instantiating function 'gs_butterfly(ap_uint<64>*, ap_uint<64>*, ap_uint<64>*, ap_uint<64>*, int)' to 'gs_butterfly(ap_uint<64>*, ap_uint<64>*, ap_uint<64>*, ap_uint<64>*, int) (.239)' by setting 'exp' to 'conv12.22' (../src/ntt.cpp:121:13)
INFO: [HLS 214-367] Instantiating function 'gs_butterfly(ap_uint<64>*, ap_uint<64>*, ap_uint<64>*, ap_uint<64>*, int)' to 'gs_butterfly(ap_uint<64>*, ap_uint<64>*, ap_uint<64>*, ap_uint<64>*, int) (.239)' by setting 'exp' to 'conv12.22' (../src/ntt.cpp:125:13)
INFO: [HLS 214-367] Instantiating function 'gs_butterfly(ap_uint<64>*, ap_uint<64>*, ap_uint<64>*, ap_uint<64>*, int)' to 'gs_butterfly(ap_uint<64>*, ap_uint<64>*, ap_uint<64>*, ap_uint<64>*, int) (.240)' by setting 'exp' to 'conv12.21' (../src/ntt.cpp:121:13)
INFO: [HLS 214-367] Instantiating function 'gs_butterfly(ap_uint<64>*, ap_uint<64>*, ap_uint<64>*, ap_uint<64>*, int)' to 'gs_butterfly(ap_uint<64>*, ap_uint<64>*, ap_uint<64>*, ap_uint<64>*, int) (.240)' by setting 'exp' to 'conv12.21' (../src/ntt.cpp:125:13)
INFO: [HLS 214-367] Instantiating function 'gs_butterfly(ap_uint<64>*, ap_uint<64>*, ap_uint<64>*, ap_uint<64>*, int)' to 'gs_butterfly(ap_uint<64>*, ap_uint<64>*, ap_uint<64>*, ap_uint<64>*, int) (.241)' by setting 'exp' to 'conv12.20' (../src/ntt.cpp:121:13)
INFO: [HLS 214-367] Instantiating function 'gs_butterfly(ap_uint<64>*, ap_uint<64>*, ap_uint<64>*, ap_uint<64>*, int)' to 'gs_butterfly(ap_uint<64>*, ap_uint<64>*, ap_uint<64>*, ap_uint<64>*, int) (.241)' by setting 'exp' to 'conv12.20' (../src/ntt.cpp:125:13)
INFO: [HLS 214-367] Instantiating function 'gs_butterfly(ap_uint<64>*, ap_uint<64>*, ap_uint<64>*, ap_uint<64>*, int)' to 'gs_butterfly(ap_uint<64>*, ap_uint<64>*, ap_uint<64>*, ap_uint<64>*, int) (.242)' by setting 'exp' to 'conv12.19' (../src/ntt.cpp:121:13)
INFO: [HLS 214-367] Instantiating function 'gs_butterfly(ap_uint<64>*, ap_uint<64>*, ap_uint<64>*, ap_uint<64>*, int)' to 'gs_butterfly(ap_uint<64>*, ap_uint<64>*, ap_uint<64>*, ap_uint<64>*, int) (.242)' by setting 'exp' to 'conv12.19' (../src/ntt.cpp:125:13)
INFO: [HLS 214-367] Instantiating function 'gs_butterfly(ap_uint<64>*, ap_uint<64>*, ap_uint<64>*, ap_uint<64>*, int)' to 'gs_butterfly(ap_uint<64>*, ap_uint<64>*, ap_uint<64>*, ap_uint<64>*, int) (.243)' by setting 'exp' to 'conv12.18' (../src/ntt.cpp:121:13)
INFO: [HLS 214-367] Instantiating function 'gs_butterfly(ap_uint<64>*, ap_uint<64>*, ap_uint<64>*, ap_uint<64>*, int)' to 'gs_butterfly(ap_uint<64>*, ap_uint<64>*, ap_uint<64>*, ap_uint<64>*, int) (.243)' by setting 'exp' to 'conv12.18' (../src/ntt.cpp:125:13)
INFO: [HLS 214-367] Instantiating function 'gs_butterfly(ap_uint<64>*, ap_uint<64>*, ap_uint<64>*, ap_uint<64>*, int)' to 'gs_butterfly(ap_uint<64>*, ap_uint<64>*, ap_uint<64>*, ap_uint<64>*, int) (.244)' by setting 'exp' to 'conv12.17' (../src/ntt.cpp:121:13)
INFO: [HLS 214-367] Instantiating function 'gs_butterfly(ap_uint<64>*, ap_uint<64>*, ap_uint<64>*, ap_uint<64>*, int)' to 'gs_butterfly(ap_uint<64>*, ap_uint<64>*, ap_uint<64>*, ap_uint<64>*, int) (.244)' by setting 'exp' to 'conv12.17' (../src/ntt.cpp:125:13)
INFO: [HLS 214-367] Instantiating function 'gs_butterfly(ap_uint<64>*, ap_uint<64>*, ap_uint<64>*, ap_uint<64>*, int)' to 'gs_butterfly(ap_uint<64>*, ap_uint<64>*, ap_uint<64>*, ap_uint<64>*, int) (.245)' by setting 'exp' to 'conv12.16' (../src/ntt.cpp:121:13)
INFO: [HLS 214-367] Instantiating function 'gs_butterfly(ap_uint<64>*, ap_uint<64>*, ap_uint<64>*, ap_uint<64>*, int)' to 'gs_butterfly(ap_uint<64>*, ap_uint<64>*, ap_uint<64>*, ap_uint<64>*, int) (.245)' by setting 'exp' to 'conv12.16' (../src/ntt.cpp:125:13)
INFO: [HLS 214-367] Instantiating function 'gs_butterfly(ap_uint<64>*, ap_uint<64>*, ap_uint<64>*, ap_uint<64>*, int)' to 'gs_butterfly(ap_uint<64>*, ap_uint<64>*, ap_uint<64>*, ap_uint<64>*, int) (.246)' by setting 'exp' to 'conv12.15' (../src/ntt.cpp:121:13)
INFO: [HLS 214-367] Instantiating function 'gs_butterfly(ap_uint<64>*, ap_uint<64>*, ap_uint<64>*, ap_uint<64>*, int)' to 'gs_butterfly(ap_uint<64>*, ap_uint<64>*, ap_uint<64>*, ap_uint<64>*, int) (.246)' by setting 'exp' to 'conv12.15' (../src/ntt.cpp:125:13)
INFO: [HLS 214-367] Instantiating function 'gs_butterfly(ap_uint<64>*, ap_uint<64>*, ap_uint<64>*, ap_uint<64>*, int)' to 'gs_butterfly(ap_uint<64>*, ap_uint<64>*, ap_uint<64>*, ap_uint<64>*, int) (.247)' by setting 'exp' to 'conv12.14' (../src/ntt.cpp:121:13)
INFO: [HLS 214-367] Instantiating function 'gs_butterfly(ap_uint<64>*, ap_uint<64>*, ap_uint<64>*, ap_uint<64>*, int)' to 'gs_butterfly(ap_uint<64>*, ap_uint<64>*, ap_uint<64>*, ap_uint<64>*, int) (.247)' by setting 'exp' to 'conv12.14' (../src/ntt.cpp:125:13)
INFO: [HLS 214-367] Instantiating function 'gs_butterfly(ap_uint<64>*, ap_uint<64>*, ap_uint<64>*, ap_uint<64>*, int)' to 'gs_butterfly(ap_uint<64>*, ap_uint<64>*, ap_uint<64>*, ap_uint<64>*, int) (.248)' by setting 'exp' to 'conv12.13' (../src/ntt.cpp:121:13)
INFO: [HLS 214-367] Instantiating function 'gs_butterfly(ap_uint<64>*, ap_uint<64>*, ap_uint<64>*, ap_uint<64>*, int)' to 'gs_butterfly(ap_uint<64>*, ap_uint<64>*, ap_uint<64>*, ap_uint<64>*, int) (.248)' by setting 'exp' to 'conv12.13' (../src/ntt.cpp:125:13)
INFO: [HLS 214-367] Instantiating function 'gs_butterfly(ap_uint<64>*, ap_uint<64>*, ap_uint<64>*, ap_uint<64>*, int)' to 'gs_butterfly(ap_uint<64>*, ap_uint<64>*, ap_uint<64>*, ap_uint<64>*, int) (.249)' by setting 'exp' to 'conv12.12' (../src/ntt.cpp:121:13)
INFO: [HLS 214-367] Instantiating function 'gs_butterfly(ap_uint<64>*, ap_uint<64>*, ap_uint<64>*, ap_uint<64>*, int)' to 'gs_butterfly(ap_uint<64>*, ap_uint<64>*, ap_uint<64>*, ap_uint<64>*, int) (.249)' by setting 'exp' to 'conv12.12' (../src/ntt.cpp:125:13)
INFO: [HLS 214-367] Instantiating function 'gs_butterfly(ap_uint<64>*, ap_uint<64>*, ap_uint<64>*, ap_uint<64>*, int)' to 'gs_butterfly(ap_uint<64>*, ap_uint<64>*, ap_uint<64>*, ap_uint<64>*, int) (.250)' by setting 'exp' to 'conv12.11' (../src/ntt.cpp:121:13)
INFO: [HLS 214-367] Instantiating function 'gs_butterfly(ap_uint<64>*, ap_uint<64>*, ap_uint<64>*, ap_uint<64>*, int)' to 'gs_butterfly(ap_uint<64>*, ap_uint<64>*, ap_uint<64>*, ap_uint<64>*, int) (.250)' by setting 'exp' to 'conv12.11' (../src/ntt.cpp:125:13)
INFO: [HLS 214-367] Instantiating function 'gs_butterfly(ap_uint<64>*, ap_uint<64>*, ap_uint<64>*, ap_uint<64>*, int)' to 'gs_butterfly(ap_uint<64>*, ap_uint<64>*, ap_uint<64>*, ap_uint<64>*, int) (.251)' by setting 'exp' to 'conv12.10' (../src/ntt.cpp:121:13)
INFO: [HLS 214-367] Instantiating function 'gs_butterfly(ap_uint<64>*, ap_uint<64>*, ap_uint<64>*, ap_uint<64>*, int)' to 'gs_butterfly(ap_uint<64>*, ap_uint<64>*, ap_uint<64>*, ap_uint<64>*, int) (.251)' by setting 'exp' to 'conv12.10' (../src/ntt.cpp:125:13)
INFO: [HLS 214-367] Instantiating function 'gs_butterfly(ap_uint<64>*, ap_uint<64>*, ap_uint<64>*, ap_uint<64>*, int)' to 'gs_butterfly(ap_uint<64>*, ap_uint<64>*, ap_uint<64>*, ap_uint<64>*, int) (.252)' by setting 'exp' to 'conv12.9' (../src/ntt.cpp:121:13)
INFO: [HLS 214-367] Instantiating function 'gs_butterfly(ap_uint<64>*, ap_uint<64>*, ap_uint<64>*, ap_uint<64>*, int)' to 'gs_butterfly(ap_uint<64>*, ap_uint<64>*, ap_uint<64>*, ap_uint<64>*, int) (.252)' by setting 'exp' to 'conv12.9' (../src/ntt.cpp:125:13)
INFO: [HLS 214-367] Instantiating function 'gs_butterfly(ap_uint<64>*, ap_uint<64>*, ap_uint<64>*, ap_uint<64>*, int)' to 'gs_butterfly(ap_uint<64>*, ap_uint<64>*, ap_uint<64>*, ap_uint<64>*, int) (.253)' by setting 'exp' to 'conv12.8' (../src/ntt.cpp:121:13)
INFO: [HLS 214-367] Instantiating function 'gs_butterfly(ap_uint<64>*, ap_uint<64>*, ap_uint<64>*, ap_uint<64>*, int)' to 'gs_butterfly(ap_uint<64>*, ap_uint<64>*, ap_uint<64>*, ap_uint<64>*, int) (.253)' by setting 'exp' to 'conv12.8' (../src/ntt.cpp:125:13)
INFO: [HLS 214-367] Instantiating function 'gs_butterfly(ap_uint<64>*, ap_uint<64>*, ap_uint<64>*, ap_uint<64>*, int)' to 'gs_butterfly(ap_uint<64>*, ap_uint<64>*, ap_uint<64>*, ap_uint<64>*, int) (.254)' by setting 'exp' to 'conv12.7' (../src/ntt.cpp:121:13)
INFO: [HLS 214-367] Instantiating function 'gs_butterfly(ap_uint<64>*, ap_uint<64>*, ap_uint<64>*, ap_uint<64>*, int)' to 'gs_butterfly(ap_uint<64>*, ap_uint<64>*, ap_uint<64>*, ap_uint<64>*, int) (.254)' by setting 'exp' to 'conv12.7' (../src/ntt.cpp:125:13)
INFO: [HLS 214-367] Instantiating function 'gs_butterfly(ap_uint<64>*, ap_uint<64>*, ap_uint<64>*, ap_uint<64>*, int)' to 'gs_butterfly(ap_uint<64>*, ap_uint<64>*, ap_uint<64>*, ap_uint<64>*, int) (.255)' by setting 'exp' to 'conv12.6' (../src/ntt.cpp:121:13)
INFO: [HLS 214-367] Instantiating function 'gs_butterfly(ap_uint<64>*, ap_uint<64>*, ap_uint<64>*, ap_uint<64>*, int)' to 'gs_butterfly(ap_uint<64>*, ap_uint<64>*, ap_uint<64>*, ap_uint<64>*, int) (.255)' by setting 'exp' to 'conv12.6' (../src/ntt.cpp:125:13)
INFO: [HLS 214-367] Instantiating function 'gs_butterfly(ap_uint<64>*, ap_uint<64>*, ap_uint<64>*, ap_uint<64>*, int)' to 'gs_butterfly(ap_uint<64>*, ap_uint<64>*, ap_uint<64>*, ap_uint<64>*, int) (.256)' by setting 'exp' to 'conv12.5' (../src/ntt.cpp:121:13)
INFO: [HLS 214-367] Instantiating function 'gs_butterfly(ap_uint<64>*, ap_uint<64>*, ap_uint<64>*, ap_uint<64>*, int)' to 'gs_butterfly(ap_uint<64>*, ap_uint<64>*, ap_uint<64>*, ap_uint<64>*, int) (.256)' by setting 'exp' to 'conv12.5' (../src/ntt.cpp:125:13)
INFO: [HLS 214-367] Instantiating function 'gs_butterfly(ap_uint<64>*, ap_uint<64>*, ap_uint<64>*, ap_uint<64>*, int)' to 'gs_butterfly(ap_uint<64>*, ap_uint<64>*, ap_uint<64>*, ap_uint<64>*, int) (.257)' by setting 'exp' to 'conv12.4' (../src/ntt.cpp:121:13)
INFO: [HLS 214-367] Instantiating function 'gs_butterfly(ap_uint<64>*, ap_uint<64>*, ap_uint<64>*, ap_uint<64>*, int)' to 'gs_butterfly(ap_uint<64>*, ap_uint<64>*, ap_uint<64>*, ap_uint<64>*, int) (.257)' by setting 'exp' to 'conv12.4' (../src/ntt.cpp:125:13)
INFO: [HLS 214-367] Instantiating function 'gs_butterfly(ap_uint<64>*, ap_uint<64>*, ap_uint<64>*, ap_uint<64>*, int)' to 'gs_butterfly(ap_uint<64>*, ap_uint<64>*, ap_uint<64>*, ap_uint<64>*, int) (.258)' by setting 'exp' to 'conv12.3' (../src/ntt.cpp:121:13)
INFO: [HLS 214-367] Instantiating function 'gs_butterfly(ap_uint<64>*, ap_uint<64>*, ap_uint<64>*, ap_uint<64>*, int)' to 'gs_butterfly(ap_uint<64>*, ap_uint<64>*, ap_uint<64>*, ap_uint<64>*, int) (.258)' by setting 'exp' to 'conv12.3' (../src/ntt.cpp:125:13)
INFO: [HLS 214-367] Instantiating function 'gs_butterfly(ap_uint<64>*, ap_uint<64>*, ap_uint<64>*, ap_uint<64>*, int)' to 'gs_butterfly(ap_uint<64>*, ap_uint<64>*, ap_uint<64>*, ap_uint<64>*, int) (.259)' by setting 'exp' to 'conv12.2' (../src/ntt.cpp:121:13)
INFO: [HLS 214-367] Instantiating function 'gs_butterfly(ap_uint<64>*, ap_uint<64>*, ap_uint<64>*, ap_uint<64>*, int)' to 'gs_butterfly(ap_uint<64>*, ap_uint<64>*, ap_uint<64>*, ap_uint<64>*, int) (.259)' by setting 'exp' to 'conv12.2' (../src/ntt.cpp:125:13)
INFO: [HLS 214-367] Instantiating function 'gs_butterfly(ap_uint<64>*, ap_uint<64>*, ap_uint<64>*, ap_uint<64>*, int)' to 'gs_butterfly(ap_uint<64>*, ap_uint<64>*, ap_uint<64>*, ap_uint<64>*, int) (.260)' by setting 'exp' to 'conv12.1' (../src/ntt.cpp:121:13)
INFO: [HLS 214-367] Instantiating function 'gs_butterfly(ap_uint<64>*, ap_uint<64>*, ap_uint<64>*, ap_uint<64>*, int)' to 'gs_butterfly(ap_uint<64>*, ap_uint<64>*, ap_uint<64>*, ap_uint<64>*, int) (.260)' by setting 'exp' to 'conv12.1' (../src/ntt.cpp:125:13)
INFO: [HLS 214-367] Instantiating function 'gs_butterfly(ap_uint<64>*, ap_uint<64>*, ap_uint<64>*, ap_uint<64>*, int)' to 'gs_butterfly(ap_uint<64>*, ap_uint<64>*, ap_uint<64>*, ap_uint<64>*, int) (.261)' by setting 'exp' to '0' (../src/ntt.cpp:125:13)
INFO: [HLS 214-367] Instantiating function 'gs_butterfly(ap_uint<64>*, ap_uint<64>*, ap_uint<64>*, ap_uint<64>*, int)' to 'gs_butterfly(ap_uint<64>*, ap_uint<64>*, ap_uint<64>*, ap_uint<64>*, int) (.261)' by setting 'exp' to '0' (../src/ntt.cpp:121:13)
INFO: [HLS 214-367] Instantiating function 'gs_butterfly(ap_uint<64>*, ap_uint<64>*, ap_uint<64>*, ap_uint<64>*, int)' to 'gs_butterfly(ap_uint<64>*, ap_uint<64>*, ap_uint<64>*, ap_uint<64>*, int) (.262)' by setting 'exp' to 'conv12.31' (../src/ntt.cpp:121:13)
INFO: [HLS 214-367] Instantiating function 'gs_butterfly(ap_uint<64>*, ap_uint<64>*, ap_uint<64>*, ap_uint<64>*, int)' to 'gs_butterfly(ap_uint<64>*, ap_uint<64>*, ap_uint<64>*, ap_uint<64>*, int) (.262)' by setting 'exp' to 'conv12.31' (../src/ntt.cpp:125:13)
INFO: [HLS 214-367] Instantiating function 'gs_butterfly(ap_uint<64>*, ap_uint<64>*, ap_uint<64>*, ap_uint<64>*, int)' to 'gs_butterfly(ap_uint<64>*, ap_uint<64>*, ap_uint<64>*, ap_uint<64>*, int) (.263)' by setting 'exp' to 'conv12.30' (../src/ntt.cpp:121:13)
INFO: [HLS 214-367] Instantiating function 'gs_butterfly(ap_uint<64>*, ap_uint<64>*, ap_uint<64>*, ap_uint<64>*, int)' to 'gs_butterfly(ap_uint<64>*, ap_uint<64>*, ap_uint<64>*, ap_uint<64>*, int) (.263)' by setting 'exp' to 'conv12.30' (../src/ntt.cpp:125:13)
INFO: [HLS 214-367] Instantiating function 'gs_butterfly(ap_uint<64>*, ap_uint<64>*, ap_uint<64>*, ap_uint<64>*, int)' to 'gs_butterfly(ap_uint<64>*, ap_uint<64>*, ap_uint<64>*, ap_uint<64>*, int) (.264)' by setting 'exp' to 'conv12.29' (../src/ntt.cpp:121:13)
INFO: [HLS 214-367] Instantiating function 'gs_butterfly(ap_uint<64>*, ap_uint<64>*, ap_uint<64>*, ap_uint<64>*, int)' to 'gs_butterfly(ap_uint<64>*, ap_uint<64>*, ap_uint<64>*, ap_uint<64>*, int) (.264)' by setting 'exp' to 'conv12.29' (../src/ntt.cpp:125:13)
INFO: [HLS 214-367] Instantiating function 'gs_butterfly(ap_uint<64>*, ap_uint<64>*, ap_uint<64>*, ap_uint<64>*, int)' to 'gs_butterfly(ap_uint<64>*, ap_uint<64>*, ap_uint<64>*, ap_uint<64>*, int) (.265)' by setting 'exp' to 'conv12.28' (../src/ntt.cpp:121:13)
INFO: [HLS 214-367] Instantiating function 'gs_butterfly(ap_uint<64>*, ap_uint<64>*, ap_uint<64>*, ap_uint<64>*, int)' to 'gs_butterfly(ap_uint<64>*, ap_uint<64>*, ap_uint<64>*, ap_uint<64>*, int) (.265)' by setting 'exp' to 'conv12.28' (../src/ntt.cpp:125:13)
INFO: [HLS 214-367] Instantiating function 'gs_butterfly(ap_uint<64>*, ap_uint<64>*, ap_uint<64>*, ap_uint<64>*, int)' to 'gs_butterfly(ap_uint<64>*, ap_uint<64>*, ap_uint<64>*, ap_uint<64>*, int) (.266)' by setting 'exp' to 'conv12.27' (../src/ntt.cpp:121:13)
INFO: [HLS 214-367] Instantiating function 'gs_butterfly(ap_uint<64>*, ap_uint<64>*, ap_uint<64>*, ap_uint<64>*, int)' to 'gs_butterfly(ap_uint<64>*, ap_uint<64>*, ap_uint<64>*, ap_uint<64>*, int) (.266)' by setting 'exp' to 'conv12.27' (../src/ntt.cpp:125:13)
INFO: [HLS 214-367] Instantiating function 'gs_butterfly(ap_uint<64>*, ap_uint<64>*, ap_uint<64>*, ap_uint<64>*, int)' to 'gs_butterfly(ap_uint<64>*, ap_uint<64>*, ap_uint<64>*, ap_uint<64>*, int) (.267)' by setting 'exp' to 'conv12.26' (../src/ntt.cpp:121:13)
INFO: [HLS 214-367] Instantiating function 'gs_butterfly(ap_uint<64>*, ap_uint<64>*, ap_uint<64>*, ap_uint<64>*, int)' to 'gs_butterfly(ap_uint<64>*, ap_uint<64>*, ap_uint<64>*, ap_uint<64>*, int) (.267)' by setting 'exp' to 'conv12.26' (../src/ntt.cpp:125:13)
INFO: [HLS 214-367] Instantiating function 'gs_butterfly(ap_uint<64>*, ap_uint<64>*, ap_uint<64>*, ap_uint<64>*, int)' to 'gs_butterfly(ap_uint<64>*, ap_uint<64>*, ap_uint<64>*, ap_uint<64>*, int) (.268)' by setting 'exp' to 'conv12.25' (../src/ntt.cpp:121:13)
INFO: [HLS 214-367] Instantiating function 'gs_butterfly(ap_uint<64>*, ap_uint<64>*, ap_uint<64>*, ap_uint<64>*, int)' to 'gs_butterfly(ap_uint<64>*, ap_uint<64>*, ap_uint<64>*, ap_uint<64>*, int) (.268)' by setting 'exp' to 'conv12.25' (../src/ntt.cpp:125:13)
INFO: [HLS 214-367] Instantiating function 'gs_butterfly(ap_uint<64>*, ap_uint<64>*, ap_uint<64>*, ap_uint<64>*, int)' to 'gs_butterfly(ap_uint<64>*, ap_uint<64>*, ap_uint<64>*, ap_uint<64>*, int) (.269)' by setting 'exp' to 'conv12.24' (../src/ntt.cpp:121:13)
INFO: [HLS 214-367] Instantiating function 'gs_butterfly(ap_uint<64>*, ap_uint<64>*, ap_uint<64>*, ap_uint<64>*, int)' to 'gs_butterfly(ap_uint<64>*, ap_uint<64>*, ap_uint<64>*, ap_uint<64>*, int) (.269)' by setting 'exp' to 'conv12.24' (../src/ntt.cpp:125:13)
INFO: [HLS 214-367] Instantiating function 'gs_butterfly(ap_uint<64>*, ap_uint<64>*, ap_uint<64>*, ap_uint<64>*, int)' to 'gs_butterfly(ap_uint<64>*, ap_uint<64>*, ap_uint<64>*, ap_uint<64>*, int) (.270)' by setting 'exp' to 'conv12.23' (../src/ntt.cpp:121:13)
INFO: [HLS 214-367] Instantiating function 'gs_butterfly(ap_uint<64>*, ap_uint<64>*, ap_uint<64>*, ap_uint<64>*, int)' to 'gs_butterfly(ap_uint<64>*, ap_uint<64>*, ap_uint<64>*, ap_uint<64>*, int) (.270)' by setting 'exp' to 'conv12.23' (../src/ntt.cpp:125:13)
INFO: [HLS 214-367] Instantiating function 'gs_butterfly(ap_uint<64>*, ap_uint<64>*, ap_uint<64>*, ap_uint<64>*, int)' to 'gs_butterfly(ap_uint<64>*, ap_uint<64>*, ap_uint<64>*, ap_uint<64>*, int) (.271)' by setting 'exp' to 'conv12.22' (../src/ntt.cpp:121:13)
INFO: [HLS 214-367] Instantiating function 'gs_butterfly(ap_uint<64>*, ap_uint<64>*, ap_uint<64>*, ap_uint<64>*, int)' to 'gs_butterfly(ap_uint<64>*, ap_uint<64>*, ap_uint<64>*, ap_uint<64>*, int) (.271)' by setting 'exp' to 'conv12.22' (../src/ntt.cpp:125:13)
INFO: [HLS 214-367] Instantiating function 'gs_butterfly(ap_uint<64>*, ap_uint<64>*, ap_uint<64>*, ap_uint<64>*, int)' to 'gs_butterfly(ap_uint<64>*, ap_uint<64>*, ap_uint<64>*, ap_uint<64>*, int) (.272)' by setting 'exp' to 'conv12.21' (../src/ntt.cpp:121:13)
INFO: [HLS 214-367] Instantiating function 'gs_butterfly(ap_uint<64>*, ap_uint<64>*, ap_uint<64>*, ap_uint<64>*, int)' to 'gs_butterfly(ap_uint<64>*, ap_uint<64>*, ap_uint<64>*, ap_uint<64>*, int) (.272)' by setting 'exp' to 'conv12.21' (../src/ntt.cpp:125:13)
INFO: [HLS 214-367] Instantiating function 'gs_butterfly(ap_uint<64>*, ap_uint<64>*, ap_uint<64>*, ap_uint<64>*, int)' to 'gs_butterfly(ap_uint<64>*, ap_uint<64>*, ap_uint<64>*, ap_uint<64>*, int) (.273)' by setting 'exp' to 'conv12.20' (../src/ntt.cpp:121:13)
INFO: [HLS 214-367] Instantiating function 'gs_butterfly(ap_uint<64>*, ap_uint<64>*, ap_uint<64>*, ap_uint<64>*, int)' to 'gs_butterfly(ap_uint<64>*, ap_uint<64>*, ap_uint<64>*, ap_uint<64>*, int) (.273)' by setting 'exp' to 'conv12.20' (../src/ntt.cpp:125:13)
INFO: [HLS 214-367] Instantiating function 'gs_butterfly(ap_uint<64>*, ap_uint<64>*, ap_uint<64>*, ap_uint<64>*, int)' to 'gs_butterfly(ap_uint<64>*, ap_uint<64>*, ap_uint<64>*, ap_uint<64>*, int) (.274)' by setting 'exp' to 'conv12.19' (../src/ntt.cpp:121:13)
INFO: [HLS 214-367] Instantiating function 'gs_butterfly(ap_uint<64>*, ap_uint<64>*, ap_uint<64>*, ap_uint<64>*, int)' to 'gs_butterfly(ap_uint<64>*, ap_uint<64>*, ap_uint<64>*, ap_uint<64>*, int) (.274)' by setting 'exp' to 'conv12.19' (../src/ntt.cpp:125:13)
INFO: [HLS 214-367] Instantiating function 'gs_butterfly(ap_uint<64>*, ap_uint<64>*, ap_uint<64>*, ap_uint<64>*, int)' to 'gs_butterfly(ap_uint<64>*, ap_uint<64>*, ap_uint<64>*, ap_uint<64>*, int) (.275)' by setting 'exp' to 'conv12.18' (../src/ntt.cpp:121:13)
INFO: [HLS 214-367] Instantiating function 'gs_butterfly(ap_uint<64>*, ap_uint<64>*, ap_uint<64>*, ap_uint<64>*, int)' to 'gs_butterfly(ap_uint<64>*, ap_uint<64>*, ap_uint<64>*, ap_uint<64>*, int) (.275)' by setting 'exp' to 'conv12.18' (../src/ntt.cpp:125:13)
INFO: [HLS 214-367] Instantiating function 'gs_butterfly(ap_uint<64>*, ap_uint<64>*, ap_uint<64>*, ap_uint<64>*, int)' to 'gs_butterfly(ap_uint<64>*, ap_uint<64>*, ap_uint<64>*, ap_uint<64>*, int) (.276)' by setting 'exp' to 'conv12.17' (../src/ntt.cpp:121:13)
INFO: [HLS 214-367] Instantiating function 'gs_butterfly(ap_uint<64>*, ap_uint<64>*, ap_uint<64>*, ap_uint<64>*, int)' to 'gs_butterfly(ap_uint<64>*, ap_uint<64>*, ap_uint<64>*, ap_uint<64>*, int) (.276)' by setting 'exp' to 'conv12.17' (../src/ntt.cpp:125:13)
INFO: [HLS 214-367] Instantiating function 'gs_butterfly(ap_uint<64>*, ap_uint<64>*, ap_uint<64>*, ap_uint<64>*, int)' to 'gs_butterfly(ap_uint<64>*, ap_uint<64>*, ap_uint<64>*, ap_uint<64>*, int) (.277)' by setting 'exp' to 'conv12.16' (../src/ntt.cpp:121:13)
INFO: [HLS 214-367] Instantiating function 'gs_butterfly(ap_uint<64>*, ap_uint<64>*, ap_uint<64>*, ap_uint<64>*, int)' to 'gs_butterfly(ap_uint<64>*, ap_uint<64>*, ap_uint<64>*, ap_uint<64>*, int) (.277)' by setting 'exp' to 'conv12.16' (../src/ntt.cpp:125:13)
INFO: [HLS 214-367] Instantiating function 'gs_butterfly(ap_uint<64>*, ap_uint<64>*, ap_uint<64>*, ap_uint<64>*, int)' to 'gs_butterfly(ap_uint<64>*, ap_uint<64>*, ap_uint<64>*, ap_uint<64>*, int) (.278)' by setting 'exp' to 'conv12.15' (../src/ntt.cpp:121:13)
INFO: [HLS 214-367] Instantiating function 'gs_butterfly(ap_uint<64>*, ap_uint<64>*, ap_uint<64>*, ap_uint<64>*, int)' to 'gs_butterfly(ap_uint<64>*, ap_uint<64>*, ap_uint<64>*, ap_uint<64>*, int) (.278)' by setting 'exp' to 'conv12.15' (../src/ntt.cpp:125:13)
INFO: [HLS 214-367] Instantiating function 'gs_butterfly(ap_uint<64>*, ap_uint<64>*, ap_uint<64>*, ap_uint<64>*, int)' to 'gs_butterfly(ap_uint<64>*, ap_uint<64>*, ap_uint<64>*, ap_uint<64>*, int) (.279)' by setting 'exp' to 'conv12.14' (../src/ntt.cpp:121:13)
INFO: [HLS 214-367] Instantiating function 'gs_butterfly(ap_uint<64>*, ap_uint<64>*, ap_uint<64>*, ap_uint<64>*, int)' to 'gs_butterfly(ap_uint<64>*, ap_uint<64>*, ap_uint<64>*, ap_uint<64>*, int) (.279)' by setting 'exp' to 'conv12.14' (../src/ntt.cpp:125:13)
INFO: [HLS 214-367] Instantiating function 'gs_butterfly(ap_uint<64>*, ap_uint<64>*, ap_uint<64>*, ap_uint<64>*, int)' to 'gs_butterfly(ap_uint<64>*, ap_uint<64>*, ap_uint<64>*, ap_uint<64>*, int) (.280)' by setting 'exp' to 'conv12.13' (../src/ntt.cpp:121:13)
INFO: [HLS 214-367] Instantiating function 'gs_butterfly(ap_uint<64>*, ap_uint<64>*, ap_uint<64>*, ap_uint<64>*, int)' to 'gs_butterfly(ap_uint<64>*, ap_uint<64>*, ap_uint<64>*, ap_uint<64>*, int) (.280)' by setting 'exp' to 'conv12.13' (../src/ntt.cpp:125:13)
INFO: [HLS 214-367] Instantiating function 'gs_butterfly(ap_uint<64>*, ap_uint<64>*, ap_uint<64>*, ap_uint<64>*, int)' to 'gs_butterfly(ap_uint<64>*, ap_uint<64>*, ap_uint<64>*, ap_uint<64>*, int) (.281)' by setting 'exp' to 'conv12.12' (../src/ntt.cpp:121:13)
INFO: [HLS 214-367] Instantiating function 'gs_butterfly(ap_uint<64>*, ap_uint<64>*, ap_uint<64>*, ap_uint<64>*, int)' to 'gs_butterfly(ap_uint<64>*, ap_uint<64>*, ap_uint<64>*, ap_uint<64>*, int) (.281)' by setting 'exp' to 'conv12.12' (../src/ntt.cpp:125:13)
INFO: [HLS 214-367] Instantiating function 'gs_butterfly(ap_uint<64>*, ap_uint<64>*, ap_uint<64>*, ap_uint<64>*, int)' to 'gs_butterfly(ap_uint<64>*, ap_uint<64>*, ap_uint<64>*, ap_uint<64>*, int) (.282)' by setting 'exp' to 'conv12.11' (../src/ntt.cpp:121:13)
INFO: [HLS 214-367] Instantiating function 'gs_butterfly(ap_uint<64>*, ap_uint<64>*, ap_uint<64>*, ap_uint<64>*, int)' to 'gs_butterfly(ap_uint<64>*, ap_uint<64>*, ap_uint<64>*, ap_uint<64>*, int) (.282)' by setting 'exp' to 'conv12.11' (../src/ntt.cpp:125:13)
INFO: [HLS 214-367] Instantiating function 'gs_butterfly(ap_uint<64>*, ap_uint<64>*, ap_uint<64>*, ap_uint<64>*, int)' to 'gs_butterfly(ap_uint<64>*, ap_uint<64>*, ap_uint<64>*, ap_uint<64>*, int) (.283)' by setting 'exp' to 'conv12.10' (../src/ntt.cpp:121:13)
INFO: [HLS 214-367] Instantiating function 'gs_butterfly(ap_uint<64>*, ap_uint<64>*, ap_uint<64>*, ap_uint<64>*, int)' to 'gs_butterfly(ap_uint<64>*, ap_uint<64>*, ap_uint<64>*, ap_uint<64>*, int) (.283)' by setting 'exp' to 'conv12.10' (../src/ntt.cpp:125:13)
INFO: [HLS 214-367] Instantiating function 'gs_butterfly(ap_uint<64>*, ap_uint<64>*, ap_uint<64>*, ap_uint<64>*, int)' to 'gs_butterfly(ap_uint<64>*, ap_uint<64>*, ap_uint<64>*, ap_uint<64>*, int) (.284)' by setting 'exp' to 'conv12.9' (../src/ntt.cpp:121:13)
INFO: [HLS 214-367] Instantiating function 'gs_butterfly(ap_uint<64>*, ap_uint<64>*, ap_uint<64>*, ap_uint<64>*, int)' to 'gs_butterfly(ap_uint<64>*, ap_uint<64>*, ap_uint<64>*, ap_uint<64>*, int) (.284)' by setting 'exp' to 'conv12.9' (../src/ntt.cpp:125:13)
INFO: [HLS 214-367] Instantiating function 'gs_butterfly(ap_uint<64>*, ap_uint<64>*, ap_uint<64>*, ap_uint<64>*, int)' to 'gs_butterfly(ap_uint<64>*, ap_uint<64>*, ap_uint<64>*, ap_uint<64>*, int) (.285)' by setting 'exp' to 'conv12.8' (../src/ntt.cpp:121:13)
INFO: [HLS 214-367] Instantiating function 'gs_butterfly(ap_uint<64>*, ap_uint<64>*, ap_uint<64>*, ap_uint<64>*, int)' to 'gs_butterfly(ap_uint<64>*, ap_uint<64>*, ap_uint<64>*, ap_uint<64>*, int) (.285)' by setting 'exp' to 'conv12.8' (../src/ntt.cpp:125:13)
INFO: [HLS 214-367] Instantiating function 'gs_butterfly(ap_uint<64>*, ap_uint<64>*, ap_uint<64>*, ap_uint<64>*, int)' to 'gs_butterfly(ap_uint<64>*, ap_uint<64>*, ap_uint<64>*, ap_uint<64>*, int) (.286)' by setting 'exp' to 'conv12.7' (../src/ntt.cpp:121:13)
INFO: [HLS 214-367] Instantiating function 'gs_butterfly(ap_uint<64>*, ap_uint<64>*, ap_uint<64>*, ap_uint<64>*, int)' to 'gs_butterfly(ap_uint<64>*, ap_uint<64>*, ap_uint<64>*, ap_uint<64>*, int) (.286)' by setting 'exp' to 'conv12.7' (../src/ntt.cpp:125:13)
INFO: [HLS 214-367] Instantiating function 'gs_butterfly(ap_uint<64>*, ap_uint<64>*, ap_uint<64>*, ap_uint<64>*, int)' to 'gs_butterfly(ap_uint<64>*, ap_uint<64>*, ap_uint<64>*, ap_uint<64>*, int) (.287)' by setting 'exp' to 'conv12.6' (../src/ntt.cpp:121:13)
INFO: [HLS 214-367] Instantiating function 'gs_butterfly(ap_uint<64>*, ap_uint<64>*, ap_uint<64>*, ap_uint<64>*, int)' to 'gs_butterfly(ap_uint<64>*, ap_uint<64>*, ap_uint<64>*, ap_uint<64>*, int) (.287)' by setting 'exp' to 'conv12.6' (../src/ntt.cpp:125:13)
INFO: [HLS 214-367] Instantiating function 'gs_butterfly(ap_uint<64>*, ap_uint<64>*, ap_uint<64>*, ap_uint<64>*, int)' to 'gs_butterfly(ap_uint<64>*, ap_uint<64>*, ap_uint<64>*, ap_uint<64>*, int) (.288)' by setting 'exp' to 'conv12.5' (../src/ntt.cpp:121:13)
INFO: [HLS 214-367] Instantiating function 'gs_butterfly(ap_uint<64>*, ap_uint<64>*, ap_uint<64>*, ap_uint<64>*, int)' to 'gs_butterfly(ap_uint<64>*, ap_uint<64>*, ap_uint<64>*, ap_uint<64>*, int) (.288)' by setting 'exp' to 'conv12.5' (../src/ntt.cpp:125:13)
INFO: [HLS 214-367] Instantiating function 'gs_butterfly(ap_uint<64>*, ap_uint<64>*, ap_uint<64>*, ap_uint<64>*, int)' to 'gs_butterfly(ap_uint<64>*, ap_uint<64>*, ap_uint<64>*, ap_uint<64>*, int) (.289)' by setting 'exp' to 'conv12.4' (../src/ntt.cpp:121:13)
INFO: [HLS 214-367] Instantiating function 'gs_butterfly(ap_uint<64>*, ap_uint<64>*, ap_uint<64>*, ap_uint<64>*, int)' to 'gs_butterfly(ap_uint<64>*, ap_uint<64>*, ap_uint<64>*, ap_uint<64>*, int) (.289)' by setting 'exp' to 'conv12.4' (../src/ntt.cpp:125:13)
INFO: [HLS 214-367] Instantiating function 'gs_butterfly(ap_uint<64>*, ap_uint<64>*, ap_uint<64>*, ap_uint<64>*, int)' to 'gs_butterfly(ap_uint<64>*, ap_uint<64>*, ap_uint<64>*, ap_uint<64>*, int) (.290)' by setting 'exp' to 'conv12.3' (../src/ntt.cpp:121:13)
INFO: [HLS 214-367] Instantiating function 'gs_butterfly(ap_uint<64>*, ap_uint<64>*, ap_uint<64>*, ap_uint<64>*, int)' to 'gs_butterfly(ap_uint<64>*, ap_uint<64>*, ap_uint<64>*, ap_uint<64>*, int) (.290)' by setting 'exp' to 'conv12.3' (../src/ntt.cpp:125:13)
INFO: [HLS 214-367] Instantiating function 'gs_butterfly(ap_uint<64>*, ap_uint<64>*, ap_uint<64>*, ap_uint<64>*, int)' to 'gs_butterfly(ap_uint<64>*, ap_uint<64>*, ap_uint<64>*, ap_uint<64>*, int) (.291)' by setting 'exp' to 'conv12.2' (../src/ntt.cpp:121:13)
INFO: [HLS 214-367] Instantiating function 'gs_butterfly(ap_uint<64>*, ap_uint<64>*, ap_uint<64>*, ap_uint<64>*, int)' to 'gs_butterfly(ap_uint<64>*, ap_uint<64>*, ap_uint<64>*, ap_uint<64>*, int) (.291)' by setting 'exp' to 'conv12.2' (../src/ntt.cpp:125:13)
INFO: [HLS 214-367] Instantiating function 'gs_butterfly(ap_uint<64>*, ap_uint<64>*, ap_uint<64>*, ap_uint<64>*, int)' to 'gs_butterfly(ap_uint<64>*, ap_uint<64>*, ap_uint<64>*, ap_uint<64>*, int) (.292)' by setting 'exp' to 'conv12.1' (../src/ntt.cpp:121:13)
INFO: [HLS 214-367] Instantiating function 'gs_butterfly(ap_uint<64>*, ap_uint<64>*, ap_uint<64>*, ap_uint<64>*, int)' to 'gs_butterfly(ap_uint<64>*, ap_uint<64>*, ap_uint<64>*, ap_uint<64>*, int) (.292)' by setting 'exp' to 'conv12.1' (../src/ntt.cpp:125:13)
INFO: [HLS 214-367] Instantiating function 'gs_butterfly(ap_uint<64>*, ap_uint<64>*, ap_uint<64>*, ap_uint<64>*, int)' to 'gs_butterfly(ap_uint<64>*, ap_uint<64>*, ap_uint<64>*, ap_uint<64>*, int) (.293)' by setting 'exp' to 'conv12.31' (../src/ntt.cpp:121:13)
INFO: [HLS 214-367] Instantiating function 'gs_butterfly(ap_uint<64>*, ap_uint<64>*, ap_uint<64>*, ap_uint<64>*, int)' to 'gs_butterfly(ap_uint<64>*, ap_uint<64>*, ap_uint<64>*, ap_uint<64>*, int) (.293)' by setting 'exp' to 'conv12.31' (../src/ntt.cpp:125:13)
INFO: [HLS 214-367] Instantiating function 'gs_butterfly(ap_uint<64>*, ap_uint<64>*, ap_uint<64>*, ap_uint<64>*, int)' to 'gs_butterfly(ap_uint<64>*, ap_uint<64>*, ap_uint<64>*, ap_uint<64>*, int) (.294)' by setting 'exp' to 'conv12.30' (../src/ntt.cpp:121:13)
INFO: [HLS 214-367] Instantiating function 'gs_butterfly(ap_uint<64>*, ap_uint<64>*, ap_uint<64>*, ap_uint<64>*, int)' to 'gs_butterfly(ap_uint<64>*, ap_uint<64>*, ap_uint<64>*, ap_uint<64>*, int) (.294)' by setting 'exp' to 'conv12.30' (../src/ntt.cpp:125:13)
INFO: [HLS 214-367] Instantiating function 'gs_butterfly(ap_uint<64>*, ap_uint<64>*, ap_uint<64>*, ap_uint<64>*, int)' to 'gs_butterfly(ap_uint<64>*, ap_uint<64>*, ap_uint<64>*, ap_uint<64>*, int) (.295)' by setting 'exp' to 'conv12.29' (../src/ntt.cpp:121:13)
INFO: [HLS 214-367] Instantiating function 'gs_butterfly(ap_uint<64>*, ap_uint<64>*, ap_uint<64>*, ap_uint<64>*, int)' to 'gs_butterfly(ap_uint<64>*, ap_uint<64>*, ap_uint<64>*, ap_uint<64>*, int) (.295)' by setting 'exp' to 'conv12.29' (../src/ntt.cpp:125:13)
INFO: [HLS 214-367] Instantiating function 'gs_butterfly(ap_uint<64>*, ap_uint<64>*, ap_uint<64>*, ap_uint<64>*, int)' to 'gs_butterfly(ap_uint<64>*, ap_uint<64>*, ap_uint<64>*, ap_uint<64>*, int) (.296)' by setting 'exp' to 'conv12.28' (../src/ntt.cpp:121:13)
INFO: [HLS 214-367] Instantiating function 'gs_butterfly(ap_uint<64>*, ap_uint<64>*, ap_uint<64>*, ap_uint<64>*, int)' to 'gs_butterfly(ap_uint<64>*, ap_uint<64>*, ap_uint<64>*, ap_uint<64>*, int) (.296)' by setting 'exp' to 'conv12.28' (../src/ntt.cpp:125:13)
INFO: [HLS 214-367] Instantiating function 'gs_butterfly(ap_uint<64>*, ap_uint<64>*, ap_uint<64>*, ap_uint<64>*, int)' to 'gs_butterfly(ap_uint<64>*, ap_uint<64>*, ap_uint<64>*, ap_uint<64>*, int) (.297)' by setting 'exp' to 'conv12.27' (../src/ntt.cpp:121:13)
INFO: [HLS 214-367] Instantiating function 'gs_butterfly(ap_uint<64>*, ap_uint<64>*, ap_uint<64>*, ap_uint<64>*, int)' to 'gs_butterfly(ap_uint<64>*, ap_uint<64>*, ap_uint<64>*, ap_uint<64>*, int) (.297)' by setting 'exp' to 'conv12.27' (../src/ntt.cpp:125:13)
INFO: [HLS 214-367] Instantiating function 'gs_butterfly(ap_uint<64>*, ap_uint<64>*, ap_uint<64>*, ap_uint<64>*, int)' to 'gs_butterfly(ap_uint<64>*, ap_uint<64>*, ap_uint<64>*, ap_uint<64>*, int) (.298)' by setting 'exp' to 'conv12.26' (../src/ntt.cpp:121:13)
INFO: [HLS 214-367] Instantiating function 'gs_butterfly(ap_uint<64>*, ap_uint<64>*, ap_uint<64>*, ap_uint<64>*, int)' to 'gs_butterfly(ap_uint<64>*, ap_uint<64>*, ap_uint<64>*, ap_uint<64>*, int) (.298)' by setting 'exp' to 'conv12.26' (../src/ntt.cpp:125:13)
INFO: [HLS 214-367] Instantiating function 'gs_butterfly(ap_uint<64>*, ap_uint<64>*, ap_uint<64>*, ap_uint<64>*, int)' to 'gs_butterfly(ap_uint<64>*, ap_uint<64>*, ap_uint<64>*, ap_uint<64>*, int) (.299)' by setting 'exp' to 'conv12.25' (../src/ntt.cpp:121:13)
INFO: [HLS 214-367] Instantiating function 'gs_butterfly(ap_uint<64>*, ap_uint<64>*, ap_uint<64>*, ap_uint<64>*, int)' to 'gs_butterfly(ap_uint<64>*, ap_uint<64>*, ap_uint<64>*, ap_uint<64>*, int) (.299)' by setting 'exp' to 'conv12.25' (../src/ntt.cpp:125:13)
INFO: [HLS 214-367] Instantiating function 'gs_butterfly(ap_uint<64>*, ap_uint<64>*, ap_uint<64>*, ap_uint<64>*, int)' to 'gs_butterfly(ap_uint<64>*, ap_uint<64>*, ap_uint<64>*, ap_uint<64>*, int) (.300)' by setting 'exp' to 'conv12.24' (../src/ntt.cpp:121:13)
INFO: [HLS 214-367] Instantiating function 'gs_butterfly(ap_uint<64>*, ap_uint<64>*, ap_uint<64>*, ap_uint<64>*, int)' to 'gs_butterfly(ap_uint<64>*, ap_uint<64>*, ap_uint<64>*, ap_uint<64>*, int) (.300)' by setting 'exp' to 'conv12.24' (../src/ntt.cpp:125:13)
INFO: [HLS 214-367] Instantiating function 'gs_butterfly(ap_uint<64>*, ap_uint<64>*, ap_uint<64>*, ap_uint<64>*, int)' to 'gs_butterfly(ap_uint<64>*, ap_uint<64>*, ap_uint<64>*, ap_uint<64>*, int) (.301)' by setting 'exp' to 'conv12.23' (../src/ntt.cpp:121:13)
INFO: [HLS 214-367] Instantiating function 'gs_butterfly(ap_uint<64>*, ap_uint<64>*, ap_uint<64>*, ap_uint<64>*, int)' to 'gs_butterfly(ap_uint<64>*, ap_uint<64>*, ap_uint<64>*, ap_uint<64>*, int) (.301)' by setting 'exp' to 'conv12.23' (../src/ntt.cpp:125:13)
INFO: [HLS 214-367] Instantiating function 'gs_butterfly(ap_uint<64>*, ap_uint<64>*, ap_uint<64>*, ap_uint<64>*, int)' to 'gs_butterfly(ap_uint<64>*, ap_uint<64>*, ap_uint<64>*, ap_uint<64>*, int) (.302)' by setting 'exp' to 'conv12.22' (../src/ntt.cpp:121:13)
INFO: [HLS 214-367] Instantiating function 'gs_butterfly(ap_uint<64>*, ap_uint<64>*, ap_uint<64>*, ap_uint<64>*, int)' to 'gs_butterfly(ap_uint<64>*, ap_uint<64>*, ap_uint<64>*, ap_uint<64>*, int) (.302)' by setting 'exp' to 'conv12.22' (../src/ntt.cpp:125:13)
INFO: [HLS 214-367] Instantiating function 'gs_butterfly(ap_uint<64>*, ap_uint<64>*, ap_uint<64>*, ap_uint<64>*, int)' to 'gs_butterfly(ap_uint<64>*, ap_uint<64>*, ap_uint<64>*, ap_uint<64>*, int) (.303)' by setting 'exp' to 'conv12.21' (../src/ntt.cpp:121:13)
INFO: [HLS 214-367] Instantiating function 'gs_butterfly(ap_uint<64>*, ap_uint<64>*, ap_uint<64>*, ap_uint<64>*, int)' to 'gs_butterfly(ap_uint<64>*, ap_uint<64>*, ap_uint<64>*, ap_uint<64>*, int) (.303)' by setting 'exp' to 'conv12.21' (../src/ntt.cpp:125:13)
INFO: [HLS 214-367] Instantiating function 'gs_butterfly(ap_uint<64>*, ap_uint<64>*, ap_uint<64>*, ap_uint<64>*, int)' to 'gs_butterfly(ap_uint<64>*, ap_uint<64>*, ap_uint<64>*, ap_uint<64>*, int) (.304)' by setting 'exp' to 'conv12.20' (../src/ntt.cpp:121:13)
INFO: [HLS 214-367] Instantiating function 'gs_butterfly(ap_uint<64>*, ap_uint<64>*, ap_uint<64>*, ap_uint<64>*, int)' to 'gs_butterfly(ap_uint<64>*, ap_uint<64>*, ap_uint<64>*, ap_uint<64>*, int) (.304)' by setting 'exp' to 'conv12.20' (../src/ntt.cpp:125:13)
INFO: [HLS 214-367] Instantiating function 'gs_butterfly(ap_uint<64>*, ap_uint<64>*, ap_uint<64>*, ap_uint<64>*, int)' to 'gs_butterfly(ap_uint<64>*, ap_uint<64>*, ap_uint<64>*, ap_uint<64>*, int) (.305)' by setting 'exp' to 'conv12.19' (../src/ntt.cpp:121:13)
INFO: [HLS 214-367] Instantiating function 'gs_butterfly(ap_uint<64>*, ap_uint<64>*, ap_uint<64>*, ap_uint<64>*, int)' to 'gs_butterfly(ap_uint<64>*, ap_uint<64>*, ap_uint<64>*, ap_uint<64>*, int) (.305)' by setting 'exp' to 'conv12.19' (../src/ntt.cpp:125:13)
INFO: [HLS 214-367] Instantiating function 'gs_butterfly(ap_uint<64>*, ap_uint<64>*, ap_uint<64>*, ap_uint<64>*, int)' to 'gs_butterfly(ap_uint<64>*, ap_uint<64>*, ap_uint<64>*, ap_uint<64>*, int) (.306)' by setting 'exp' to 'conv12.18' (../src/ntt.cpp:121:13)
INFO: [HLS 214-367] Instantiating function 'gs_butterfly(ap_uint<64>*, ap_uint<64>*, ap_uint<64>*, ap_uint<64>*, int)' to 'gs_butterfly(ap_uint<64>*, ap_uint<64>*, ap_uint<64>*, ap_uint<64>*, int) (.306)' by setting 'exp' to 'conv12.18' (../src/ntt.cpp:125:13)
INFO: [HLS 214-367] Instantiating function 'gs_butterfly(ap_uint<64>*, ap_uint<64>*, ap_uint<64>*, ap_uint<64>*, int)' to 'gs_butterfly(ap_uint<64>*, ap_uint<64>*, ap_uint<64>*, ap_uint<64>*, int) (.307)' by setting 'exp' to 'conv12.17' (../src/ntt.cpp:121:13)
INFO: [HLS 214-367] Instantiating function 'gs_butterfly(ap_uint<64>*, ap_uint<64>*, ap_uint<64>*, ap_uint<64>*, int)' to 'gs_butterfly(ap_uint<64>*, ap_uint<64>*, ap_uint<64>*, ap_uint<64>*, int) (.307)' by setting 'exp' to 'conv12.17' (../src/ntt.cpp:125:13)
INFO: [HLS 214-367] Instantiating function 'gs_butterfly(ap_uint<64>*, ap_uint<64>*, ap_uint<64>*, ap_uint<64>*, int)' to 'gs_butterfly(ap_uint<64>*, ap_uint<64>*, ap_uint<64>*, ap_uint<64>*, int) (.308)' by setting 'exp' to 'conv12.16' (../src/ntt.cpp:121:13)
INFO: [HLS 214-367] Instantiating function 'gs_butterfly(ap_uint<64>*, ap_uint<64>*, ap_uint<64>*, ap_uint<64>*, int)' to 'gs_butterfly(ap_uint<64>*, ap_uint<64>*, ap_uint<64>*, ap_uint<64>*, int) (.308)' by setting 'exp' to 'conv12.16' (../src/ntt.cpp:125:13)
INFO: [HLS 214-367] Instantiating function 'gs_butterfly(ap_uint<64>*, ap_uint<64>*, ap_uint<64>*, ap_uint<64>*, int)' to 'gs_butterfly(ap_uint<64>*, ap_uint<64>*, ap_uint<64>*, ap_uint<64>*, int) (.309)' by setting 'exp' to 'conv12.15' (../src/ntt.cpp:121:13)
INFO: [HLS 214-367] Instantiating function 'gs_butterfly(ap_uint<64>*, ap_uint<64>*, ap_uint<64>*, ap_uint<64>*, int)' to 'gs_butterfly(ap_uint<64>*, ap_uint<64>*, ap_uint<64>*, ap_uint<64>*, int) (.309)' by setting 'exp' to 'conv12.15' (../src/ntt.cpp:125:13)
INFO: [HLS 214-367] Instantiating function 'gs_butterfly(ap_uint<64>*, ap_uint<64>*, ap_uint<64>*, ap_uint<64>*, int)' to 'gs_butterfly(ap_uint<64>*, ap_uint<64>*, ap_uint<64>*, ap_uint<64>*, int) (.310)' by setting 'exp' to 'conv12.14' (../src/ntt.cpp:121:13)
INFO: [HLS 214-367] Instantiating function 'gs_butterfly(ap_uint<64>*, ap_uint<64>*, ap_uint<64>*, ap_uint<64>*, int)' to 'gs_butterfly(ap_uint<64>*, ap_uint<64>*, ap_uint<64>*, ap_uint<64>*, int) (.310)' by setting 'exp' to 'conv12.14' (../src/ntt.cpp:125:13)
INFO: [HLS 214-367] Instantiating function 'gs_butterfly(ap_uint<64>*, ap_uint<64>*, ap_uint<64>*, ap_uint<64>*, int)' to 'gs_butterfly(ap_uint<64>*, ap_uint<64>*, ap_uint<64>*, ap_uint<64>*, int) (.311)' by setting 'exp' to 'conv12.13' (../src/ntt.cpp:121:13)
INFO: [HLS 214-367] Instantiating function 'gs_butterfly(ap_uint<64>*, ap_uint<64>*, ap_uint<64>*, ap_uint<64>*, int)' to 'gs_butterfly(ap_uint<64>*, ap_uint<64>*, ap_uint<64>*, ap_uint<64>*, int) (.311)' by setting 'exp' to 'conv12.13' (../src/ntt.cpp:125:13)
INFO: [HLS 214-367] Instantiating function 'gs_butterfly(ap_uint<64>*, ap_uint<64>*, ap_uint<64>*, ap_uint<64>*, int)' to 'gs_butterfly(ap_uint<64>*, ap_uint<64>*, ap_uint<64>*, ap_uint<64>*, int) (.312)' by setting 'exp' to 'conv12.12' (../src/ntt.cpp:121:13)
INFO: [HLS 214-367] Instantiating function 'gs_butterfly(ap_uint<64>*, ap_uint<64>*, ap_uint<64>*, ap_uint<64>*, int)' to 'gs_butterfly(ap_uint<64>*, ap_uint<64>*, ap_uint<64>*, ap_uint<64>*, int) (.312)' by setting 'exp' to 'conv12.12' (../src/ntt.cpp:125:13)
INFO: [HLS 214-367] Instantiating function 'gs_butterfly(ap_uint<64>*, ap_uint<64>*, ap_uint<64>*, ap_uint<64>*, int)' to 'gs_butterfly(ap_uint<64>*, ap_uint<64>*, ap_uint<64>*, ap_uint<64>*, int) (.313)' by setting 'exp' to 'conv12.11' (../src/ntt.cpp:121:13)
INFO: [HLS 214-367] Instantiating function 'gs_butterfly(ap_uint<64>*, ap_uint<64>*, ap_uint<64>*, ap_uint<64>*, int)' to 'gs_butterfly(ap_uint<64>*, ap_uint<64>*, ap_uint<64>*, ap_uint<64>*, int) (.313)' by setting 'exp' to 'conv12.11' (../src/ntt.cpp:125:13)
INFO: [HLS 214-367] Instantiating function 'gs_butterfly(ap_uint<64>*, ap_uint<64>*, ap_uint<64>*, ap_uint<64>*, int)' to 'gs_butterfly(ap_uint<64>*, ap_uint<64>*, ap_uint<64>*, ap_uint<64>*, int) (.314)' by setting 'exp' to 'conv12.10' (../src/ntt.cpp:121:13)
INFO: [HLS 214-367] Instantiating function 'gs_butterfly(ap_uint<64>*, ap_uint<64>*, ap_uint<64>*, ap_uint<64>*, int)' to 'gs_butterfly(ap_uint<64>*, ap_uint<64>*, ap_uint<64>*, ap_uint<64>*, int) (.314)' by setting 'exp' to 'conv12.10' (../src/ntt.cpp:125:13)
INFO: [HLS 214-367] Instantiating function 'gs_butterfly(ap_uint<64>*, ap_uint<64>*, ap_uint<64>*, ap_uint<64>*, int)' to 'gs_butterfly(ap_uint<64>*, ap_uint<64>*, ap_uint<64>*, ap_uint<64>*, int) (.315)' by setting 'exp' to 'conv12.9' (../src/ntt.cpp:121:13)
INFO: [HLS 214-367] Instantiating function 'gs_butterfly(ap_uint<64>*, ap_uint<64>*, ap_uint<64>*, ap_uint<64>*, int)' to 'gs_butterfly(ap_uint<64>*, ap_uint<64>*, ap_uint<64>*, ap_uint<64>*, int) (.315)' by setting 'exp' to 'conv12.9' (../src/ntt.cpp:125:13)
INFO: [HLS 214-367] Instantiating function 'gs_butterfly(ap_uint<64>*, ap_uint<64>*, ap_uint<64>*, ap_uint<64>*, int)' to 'gs_butterfly(ap_uint<64>*, ap_uint<64>*, ap_uint<64>*, ap_uint<64>*, int) (.316)' by setting 'exp' to 'conv12.8' (../src/ntt.cpp:121:13)
INFO: [HLS 214-367] Instantiating function 'gs_butterfly(ap_uint<64>*, ap_uint<64>*, ap_uint<64>*, ap_uint<64>*, int)' to 'gs_butterfly(ap_uint<64>*, ap_uint<64>*, ap_uint<64>*, ap_uint<64>*, int) (.316)' by setting 'exp' to 'conv12.8' (../src/ntt.cpp:125:13)
INFO: [HLS 214-367] Instantiating function 'gs_butterfly(ap_uint<64>*, ap_uint<64>*, ap_uint<64>*, ap_uint<64>*, int)' to 'gs_butterfly(ap_uint<64>*, ap_uint<64>*, ap_uint<64>*, ap_uint<64>*, int) (.317)' by setting 'exp' to 'conv12.7' (../src/ntt.cpp:121:13)
INFO: [HLS 214-367] Instantiating function 'gs_butterfly(ap_uint<64>*, ap_uint<64>*, ap_uint<64>*, ap_uint<64>*, int)' to 'gs_butterfly(ap_uint<64>*, ap_uint<64>*, ap_uint<64>*, ap_uint<64>*, int) (.317)' by setting 'exp' to 'conv12.7' (../src/ntt.cpp:125:13)
INFO: [HLS 214-367] Instantiating function 'gs_butterfly(ap_uint<64>*, ap_uint<64>*, ap_uint<64>*, ap_uint<64>*, int)' to 'gs_butterfly(ap_uint<64>*, ap_uint<64>*, ap_uint<64>*, ap_uint<64>*, int) (.318)' by setting 'exp' to 'conv12.6' (../src/ntt.cpp:121:13)
INFO: [HLS 214-367] Instantiating function 'gs_butterfly(ap_uint<64>*, ap_uint<64>*, ap_uint<64>*, ap_uint<64>*, int)' to 'gs_butterfly(ap_uint<64>*, ap_uint<64>*, ap_uint<64>*, ap_uint<64>*, int) (.318)' by setting 'exp' to 'conv12.6' (../src/ntt.cpp:125:13)
INFO: [HLS 214-367] Instantiating function 'gs_butterfly(ap_uint<64>*, ap_uint<64>*, ap_uint<64>*, ap_uint<64>*, int)' to 'gs_butterfly(ap_uint<64>*, ap_uint<64>*, ap_uint<64>*, ap_uint<64>*, int) (.319)' by setting 'exp' to 'conv12.5' (../src/ntt.cpp:121:13)
INFO: [HLS 214-367] Instantiating function 'gs_butterfly(ap_uint<64>*, ap_uint<64>*, ap_uint<64>*, ap_uint<64>*, int)' to 'gs_butterfly(ap_uint<64>*, ap_uint<64>*, ap_uint<64>*, ap_uint<64>*, int) (.319)' by setting 'exp' to 'conv12.5' (../src/ntt.cpp:125:13)
INFO: [HLS 214-367] Instantiating function 'gs_butterfly(ap_uint<64>*, ap_uint<64>*, ap_uint<64>*, ap_uint<64>*, int)' to 'gs_butterfly(ap_uint<64>*, ap_uint<64>*, ap_uint<64>*, ap_uint<64>*, int) (.320)' by setting 'exp' to 'conv12.4' (../src/ntt.cpp:121:13)
INFO: [HLS 214-367] Instantiating function 'gs_butterfly(ap_uint<64>*, ap_uint<64>*, ap_uint<64>*, ap_uint<64>*, int)' to 'gs_butterfly(ap_uint<64>*, ap_uint<64>*, ap_uint<64>*, ap_uint<64>*, int) (.320)' by setting 'exp' to 'conv12.4' (../src/ntt.cpp:125:13)
INFO: [HLS 214-367] Instantiating function 'gs_butterfly(ap_uint<64>*, ap_uint<64>*, ap_uint<64>*, ap_uint<64>*, int)' to 'gs_butterfly(ap_uint<64>*, ap_uint<64>*, ap_uint<64>*, ap_uint<64>*, int) (.321)' by setting 'exp' to 'conv12.3' (../src/ntt.cpp:121:13)
INFO: [HLS 214-367] Instantiating function 'gs_butterfly(ap_uint<64>*, ap_uint<64>*, ap_uint<64>*, ap_uint<64>*, int)' to 'gs_butterfly(ap_uint<64>*, ap_uint<64>*, ap_uint<64>*, ap_uint<64>*, int) (.321)' by setting 'exp' to 'conv12.3' (../src/ntt.cpp:125:13)
INFO: [HLS 214-367] Instantiating function 'gs_butterfly(ap_uint<64>*, ap_uint<64>*, ap_uint<64>*, ap_uint<64>*, int)' to 'gs_butterfly(ap_uint<64>*, ap_uint<64>*, ap_uint<64>*, ap_uint<64>*, int) (.322)' by setting 'exp' to 'conv12.2' (../src/ntt.cpp:121:13)
INFO: [HLS 214-367] Instantiating function 'gs_butterfly(ap_uint<64>*, ap_uint<64>*, ap_uint<64>*, ap_uint<64>*, int)' to 'gs_butterfly(ap_uint<64>*, ap_uint<64>*, ap_uint<64>*, ap_uint<64>*, int) (.322)' by setting 'exp' to 'conv12.2' (../src/ntt.cpp:125:13)
INFO: [HLS 214-367] Instantiating function 'gs_butterfly(ap_uint<64>*, ap_uint<64>*, ap_uint<64>*, ap_uint<64>*, int)' to 'gs_butterfly(ap_uint<64>*, ap_uint<64>*, ap_uint<64>*, ap_uint<64>*, int) (.323)' by setting 'exp' to 'conv12.1' (../src/ntt.cpp:121:13)
INFO: [HLS 214-367] Instantiating function 'gs_butterfly(ap_uint<64>*, ap_uint<64>*, ap_uint<64>*, ap_uint<64>*, int)' to 'gs_butterfly(ap_uint<64>*, ap_uint<64>*, ap_uint<64>*, ap_uint<64>*, int) (.323)' by setting 'exp' to 'conv12.1' (../src/ntt.cpp:125:13)
INFO: [HLS 214-367] Instantiating function 'gs_butterfly(ap_uint<64>*, ap_uint<64>*, ap_uint<64>*, ap_uint<64>*, int)' to 'gs_butterfly(ap_uint<64>*, ap_uint<64>*, ap_uint<64>*, ap_uint<64>*, int) (.324)' by setting 'exp' to 'conv12.31' (../src/ntt.cpp:121:13)
INFO: [HLS 214-367] Instantiating function 'gs_butterfly(ap_uint<64>*, ap_uint<64>*, ap_uint<64>*, ap_uint<64>*, int)' to 'gs_butterfly(ap_uint<64>*, ap_uint<64>*, ap_uint<64>*, ap_uint<64>*, int) (.324)' by setting 'exp' to 'conv12.31' (../src/ntt.cpp:125:13)
INFO: [HLS 214-367] Instantiating function 'gs_butterfly(ap_uint<64>*, ap_uint<64>*, ap_uint<64>*, ap_uint<64>*, int)' to 'gs_butterfly(ap_uint<64>*, ap_uint<64>*, ap_uint<64>*, ap_uint<64>*, int) (.325)' by setting 'exp' to 'conv12.30' (../src/ntt.cpp:121:13)
INFO: [HLS 214-367] Instantiating function 'gs_butterfly(ap_uint<64>*, ap_uint<64>*, ap_uint<64>*, ap_uint<64>*, int)' to 'gs_butterfly(ap_uint<64>*, ap_uint<64>*, ap_uint<64>*, ap_uint<64>*, int) (.325)' by setting 'exp' to 'conv12.30' (../src/ntt.cpp:125:13)
INFO: [HLS 214-367] Instantiating function 'gs_butterfly(ap_uint<64>*, ap_uint<64>*, ap_uint<64>*, ap_uint<64>*, int)' to 'gs_butterfly(ap_uint<64>*, ap_uint<64>*, ap_uint<64>*, ap_uint<64>*, int) (.326)' by setting 'exp' to 'conv12.29' (../src/ntt.cpp:121:13)
INFO: [HLS 214-367] Instantiating function 'gs_butterfly(ap_uint<64>*, ap_uint<64>*, ap_uint<64>*, ap_uint<64>*, int)' to 'gs_butterfly(ap_uint<64>*, ap_uint<64>*, ap_uint<64>*, ap_uint<64>*, int) (.326)' by setting 'exp' to 'conv12.29' (../src/ntt.cpp:125:13)
INFO: [HLS 214-367] Instantiating function 'gs_butterfly(ap_uint<64>*, ap_uint<64>*, ap_uint<64>*, ap_uint<64>*, int)' to 'gs_butterfly(ap_uint<64>*, ap_uint<64>*, ap_uint<64>*, ap_uint<64>*, int) (.327)' by setting 'exp' to 'conv12.28' (../src/ntt.cpp:121:13)
INFO: [HLS 214-367] Instantiating function 'gs_butterfly(ap_uint<64>*, ap_uint<64>*, ap_uint<64>*, ap_uint<64>*, int)' to 'gs_butterfly(ap_uint<64>*, ap_uint<64>*, ap_uint<64>*, ap_uint<64>*, int) (.327)' by setting 'exp' to 'conv12.28' (../src/ntt.cpp:125:13)
INFO: [HLS 214-367] Instantiating function 'gs_butterfly(ap_uint<64>*, ap_uint<64>*, ap_uint<64>*, ap_uint<64>*, int)' to 'gs_butterfly(ap_uint<64>*, ap_uint<64>*, ap_uint<64>*, ap_uint<64>*, int) (.328)' by setting 'exp' to 'conv12.27' (../src/ntt.cpp:121:13)
INFO: [HLS 214-367] Instantiating function 'gs_butterfly(ap_uint<64>*, ap_uint<64>*, ap_uint<64>*, ap_uint<64>*, int)' to 'gs_butterfly(ap_uint<64>*, ap_uint<64>*, ap_uint<64>*, ap_uint<64>*, int) (.328)' by setting 'exp' to 'conv12.27' (../src/ntt.cpp:125:13)
INFO: [HLS 214-367] Instantiating function 'gs_butterfly(ap_uint<64>*, ap_uint<64>*, ap_uint<64>*, ap_uint<64>*, int)' to 'gs_butterfly(ap_uint<64>*, ap_uint<64>*, ap_uint<64>*, ap_uint<64>*, int) (.329)' by setting 'exp' to 'conv12.26' (../src/ntt.cpp:121:13)
INFO: [HLS 214-367] Instantiating function 'gs_butterfly(ap_uint<64>*, ap_uint<64>*, ap_uint<64>*, ap_uint<64>*, int)' to 'gs_butterfly(ap_uint<64>*, ap_uint<64>*, ap_uint<64>*, ap_uint<64>*, int) (.329)' by setting 'exp' to 'conv12.26' (../src/ntt.cpp:125:13)
INFO: [HLS 214-367] Instantiating function 'gs_butterfly(ap_uint<64>*, ap_uint<64>*, ap_uint<64>*, ap_uint<64>*, int)' to 'gs_butterfly(ap_uint<64>*, ap_uint<64>*, ap_uint<64>*, ap_uint<64>*, int) (.330)' by setting 'exp' to 'conv12.25' (../src/ntt.cpp:121:13)
INFO: [HLS 214-367] Instantiating function 'gs_butterfly(ap_uint<64>*, ap_uint<64>*, ap_uint<64>*, ap_uint<64>*, int)' to 'gs_butterfly(ap_uint<64>*, ap_uint<64>*, ap_uint<64>*, ap_uint<64>*, int) (.330)' by setting 'exp' to 'conv12.25' (../src/ntt.cpp:125:13)
INFO: [HLS 214-367] Instantiating function 'gs_butterfly(ap_uint<64>*, ap_uint<64>*, ap_uint<64>*, ap_uint<64>*, int)' to 'gs_butterfly(ap_uint<64>*, ap_uint<64>*, ap_uint<64>*, ap_uint<64>*, int) (.331)' by setting 'exp' to 'conv12.24' (../src/ntt.cpp:121:13)
INFO: [HLS 214-367] Instantiating function 'gs_butterfly(ap_uint<64>*, ap_uint<64>*, ap_uint<64>*, ap_uint<64>*, int)' to 'gs_butterfly(ap_uint<64>*, ap_uint<64>*, ap_uint<64>*, ap_uint<64>*, int) (.331)' by setting 'exp' to 'conv12.24' (../src/ntt.cpp:125:13)
INFO: [HLS 214-367] Instantiating function 'gs_butterfly(ap_uint<64>*, ap_uint<64>*, ap_uint<64>*, ap_uint<64>*, int)' to 'gs_butterfly(ap_uint<64>*, ap_uint<64>*, ap_uint<64>*, ap_uint<64>*, int) (.332)' by setting 'exp' to 'conv12.23' (../src/ntt.cpp:121:13)
INFO: [HLS 214-367] Instantiating function 'gs_butterfly(ap_uint<64>*, ap_uint<64>*, ap_uint<64>*, ap_uint<64>*, int)' to 'gs_butterfly(ap_uint<64>*, ap_uint<64>*, ap_uint<64>*, ap_uint<64>*, int) (.332)' by setting 'exp' to 'conv12.23' (../src/ntt.cpp:125:13)
INFO: [HLS 214-367] Instantiating function 'gs_butterfly(ap_uint<64>*, ap_uint<64>*, ap_uint<64>*, ap_uint<64>*, int)' to 'gs_butterfly(ap_uint<64>*, ap_uint<64>*, ap_uint<64>*, ap_uint<64>*, int) (.333)' by setting 'exp' to 'conv12.22' (../src/ntt.cpp:121:13)
INFO: [HLS 214-367] Instantiating function 'gs_butterfly(ap_uint<64>*, ap_uint<64>*, ap_uint<64>*, ap_uint<64>*, int)' to 'gs_butterfly(ap_uint<64>*, ap_uint<64>*, ap_uint<64>*, ap_uint<64>*, int) (.333)' by setting 'exp' to 'conv12.22' (../src/ntt.cpp:125:13)
INFO: [HLS 214-367] Instantiating function 'gs_butterfly(ap_uint<64>*, ap_uint<64>*, ap_uint<64>*, ap_uint<64>*, int)' to 'gs_butterfly(ap_uint<64>*, ap_uint<64>*, ap_uint<64>*, ap_uint<64>*, int) (.334)' by setting 'exp' to 'conv12.21' (../src/ntt.cpp:121:13)
INFO: [HLS 214-367] Instantiating function 'gs_butterfly(ap_uint<64>*, ap_uint<64>*, ap_uint<64>*, ap_uint<64>*, int)' to 'gs_butterfly(ap_uint<64>*, ap_uint<64>*, ap_uint<64>*, ap_uint<64>*, int) (.334)' by setting 'exp' to 'conv12.21' (../src/ntt.cpp:125:13)
INFO: [HLS 214-367] Instantiating function 'gs_butterfly(ap_uint<64>*, ap_uint<64>*, ap_uint<64>*, ap_uint<64>*, int)' to 'gs_butterfly(ap_uint<64>*, ap_uint<64>*, ap_uint<64>*, ap_uint<64>*, int) (.335)' by setting 'exp' to 'conv12.20' (../src/ntt.cpp:121:13)
INFO: [HLS 214-367] Instantiating function 'gs_butterfly(ap_uint<64>*, ap_uint<64>*, ap_uint<64>*, ap_uint<64>*, int)' to 'gs_butterfly(ap_uint<64>*, ap_uint<64>*, ap_uint<64>*, ap_uint<64>*, int) (.335)' by setting 'exp' to 'conv12.20' (../src/ntt.cpp:125:13)
INFO: [HLS 214-367] Instantiating function 'gs_butterfly(ap_uint<64>*, ap_uint<64>*, ap_uint<64>*, ap_uint<64>*, int)' to 'gs_butterfly(ap_uint<64>*, ap_uint<64>*, ap_uint<64>*, ap_uint<64>*, int) (.336)' by setting 'exp' to 'conv12.19' (../src/ntt.cpp:121:13)
INFO: [HLS 214-367] Instantiating function 'gs_butterfly(ap_uint<64>*, ap_uint<64>*, ap_uint<64>*, ap_uint<64>*, int)' to 'gs_butterfly(ap_uint<64>*, ap_uint<64>*, ap_uint<64>*, ap_uint<64>*, int) (.336)' by setting 'exp' to 'conv12.19' (../src/ntt.cpp:125:13)
INFO: [HLS 214-367] Instantiating function 'gs_butterfly(ap_uint<64>*, ap_uint<64>*, ap_uint<64>*, ap_uint<64>*, int)' to 'gs_butterfly(ap_uint<64>*, ap_uint<64>*, ap_uint<64>*, ap_uint<64>*, int) (.337)' by setting 'exp' to 'conv12.18' (../src/ntt.cpp:121:13)
INFO: [HLS 214-367] Instantiating function 'gs_butterfly(ap_uint<64>*, ap_uint<64>*, ap_uint<64>*, ap_uint<64>*, int)' to 'gs_butterfly(ap_uint<64>*, ap_uint<64>*, ap_uint<64>*, ap_uint<64>*, int) (.337)' by setting 'exp' to 'conv12.18' (../src/ntt.cpp:125:13)
INFO: [HLS 214-367] Instantiating function 'gs_butterfly(ap_uint<64>*, ap_uint<64>*, ap_uint<64>*, ap_uint<64>*, int)' to 'gs_butterfly(ap_uint<64>*, ap_uint<64>*, ap_uint<64>*, ap_uint<64>*, int) (.338)' by setting 'exp' to 'conv12.17' (../src/ntt.cpp:121:13)
INFO: [HLS 214-367] Instantiating function 'gs_butterfly(ap_uint<64>*, ap_uint<64>*, ap_uint<64>*, ap_uint<64>*, int)' to 'gs_butterfly(ap_uint<64>*, ap_uint<64>*, ap_uint<64>*, ap_uint<64>*, int) (.338)' by setting 'exp' to 'conv12.17' (../src/ntt.cpp:125:13)
INFO: [HLS 214-367] Instantiating function 'gs_butterfly(ap_uint<64>*, ap_uint<64>*, ap_uint<64>*, ap_uint<64>*, int)' to 'gs_butterfly(ap_uint<64>*, ap_uint<64>*, ap_uint<64>*, ap_uint<64>*, int) (.339)' by setting 'exp' to 'conv12.16' (../src/ntt.cpp:121:13)
INFO: [HLS 214-367] Instantiating function 'gs_butterfly(ap_uint<64>*, ap_uint<64>*, ap_uint<64>*, ap_uint<64>*, int)' to 'gs_butterfly(ap_uint<64>*, ap_uint<64>*, ap_uint<64>*, ap_uint<64>*, int) (.339)' by setting 'exp' to 'conv12.16' (../src/ntt.cpp:125:13)
INFO: [HLS 214-367] Instantiating function 'gs_butterfly(ap_uint<64>*, ap_uint<64>*, ap_uint<64>*, ap_uint<64>*, int)' to 'gs_butterfly(ap_uint<64>*, ap_uint<64>*, ap_uint<64>*, ap_uint<64>*, int) (.340)' by setting 'exp' to 'conv12.15' (../src/ntt.cpp:121:13)
INFO: [HLS 214-367] Instantiating function 'gs_butterfly(ap_uint<64>*, ap_uint<64>*, ap_uint<64>*, ap_uint<64>*, int)' to 'gs_butterfly(ap_uint<64>*, ap_uint<64>*, ap_uint<64>*, ap_uint<64>*, int) (.340)' by setting 'exp' to 'conv12.15' (../src/ntt.cpp:125:13)
INFO: [HLS 214-367] Instantiating function 'gs_butterfly(ap_uint<64>*, ap_uint<64>*, ap_uint<64>*, ap_uint<64>*, int)' to 'gs_butterfly(ap_uint<64>*, ap_uint<64>*, ap_uint<64>*, ap_uint<64>*, int) (.341)' by setting 'exp' to 'conv12.14' (../src/ntt.cpp:121:13)
INFO: [HLS 214-367] Instantiating function 'gs_butterfly(ap_uint<64>*, ap_uint<64>*, ap_uint<64>*, ap_uint<64>*, int)' to 'gs_butterfly(ap_uint<64>*, ap_uint<64>*, ap_uint<64>*, ap_uint<64>*, int) (.341)' by setting 'exp' to 'conv12.14' (../src/ntt.cpp:125:13)
INFO: [HLS 214-367] Instantiating function 'gs_butterfly(ap_uint<64>*, ap_uint<64>*, ap_uint<64>*, ap_uint<64>*, int)' to 'gs_butterfly(ap_uint<64>*, ap_uint<64>*, ap_uint<64>*, ap_uint<64>*, int) (.342)' by setting 'exp' to 'conv12.13' (../src/ntt.cpp:121:13)
INFO: [HLS 214-367] Instantiating function 'gs_butterfly(ap_uint<64>*, ap_uint<64>*, ap_uint<64>*, ap_uint<64>*, int)' to 'gs_butterfly(ap_uint<64>*, ap_uint<64>*, ap_uint<64>*, ap_uint<64>*, int) (.342)' by setting 'exp' to 'conv12.13' (../src/ntt.cpp:125:13)
INFO: [HLS 214-367] Instantiating function 'gs_butterfly(ap_uint<64>*, ap_uint<64>*, ap_uint<64>*, ap_uint<64>*, int)' to 'gs_butterfly(ap_uint<64>*, ap_uint<64>*, ap_uint<64>*, ap_uint<64>*, int) (.343)' by setting 'exp' to 'conv12.12' (../src/ntt.cpp:121:13)
INFO: [HLS 214-367] Instantiating function 'gs_butterfly(ap_uint<64>*, ap_uint<64>*, ap_uint<64>*, ap_uint<64>*, int)' to 'gs_butterfly(ap_uint<64>*, ap_uint<64>*, ap_uint<64>*, ap_uint<64>*, int) (.343)' by setting 'exp' to 'conv12.12' (../src/ntt.cpp:125:13)
INFO: [HLS 214-367] Instantiating function 'gs_butterfly(ap_uint<64>*, ap_uint<64>*, ap_uint<64>*, ap_uint<64>*, int)' to 'gs_butterfly(ap_uint<64>*, ap_uint<64>*, ap_uint<64>*, ap_uint<64>*, int) (.344)' by setting 'exp' to 'conv12.11' (../src/ntt.cpp:121:13)
INFO: [HLS 214-367] Instantiating function 'gs_butterfly(ap_uint<64>*, ap_uint<64>*, ap_uint<64>*, ap_uint<64>*, int)' to 'gs_butterfly(ap_uint<64>*, ap_uint<64>*, ap_uint<64>*, ap_uint<64>*, int) (.344)' by setting 'exp' to 'conv12.11' (../src/ntt.cpp:125:13)
INFO: [HLS 214-367] Instantiating function 'gs_butterfly(ap_uint<64>*, ap_uint<64>*, ap_uint<64>*, ap_uint<64>*, int)' to 'gs_butterfly(ap_uint<64>*, ap_uint<64>*, ap_uint<64>*, ap_uint<64>*, int) (.345)' by setting 'exp' to 'conv12.10' (../src/ntt.cpp:121:13)
INFO: [HLS 214-367] Instantiating function 'gs_butterfly(ap_uint<64>*, ap_uint<64>*, ap_uint<64>*, ap_uint<64>*, int)' to 'gs_butterfly(ap_uint<64>*, ap_uint<64>*, ap_uint<64>*, ap_uint<64>*, int) (.345)' by setting 'exp' to 'conv12.10' (../src/ntt.cpp:125:13)
INFO: [HLS 214-367] Instantiating function 'gs_butterfly(ap_uint<64>*, ap_uint<64>*, ap_uint<64>*, ap_uint<64>*, int)' to 'gs_butterfly(ap_uint<64>*, ap_uint<64>*, ap_uint<64>*, ap_uint<64>*, int) (.346)' by setting 'exp' to 'conv12.9' (../src/ntt.cpp:121:13)
INFO: [HLS 214-367] Instantiating function 'gs_butterfly(ap_uint<64>*, ap_uint<64>*, ap_uint<64>*, ap_uint<64>*, int)' to 'gs_butterfly(ap_uint<64>*, ap_uint<64>*, ap_uint<64>*, ap_uint<64>*, int) (.346)' by setting 'exp' to 'conv12.9' (../src/ntt.cpp:125:13)
INFO: [HLS 214-367] Instantiating function 'gs_butterfly(ap_uint<64>*, ap_uint<64>*, ap_uint<64>*, ap_uint<64>*, int)' to 'gs_butterfly(ap_uint<64>*, ap_uint<64>*, ap_uint<64>*, ap_uint<64>*, int) (.347)' by setting 'exp' to 'conv12.8' (../src/ntt.cpp:121:13)
INFO: [HLS 214-367] Instantiating function 'gs_butterfly(ap_uint<64>*, ap_uint<64>*, ap_uint<64>*, ap_uint<64>*, int)' to 'gs_butterfly(ap_uint<64>*, ap_uint<64>*, ap_uint<64>*, ap_uint<64>*, int) (.347)' by setting 'exp' to 'conv12.8' (../src/ntt.cpp:125:13)
INFO: [HLS 214-367] Instantiating function 'gs_butterfly(ap_uint<64>*, ap_uint<64>*, ap_uint<64>*, ap_uint<64>*, int)' to 'gs_butterfly(ap_uint<64>*, ap_uint<64>*, ap_uint<64>*, ap_uint<64>*, int) (.348)' by setting 'exp' to 'conv12.7' (../src/ntt.cpp:121:13)
INFO: [HLS 214-367] Instantiating function 'gs_butterfly(ap_uint<64>*, ap_uint<64>*, ap_uint<64>*, ap_uint<64>*, int)' to 'gs_butterfly(ap_uint<64>*, ap_uint<64>*, ap_uint<64>*, ap_uint<64>*, int) (.348)' by setting 'exp' to 'conv12.7' (../src/ntt.cpp:125:13)
INFO: [HLS 214-367] Instantiating function 'gs_butterfly(ap_uint<64>*, ap_uint<64>*, ap_uint<64>*, ap_uint<64>*, int)' to 'gs_butterfly(ap_uint<64>*, ap_uint<64>*, ap_uint<64>*, ap_uint<64>*, int) (.349)' by setting 'exp' to 'conv12.6' (../src/ntt.cpp:121:13)
INFO: [HLS 214-367] Instantiating function 'gs_butterfly(ap_uint<64>*, ap_uint<64>*, ap_uint<64>*, ap_uint<64>*, int)' to 'gs_butterfly(ap_uint<64>*, ap_uint<64>*, ap_uint<64>*, ap_uint<64>*, int) (.349)' by setting 'exp' to 'conv12.6' (../src/ntt.cpp:125:13)
INFO: [HLS 214-367] Instantiating function 'gs_butterfly(ap_uint<64>*, ap_uint<64>*, ap_uint<64>*, ap_uint<64>*, int)' to 'gs_butterfly(ap_uint<64>*, ap_uint<64>*, ap_uint<64>*, ap_uint<64>*, int) (.350)' by setting 'exp' to 'conv12.5' (../src/ntt.cpp:121:13)
INFO: [HLS 214-367] Instantiating function 'gs_butterfly(ap_uint<64>*, ap_uint<64>*, ap_uint<64>*, ap_uint<64>*, int)' to 'gs_butterfly(ap_uint<64>*, ap_uint<64>*, ap_uint<64>*, ap_uint<64>*, int) (.350)' by setting 'exp' to 'conv12.5' (../src/ntt.cpp:125:13)
INFO: [HLS 214-367] Instantiating function 'gs_butterfly(ap_uint<64>*, ap_uint<64>*, ap_uint<64>*, ap_uint<64>*, int)' to 'gs_butterfly(ap_uint<64>*, ap_uint<64>*, ap_uint<64>*, ap_uint<64>*, int) (.351)' by setting 'exp' to 'conv12.4' (../src/ntt.cpp:121:13)
INFO: [HLS 214-367] Instantiating function 'gs_butterfly(ap_uint<64>*, ap_uint<64>*, ap_uint<64>*, ap_uint<64>*, int)' to 'gs_butterfly(ap_uint<64>*, ap_uint<64>*, ap_uint<64>*, ap_uint<64>*, int) (.351)' by setting 'exp' to 'conv12.4' (../src/ntt.cpp:125:13)
INFO: [HLS 214-367] Instantiating function 'gs_butterfly(ap_uint<64>*, ap_uint<64>*, ap_uint<64>*, ap_uint<64>*, int)' to 'gs_butterfly(ap_uint<64>*, ap_uint<64>*, ap_uint<64>*, ap_uint<64>*, int) (.352)' by setting 'exp' to 'conv12.3' (../src/ntt.cpp:121:13)
INFO: [HLS 214-367] Instantiating function 'gs_butterfly(ap_uint<64>*, ap_uint<64>*, ap_uint<64>*, ap_uint<64>*, int)' to 'gs_butterfly(ap_uint<64>*, ap_uint<64>*, ap_uint<64>*, ap_uint<64>*, int) (.352)' by setting 'exp' to 'conv12.3' (../src/ntt.cpp:125:13)
INFO: [HLS 214-367] Instantiating function 'gs_butterfly(ap_uint<64>*, ap_uint<64>*, ap_uint<64>*, ap_uint<64>*, int)' to 'gs_butterfly(ap_uint<64>*, ap_uint<64>*, ap_uint<64>*, ap_uint<64>*, int) (.353)' by setting 'exp' to 'conv12.2' (../src/ntt.cpp:121:13)
INFO: [HLS 214-367] Instantiating function 'gs_butterfly(ap_uint<64>*, ap_uint<64>*, ap_uint<64>*, ap_uint<64>*, int)' to 'gs_butterfly(ap_uint<64>*, ap_uint<64>*, ap_uint<64>*, ap_uint<64>*, int) (.353)' by setting 'exp' to 'conv12.2' (../src/ntt.cpp:125:13)
INFO: [HLS 214-367] Instantiating function 'gs_butterfly(ap_uint<64>*, ap_uint<64>*, ap_uint<64>*, ap_uint<64>*, int)' to 'gs_butterfly(ap_uint<64>*, ap_uint<64>*, ap_uint<64>*, ap_uint<64>*, int) (.354)' by setting 'exp' to 'conv12.1' (../src/ntt.cpp:121:13)
INFO: [HLS 214-367] Instantiating function 'gs_butterfly(ap_uint<64>*, ap_uint<64>*, ap_uint<64>*, ap_uint<64>*, int)' to 'gs_butterfly(ap_uint<64>*, ap_uint<64>*, ap_uint<64>*, ap_uint<64>*, int) (.354)' by setting 'exp' to 'conv12.1' (../src/ntt.cpp:125:13)
INFO: [HLS 214-367] Instantiating function 'gs_butterfly(ap_uint<64>*, ap_uint<64>*, ap_uint<64>*, ap_uint<64>*, int)' to 'gs_butterfly(ap_uint<64>*, ap_uint<64>*, ap_uint<64>*, ap_uint<64>*, int) (.355)' by setting 'exp' to 'conv12.31' (../src/ntt.cpp:121:13)
INFO: [HLS 214-367] Instantiating function 'gs_butterfly(ap_uint<64>*, ap_uint<64>*, ap_uint<64>*, ap_uint<64>*, int)' to 'gs_butterfly(ap_uint<64>*, ap_uint<64>*, ap_uint<64>*, ap_uint<64>*, int) (.355)' by setting 'exp' to 'conv12.31' (../src/ntt.cpp:125:13)
INFO: [HLS 214-367] Instantiating function 'gs_butterfly(ap_uint<64>*, ap_uint<64>*, ap_uint<64>*, ap_uint<64>*, int)' to 'gs_butterfly(ap_uint<64>*, ap_uint<64>*, ap_uint<64>*, ap_uint<64>*, int) (.356)' by setting 'exp' to 'conv12.30' (../src/ntt.cpp:121:13)
INFO: [HLS 214-367] Instantiating function 'gs_butterfly(ap_uint<64>*, ap_uint<64>*, ap_uint<64>*, ap_uint<64>*, int)' to 'gs_butterfly(ap_uint<64>*, ap_uint<64>*, ap_uint<64>*, ap_uint<64>*, int) (.356)' by setting 'exp' to 'conv12.30' (../src/ntt.cpp:125:13)
INFO: [HLS 214-367] Instantiating function 'gs_butterfly(ap_uint<64>*, ap_uint<64>*, ap_uint<64>*, ap_uint<64>*, int)' to 'gs_butterfly(ap_uint<64>*, ap_uint<64>*, ap_uint<64>*, ap_uint<64>*, int) (.357)' by setting 'exp' to 'conv12.29' (../src/ntt.cpp:121:13)
INFO: [HLS 214-367] Instantiating function 'gs_butterfly(ap_uint<64>*, ap_uint<64>*, ap_uint<64>*, ap_uint<64>*, int)' to 'gs_butterfly(ap_uint<64>*, ap_uint<64>*, ap_uint<64>*, ap_uint<64>*, int) (.357)' by setting 'exp' to 'conv12.29' (../src/ntt.cpp:125:13)
INFO: [HLS 214-367] Instantiating function 'gs_butterfly(ap_uint<64>*, ap_uint<64>*, ap_uint<64>*, ap_uint<64>*, int)' to 'gs_butterfly(ap_uint<64>*, ap_uint<64>*, ap_uint<64>*, ap_uint<64>*, int) (.358)' by setting 'exp' to 'conv12.28' (../src/ntt.cpp:121:13)
INFO: [HLS 214-367] Instantiating function 'gs_butterfly(ap_uint<64>*, ap_uint<64>*, ap_uint<64>*, ap_uint<64>*, int)' to 'gs_butterfly(ap_uint<64>*, ap_uint<64>*, ap_uint<64>*, ap_uint<64>*, int) (.358)' by setting 'exp' to 'conv12.28' (../src/ntt.cpp:125:13)
INFO: [HLS 214-367] Instantiating function 'gs_butterfly(ap_uint<64>*, ap_uint<64>*, ap_uint<64>*, ap_uint<64>*, int)' to 'gs_butterfly(ap_uint<64>*, ap_uint<64>*, ap_uint<64>*, ap_uint<64>*, int) (.359)' by setting 'exp' to 'conv12.27' (../src/ntt.cpp:121:13)
INFO: [HLS 214-367] Instantiating function 'gs_butterfly(ap_uint<64>*, ap_uint<64>*, ap_uint<64>*, ap_uint<64>*, int)' to 'gs_butterfly(ap_uint<64>*, ap_uint<64>*, ap_uint<64>*, ap_uint<64>*, int) (.359)' by setting 'exp' to 'conv12.27' (../src/ntt.cpp:125:13)
INFO: [HLS 214-367] Instantiating function 'gs_butterfly(ap_uint<64>*, ap_uint<64>*, ap_uint<64>*, ap_uint<64>*, int)' to 'gs_butterfly(ap_uint<64>*, ap_uint<64>*, ap_uint<64>*, ap_uint<64>*, int) (.360)' by setting 'exp' to 'conv12.26' (../src/ntt.cpp:121:13)
INFO: [HLS 214-367] Instantiating function 'gs_butterfly(ap_uint<64>*, ap_uint<64>*, ap_uint<64>*, ap_uint<64>*, int)' to 'gs_butterfly(ap_uint<64>*, ap_uint<64>*, ap_uint<64>*, ap_uint<64>*, int) (.360)' by setting 'exp' to 'conv12.26' (../src/ntt.cpp:125:13)
INFO: [HLS 214-367] Instantiating function 'gs_butterfly(ap_uint<64>*, ap_uint<64>*, ap_uint<64>*, ap_uint<64>*, int)' to 'gs_butterfly(ap_uint<64>*, ap_uint<64>*, ap_uint<64>*, ap_uint<64>*, int) (.361)' by setting 'exp' to 'conv12.25' (../src/ntt.cpp:121:13)
INFO: [HLS 214-367] Instantiating function 'gs_butterfly(ap_uint<64>*, ap_uint<64>*, ap_uint<64>*, ap_uint<64>*, int)' to 'gs_butterfly(ap_uint<64>*, ap_uint<64>*, ap_uint<64>*, ap_uint<64>*, int) (.361)' by setting 'exp' to 'conv12.25' (../src/ntt.cpp:125:13)
INFO: [HLS 214-367] Instantiating function 'gs_butterfly(ap_uint<64>*, ap_uint<64>*, ap_uint<64>*, ap_uint<64>*, int)' to 'gs_butterfly(ap_uint<64>*, ap_uint<64>*, ap_uint<64>*, ap_uint<64>*, int) (.362)' by setting 'exp' to 'conv12.24' (../src/ntt.cpp:121:13)
INFO: [HLS 214-367] Instantiating function 'gs_butterfly(ap_uint<64>*, ap_uint<64>*, ap_uint<64>*, ap_uint<64>*, int)' to 'gs_butterfly(ap_uint<64>*, ap_uint<64>*, ap_uint<64>*, ap_uint<64>*, int) (.362)' by setting 'exp' to 'conv12.24' (../src/ntt.cpp:125:13)
INFO: [HLS 214-367] Instantiating function 'gs_butterfly(ap_uint<64>*, ap_uint<64>*, ap_uint<64>*, ap_uint<64>*, int)' to 'gs_butterfly(ap_uint<64>*, ap_uint<64>*, ap_uint<64>*, ap_uint<64>*, int) (.363)' by setting 'exp' to 'conv12.23' (../src/ntt.cpp:121:13)
INFO: [HLS 214-367] Instantiating function 'gs_butterfly(ap_uint<64>*, ap_uint<64>*, ap_uint<64>*, ap_uint<64>*, int)' to 'gs_butterfly(ap_uint<64>*, ap_uint<64>*, ap_uint<64>*, ap_uint<64>*, int) (.363)' by setting 'exp' to 'conv12.23' (../src/ntt.cpp:125:13)
INFO: [HLS 214-367] Instantiating function 'gs_butterfly(ap_uint<64>*, ap_uint<64>*, ap_uint<64>*, ap_uint<64>*, int)' to 'gs_butterfly(ap_uint<64>*, ap_uint<64>*, ap_uint<64>*, ap_uint<64>*, int) (.364)' by setting 'exp' to 'conv12.22' (../src/ntt.cpp:121:13)
INFO: [HLS 214-367] Instantiating function 'gs_butterfly(ap_uint<64>*, ap_uint<64>*, ap_uint<64>*, ap_uint<64>*, int)' to 'gs_butterfly(ap_uint<64>*, ap_uint<64>*, ap_uint<64>*, ap_uint<64>*, int) (.364)' by setting 'exp' to 'conv12.22' (../src/ntt.cpp:125:13)
INFO: [HLS 214-367] Instantiating function 'gs_butterfly(ap_uint<64>*, ap_uint<64>*, ap_uint<64>*, ap_uint<64>*, int)' to 'gs_butterfly(ap_uint<64>*, ap_uint<64>*, ap_uint<64>*, ap_uint<64>*, int) (.365)' by setting 'exp' to 'conv12.21' (../src/ntt.cpp:121:13)
INFO: [HLS 214-367] Instantiating function 'gs_butterfly(ap_uint<64>*, ap_uint<64>*, ap_uint<64>*, ap_uint<64>*, int)' to 'gs_butterfly(ap_uint<64>*, ap_uint<64>*, ap_uint<64>*, ap_uint<64>*, int) (.365)' by setting 'exp' to 'conv12.21' (../src/ntt.cpp:125:13)
INFO: [HLS 214-367] Instantiating function 'gs_butterfly(ap_uint<64>*, ap_uint<64>*, ap_uint<64>*, ap_uint<64>*, int)' to 'gs_butterfly(ap_uint<64>*, ap_uint<64>*, ap_uint<64>*, ap_uint<64>*, int) (.366)' by setting 'exp' to 'conv12.20' (../src/ntt.cpp:121:13)
INFO: [HLS 214-367] Instantiating function 'gs_butterfly(ap_uint<64>*, ap_uint<64>*, ap_uint<64>*, ap_uint<64>*, int)' to 'gs_butterfly(ap_uint<64>*, ap_uint<64>*, ap_uint<64>*, ap_uint<64>*, int) (.366)' by setting 'exp' to 'conv12.20' (../src/ntt.cpp:125:13)
INFO: [HLS 214-367] Instantiating function 'gs_butterfly(ap_uint<64>*, ap_uint<64>*, ap_uint<64>*, ap_uint<64>*, int)' to 'gs_butterfly(ap_uint<64>*, ap_uint<64>*, ap_uint<64>*, ap_uint<64>*, int) (.367)' by setting 'exp' to 'conv12.19' (../src/ntt.cpp:121:13)
INFO: [HLS 214-367] Instantiating function 'gs_butterfly(ap_uint<64>*, ap_uint<64>*, ap_uint<64>*, ap_uint<64>*, int)' to 'gs_butterfly(ap_uint<64>*, ap_uint<64>*, ap_uint<64>*, ap_uint<64>*, int) (.367)' by setting 'exp' to 'conv12.19' (../src/ntt.cpp:125:13)
INFO: [HLS 214-367] Instantiating function 'gs_butterfly(ap_uint<64>*, ap_uint<64>*, ap_uint<64>*, ap_uint<64>*, int)' to 'gs_butterfly(ap_uint<64>*, ap_uint<64>*, ap_uint<64>*, ap_uint<64>*, int) (.368)' by setting 'exp' to 'conv12.18' (../src/ntt.cpp:121:13)
INFO: [HLS 214-367] Instantiating function 'gs_butterfly(ap_uint<64>*, ap_uint<64>*, ap_uint<64>*, ap_uint<64>*, int)' to 'gs_butterfly(ap_uint<64>*, ap_uint<64>*, ap_uint<64>*, ap_uint<64>*, int) (.368)' by setting 'exp' to 'conv12.18' (../src/ntt.cpp:125:13)
INFO: [HLS 214-367] Instantiating function 'gs_butterfly(ap_uint<64>*, ap_uint<64>*, ap_uint<64>*, ap_uint<64>*, int)' to 'gs_butterfly(ap_uint<64>*, ap_uint<64>*, ap_uint<64>*, ap_uint<64>*, int) (.369)' by setting 'exp' to 'conv12.17' (../src/ntt.cpp:121:13)
INFO: [HLS 214-367] Instantiating function 'gs_butterfly(ap_uint<64>*, ap_uint<64>*, ap_uint<64>*, ap_uint<64>*, int)' to 'gs_butterfly(ap_uint<64>*, ap_uint<64>*, ap_uint<64>*, ap_uint<64>*, int) (.369)' by setting 'exp' to 'conv12.17' (../src/ntt.cpp:125:13)
INFO: [HLS 214-367] Instantiating function 'gs_butterfly(ap_uint<64>*, ap_uint<64>*, ap_uint<64>*, ap_uint<64>*, int)' to 'gs_butterfly(ap_uint<64>*, ap_uint<64>*, ap_uint<64>*, ap_uint<64>*, int) (.370)' by setting 'exp' to 'conv12.16' (../src/ntt.cpp:121:13)
INFO: [HLS 214-367] Instantiating function 'gs_butterfly(ap_uint<64>*, ap_uint<64>*, ap_uint<64>*, ap_uint<64>*, int)' to 'gs_butterfly(ap_uint<64>*, ap_uint<64>*, ap_uint<64>*, ap_uint<64>*, int) (.370)' by setting 'exp' to 'conv12.16' (../src/ntt.cpp:125:13)
INFO: [HLS 214-367] Instantiating function 'gs_butterfly(ap_uint<64>*, ap_uint<64>*, ap_uint<64>*, ap_uint<64>*, int)' to 'gs_butterfly(ap_uint<64>*, ap_uint<64>*, ap_uint<64>*, ap_uint<64>*, int) (.371)' by setting 'exp' to 'conv12.15' (../src/ntt.cpp:121:13)
INFO: [HLS 214-367] Instantiating function 'gs_butterfly(ap_uint<64>*, ap_uint<64>*, ap_uint<64>*, ap_uint<64>*, int)' to 'gs_butterfly(ap_uint<64>*, ap_uint<64>*, ap_uint<64>*, ap_uint<64>*, int) (.371)' by setting 'exp' to 'conv12.15' (../src/ntt.cpp:125:13)
INFO: [HLS 214-367] Instantiating function 'gs_butterfly(ap_uint<64>*, ap_uint<64>*, ap_uint<64>*, ap_uint<64>*, int)' to 'gs_butterfly(ap_uint<64>*, ap_uint<64>*, ap_uint<64>*, ap_uint<64>*, int) (.372)' by setting 'exp' to 'conv12.14' (../src/ntt.cpp:121:13)
INFO: [HLS 214-367] Instantiating function 'gs_butterfly(ap_uint<64>*, ap_uint<64>*, ap_uint<64>*, ap_uint<64>*, int)' to 'gs_butterfly(ap_uint<64>*, ap_uint<64>*, ap_uint<64>*, ap_uint<64>*, int) (.372)' by setting 'exp' to 'conv12.14' (../src/ntt.cpp:125:13)
INFO: [HLS 214-367] Instantiating function 'gs_butterfly(ap_uint<64>*, ap_uint<64>*, ap_uint<64>*, ap_uint<64>*, int)' to 'gs_butterfly(ap_uint<64>*, ap_uint<64>*, ap_uint<64>*, ap_uint<64>*, int) (.373)' by setting 'exp' to 'conv12.13' (../src/ntt.cpp:121:13)
INFO: [HLS 214-367] Instantiating function 'gs_butterfly(ap_uint<64>*, ap_uint<64>*, ap_uint<64>*, ap_uint<64>*, int)' to 'gs_butterfly(ap_uint<64>*, ap_uint<64>*, ap_uint<64>*, ap_uint<64>*, int) (.373)' by setting 'exp' to 'conv12.13' (../src/ntt.cpp:125:13)
INFO: [HLS 214-367] Instantiating function 'gs_butterfly(ap_uint<64>*, ap_uint<64>*, ap_uint<64>*, ap_uint<64>*, int)' to 'gs_butterfly(ap_uint<64>*, ap_uint<64>*, ap_uint<64>*, ap_uint<64>*, int) (.374)' by setting 'exp' to 'conv12.12' (../src/ntt.cpp:121:13)
INFO: [HLS 214-367] Instantiating function 'gs_butterfly(ap_uint<64>*, ap_uint<64>*, ap_uint<64>*, ap_uint<64>*, int)' to 'gs_butterfly(ap_uint<64>*, ap_uint<64>*, ap_uint<64>*, ap_uint<64>*, int) (.374)' by setting 'exp' to 'conv12.12' (../src/ntt.cpp:125:13)
INFO: [HLS 214-367] Instantiating function 'gs_butterfly(ap_uint<64>*, ap_uint<64>*, ap_uint<64>*, ap_uint<64>*, int)' to 'gs_butterfly(ap_uint<64>*, ap_uint<64>*, ap_uint<64>*, ap_uint<64>*, int) (.375)' by setting 'exp' to 'conv12.11' (../src/ntt.cpp:121:13)
INFO: [HLS 214-367] Instantiating function 'gs_butterfly(ap_uint<64>*, ap_uint<64>*, ap_uint<64>*, ap_uint<64>*, int)' to 'gs_butterfly(ap_uint<64>*, ap_uint<64>*, ap_uint<64>*, ap_uint<64>*, int) (.375)' by setting 'exp' to 'conv12.11' (../src/ntt.cpp:125:13)
INFO: [HLS 214-367] Instantiating function 'gs_butterfly(ap_uint<64>*, ap_uint<64>*, ap_uint<64>*, ap_uint<64>*, int)' to 'gs_butterfly(ap_uint<64>*, ap_uint<64>*, ap_uint<64>*, ap_uint<64>*, int) (.376)' by setting 'exp' to 'conv12.10' (../src/ntt.cpp:121:13)
INFO: [HLS 214-367] Instantiating function 'gs_butterfly(ap_uint<64>*, ap_uint<64>*, ap_uint<64>*, ap_uint<64>*, int)' to 'gs_butterfly(ap_uint<64>*, ap_uint<64>*, ap_uint<64>*, ap_uint<64>*, int) (.376)' by setting 'exp' to 'conv12.10' (../src/ntt.cpp:125:13)
INFO: [HLS 214-367] Instantiating function 'gs_butterfly(ap_uint<64>*, ap_uint<64>*, ap_uint<64>*, ap_uint<64>*, int)' to 'gs_butterfly(ap_uint<64>*, ap_uint<64>*, ap_uint<64>*, ap_uint<64>*, int) (.377)' by setting 'exp' to 'conv12.9' (../src/ntt.cpp:121:13)
INFO: [HLS 214-367] Instantiating function 'gs_butterfly(ap_uint<64>*, ap_uint<64>*, ap_uint<64>*, ap_uint<64>*, int)' to 'gs_butterfly(ap_uint<64>*, ap_uint<64>*, ap_uint<64>*, ap_uint<64>*, int) (.377)' by setting 'exp' to 'conv12.9' (../src/ntt.cpp:125:13)
INFO: [HLS 214-367] Instantiating function 'gs_butterfly(ap_uint<64>*, ap_uint<64>*, ap_uint<64>*, ap_uint<64>*, int)' to 'gs_butterfly(ap_uint<64>*, ap_uint<64>*, ap_uint<64>*, ap_uint<64>*, int) (.378)' by setting 'exp' to 'conv12.8' (../src/ntt.cpp:121:13)
INFO: [HLS 214-367] Instantiating function 'gs_butterfly(ap_uint<64>*, ap_uint<64>*, ap_uint<64>*, ap_uint<64>*, int)' to 'gs_butterfly(ap_uint<64>*, ap_uint<64>*, ap_uint<64>*, ap_uint<64>*, int) (.378)' by setting 'exp' to 'conv12.8' (../src/ntt.cpp:125:13)
INFO: [HLS 214-367] Instantiating function 'gs_butterfly(ap_uint<64>*, ap_uint<64>*, ap_uint<64>*, ap_uint<64>*, int)' to 'gs_butterfly(ap_uint<64>*, ap_uint<64>*, ap_uint<64>*, ap_uint<64>*, int) (.379)' by setting 'exp' to 'conv12.7' (../src/ntt.cpp:121:13)
INFO: [HLS 214-367] Instantiating function 'gs_butterfly(ap_uint<64>*, ap_uint<64>*, ap_uint<64>*, ap_uint<64>*, int)' to 'gs_butterfly(ap_uint<64>*, ap_uint<64>*, ap_uint<64>*, ap_uint<64>*, int) (.379)' by setting 'exp' to 'conv12.7' (../src/ntt.cpp:125:13)
INFO: [HLS 214-367] Instantiating function 'gs_butterfly(ap_uint<64>*, ap_uint<64>*, ap_uint<64>*, ap_uint<64>*, int)' to 'gs_butterfly(ap_uint<64>*, ap_uint<64>*, ap_uint<64>*, ap_uint<64>*, int) (.380)' by setting 'exp' to 'conv12.6' (../src/ntt.cpp:121:13)
INFO: [HLS 214-367] Instantiating function 'gs_butterfly(ap_uint<64>*, ap_uint<64>*, ap_uint<64>*, ap_uint<64>*, int)' to 'gs_butterfly(ap_uint<64>*, ap_uint<64>*, ap_uint<64>*, ap_uint<64>*, int) (.380)' by setting 'exp' to 'conv12.6' (../src/ntt.cpp:125:13)
INFO: [HLS 214-367] Instantiating function 'gs_butterfly(ap_uint<64>*, ap_uint<64>*, ap_uint<64>*, ap_uint<64>*, int)' to 'gs_butterfly(ap_uint<64>*, ap_uint<64>*, ap_uint<64>*, ap_uint<64>*, int) (.381)' by setting 'exp' to 'conv12.5' (../src/ntt.cpp:121:13)
INFO: [HLS 214-367] Instantiating function 'gs_butterfly(ap_uint<64>*, ap_uint<64>*, ap_uint<64>*, ap_uint<64>*, int)' to 'gs_butterfly(ap_uint<64>*, ap_uint<64>*, ap_uint<64>*, ap_uint<64>*, int) (.381)' by setting 'exp' to 'conv12.5' (../src/ntt.cpp:125:13)
INFO: [HLS 214-367] Instantiating function 'gs_butterfly(ap_uint<64>*, ap_uint<64>*, ap_uint<64>*, ap_uint<64>*, int)' to 'gs_butterfly(ap_uint<64>*, ap_uint<64>*, ap_uint<64>*, ap_uint<64>*, int) (.382)' by setting 'exp' to 'conv12.4' (../src/ntt.cpp:121:13)
INFO: [HLS 214-367] Instantiating function 'gs_butterfly(ap_uint<64>*, ap_uint<64>*, ap_uint<64>*, ap_uint<64>*, int)' to 'gs_butterfly(ap_uint<64>*, ap_uint<64>*, ap_uint<64>*, ap_uint<64>*, int) (.382)' by setting 'exp' to 'conv12.4' (../src/ntt.cpp:125:13)
INFO: [HLS 214-367] Instantiating function 'gs_butterfly(ap_uint<64>*, ap_uint<64>*, ap_uint<64>*, ap_uint<64>*, int)' to 'gs_butterfly(ap_uint<64>*, ap_uint<64>*, ap_uint<64>*, ap_uint<64>*, int) (.383)' by setting 'exp' to 'conv12.3' (../src/ntt.cpp:121:13)
INFO: [HLS 214-367] Instantiating function 'gs_butterfly(ap_uint<64>*, ap_uint<64>*, ap_uint<64>*, ap_uint<64>*, int)' to 'gs_butterfly(ap_uint<64>*, ap_uint<64>*, ap_uint<64>*, ap_uint<64>*, int) (.383)' by setting 'exp' to 'conv12.3' (../src/ntt.cpp:125:13)
INFO: [HLS 214-367] Instantiating function 'gs_butterfly(ap_uint<64>*, ap_uint<64>*, ap_uint<64>*, ap_uint<64>*, int)' to 'gs_butterfly(ap_uint<64>*, ap_uint<64>*, ap_uint<64>*, ap_uint<64>*, int) (.384)' by setting 'exp' to 'conv12.2' (../src/ntt.cpp:121:13)
INFO: [HLS 214-367] Instantiating function 'gs_butterfly(ap_uint<64>*, ap_uint<64>*, ap_uint<64>*, ap_uint<64>*, int)' to 'gs_butterfly(ap_uint<64>*, ap_uint<64>*, ap_uint<64>*, ap_uint<64>*, int) (.384)' by setting 'exp' to 'conv12.2' (../src/ntt.cpp:125:13)
INFO: [HLS 214-367] Instantiating function 'gs_butterfly(ap_uint<64>*, ap_uint<64>*, ap_uint<64>*, ap_uint<64>*, int)' to 'gs_butterfly(ap_uint<64>*, ap_uint<64>*, ap_uint<64>*, ap_uint<64>*, int) (.385)' by setting 'exp' to 'conv12.1' (../src/ntt.cpp:121:13)
INFO: [HLS 214-367] Instantiating function 'gs_butterfly(ap_uint<64>*, ap_uint<64>*, ap_uint<64>*, ap_uint<64>*, int)' to 'gs_butterfly(ap_uint<64>*, ap_uint<64>*, ap_uint<64>*, ap_uint<64>*, int) (.385)' by setting 'exp' to 'conv12.1' (../src/ntt.cpp:125:13)
INFO: [HLS 214-367] Instantiating function 'gs_butterfly(ap_uint<64>*, ap_uint<64>*, ap_uint<64>*, ap_uint<64>*, int)' to 'gs_butterfly(ap_uint<64>*, ap_uint<64>*, ap_uint<64>*, ap_uint<64>*, int) (.386)' by setting 'exp' to 'conv12.31' (../src/ntt.cpp:121:13)
INFO: [HLS 214-367] Instantiating function 'gs_butterfly(ap_uint<64>*, ap_uint<64>*, ap_uint<64>*, ap_uint<64>*, int)' to 'gs_butterfly(ap_uint<64>*, ap_uint<64>*, ap_uint<64>*, ap_uint<64>*, int) (.386)' by setting 'exp' to 'conv12.31' (../src/ntt.cpp:125:13)
INFO: [HLS 214-367] Instantiating function 'gs_butterfly(ap_uint<64>*, ap_uint<64>*, ap_uint<64>*, ap_uint<64>*, int)' to 'gs_butterfly(ap_uint<64>*, ap_uint<64>*, ap_uint<64>*, ap_uint<64>*, int) (.387)' by setting 'exp' to 'conv12.30' (../src/ntt.cpp:121:13)
INFO: [HLS 214-367] Instantiating function 'gs_butterfly(ap_uint<64>*, ap_uint<64>*, ap_uint<64>*, ap_uint<64>*, int)' to 'gs_butterfly(ap_uint<64>*, ap_uint<64>*, ap_uint<64>*, ap_uint<64>*, int) (.387)' by setting 'exp' to 'conv12.30' (../src/ntt.cpp:125:13)
INFO: [HLS 214-367] Instantiating function 'gs_butterfly(ap_uint<64>*, ap_uint<64>*, ap_uint<64>*, ap_uint<64>*, int)' to 'gs_butterfly(ap_uint<64>*, ap_uint<64>*, ap_uint<64>*, ap_uint<64>*, int) (.388)' by setting 'exp' to 'conv12.29' (../src/ntt.cpp:121:13)
INFO: [HLS 214-367] Instantiating function 'gs_butterfly(ap_uint<64>*, ap_uint<64>*, ap_uint<64>*, ap_uint<64>*, int)' to 'gs_butterfly(ap_uint<64>*, ap_uint<64>*, ap_uint<64>*, ap_uint<64>*, int) (.388)' by setting 'exp' to 'conv12.29' (../src/ntt.cpp:125:13)
INFO: [HLS 214-367] Instantiating function 'gs_butterfly(ap_uint<64>*, ap_uint<64>*, ap_uint<64>*, ap_uint<64>*, int)' to 'gs_butterfly(ap_uint<64>*, ap_uint<64>*, ap_uint<64>*, ap_uint<64>*, int) (.389)' by setting 'exp' to 'conv12.28' (../src/ntt.cpp:121:13)
INFO: [HLS 214-367] Instantiating function 'gs_butterfly(ap_uint<64>*, ap_uint<64>*, ap_uint<64>*, ap_uint<64>*, int)' to 'gs_butterfly(ap_uint<64>*, ap_uint<64>*, ap_uint<64>*, ap_uint<64>*, int) (.389)' by setting 'exp' to 'conv12.28' (../src/ntt.cpp:125:13)
INFO: [HLS 214-367] Instantiating function 'gs_butterfly(ap_uint<64>*, ap_uint<64>*, ap_uint<64>*, ap_uint<64>*, int)' to 'gs_butterfly(ap_uint<64>*, ap_uint<64>*, ap_uint<64>*, ap_uint<64>*, int) (.390)' by setting 'exp' to 'conv12.27' (../src/ntt.cpp:121:13)
INFO: [HLS 214-367] Instantiating function 'gs_butterfly(ap_uint<64>*, ap_uint<64>*, ap_uint<64>*, ap_uint<64>*, int)' to 'gs_butterfly(ap_uint<64>*, ap_uint<64>*, ap_uint<64>*, ap_uint<64>*, int) (.390)' by setting 'exp' to 'conv12.27' (../src/ntt.cpp:125:13)
INFO: [HLS 214-367] Instantiating function 'gs_butterfly(ap_uint<64>*, ap_uint<64>*, ap_uint<64>*, ap_uint<64>*, int)' to 'gs_butterfly(ap_uint<64>*, ap_uint<64>*, ap_uint<64>*, ap_uint<64>*, int) (.391)' by setting 'exp' to 'conv12.26' (../src/ntt.cpp:121:13)
INFO: [HLS 214-367] Instantiating function 'gs_butterfly(ap_uint<64>*, ap_uint<64>*, ap_uint<64>*, ap_uint<64>*, int)' to 'gs_butterfly(ap_uint<64>*, ap_uint<64>*, ap_uint<64>*, ap_uint<64>*, int) (.391)' by setting 'exp' to 'conv12.26' (../src/ntt.cpp:125:13)
INFO: [HLS 214-367] Instantiating function 'gs_butterfly(ap_uint<64>*, ap_uint<64>*, ap_uint<64>*, ap_uint<64>*, int)' to 'gs_butterfly(ap_uint<64>*, ap_uint<64>*, ap_uint<64>*, ap_uint<64>*, int) (.392)' by setting 'exp' to 'conv12.25' (../src/ntt.cpp:121:13)
INFO: [HLS 214-367] Instantiating function 'gs_butterfly(ap_uint<64>*, ap_uint<64>*, ap_uint<64>*, ap_uint<64>*, int)' to 'gs_butterfly(ap_uint<64>*, ap_uint<64>*, ap_uint<64>*, ap_uint<64>*, int) (.392)' by setting 'exp' to 'conv12.25' (../src/ntt.cpp:125:13)
INFO: [HLS 214-367] Instantiating function 'gs_butterfly(ap_uint<64>*, ap_uint<64>*, ap_uint<64>*, ap_uint<64>*, int)' to 'gs_butterfly(ap_uint<64>*, ap_uint<64>*, ap_uint<64>*, ap_uint<64>*, int) (.393)' by setting 'exp' to 'conv12.24' (../src/ntt.cpp:121:13)
INFO: [HLS 214-367] Instantiating function 'gs_butterfly(ap_uint<64>*, ap_uint<64>*, ap_uint<64>*, ap_uint<64>*, int)' to 'gs_butterfly(ap_uint<64>*, ap_uint<64>*, ap_uint<64>*, ap_uint<64>*, int) (.393)' by setting 'exp' to 'conv12.24' (../src/ntt.cpp:125:13)
INFO: [HLS 214-367] Instantiating function 'gs_butterfly(ap_uint<64>*, ap_uint<64>*, ap_uint<64>*, ap_uint<64>*, int)' to 'gs_butterfly(ap_uint<64>*, ap_uint<64>*, ap_uint<64>*, ap_uint<64>*, int) (.394)' by setting 'exp' to 'conv12.23' (../src/ntt.cpp:121:13)
INFO: [HLS 214-367] Instantiating function 'gs_butterfly(ap_uint<64>*, ap_uint<64>*, ap_uint<64>*, ap_uint<64>*, int)' to 'gs_butterfly(ap_uint<64>*, ap_uint<64>*, ap_uint<64>*, ap_uint<64>*, int) (.394)' by setting 'exp' to 'conv12.23' (../src/ntt.cpp:125:13)
INFO: [HLS 214-367] Instantiating function 'gs_butterfly(ap_uint<64>*, ap_uint<64>*, ap_uint<64>*, ap_uint<64>*, int)' to 'gs_butterfly(ap_uint<64>*, ap_uint<64>*, ap_uint<64>*, ap_uint<64>*, int) (.395)' by setting 'exp' to 'conv12.22' (../src/ntt.cpp:121:13)
INFO: [HLS 214-367] Instantiating function 'gs_butterfly(ap_uint<64>*, ap_uint<64>*, ap_uint<64>*, ap_uint<64>*, int)' to 'gs_butterfly(ap_uint<64>*, ap_uint<64>*, ap_uint<64>*, ap_uint<64>*, int) (.395)' by setting 'exp' to 'conv12.22' (../src/ntt.cpp:125:13)
INFO: [HLS 214-367] Instantiating function 'gs_butterfly(ap_uint<64>*, ap_uint<64>*, ap_uint<64>*, ap_uint<64>*, int)' to 'gs_butterfly(ap_uint<64>*, ap_uint<64>*, ap_uint<64>*, ap_uint<64>*, int) (.396)' by setting 'exp' to 'conv12.21' (../src/ntt.cpp:121:13)
INFO: [HLS 214-367] Instantiating function 'gs_butterfly(ap_uint<64>*, ap_uint<64>*, ap_uint<64>*, ap_uint<64>*, int)' to 'gs_butterfly(ap_uint<64>*, ap_uint<64>*, ap_uint<64>*, ap_uint<64>*, int) (.396)' by setting 'exp' to 'conv12.21' (../src/ntt.cpp:125:13)
INFO: [HLS 214-367] Instantiating function 'gs_butterfly(ap_uint<64>*, ap_uint<64>*, ap_uint<64>*, ap_uint<64>*, int)' to 'gs_butterfly(ap_uint<64>*, ap_uint<64>*, ap_uint<64>*, ap_uint<64>*, int) (.397)' by setting 'exp' to 'conv12.20' (../src/ntt.cpp:121:13)
INFO: [HLS 214-367] Instantiating function 'gs_butterfly(ap_uint<64>*, ap_uint<64>*, ap_uint<64>*, ap_uint<64>*, int)' to 'gs_butterfly(ap_uint<64>*, ap_uint<64>*, ap_uint<64>*, ap_uint<64>*, int) (.397)' by setting 'exp' to 'conv12.20' (../src/ntt.cpp:125:13)
INFO: [HLS 214-367] Instantiating function 'gs_butterfly(ap_uint<64>*, ap_uint<64>*, ap_uint<64>*, ap_uint<64>*, int)' to 'gs_butterfly(ap_uint<64>*, ap_uint<64>*, ap_uint<64>*, ap_uint<64>*, int) (.398)' by setting 'exp' to 'conv12.19' (../src/ntt.cpp:121:13)
INFO: [HLS 214-367] Instantiating function 'gs_butterfly(ap_uint<64>*, ap_uint<64>*, ap_uint<64>*, ap_uint<64>*, int)' to 'gs_butterfly(ap_uint<64>*, ap_uint<64>*, ap_uint<64>*, ap_uint<64>*, int) (.398)' by setting 'exp' to 'conv12.19' (../src/ntt.cpp:125:13)
INFO: [HLS 214-367] Instantiating function 'gs_butterfly(ap_uint<64>*, ap_uint<64>*, ap_uint<64>*, ap_uint<64>*, int)' to 'gs_butterfly(ap_uint<64>*, ap_uint<64>*, ap_uint<64>*, ap_uint<64>*, int) (.399)' by setting 'exp' to 'conv12.18' (../src/ntt.cpp:121:13)
INFO: [HLS 214-367] Instantiating function 'gs_butterfly(ap_uint<64>*, ap_uint<64>*, ap_uint<64>*, ap_uint<64>*, int)' to 'gs_butterfly(ap_uint<64>*, ap_uint<64>*, ap_uint<64>*, ap_uint<64>*, int) (.399)' by setting 'exp' to 'conv12.18' (../src/ntt.cpp:125:13)
INFO: [HLS 214-367] Instantiating function 'gs_butterfly(ap_uint<64>*, ap_uint<64>*, ap_uint<64>*, ap_uint<64>*, int)' to 'gs_butterfly(ap_uint<64>*, ap_uint<64>*, ap_uint<64>*, ap_uint<64>*, int) (.400)' by setting 'exp' to 'conv12.17' (../src/ntt.cpp:121:13)
INFO: [HLS 214-367] Instantiating function 'gs_butterfly(ap_uint<64>*, ap_uint<64>*, ap_uint<64>*, ap_uint<64>*, int)' to 'gs_butterfly(ap_uint<64>*, ap_uint<64>*, ap_uint<64>*, ap_uint<64>*, int) (.400)' by setting 'exp' to 'conv12.17' (../src/ntt.cpp:125:13)
INFO: [HLS 214-367] Instantiating function 'gs_butterfly(ap_uint<64>*, ap_uint<64>*, ap_uint<64>*, ap_uint<64>*, int)' to 'gs_butterfly(ap_uint<64>*, ap_uint<64>*, ap_uint<64>*, ap_uint<64>*, int) (.401)' by setting 'exp' to 'conv12.16' (../src/ntt.cpp:121:13)
INFO: [HLS 214-367] Instantiating function 'gs_butterfly(ap_uint<64>*, ap_uint<64>*, ap_uint<64>*, ap_uint<64>*, int)' to 'gs_butterfly(ap_uint<64>*, ap_uint<64>*, ap_uint<64>*, ap_uint<64>*, int) (.401)' by setting 'exp' to 'conv12.16' (../src/ntt.cpp:125:13)
INFO: [HLS 214-367] Instantiating function 'gs_butterfly(ap_uint<64>*, ap_uint<64>*, ap_uint<64>*, ap_uint<64>*, int)' to 'gs_butterfly(ap_uint<64>*, ap_uint<64>*, ap_uint<64>*, ap_uint<64>*, int) (.402)' by setting 'exp' to 'conv12.15' (../src/ntt.cpp:121:13)
INFO: [HLS 214-367] Instantiating function 'gs_butterfly(ap_uint<64>*, ap_uint<64>*, ap_uint<64>*, ap_uint<64>*, int)' to 'gs_butterfly(ap_uint<64>*, ap_uint<64>*, ap_uint<64>*, ap_uint<64>*, int) (.402)' by setting 'exp' to 'conv12.15' (../src/ntt.cpp:125:13)
INFO: [HLS 214-367] Instantiating function 'gs_butterfly(ap_uint<64>*, ap_uint<64>*, ap_uint<64>*, ap_uint<64>*, int)' to 'gs_butterfly(ap_uint<64>*, ap_uint<64>*, ap_uint<64>*, ap_uint<64>*, int) (.403)' by setting 'exp' to 'conv12.14' (../src/ntt.cpp:121:13)
INFO: [HLS 214-367] Instantiating function 'gs_butterfly(ap_uint<64>*, ap_uint<64>*, ap_uint<64>*, ap_uint<64>*, int)' to 'gs_butterfly(ap_uint<64>*, ap_uint<64>*, ap_uint<64>*, ap_uint<64>*, int) (.403)' by setting 'exp' to 'conv12.14' (../src/ntt.cpp:125:13)
INFO: [HLS 214-367] Instantiating function 'gs_butterfly(ap_uint<64>*, ap_uint<64>*, ap_uint<64>*, ap_uint<64>*, int)' to 'gs_butterfly(ap_uint<64>*, ap_uint<64>*, ap_uint<64>*, ap_uint<64>*, int) (.404)' by setting 'exp' to 'conv12.13' (../src/ntt.cpp:121:13)
INFO: [HLS 214-367] Instantiating function 'gs_butterfly(ap_uint<64>*, ap_uint<64>*, ap_uint<64>*, ap_uint<64>*, int)' to 'gs_butterfly(ap_uint<64>*, ap_uint<64>*, ap_uint<64>*, ap_uint<64>*, int) (.404)' by setting 'exp' to 'conv12.13' (../src/ntt.cpp:125:13)
INFO: [HLS 214-367] Instantiating function 'gs_butterfly(ap_uint<64>*, ap_uint<64>*, ap_uint<64>*, ap_uint<64>*, int)' to 'gs_butterfly(ap_uint<64>*, ap_uint<64>*, ap_uint<64>*, ap_uint<64>*, int) (.405)' by setting 'exp' to 'conv12.12' (../src/ntt.cpp:121:13)
INFO: [HLS 214-367] Instantiating function 'gs_butterfly(ap_uint<64>*, ap_uint<64>*, ap_uint<64>*, ap_uint<64>*, int)' to 'gs_butterfly(ap_uint<64>*, ap_uint<64>*, ap_uint<64>*, ap_uint<64>*, int) (.405)' by setting 'exp' to 'conv12.12' (../src/ntt.cpp:125:13)
INFO: [HLS 214-367] Instantiating function 'gs_butterfly(ap_uint<64>*, ap_uint<64>*, ap_uint<64>*, ap_uint<64>*, int)' to 'gs_butterfly(ap_uint<64>*, ap_uint<64>*, ap_uint<64>*, ap_uint<64>*, int) (.406)' by setting 'exp' to 'conv12.11' (../src/ntt.cpp:121:13)
INFO: [HLS 214-367] Instantiating function 'gs_butterfly(ap_uint<64>*, ap_uint<64>*, ap_uint<64>*, ap_uint<64>*, int)' to 'gs_butterfly(ap_uint<64>*, ap_uint<64>*, ap_uint<64>*, ap_uint<64>*, int) (.406)' by setting 'exp' to 'conv12.11' (../src/ntt.cpp:125:13)
INFO: [HLS 214-367] Instantiating function 'gs_butterfly(ap_uint<64>*, ap_uint<64>*, ap_uint<64>*, ap_uint<64>*, int)' to 'gs_butterfly(ap_uint<64>*, ap_uint<64>*, ap_uint<64>*, ap_uint<64>*, int) (.407)' by setting 'exp' to 'conv12.10' (../src/ntt.cpp:121:13)
INFO: [HLS 214-367] Instantiating function 'gs_butterfly(ap_uint<64>*, ap_uint<64>*, ap_uint<64>*, ap_uint<64>*, int)' to 'gs_butterfly(ap_uint<64>*, ap_uint<64>*, ap_uint<64>*, ap_uint<64>*, int) (.407)' by setting 'exp' to 'conv12.10' (../src/ntt.cpp:125:13)
INFO: [HLS 214-367] Instantiating function 'gs_butterfly(ap_uint<64>*, ap_uint<64>*, ap_uint<64>*, ap_uint<64>*, int)' to 'gs_butterfly(ap_uint<64>*, ap_uint<64>*, ap_uint<64>*, ap_uint<64>*, int) (.408)' by setting 'exp' to 'conv12.9' (../src/ntt.cpp:121:13)
INFO: [HLS 214-367] Instantiating function 'gs_butterfly(ap_uint<64>*, ap_uint<64>*, ap_uint<64>*, ap_uint<64>*, int)' to 'gs_butterfly(ap_uint<64>*, ap_uint<64>*, ap_uint<64>*, ap_uint<64>*, int) (.408)' by setting 'exp' to 'conv12.9' (../src/ntt.cpp:125:13)
INFO: [HLS 214-367] Instantiating function 'gs_butterfly(ap_uint<64>*, ap_uint<64>*, ap_uint<64>*, ap_uint<64>*, int)' to 'gs_butterfly(ap_uint<64>*, ap_uint<64>*, ap_uint<64>*, ap_uint<64>*, int) (.409)' by setting 'exp' to 'conv12.8' (../src/ntt.cpp:121:13)
INFO: [HLS 214-367] Instantiating function 'gs_butterfly(ap_uint<64>*, ap_uint<64>*, ap_uint<64>*, ap_uint<64>*, int)' to 'gs_butterfly(ap_uint<64>*, ap_uint<64>*, ap_uint<64>*, ap_uint<64>*, int) (.409)' by setting 'exp' to 'conv12.8' (../src/ntt.cpp:125:13)
INFO: [HLS 214-367] Instantiating function 'gs_butterfly(ap_uint<64>*, ap_uint<64>*, ap_uint<64>*, ap_uint<64>*, int)' to 'gs_butterfly(ap_uint<64>*, ap_uint<64>*, ap_uint<64>*, ap_uint<64>*, int) (.410)' by setting 'exp' to 'conv12.7' (../src/ntt.cpp:121:13)
INFO: [HLS 214-367] Instantiating function 'gs_butterfly(ap_uint<64>*, ap_uint<64>*, ap_uint<64>*, ap_uint<64>*, int)' to 'gs_butterfly(ap_uint<64>*, ap_uint<64>*, ap_uint<64>*, ap_uint<64>*, int) (.410)' by setting 'exp' to 'conv12.7' (../src/ntt.cpp:125:13)
INFO: [HLS 214-367] Instantiating function 'gs_butterfly(ap_uint<64>*, ap_uint<64>*, ap_uint<64>*, ap_uint<64>*, int)' to 'gs_butterfly(ap_uint<64>*, ap_uint<64>*, ap_uint<64>*, ap_uint<64>*, int) (.411)' by setting 'exp' to 'conv12.6' (../src/ntt.cpp:121:13)
INFO: [HLS 214-367] Instantiating function 'gs_butterfly(ap_uint<64>*, ap_uint<64>*, ap_uint<64>*, ap_uint<64>*, int)' to 'gs_butterfly(ap_uint<64>*, ap_uint<64>*, ap_uint<64>*, ap_uint<64>*, int) (.411)' by setting 'exp' to 'conv12.6' (../src/ntt.cpp:125:13)
INFO: [HLS 214-367] Instantiating function 'gs_butterfly(ap_uint<64>*, ap_uint<64>*, ap_uint<64>*, ap_uint<64>*, int)' to 'gs_butterfly(ap_uint<64>*, ap_uint<64>*, ap_uint<64>*, ap_uint<64>*, int) (.412)' by setting 'exp' to 'conv12.5' (../src/ntt.cpp:121:13)
INFO: [HLS 214-367] Instantiating function 'gs_butterfly(ap_uint<64>*, ap_uint<64>*, ap_uint<64>*, ap_uint<64>*, int)' to 'gs_butterfly(ap_uint<64>*, ap_uint<64>*, ap_uint<64>*, ap_uint<64>*, int) (.412)' by setting 'exp' to 'conv12.5' (../src/ntt.cpp:125:13)
INFO: [HLS 214-367] Instantiating function 'gs_butterfly(ap_uint<64>*, ap_uint<64>*, ap_uint<64>*, ap_uint<64>*, int)' to 'gs_butterfly(ap_uint<64>*, ap_uint<64>*, ap_uint<64>*, ap_uint<64>*, int) (.413)' by setting 'exp' to 'conv12.4' (../src/ntt.cpp:121:13)
INFO: [HLS 214-367] Instantiating function 'gs_butterfly(ap_uint<64>*, ap_uint<64>*, ap_uint<64>*, ap_uint<64>*, int)' to 'gs_butterfly(ap_uint<64>*, ap_uint<64>*, ap_uint<64>*, ap_uint<64>*, int) (.413)' by setting 'exp' to 'conv12.4' (../src/ntt.cpp:125:13)
INFO: [HLS 214-367] Instantiating function 'gs_butterfly(ap_uint<64>*, ap_uint<64>*, ap_uint<64>*, ap_uint<64>*, int)' to 'gs_butterfly(ap_uint<64>*, ap_uint<64>*, ap_uint<64>*, ap_uint<64>*, int) (.414)' by setting 'exp' to 'conv12.3' (../src/ntt.cpp:121:13)
INFO: [HLS 214-367] Instantiating function 'gs_butterfly(ap_uint<64>*, ap_uint<64>*, ap_uint<64>*, ap_uint<64>*, int)' to 'gs_butterfly(ap_uint<64>*, ap_uint<64>*, ap_uint<64>*, ap_uint<64>*, int) (.414)' by setting 'exp' to 'conv12.3' (../src/ntt.cpp:125:13)
INFO: [HLS 214-367] Instantiating function 'gs_butterfly(ap_uint<64>*, ap_uint<64>*, ap_uint<64>*, ap_uint<64>*, int)' to 'gs_butterfly(ap_uint<64>*, ap_uint<64>*, ap_uint<64>*, ap_uint<64>*, int) (.415)' by setting 'exp' to 'conv12.2' (../src/ntt.cpp:121:13)
INFO: [HLS 214-367] Instantiating function 'gs_butterfly(ap_uint<64>*, ap_uint<64>*, ap_uint<64>*, ap_uint<64>*, int)' to 'gs_butterfly(ap_uint<64>*, ap_uint<64>*, ap_uint<64>*, ap_uint<64>*, int) (.415)' by setting 'exp' to 'conv12.2' (../src/ntt.cpp:125:13)
INFO: [HLS 214-367] Instantiating function 'gs_butterfly(ap_uint<64>*, ap_uint<64>*, ap_uint<64>*, ap_uint<64>*, int)' to 'gs_butterfly(ap_uint<64>*, ap_uint<64>*, ap_uint<64>*, ap_uint<64>*, int) (.416)' by setting 'exp' to 'conv12.1' (../src/ntt.cpp:121:13)
INFO: [HLS 214-367] Instantiating function 'gs_butterfly(ap_uint<64>*, ap_uint<64>*, ap_uint<64>*, ap_uint<64>*, int)' to 'gs_butterfly(ap_uint<64>*, ap_uint<64>*, ap_uint<64>*, ap_uint<64>*, int) (.416)' by setting 'exp' to 'conv12.1' (../src/ntt.cpp:125:13)
INFO: [HLS 214-367] Instantiating function 'ap_uint<64> mult_twiddle<ap_uint<65> >(ap_uint<65>, int)' to 'ap_uint<64> mult_twiddle<ap_uint<65> >(ap_uint<65>, int)' by setting 'exp' to 'exp' (../src/ntt.cpp:98:16)
INFO: [HLS 214-367] Instantiating function 'ap_uint<64> mult_twiddle<ap_uint<65> >(ap_uint<65>, int)' to 'ap_uint<64> mult_twiddle<ap_uint<65> >(ap_uint<65>, int) (.417)' by setting 'exp' to 'exp' (../src/ntt.cpp:98:16)
INFO: [HLS 214-367] Instantiating function 'ap_uint<64> mult_twiddle<ap_uint<65> >(ap_uint<65>, int)' to 'ap_uint<64> mult_twiddle<ap_uint<65> >(ap_uint<65>, int) (.418)' by setting 'exp' to 'exp' (../src/ntt.cpp:98:16)
INFO: [HLS 214-367] Instantiating function 'ap_uint<64> mult_twiddle<ap_uint<65> >(ap_uint<65>, int)' to 'ap_uint<64> mult_twiddle<ap_uint<65> >(ap_uint<65>, int) (.419)' by setting 'exp' to 'exp' (../src/ntt.cpp:98:16)
INFO: [HLS 214-367] Instantiating function 'ap_uint<64> mult_twiddle<ap_uint<65> >(ap_uint<65>, int)' to 'ap_uint<64> mult_twiddle<ap_uint<65> >(ap_uint<65>, int) (.420)' by setting 'exp' to 'exp' (../src/ntt.cpp:98:16)
INFO: [HLS 214-367] Instantiating function 'ap_uint<64> mult_twiddle<ap_uint<65> >(ap_uint<65>, int)' to 'ap_uint<64> mult_twiddle<ap_uint<65> >(ap_uint<65>, int) (.421)' by setting 'exp' to 'exp' (../src/ntt.cpp:98:16)
INFO: [HLS 214-367] Instantiating function 'ap_uint<64> mult_twiddle<ap_uint<65> >(ap_uint<65>, int)' to 'ap_uint<64> mult_twiddle<ap_uint<65> >(ap_uint<65>, int) (.422)' by setting 'exp' to 'exp' (../src/ntt.cpp:98:16)
INFO: [HLS 214-367] Instantiating function 'ap_uint<64> mult_twiddle<ap_uint<65> >(ap_uint<65>, int)' to 'ap_uint<64> mult_twiddle<ap_uint<65> >(ap_uint<65>, int) (.423)' by setting 'exp' to 'exp' (../src/ntt.cpp:98:16)
INFO: [HLS 214-367] Instantiating function 'ap_uint<64> mult_twiddle<ap_uint<65> >(ap_uint<65>, int)' to 'ap_uint<64> mult_twiddle<ap_uint<65> >(ap_uint<65>, int) (.424)' by setting 'exp' to 'exp' (../src/ntt.cpp:98:16)
INFO: [HLS 214-367] Instantiating function 'ap_uint<64> mult_twiddle<ap_uint<65> >(ap_uint<65>, int)' to 'ap_uint<64> mult_twiddle<ap_uint<65> >(ap_uint<65>, int) (.425)' by setting 'exp' to 'exp' (../src/ntt.cpp:98:16)
INFO: [HLS 214-367] Instantiating function 'ap_uint<64> mult_twiddle<ap_uint<65> >(ap_uint<65>, int)' to 'ap_uint<64> mult_twiddle<ap_uint<65> >(ap_uint<65>, int) (.426)' by setting 'exp' to 'exp' (../src/ntt.cpp:98:16)
INFO: [HLS 214-367] Instantiating function 'ap_uint<64> mult_twiddle<ap_uint<65> >(ap_uint<65>, int)' to 'ap_uint<64> mult_twiddle<ap_uint<65> >(ap_uint<65>, int) (.427)' by setting 'exp' to 'exp' (../src/ntt.cpp:98:16)
INFO: [HLS 214-367] Instantiating function 'ap_uint<64> mult_twiddle<ap_uint<65> >(ap_uint<65>, int)' to 'ap_uint<64> mult_twiddle<ap_uint<65> >(ap_uint<65>, int) (.428)' by setting 'exp' to 'exp' (../src/ntt.cpp:98:16)
INFO: [HLS 214-367] Instantiating function 'ap_uint<64> mult_twiddle<ap_uint<65> >(ap_uint<65>, int)' to 'ap_uint<64> mult_twiddle<ap_uint<65> >(ap_uint<65>, int) (.429)' by setting 'exp' to 'exp' (../src/ntt.cpp:98:16)
INFO: [HLS 214-367] Instantiating function 'ap_uint<64> mult_twiddle<ap_uint<65> >(ap_uint<65>, int)' to 'ap_uint<64> mult_twiddle<ap_uint<65> >(ap_uint<65>, int) (.430)' by setting 'exp' to 'exp' (../src/ntt.cpp:98:16)
INFO: [HLS 214-367] Instantiating function 'ap_uint<64> mult_twiddle<ap_uint<65> >(ap_uint<65>, int)' to 'ap_uint<64> mult_twiddle<ap_uint<65> >(ap_uint<65>, int) (.431)' by setting 'exp' to 'exp' (../src/ntt.cpp:98:16)
INFO: [HLS 214-367] Instantiating function 'ap_uint<64> mult_twiddle<ap_uint<65> >(ap_uint<65>, int)' to 'ap_uint<64> mult_twiddle<ap_uint<65> >(ap_uint<65>, int) (.432)' by setting 'exp' to 'exp' (../src/ntt.cpp:98:16)
INFO: [HLS 214-367] Instantiating function 'ap_uint<64> mult_twiddle<ap_uint<65> >(ap_uint<65>, int)' to 'ap_uint<64> mult_twiddle<ap_uint<65> >(ap_uint<65>, int) (.433)' by setting 'exp' to 'exp' (../src/ntt.cpp:98:16)
INFO: [HLS 214-367] Instantiating function 'ap_uint<64> mult_twiddle<ap_uint<65> >(ap_uint<65>, int)' to 'ap_uint<64> mult_twiddle<ap_uint<65> >(ap_uint<65>, int) (.434)' by setting 'exp' to 'exp' (../src/ntt.cpp:98:16)
INFO: [HLS 214-367] Instantiating function 'ap_uint<64> mult_twiddle<ap_uint<65> >(ap_uint<65>, int)' to 'ap_uint<64> mult_twiddle<ap_uint<65> >(ap_uint<65>, int) (.435)' by setting 'exp' to 'exp' (../src/ntt.cpp:98:16)
INFO: [HLS 214-367] Instantiating function 'ap_uint<64> mult_twiddle<ap_uint<65> >(ap_uint<65>, int)' to 'ap_uint<64> mult_twiddle<ap_uint<65> >(ap_uint<65>, int) (.436)' by setting 'exp' to 'exp' (../src/ntt.cpp:98:16)
INFO: [HLS 214-367] Instantiating function 'ap_uint<64> mult_twiddle<ap_uint<65> >(ap_uint<65>, int)' to 'ap_uint<64> mult_twiddle<ap_uint<65> >(ap_uint<65>, int) (.437)' by setting 'exp' to 'exp' (../src/ntt.cpp:98:16)
INFO: [HLS 214-367] Instantiating function 'ap_uint<64> mult_twiddle<ap_uint<65> >(ap_uint<65>, int)' to 'ap_uint<64> mult_twiddle<ap_uint<65> >(ap_uint<65>, int) (.438)' by setting 'exp' to 'exp' (../src/ntt.cpp:98:16)
INFO: [HLS 214-367] Instantiating function 'ap_uint<64> mult_twiddle<ap_uint<65> >(ap_uint<65>, int)' to 'ap_uint<64> mult_twiddle<ap_uint<65> >(ap_uint<65>, int) (.439)' by setting 'exp' to 'exp' (../src/ntt.cpp:98:16)
INFO: [HLS 214-367] Instantiating function 'ap_uint<64> mult_twiddle<ap_uint<65> >(ap_uint<65>, int)' to 'ap_uint<64> mult_twiddle<ap_uint<65> >(ap_uint<65>, int) (.440)' by setting 'exp' to 'exp' (../src/ntt.cpp:98:16)
INFO: [HLS 214-367] Instantiating function 'ap_uint<64> mult_twiddle<ap_uint<65> >(ap_uint<65>, int)' to 'ap_uint<64> mult_twiddle<ap_uint<65> >(ap_uint<65>, int) (.441)' by setting 'exp' to 'exp' (../src/ntt.cpp:98:16)
INFO: [HLS 214-367] Instantiating function 'ap_uint<64> mult_twiddle<ap_uint<65> >(ap_uint<65>, int)' to 'ap_uint<64> mult_twiddle<ap_uint<65> >(ap_uint<65>, int) (.442)' by setting 'exp' to 'exp' (../src/ntt.cpp:98:16)
INFO: [HLS 214-367] Instantiating function 'ap_uint<64> mult_twiddle<ap_uint<65> >(ap_uint<65>, int)' to 'ap_uint<64> mult_twiddle<ap_uint<65> >(ap_uint<65>, int) (.443)' by setting 'exp' to 'exp' (../src/ntt.cpp:98:16)
INFO: [HLS 214-367] Instantiating function 'ap_uint<64> mult_twiddle<ap_uint<65> >(ap_uint<65>, int)' to 'ap_uint<64> mult_twiddle<ap_uint<65> >(ap_uint<65>, int) (.444)' by setting 'exp' to 'exp' (../src/ntt.cpp:98:16)
INFO: [HLS 214-367] Instantiating function 'ap_uint<64> mult_twiddle<ap_uint<65> >(ap_uint<65>, int)' to 'ap_uint<64> mult_twiddle<ap_uint<65> >(ap_uint<65>, int) (.445)' by setting 'exp' to 'exp' (../src/ntt.cpp:98:16)
INFO: [HLS 214-367] Instantiating function 'ap_uint<64> mult_twiddle<ap_uint<65> >(ap_uint<65>, int)' to 'ap_uint<64> mult_twiddle<ap_uint<65> >(ap_uint<65>, int) (.446)' by setting 'exp' to 'exp' (../src/ntt.cpp:98:16)
INFO: [HLS 214-367] Instantiating function 'ap_uint<64> mult_twiddle<ap_uint<65> >(ap_uint<65>, int)' to 'ap_uint<64> mult_twiddle<ap_uint<65> >(ap_uint<65>, int) (.447)' by setting 'exp' to 'exp' (../src/ntt.cpp:98:16)
INFO: [HLS 214-367] Instantiating function 'ap_uint<64> mult_twiddle<ap_uint<65> >(ap_uint<65>, int)' to 'ap_uint<64> mult_twiddle<ap_uint<65> >(ap_uint<65>, int) (.448)' by setting 'exp' to 'exp' (../src/ntt.cpp:98:16)
INFO: [HLS 214-367] Instantiating function 'ap_uint<64> mult_twiddle<ap_uint<65> >(ap_uint<65>, int)' to 'ap_uint<64> mult_twiddle<ap_uint<65> >(ap_uint<65>, int) (.449)' by setting 'exp' to 'exp' (../src/ntt.cpp:98:16)
INFO: [HLS 214-367] Instantiating function 'ap_uint<64> mult_twiddle<ap_uint<65> >(ap_uint<65>, int)' to 'ap_uint<64> mult_twiddle<ap_uint<65> >(ap_uint<65>, int) (.450)' by setting 'exp' to 'exp' (../src/ntt.cpp:98:16)
INFO: [HLS 214-367] Instantiating function 'ap_uint<64> mult_twiddle<ap_uint<65> >(ap_uint<65>, int)' to 'ap_uint<64> mult_twiddle<ap_uint<65> >(ap_uint<65>, int) (.451)' by setting 'exp' to 'exp' (../src/ntt.cpp:98:16)
INFO: [HLS 214-367] Instantiating function 'ap_uint<64> mult_twiddle<ap_uint<65> >(ap_uint<65>, int)' to 'ap_uint<64> mult_twiddle<ap_uint<65> >(ap_uint<65>, int) (.452)' by setting 'exp' to 'exp' (../src/ntt.cpp:98:16)
INFO: [HLS 214-367] Instantiating function 'ap_uint<64> mult_twiddle<ap_uint<65> >(ap_uint<65>, int)' to 'ap_uint<64> mult_twiddle<ap_uint<65> >(ap_uint<65>, int) (.453)' by setting 'exp' to 'exp' (../src/ntt.cpp:98:16)
INFO: [HLS 214-367] Instantiating function 'ap_uint<64> mult_twiddle<ap_uint<65> >(ap_uint<65>, int)' to 'ap_uint<64> mult_twiddle<ap_uint<65> >(ap_uint<65>, int) (.454)' by setting 'exp' to 'exp' (../src/ntt.cpp:98:16)
INFO: [HLS 214-367] Instantiating function 'ap_uint<64> mult_twiddle<ap_uint<65> >(ap_uint<65>, int)' to 'ap_uint<64> mult_twiddle<ap_uint<65> >(ap_uint<65>, int) (.455)' by setting 'exp' to 'exp' (../src/ntt.cpp:98:16)
INFO: [HLS 214-367] Instantiating function 'ap_uint<64> mult_twiddle<ap_uint<65> >(ap_uint<65>, int)' to 'ap_uint<64> mult_twiddle<ap_uint<65> >(ap_uint<65>, int) (.456)' by setting 'exp' to 'exp' (../src/ntt.cpp:98:16)
INFO: [HLS 214-367] Instantiating function 'ap_uint<64> mult_twiddle<ap_uint<65> >(ap_uint<65>, int)' to 'ap_uint<64> mult_twiddle<ap_uint<65> >(ap_uint<65>, int) (.457)' by setting 'exp' to 'exp' (../src/ntt.cpp:98:16)
INFO: [HLS 214-367] Instantiating function 'ap_uint<64> mult_twiddle<ap_uint<65> >(ap_uint<65>, int)' to 'ap_uint<64> mult_twiddle<ap_uint<65> >(ap_uint<65>, int) (.458)' by setting 'exp' to 'exp' (../src/ntt.cpp:98:16)
INFO: [HLS 214-367] Instantiating function 'ap_uint<64> mult_twiddle<ap_uint<65> >(ap_uint<65>, int)' to 'ap_uint<64> mult_twiddle<ap_uint<65> >(ap_uint<65>, int) (.459)' by setting 'exp' to 'exp' (../src/ntt.cpp:98:16)
INFO: [HLS 214-367] Instantiating function 'ap_uint<64> mult_twiddle<ap_uint<65> >(ap_uint<65>, int)' to 'ap_uint<64> mult_twiddle<ap_uint<65> >(ap_uint<65>, int) (.460)' by setting 'exp' to 'exp' (../src/ntt.cpp:98:16)
INFO: [HLS 214-367] Instantiating function 'ap_uint<64> mult_twiddle<ap_uint<65> >(ap_uint<65>, int)' to 'ap_uint<64> mult_twiddle<ap_uint<65> >(ap_uint<65>, int) (.461)' by setting 'exp' to 'exp' (../src/ntt.cpp:98:16)
INFO: [HLS 214-367] Instantiating function 'ap_uint<64> mult_twiddle<ap_uint<65> >(ap_uint<65>, int)' to 'ap_uint<64> mult_twiddle<ap_uint<65> >(ap_uint<65>, int) (.462)' by setting 'exp' to 'exp' (../src/ntt.cpp:98:16)
INFO: [HLS 214-367] Instantiating function 'ap_uint<64> mult_twiddle<ap_uint<65> >(ap_uint<65>, int)' to 'ap_uint<64> mult_twiddle<ap_uint<65> >(ap_uint<65>, int) (.463)' by setting 'exp' to 'exp' (../src/ntt.cpp:98:16)
INFO: [HLS 214-367] Instantiating function 'ap_uint<64> mult_twiddle<ap_uint<65> >(ap_uint<65>, int)' to 'ap_uint<64> mult_twiddle<ap_uint<65> >(ap_uint<65>, int) (.464)' by setting 'exp' to 'exp' (../src/ntt.cpp:98:16)
INFO: [HLS 214-367] Instantiating function 'ap_uint<64> mult_twiddle<ap_uint<65> >(ap_uint<65>, int)' to 'ap_uint<64> mult_twiddle<ap_uint<65> >(ap_uint<65>, int) (.465)' by setting 'exp' to 'exp' (../src/ntt.cpp:98:16)
INFO: [HLS 214-367] Instantiating function 'ap_uint<64> mult_twiddle<ap_uint<65> >(ap_uint<65>, int)' to 'ap_uint<64> mult_twiddle<ap_uint<65> >(ap_uint<65>, int) (.466)' by setting 'exp' to 'exp' (../src/ntt.cpp:98:16)
INFO: [HLS 214-367] Instantiating function 'ap_uint<64> mult_twiddle<ap_uint<65> >(ap_uint<65>, int)' to 'ap_uint<64> mult_twiddle<ap_uint<65> >(ap_uint<65>, int) (.467)' by setting 'exp' to 'exp' (../src/ntt.cpp:98:16)
INFO: [HLS 214-367] Instantiating function 'ap_uint<64> mult_twiddle<ap_uint<65> >(ap_uint<65>, int)' to 'ap_uint<64> mult_twiddle<ap_uint<65> >(ap_uint<65>, int) (.468)' by setting 'exp' to 'exp' (../src/ntt.cpp:98:16)
INFO: [HLS 214-367] Instantiating function 'ap_uint<64> mult_twiddle<ap_uint<65> >(ap_uint<65>, int)' to 'ap_uint<64> mult_twiddle<ap_uint<65> >(ap_uint<65>, int) (.469)' by setting 'exp' to 'exp' (../src/ntt.cpp:98:16)
INFO: [HLS 214-367] Instantiating function 'ap_uint<64> mult_twiddle<ap_uint<65> >(ap_uint<65>, int)' to 'ap_uint<64> mult_twiddle<ap_uint<65> >(ap_uint<65>, int) (.470)' by setting 'exp' to 'exp' (../src/ntt.cpp:98:16)
INFO: [HLS 214-367] Instantiating function 'ap_uint<64> mult_twiddle<ap_uint<65> >(ap_uint<65>, int)' to 'ap_uint<64> mult_twiddle<ap_uint<65> >(ap_uint<65>, int) (.471)' by setting 'exp' to 'exp' (../src/ntt.cpp:98:16)
INFO: [HLS 214-367] Instantiating function 'ap_uint<64> mult_twiddle<ap_uint<65> >(ap_uint<65>, int)' to 'ap_uint<64> mult_twiddle<ap_uint<65> >(ap_uint<65>, int) (.472)' by setting 'exp' to 'exp' (../src/ntt.cpp:98:16)
INFO: [HLS 214-367] Instantiating function 'ap_uint<64> mult_twiddle<ap_uint<65> >(ap_uint<65>, int)' to 'ap_uint<64> mult_twiddle<ap_uint<65> >(ap_uint<65>, int) (.473)' by setting 'exp' to 'exp' (../src/ntt.cpp:98:16)
INFO: [HLS 214-367] Instantiating function 'ap_uint<64> mult_twiddle<ap_uint<65> >(ap_uint<65>, int)' to 'ap_uint<64> mult_twiddle<ap_uint<65> >(ap_uint<65>, int) (.474)' by setting 'exp' to 'exp' (../src/ntt.cpp:98:16)
INFO: [HLS 214-367] Instantiating function 'ap_uint<64> mult_twiddle<ap_uint<65> >(ap_uint<65>, int)' to 'ap_uint<64> mult_twiddle<ap_uint<65> >(ap_uint<65>, int) (.475)' by setting 'exp' to 'exp' (../src/ntt.cpp:98:16)
INFO: [HLS 214-367] Instantiating function 'ap_uint<64> mult_twiddle<ap_uint<65> >(ap_uint<65>, int)' to 'ap_uint<64> mult_twiddle<ap_uint<65> >(ap_uint<65>, int) (.476)' by setting 'exp' to 'exp' (../src/ntt.cpp:98:16)
INFO: [HLS 214-367] Instantiating function 'ap_uint<64> mult_twiddle<ap_uint<65> >(ap_uint<65>, int)' to 'ap_uint<64> mult_twiddle<ap_uint<65> >(ap_uint<65>, int) (.477)' by setting 'exp' to 'exp' (../src/ntt.cpp:98:16)
INFO: [HLS 214-367] Instantiating function 'ap_uint<64> mult_twiddle<ap_uint<65> >(ap_uint<65>, int)' to 'ap_uint<64> mult_twiddle<ap_uint<65> >(ap_uint<65>, int) (.478)' by setting 'exp' to 'exp' (../src/ntt.cpp:98:16)
INFO: [HLS 214-367] Instantiating function 'ap_uint<64> mult_twiddle<ap_uint<65> >(ap_uint<65>, int)' to 'ap_uint<64> mult_twiddle<ap_uint<65> >(ap_uint<65>, int) (.479)' by setting 'exp' to 'exp' (../src/ntt.cpp:98:16)
INFO: [HLS 214-367] Instantiating function 'ap_uint<64> mult_twiddle<ap_uint<65> >(ap_uint<65>, int)' to 'ap_uint<64> mult_twiddle<ap_uint<65> >(ap_uint<65>, int) (.480)' by setting 'exp' to 'exp' (../src/ntt.cpp:98:16)
INFO: [HLS 214-367] Instantiating function 'ap_uint<64> mult_twiddle<ap_uint<65> >(ap_uint<65>, int)' to 'ap_uint<64> mult_twiddle<ap_uint<65> >(ap_uint<65>, int) (.481)' by setting 'exp' to 'exp' (../src/ntt.cpp:98:16)
INFO: [HLS 214-367] Instantiating function 'ap_uint<64> mult_twiddle<ap_uint<65> >(ap_uint<65>, int)' to 'ap_uint<64> mult_twiddle<ap_uint<65> >(ap_uint<65>, int) (.482)' by setting 'exp' to 'exp' (../src/ntt.cpp:98:16)
INFO: [HLS 214-367] Instantiating function 'ap_uint<64> mult_twiddle<ap_uint<65> >(ap_uint<65>, int)' to 'ap_uint<64> mult_twiddle<ap_uint<65> >(ap_uint<65>, int) (.483)' by setting 'exp' to 'exp' (../src/ntt.cpp:98:16)
INFO: [HLS 214-367] Instantiating function 'ap_uint<64> mult_twiddle<ap_uint<65> >(ap_uint<65>, int)' to 'ap_uint<64> mult_twiddle<ap_uint<65> >(ap_uint<65>, int) (.484)' by setting 'exp' to 'exp' (../src/ntt.cpp:98:16)
INFO: [HLS 214-367] Instantiating function 'ap_uint<64> mult_twiddle<ap_uint<65> >(ap_uint<65>, int)' to 'ap_uint<64> mult_twiddle<ap_uint<65> >(ap_uint<65>, int) (.485)' by setting 'exp' to 'exp' (../src/ntt.cpp:98:16)
INFO: [HLS 214-367] Instantiating function 'ap_uint<64> mult_twiddle<ap_uint<65> >(ap_uint<65>, int)' to 'ap_uint<64> mult_twiddle<ap_uint<65> >(ap_uint<65>, int) (.486)' by setting 'exp' to 'exp' (../src/ntt.cpp:98:16)
INFO: [HLS 214-367] Instantiating function 'ap_uint<64> mult_twiddle<ap_uint<65> >(ap_uint<65>, int)' to 'ap_uint<64> mult_twiddle<ap_uint<65> >(ap_uint<65>, int) (.487)' by setting 'exp' to 'exp' (../src/ntt.cpp:98:16)
INFO: [HLS 214-367] Instantiating function 'ap_uint<64> mult_twiddle<ap_uint<65> >(ap_uint<65>, int)' to 'ap_uint<64> mult_twiddle<ap_uint<65> >(ap_uint<65>, int) (.488)' by setting 'exp' to 'exp' (../src/ntt.cpp:98:16)
INFO: [HLS 214-367] Instantiating function 'ap_uint<64> mult_twiddle<ap_uint<65> >(ap_uint<65>, int)' to 'ap_uint<64> mult_twiddle<ap_uint<65> >(ap_uint<65>, int) (.489)' by setting 'exp' to 'exp' (../src/ntt.cpp:98:16)
INFO: [HLS 214-367] Instantiating function 'ap_uint<64> mult_twiddle<ap_uint<65> >(ap_uint<65>, int)' to 'ap_uint<64> mult_twiddle<ap_uint<65> >(ap_uint<65>, int) (.490)' by setting 'exp' to 'exp' (../src/ntt.cpp:98:16)
INFO: [HLS 214-367] Instantiating function 'ap_uint<64> mult_twiddle<ap_uint<65> >(ap_uint<65>, int)' to 'ap_uint<64> mult_twiddle<ap_uint<65> >(ap_uint<65>, int) (.491)' by setting 'exp' to 'exp' (../src/ntt.cpp:98:16)
INFO: [HLS 214-367] Instantiating function 'ap_uint<64> mult_twiddle<ap_uint<65> >(ap_uint<65>, int)' to 'ap_uint<64> mult_twiddle<ap_uint<65> >(ap_uint<65>, int) (.492)' by setting 'exp' to 'exp' (../src/ntt.cpp:98:16)
INFO: [HLS 214-367] Instantiating function 'ap_uint<64> mult_twiddle<ap_uint<65> >(ap_uint<65>, int)' to 'ap_uint<64> mult_twiddle<ap_uint<65> >(ap_uint<65>, int) (.493)' by setting 'exp' to 'exp' (../src/ntt.cpp:98:16)
INFO: [HLS 214-367] Instantiating function 'ap_uint<64> mult_twiddle<ap_uint<65> >(ap_uint<65>, int)' to 'ap_uint<64> mult_twiddle<ap_uint<65> >(ap_uint<65>, int) (.494)' by setting 'exp' to 'exp' (../src/ntt.cpp:98:16)
INFO: [HLS 214-367] Instantiating function 'ap_uint<64> mult_twiddle<ap_uint<65> >(ap_uint<65>, int)' to 'ap_uint<64> mult_twiddle<ap_uint<65> >(ap_uint<65>, int) (.495)' by setting 'exp' to 'exp' (../src/ntt.cpp:98:16)
INFO: [HLS 214-367] Instantiating function 'ap_uint<64> mult_twiddle<ap_uint<65> >(ap_uint<65>, int)' to 'ap_uint<64> mult_twiddle<ap_uint<65> >(ap_uint<65>, int) (.496)' by setting 'exp' to 'exp' (../src/ntt.cpp:98:16)
INFO: [HLS 214-367] Instantiating function 'ap_uint<64> mult_twiddle<ap_uint<65> >(ap_uint<65>, int)' to 'ap_uint<64> mult_twiddle<ap_uint<65> >(ap_uint<65>, int) (.497)' by setting 'exp' to 'exp' (../src/ntt.cpp:98:16)
INFO: [HLS 214-367] Instantiating function 'ap_uint<64> mult_twiddle<ap_uint<65> >(ap_uint<65>, int)' to 'ap_uint<64> mult_twiddle<ap_uint<65> >(ap_uint<65>, int) (.498)' by setting 'exp' to 'exp' (../src/ntt.cpp:98:16)
INFO: [HLS 214-367] Instantiating function 'ap_uint<64> mult_twiddle<ap_uint<65> >(ap_uint<65>, int)' to 'ap_uint<64> mult_twiddle<ap_uint<65> >(ap_uint<65>, int) (.499)' by setting 'exp' to 'exp' (../src/ntt.cpp:98:16)
INFO: [HLS 214-367] Instantiating function 'ap_uint<64> mult_twiddle<ap_uint<65> >(ap_uint<65>, int)' to 'ap_uint<64> mult_twiddle<ap_uint<65> >(ap_uint<65>, int) (.500)' by setting 'exp' to 'exp' (../src/ntt.cpp:98:16)
INFO: [HLS 214-367] Instantiating function 'ap_uint<64> mult_twiddle<ap_uint<65> >(ap_uint<65>, int)' to 'ap_uint<64> mult_twiddle<ap_uint<65> >(ap_uint<65>, int) (.501)' by setting 'exp' to 'exp' (../src/ntt.cpp:98:16)
INFO: [HLS 214-367] Instantiating function 'ap_uint<64> mult_twiddle<ap_uint<65> >(ap_uint<65>, int)' to 'ap_uint<64> mult_twiddle<ap_uint<65> >(ap_uint<65>, int) (.502)' by setting 'exp' to 'exp' (../src/ntt.cpp:98:16)
INFO: [HLS 214-367] Instantiating function 'ap_uint<64> mult_twiddle<ap_uint<65> >(ap_uint<65>, int)' to 'ap_uint<64> mult_twiddle<ap_uint<65> >(ap_uint<65>, int) (.503)' by setting 'exp' to 'exp' (../src/ntt.cpp:98:16)
INFO: [HLS 214-367] Instantiating function 'ap_uint<64> mult_twiddle<ap_uint<65> >(ap_uint<65>, int)' to 'ap_uint<64> mult_twiddle<ap_uint<65> >(ap_uint<65>, int) (.504)' by setting 'exp' to 'exp' (../src/ntt.cpp:98:16)
INFO: [HLS 214-367] Instantiating function 'ap_uint<64> mult_twiddle<ap_uint<65> >(ap_uint<65>, int)' to 'ap_uint<64> mult_twiddle<ap_uint<65> >(ap_uint<65>, int) (.505)' by setting 'exp' to 'exp' (../src/ntt.cpp:98:16)
INFO: [HLS 214-367] Instantiating function 'ap_uint<64> mult_twiddle<ap_uint<65> >(ap_uint<65>, int)' to 'ap_uint<64> mult_twiddle<ap_uint<65> >(ap_uint<65>, int) (.506)' by setting 'exp' to 'exp' (../src/ntt.cpp:98:16)
INFO: [HLS 214-367] Instantiating function 'ap_uint<64> mult_twiddle<ap_uint<65> >(ap_uint<65>, int)' to 'ap_uint<64> mult_twiddle<ap_uint<65> >(ap_uint<65>, int) (.507)' by setting 'exp' to 'exp' (../src/ntt.cpp:98:16)
INFO: [HLS 214-367] Instantiating function 'ap_uint<64> mult_twiddle<ap_uint<65> >(ap_uint<65>, int)' to 'ap_uint<64> mult_twiddle<ap_uint<65> >(ap_uint<65>, int) (.508)' by setting 'exp' to 'exp' (../src/ntt.cpp:98:16)
INFO: [HLS 214-367] Instantiating function 'ap_uint<64> mult_twiddle<ap_uint<65> >(ap_uint<65>, int)' to 'ap_uint<64> mult_twiddle<ap_uint<65> >(ap_uint<65>, int) (.509)' by setting 'exp' to 'exp' (../src/ntt.cpp:98:16)
INFO: [HLS 214-367] Instantiating function 'ap_uint<64> mult_twiddle<ap_uint<65> >(ap_uint<65>, int)' to 'ap_uint<64> mult_twiddle<ap_uint<65> >(ap_uint<65>, int) (.510)' by setting 'exp' to 'exp' (../src/ntt.cpp:98:16)
INFO: [HLS 214-367] Instantiating function 'ap_uint<64> mult_twiddle<ap_uint<65> >(ap_uint<65>, int)' to 'ap_uint<64> mult_twiddle<ap_uint<65> >(ap_uint<65>, int) (.511)' by setting 'exp' to 'exp' (../src/ntt.cpp:98:16)
INFO: [HLS 214-367] Instantiating function 'ap_uint<64> mult_twiddle<ap_uint<65> >(ap_uint<65>, int)' to 'ap_uint<64> mult_twiddle<ap_uint<65> >(ap_uint<65>, int) (.512)' by setting 'exp' to 'exp' (../src/ntt.cpp:98:16)
INFO: [HLS 214-367] Instantiating function 'ap_uint<64> mult_twiddle<ap_uint<65> >(ap_uint<65>, int)' to 'ap_uint<64> mult_twiddle<ap_uint<65> >(ap_uint<65>, int) (.513)' by setting 'exp' to 'exp' (../src/ntt.cpp:98:16)
INFO: [HLS 214-367] Instantiating function 'ap_uint<64> mult_twiddle<ap_uint<65> >(ap_uint<65>, int)' to 'ap_uint<64> mult_twiddle<ap_uint<65> >(ap_uint<65>, int) (.514)' by setting 'exp' to 'exp' (../src/ntt.cpp:98:16)
INFO: [HLS 214-367] Instantiating function 'ap_uint<64> mult_twiddle<ap_uint<65> >(ap_uint<65>, int)' to 'ap_uint<64> mult_twiddle<ap_uint<65> >(ap_uint<65>, int) (.515)' by setting 'exp' to 'exp' (../src/ntt.cpp:98:16)
INFO: [HLS 214-367] Instantiating function 'ap_uint<64> mult_twiddle<ap_uint<65> >(ap_uint<65>, int)' to 'ap_uint<64> mult_twiddle<ap_uint<65> >(ap_uint<65>, int) (.516)' by setting 'exp' to 'exp' (../src/ntt.cpp:98:16)
INFO: [HLS 214-367] Instantiating function 'ap_uint<64> mult_twiddle<ap_uint<65> >(ap_uint<65>, int)' to 'ap_uint<64> mult_twiddle<ap_uint<65> >(ap_uint<65>, int) (.517)' by setting 'exp' to 'exp' (../src/ntt.cpp:98:16)
INFO: [HLS 214-367] Instantiating function 'ap_uint<64> mult_twiddle<ap_uint<65> >(ap_uint<65>, int)' to 'ap_uint<64> mult_twiddle<ap_uint<65> >(ap_uint<65>, int) (.518)' by setting 'exp' to 'exp' (../src/ntt.cpp:98:16)
INFO: [HLS 214-367] Instantiating function 'ap_uint<64> mult_twiddle<ap_uint<65> >(ap_uint<65>, int)' to 'ap_uint<64> mult_twiddle<ap_uint<65> >(ap_uint<65>, int) (.519)' by setting 'exp' to 'exp' (../src/ntt.cpp:98:16)
INFO: [HLS 214-367] Instantiating function 'ap_uint<64> mult_twiddle<ap_uint<65> >(ap_uint<65>, int)' to 'ap_uint<64> mult_twiddle<ap_uint<65> >(ap_uint<65>, int) (.520)' by setting 'exp' to 'exp' (../src/ntt.cpp:98:16)
INFO: [HLS 214-367] Instantiating function 'ap_uint<64> mult_twiddle<ap_uint<65> >(ap_uint<65>, int)' to 'ap_uint<64> mult_twiddle<ap_uint<65> >(ap_uint<65>, int) (.521)' by setting 'exp' to 'exp' (../src/ntt.cpp:98:16)
INFO: [HLS 214-367] Instantiating function 'ap_uint<64> mult_twiddle<ap_uint<65> >(ap_uint<65>, int)' to 'ap_uint<64> mult_twiddle<ap_uint<65> >(ap_uint<65>, int) (.522)' by setting 'exp' to 'exp' (../src/ntt.cpp:98:16)
INFO: [HLS 214-367] Instantiating function 'ap_uint<64> mult_twiddle<ap_uint<65> >(ap_uint<65>, int)' to 'ap_uint<64> mult_twiddle<ap_uint<65> >(ap_uint<65>, int) (.523)' by setting 'exp' to 'exp' (../src/ntt.cpp:98:16)
INFO: [HLS 214-367] Instantiating function 'ap_uint<64> mult_twiddle<ap_uint<65> >(ap_uint<65>, int)' to 'ap_uint<64> mult_twiddle<ap_uint<65> >(ap_uint<65>, int) (.524)' by setting 'exp' to 'exp' (../src/ntt.cpp:98:16)
INFO: [HLS 214-367] Instantiating function 'ap_uint<64> mult_twiddle<ap_uint<65> >(ap_uint<65>, int)' to 'ap_uint<64> mult_twiddle<ap_uint<65> >(ap_uint<65>, int) (.525)' by setting 'exp' to 'exp' (../src/ntt.cpp:98:16)
INFO: [HLS 214-367] Instantiating function 'ap_uint<64> mult_twiddle<ap_uint<65> >(ap_uint<65>, int)' to 'ap_uint<64> mult_twiddle<ap_uint<65> >(ap_uint<65>, int) (.526)' by setting 'exp' to 'exp' (../src/ntt.cpp:98:16)
INFO: [HLS 214-367] Instantiating function 'ap_uint<64> mult_twiddle<ap_uint<65> >(ap_uint<65>, int)' to 'ap_uint<64> mult_twiddle<ap_uint<65> >(ap_uint<65>, int) (.527)' by setting 'exp' to 'exp' (../src/ntt.cpp:98:16)
INFO: [HLS 214-367] Instantiating function 'ap_uint<64> mult_twiddle<ap_uint<65> >(ap_uint<65>, int)' to 'ap_uint<64> mult_twiddle<ap_uint<65> >(ap_uint<65>, int) (.528)' by setting 'exp' to 'exp' (../src/ntt.cpp:98:16)
INFO: [HLS 214-367] Instantiating function 'ap_uint<64> mult_twiddle<ap_uint<65> >(ap_uint<65>, int)' to 'ap_uint<64> mult_twiddle<ap_uint<65> >(ap_uint<65>, int) (.529)' by setting 'exp' to 'exp' (../src/ntt.cpp:98:16)
INFO: [HLS 214-367] Instantiating function 'ap_uint<64> mult_twiddle<ap_uint<65> >(ap_uint<65>, int)' to 'ap_uint<64> mult_twiddle<ap_uint<65> >(ap_uint<65>, int) (.530)' by setting 'exp' to 'exp' (../src/ntt.cpp:98:16)
INFO: [HLS 214-367] Instantiating function 'ap_uint<64> mult_twiddle<ap_uint<65> >(ap_uint<65>, int)' to 'ap_uint<64> mult_twiddle<ap_uint<65> >(ap_uint<65>, int) (.531)' by setting 'exp' to 'exp' (../src/ntt.cpp:98:16)
INFO: [HLS 214-367] Instantiating function 'ap_uint<64> mult_twiddle<ap_uint<65> >(ap_uint<65>, int)' to 'ap_uint<64> mult_twiddle<ap_uint<65> >(ap_uint<65>, int) (.532)' by setting 'exp' to 'exp' (../src/ntt.cpp:98:16)
INFO: [HLS 214-367] Instantiating function 'ap_uint<64> mult_twiddle<ap_uint<65> >(ap_uint<65>, int)' to 'ap_uint<64> mult_twiddle<ap_uint<65> >(ap_uint<65>, int) (.533)' by setting 'exp' to 'exp' (../src/ntt.cpp:98:16)
INFO: [HLS 214-367] Instantiating function 'ap_uint<64> mult_twiddle<ap_uint<65> >(ap_uint<65>, int)' to 'ap_uint<64> mult_twiddle<ap_uint<65> >(ap_uint<65>, int) (.534)' by setting 'exp' to 'exp' (../src/ntt.cpp:98:16)
INFO: [HLS 214-367] Instantiating function 'ap_uint<64> mult_twiddle<ap_uint<65> >(ap_uint<65>, int)' to 'ap_uint<64> mult_twiddle<ap_uint<65> >(ap_uint<65>, int) (.535)' by setting 'exp' to 'exp' (../src/ntt.cpp:98:16)
INFO: [HLS 214-367] Instantiating function 'ap_uint<64> mult_twiddle<ap_uint<65> >(ap_uint<65>, int)' to 'ap_uint<64> mult_twiddle<ap_uint<65> >(ap_uint<65>, int) (.536)' by setting 'exp' to 'exp' (../src/ntt.cpp:98:16)
INFO: [HLS 214-367] Instantiating function 'ap_uint<64> mult_twiddle<ap_uint<65> >(ap_uint<65>, int)' to 'ap_uint<64> mult_twiddle<ap_uint<65> >(ap_uint<65>, int) (.537)' by setting 'exp' to 'exp' (../src/ntt.cpp:98:16)
INFO: [HLS 214-367] Instantiating function 'ap_uint<64> mult_twiddle<ap_uint<65> >(ap_uint<65>, int)' to 'ap_uint<64> mult_twiddle<ap_uint<65> >(ap_uint<65>, int) (.538)' by setting 'exp' to 'exp' (../src/ntt.cpp:98:16)
INFO: [HLS 214-367] Instantiating function 'ap_uint<64> mult_twiddle<ap_uint<65> >(ap_uint<65>, int)' to 'ap_uint<64> mult_twiddle<ap_uint<65> >(ap_uint<65>, int) (.539)' by setting 'exp' to 'exp' (../src/ntt.cpp:98:16)
INFO: [HLS 214-367] Instantiating function 'ap_uint<64> mult_twiddle<ap_uint<65> >(ap_uint<65>, int)' to 'ap_uint<64> mult_twiddle<ap_uint<65> >(ap_uint<65>, int) (.540)' by setting 'exp' to 'exp' (../src/ntt.cpp:98:16)
INFO: [HLS 214-367] Instantiating function 'ap_uint<64> mult_twiddle<ap_uint<65> >(ap_uint<65>, int)' to 'ap_uint<64> mult_twiddle<ap_uint<65> >(ap_uint<65>, int) (.541)' by setting 'exp' to 'exp' (../src/ntt.cpp:98:16)
INFO: [HLS 214-367] Instantiating function 'ap_uint<64> mult_twiddle<ap_uint<65> >(ap_uint<65>, int)' to 'ap_uint<64> mult_twiddle<ap_uint<65> >(ap_uint<65>, int) (.542)' by setting 'exp' to 'exp' (../src/ntt.cpp:98:16)
INFO: [HLS 214-367] Instantiating function 'ap_uint<64> mult_twiddle<ap_uint<65> >(ap_uint<65>, int)' to 'ap_uint<64> mult_twiddle<ap_uint<65> >(ap_uint<65>, int) (.543)' by setting 'exp' to 'exp' (../src/ntt.cpp:98:16)
INFO: [HLS 214-367] Instantiating function 'ap_uint<64> mult_twiddle<ap_uint<65> >(ap_uint<65>, int)' to 'ap_uint<64> mult_twiddle<ap_uint<65> >(ap_uint<65>, int) (.544)' by setting 'exp' to 'exp' (../src/ntt.cpp:98:16)
INFO: [HLS 214-367] Instantiating function 'ap_uint<64> mult_twiddle<ap_uint<65> >(ap_uint<65>, int)' to 'ap_uint<64> mult_twiddle<ap_uint<65> >(ap_uint<65>, int) (.545)' by setting 'exp' to 'exp' (../src/ntt.cpp:98:16)
INFO: [HLS 214-367] Instantiating function 'ap_uint<64> mult_twiddle<ap_uint<65> >(ap_uint<65>, int)' to 'ap_uint<64> mult_twiddle<ap_uint<65> >(ap_uint<65>, int) (.546)' by setting 'exp' to 'exp' (../src/ntt.cpp:98:16)
INFO: [HLS 214-367] Instantiating function 'ap_uint<64> mult_twiddle<ap_uint<65> >(ap_uint<65>, int)' to 'ap_uint<64> mult_twiddle<ap_uint<65> >(ap_uint<65>, int) (.547)' by setting 'exp' to 'exp' (../src/ntt.cpp:98:16)
INFO: [HLS 214-367] Instantiating function 'ap_uint<64> mult_twiddle<ap_uint<65> >(ap_uint<65>, int)' to 'ap_uint<64> mult_twiddle<ap_uint<65> >(ap_uint<65>, int) (.548)' by setting 'exp' to 'exp' (../src/ntt.cpp:98:16)
INFO: [HLS 214-367] Instantiating function 'ap_uint<64> mult_twiddle<ap_uint<65> >(ap_uint<65>, int)' to 'ap_uint<64> mult_twiddle<ap_uint<65> >(ap_uint<65>, int) (.549)' by setting 'exp' to 'exp' (../src/ntt.cpp:98:16)
INFO: [HLS 214-367] Instantiating function 'ap_uint<64> mult_twiddle<ap_uint<65> >(ap_uint<65>, int)' to 'ap_uint<64> mult_twiddle<ap_uint<65> >(ap_uint<65>, int) (.550)' by setting 'exp' to 'exp' (../src/ntt.cpp:98:16)
INFO: [HLS 214-367] Instantiating function 'ap_uint<64> mult_twiddle<ap_uint<65> >(ap_uint<65>, int)' to 'ap_uint<64> mult_twiddle<ap_uint<65> >(ap_uint<65>, int) (.551)' by setting 'exp' to 'exp' (../src/ntt.cpp:98:16)
INFO: [HLS 214-367] Instantiating function 'ap_uint<64> mult_twiddle<ap_uint<65> >(ap_uint<65>, int)' to 'ap_uint<64> mult_twiddle<ap_uint<65> >(ap_uint<65>, int) (.552)' by setting 'exp' to 'exp' (../src/ntt.cpp:98:16)
INFO: [HLS 214-367] Instantiating function 'ap_uint<64> mult_twiddle<ap_uint<65> >(ap_uint<65>, int)' to 'ap_uint<64> mult_twiddle<ap_uint<65> >(ap_uint<65>, int) (.553)' by setting 'exp' to 'exp' (../src/ntt.cpp:98:16)
INFO: [HLS 214-367] Instantiating function 'ap_uint<64> mult_twiddle<ap_uint<65> >(ap_uint<65>, int)' to 'ap_uint<64> mult_twiddle<ap_uint<65> >(ap_uint<65>, int) (.554)' by setting 'exp' to 'exp' (../src/ntt.cpp:98:16)
INFO: [HLS 214-367] Instantiating function 'ap_uint<64> mult_twiddle<ap_uint<65> >(ap_uint<65>, int)' to 'ap_uint<64> mult_twiddle<ap_uint<65> >(ap_uint<65>, int) (.555)' by setting 'exp' to 'exp' (../src/ntt.cpp:98:16)
INFO: [HLS 214-367] Instantiating function 'ap_uint<64> mult_twiddle<ap_uint<65> >(ap_uint<65>, int)' to 'ap_uint<64> mult_twiddle<ap_uint<65> >(ap_uint<65>, int) (.556)' by setting 'exp' to 'exp' (../src/ntt.cpp:98:16)
INFO: [HLS 214-367] Instantiating function 'ap_uint<64> mult_twiddle<ap_uint<65> >(ap_uint<65>, int)' to 'ap_uint<64> mult_twiddle<ap_uint<65> >(ap_uint<65>, int) (.557)' by setting 'exp' to 'exp' (../src/ntt.cpp:98:16)
INFO: [HLS 214-367] Instantiating function 'ap_uint<64> mult_twiddle<ap_uint<65> >(ap_uint<65>, int)' to 'ap_uint<64> mult_twiddle<ap_uint<65> >(ap_uint<65>, int) (.558)' by setting 'exp' to 'exp' (../src/ntt.cpp:98:16)
INFO: [HLS 214-367] Instantiating function 'ap_uint<64> mult_twiddle<ap_uint<65> >(ap_uint<65>, int)' to 'ap_uint<64> mult_twiddle<ap_uint<65> >(ap_uint<65>, int) (.559)' by setting 'exp' to 'exp' (../src/ntt.cpp:98:16)
INFO: [HLS 214-367] Instantiating function 'ap_uint<64> mult_twiddle<ap_uint<65> >(ap_uint<65>, int)' to 'ap_uint<64> mult_twiddle<ap_uint<65> >(ap_uint<65>, int) (.560)' by setting 'exp' to 'exp' (../src/ntt.cpp:98:16)
INFO: [HLS 214-367] Instantiating function 'ap_uint<64> mult_twiddle<ap_uint<65> >(ap_uint<65>, int)' to 'ap_uint<64> mult_twiddle<ap_uint<65> >(ap_uint<65>, int) (.561)' by setting 'exp' to 'exp' (../src/ntt.cpp:98:16)
INFO: [HLS 214-367] Instantiating function 'ap_uint<64> mult_twiddle<ap_uint<65> >(ap_uint<65>, int)' to 'ap_uint<64> mult_twiddle<ap_uint<65> >(ap_uint<65>, int) (.562)' by setting 'exp' to 'exp' (../src/ntt.cpp:98:16)
INFO: [HLS 214-367] Instantiating function 'ap_uint<64> mult_twiddle<ap_uint<65> >(ap_uint<65>, int)' to 'ap_uint<64> mult_twiddle<ap_uint<65> >(ap_uint<65>, int) (.563)' by setting 'exp' to 'exp' (../src/ntt.cpp:98:16)
INFO: [HLS 214-367] Instantiating function 'ap_uint<64> mult_twiddle<ap_uint<65> >(ap_uint<65>, int)' to 'ap_uint<64> mult_twiddle<ap_uint<65> >(ap_uint<65>, int) (.564)' by setting 'exp' to 'exp' (../src/ntt.cpp:98:16)
INFO: [HLS 214-367] Instantiating function 'ap_uint<64> mult_twiddle<ap_uint<65> >(ap_uint<65>, int)' to 'ap_uint<64> mult_twiddle<ap_uint<65> >(ap_uint<65>, int) (.565)' by setting 'exp' to 'exp' (../src/ntt.cpp:98:16)
INFO: [HLS 214-367] Instantiating function 'ap_uint<64> mult_twiddle<ap_uint<65> >(ap_uint<65>, int)' to 'ap_uint<64> mult_twiddle<ap_uint<65> >(ap_uint<65>, int) (.566)' by setting 'exp' to 'exp' (../src/ntt.cpp:98:16)
INFO: [HLS 214-367] Instantiating function 'ap_uint<64> mult_twiddle<ap_uint<65> >(ap_uint<65>, int)' to 'ap_uint<64> mult_twiddle<ap_uint<65> >(ap_uint<65>, int) (.567)' by setting 'exp' to 'exp' (../src/ntt.cpp:98:16)
INFO: [HLS 214-367] Instantiating function 'ap_uint<64> mult_twiddle<ap_uint<65> >(ap_uint<65>, int)' to 'ap_uint<64> mult_twiddle<ap_uint<65> >(ap_uint<65>, int) (.568)' by setting 'exp' to 'exp' (../src/ntt.cpp:98:16)
INFO: [HLS 214-367] Instantiating function 'ap_uint<64> mult_twiddle<ap_uint<65> >(ap_uint<65>, int)' to 'ap_uint<64> mult_twiddle<ap_uint<65> >(ap_uint<65>, int) (.569)' by setting 'exp' to 'exp' (../src/ntt.cpp:98:16)
INFO: [HLS 214-367] Instantiating function 'ap_uint<64> mult_twiddle<ap_uint<65> >(ap_uint<65>, int)' to 'ap_uint<64> mult_twiddle<ap_uint<65> >(ap_uint<65>, int) (.570)' by setting 'exp' to 'exp' (../src/ntt.cpp:98:16)
INFO: [HLS 214-367] Instantiating function 'ap_uint<64> mult_twiddle<ap_uint<65> >(ap_uint<65>, int)' to 'ap_uint<64> mult_twiddle<ap_uint<65> >(ap_uint<65>, int) (.571)' by setting 'exp' to '0' (../src/ntt.cpp:98:16)
INFO: [HLS 214-367] Instantiating function 'ap_uint<64> mult_twiddle<ap_uint<65> >(ap_uint<65>, int)' to 'ap_uint<64> mult_twiddle<ap_uint<65> >(ap_uint<65>, int) (.572)' by setting 'exp' to 'exp' (../src/ntt.cpp:98:16)
INFO: [HLS 214-367] Instantiating function 'ap_uint<64> mult_twiddle<ap_uint<65> >(ap_uint<65>, int)' to 'ap_uint<64> mult_twiddle<ap_uint<65> >(ap_uint<65>, int) (.573)' by setting 'exp' to 'exp' (../src/ntt.cpp:98:16)
INFO: [HLS 214-367] Instantiating function 'ap_uint<64> mult_twiddle<ap_uint<65> >(ap_uint<65>, int)' to 'ap_uint<64> mult_twiddle<ap_uint<65> >(ap_uint<65>, int) (.574)' by setting 'exp' to 'exp' (../src/ntt.cpp:98:16)
INFO: [HLS 214-367] Instantiating function 'ap_uint<64> mult_twiddle<ap_uint<65> >(ap_uint<65>, int)' to 'ap_uint<64> mult_twiddle<ap_uint<65> >(ap_uint<65>, int) (.575)' by setting 'exp' to 'exp' (../src/ntt.cpp:98:16)
INFO: [HLS 214-367] Instantiating function 'ap_uint<64> mult_twiddle<ap_uint<65> >(ap_uint<65>, int)' to 'ap_uint<64> mult_twiddle<ap_uint<65> >(ap_uint<65>, int) (.576)' by setting 'exp' to 'exp' (../src/ntt.cpp:98:16)
INFO: [HLS 214-367] Instantiating function 'ap_uint<64> mult_twiddle<ap_uint<65> >(ap_uint<65>, int)' to 'ap_uint<64> mult_twiddle<ap_uint<65> >(ap_uint<65>, int) (.577)' by setting 'exp' to 'exp' (../src/ntt.cpp:98:16)
INFO: [HLS 214-367] Instantiating function 'ap_uint<64> mult_twiddle<ap_uint<65> >(ap_uint<65>, int)' to 'ap_uint<64> mult_twiddle<ap_uint<65> >(ap_uint<65>, int) (.578)' by setting 'exp' to 'exp' (../src/ntt.cpp:98:16)
INFO: [HLS 214-367] Instantiating function 'ap_uint<64> mult_twiddle<ap_uint<65> >(ap_uint<65>, int)' to 'ap_uint<64> mult_twiddle<ap_uint<65> >(ap_uint<65>, int) (.579)' by setting 'exp' to 'exp' (../src/ntt.cpp:98:16)
INFO: [HLS 214-367] Instantiating function 'ap_uint<64> mult_twiddle<ap_uint<65> >(ap_uint<65>, int)' to 'ap_uint<64> mult_twiddle<ap_uint<65> >(ap_uint<65>, int) (.580)' by setting 'exp' to 'exp' (../src/ntt.cpp:98:16)
INFO: [HLS 214-367] Instantiating function 'ap_uint<64> mult_twiddle<ap_uint<65> >(ap_uint<65>, int)' to 'ap_uint<64> mult_twiddle<ap_uint<65> >(ap_uint<65>, int) (.581)' by setting 'exp' to 'exp' (../src/ntt.cpp:98:16)
INFO: [HLS 214-367] Instantiating function 'ap_uint<64> mult_twiddle<ap_uint<65> >(ap_uint<65>, int)' to 'ap_uint<64> mult_twiddle<ap_uint<65> >(ap_uint<65>, int) (.582)' by setting 'exp' to 'exp' (../src/ntt.cpp:98:16)
INFO: [HLS 214-367] Instantiating function 'ap_uint<64> mult_twiddle<ap_uint<65> >(ap_uint<65>, int)' to 'ap_uint<64> mult_twiddle<ap_uint<65> >(ap_uint<65>, int) (.583)' by setting 'exp' to 'exp' (../src/ntt.cpp:98:16)
INFO: [HLS 214-367] Instantiating function 'ap_uint<64> mult_twiddle<ap_uint<65> >(ap_uint<65>, int)' to 'ap_uint<64> mult_twiddle<ap_uint<65> >(ap_uint<65>, int) (.584)' by setting 'exp' to 'exp' (../src/ntt.cpp:98:16)
INFO: [HLS 214-367] Instantiating function 'ap_uint<64> mult_twiddle<ap_uint<65> >(ap_uint<65>, int)' to 'ap_uint<64> mult_twiddle<ap_uint<65> >(ap_uint<65>, int) (.585)' by setting 'exp' to 'exp' (../src/ntt.cpp:98:16)
INFO: [HLS 214-367] Instantiating function 'ap_uint<64> mult_twiddle<ap_uint<65> >(ap_uint<65>, int)' to 'ap_uint<64> mult_twiddle<ap_uint<65> >(ap_uint<65>, int) (.586)' by setting 'exp' to 'exp' (../src/ntt.cpp:98:16)
INFO: [HLS 214-367] Instantiating function 'ap_uint<64> mult_twiddle<ap_uint<65> >(ap_uint<65>, int)' to 'ap_uint<64> mult_twiddle<ap_uint<65> >(ap_uint<65>, int) (.587)' by setting 'exp' to 'exp' (../src/ntt.cpp:98:16)
INFO: [HLS 214-367] Instantiating function 'ap_uint<64> mult_twiddle<ap_uint<65> >(ap_uint<65>, int)' to 'ap_uint<64> mult_twiddle<ap_uint<65> >(ap_uint<65>, int) (.588)' by setting 'exp' to 'exp' (../src/ntt.cpp:98:16)
INFO: [HLS 214-367] Instantiating function 'ap_uint<64> mult_twiddle<ap_uint<65> >(ap_uint<65>, int)' to 'ap_uint<64> mult_twiddle<ap_uint<65> >(ap_uint<65>, int) (.589)' by setting 'exp' to 'exp' (../src/ntt.cpp:98:16)
INFO: [HLS 214-367] Instantiating function 'ap_uint<64> mult_twiddle<ap_uint<65> >(ap_uint<65>, int)' to 'ap_uint<64> mult_twiddle<ap_uint<65> >(ap_uint<65>, int) (.590)' by setting 'exp' to 'exp' (../src/ntt.cpp:98:16)
INFO: [HLS 214-367] Instantiating function 'ap_uint<64> mult_twiddle<ap_uint<65> >(ap_uint<65>, int)' to 'ap_uint<64> mult_twiddle<ap_uint<65> >(ap_uint<65>, int) (.591)' by setting 'exp' to 'exp' (../src/ntt.cpp:98:16)
INFO: [HLS 214-367] Instantiating function 'ap_uint<64> mult_twiddle<ap_uint<65> >(ap_uint<65>, int)' to 'ap_uint<64> mult_twiddle<ap_uint<65> >(ap_uint<65>, int) (.592)' by setting 'exp' to 'exp' (../src/ntt.cpp:98:16)
INFO: [HLS 214-367] Instantiating function 'ap_uint<64> mult_twiddle<ap_uint<65> >(ap_uint<65>, int)' to 'ap_uint<64> mult_twiddle<ap_uint<65> >(ap_uint<65>, int) (.593)' by setting 'exp' to 'exp' (../src/ntt.cpp:98:16)
INFO: [HLS 214-367] Instantiating function 'ap_uint<64> mult_twiddle<ap_uint<65> >(ap_uint<65>, int)' to 'ap_uint<64> mult_twiddle<ap_uint<65> >(ap_uint<65>, int) (.594)' by setting 'exp' to 'exp' (../src/ntt.cpp:98:16)
INFO: [HLS 214-367] Instantiating function 'ap_uint<64> mult_twiddle<ap_uint<65> >(ap_uint<65>, int)' to 'ap_uint<64> mult_twiddle<ap_uint<65> >(ap_uint<65>, int) (.595)' by setting 'exp' to 'exp' (../src/ntt.cpp:98:16)
INFO: [HLS 214-367] Instantiating function 'ap_uint<64> mult_twiddle<ap_uint<65> >(ap_uint<65>, int)' to 'ap_uint<64> mult_twiddle<ap_uint<65> >(ap_uint<65>, int) (.596)' by setting 'exp' to 'exp' (../src/ntt.cpp:98:16)
INFO: [HLS 214-367] Instantiating function 'ap_uint<64> mult_twiddle<ap_uint<65> >(ap_uint<65>, int)' to 'ap_uint<64> mult_twiddle<ap_uint<65> >(ap_uint<65>, int) (.597)' by setting 'exp' to 'exp' (../src/ntt.cpp:98:16)
INFO: [HLS 214-367] Instantiating function 'ap_uint<64> mult_twiddle<ap_uint<65> >(ap_uint<65>, int)' to 'ap_uint<64> mult_twiddle<ap_uint<65> >(ap_uint<65>, int) (.598)' by setting 'exp' to 'exp' (../src/ntt.cpp:98:16)
INFO: [HLS 214-367] Instantiating function 'ap_uint<64> mult_twiddle<ap_uint<65> >(ap_uint<65>, int)' to 'ap_uint<64> mult_twiddle<ap_uint<65> >(ap_uint<65>, int) (.599)' by setting 'exp' to 'exp' (../src/ntt.cpp:98:16)
INFO: [HLS 214-367] Instantiating function 'ap_uint<64> mult_twiddle<ap_uint<65> >(ap_uint<65>, int)' to 'ap_uint<64> mult_twiddle<ap_uint<65> >(ap_uint<65>, int) (.600)' by setting 'exp' to 'exp' (../src/ntt.cpp:98:16)
INFO: [HLS 214-367] Instantiating function 'ap_uint<64> mult_twiddle<ap_uint<65> >(ap_uint<65>, int)' to 'ap_uint<64> mult_twiddle<ap_uint<65> >(ap_uint<65>, int) (.601)' by setting 'exp' to 'exp' (../src/ntt.cpp:98:16)
INFO: [HLS 214-367] Instantiating function 'ap_uint<64> mult_twiddle<ap_uint<65> >(ap_uint<65>, int)' to 'ap_uint<64> mult_twiddle<ap_uint<65> >(ap_uint<65>, int) (.602)' by setting 'exp' to 'exp' (../src/ntt.cpp:98:16)
INFO: [HLS 214-367] Instantiating function 'mm2s(hls::stream<ap_uint<64>, 0>*, ap_uint<64>*, ap_uint<1>, int)' to 'mm2s(hls::stream<ap_uint<64>, 0>*, ap_uint<64>*, ap_uint<1>, int) (.603)' by setting 'hbm_pc' to '15' (../src/ntt.cpp:494:2)
INFO: [HLS 214-367] Instantiating function 'mm2s(hls::stream<ap_uint<64>, 0>*, ap_uint<64>*, ap_uint<1>, int)' to 'mm2s(hls::stream<ap_uint<64>, 0>*, ap_uint<64>*, ap_uint<1>, int) (.604)' by setting 'hbm_pc' to '14' (../src/ntt.cpp:494:2)
INFO: [HLS 214-367] Instantiating function 'mm2s(hls::stream<ap_uint<64>, 0>*, ap_uint<64>*, ap_uint<1>, int)' to 'mm2s(hls::stream<ap_uint<64>, 0>*, ap_uint<64>*, ap_uint<1>, int) (.605)' by setting 'hbm_pc' to '13' (../src/ntt.cpp:494:2)
INFO: [HLS 214-367] Instantiating function 'mm2s(hls::stream<ap_uint<64>, 0>*, ap_uint<64>*, ap_uint<1>, int)' to 'mm2s(hls::stream<ap_uint<64>, 0>*, ap_uint<64>*, ap_uint<1>, int) (.606)' by setting 'hbm_pc' to '12' (../src/ntt.cpp:494:2)
INFO: [HLS 214-367] Instantiating function 'mm2s(hls::stream<ap_uint<64>, 0>*, ap_uint<64>*, ap_uint<1>, int)' to 'mm2s(hls::stream<ap_uint<64>, 0>*, ap_uint<64>*, ap_uint<1>, int) (.607)' by setting 'hbm_pc' to '11' (../src/ntt.cpp:494:2)
INFO: [HLS 214-367] Instantiating function 'mm2s(hls::stream<ap_uint<64>, 0>*, ap_uint<64>*, ap_uint<1>, int)' to 'mm2s(hls::stream<ap_uint<64>, 0>*, ap_uint<64>*, ap_uint<1>, int) (.608)' by setting 'hbm_pc' to '10' (../src/ntt.cpp:494:2)
INFO: [HLS 214-367] Instantiating function 'mm2s(hls::stream<ap_uint<64>, 0>*, ap_uint<64>*, ap_uint<1>, int)' to 'mm2s(hls::stream<ap_uint<64>, 0>*, ap_uint<64>*, ap_uint<1>, int) (.609)' by setting 'hbm_pc' to '9' (../src/ntt.cpp:494:2)
INFO: [HLS 214-367] Instantiating function 'mm2s(hls::stream<ap_uint<64>, 0>*, ap_uint<64>*, ap_uint<1>, int)' to 'mm2s(hls::stream<ap_uint<64>, 0>*, ap_uint<64>*, ap_uint<1>, int) (.610)' by setting 'hbm_pc' to '8' (../src/ntt.cpp:494:2)
INFO: [HLS 214-367] Instantiating function 'mm2s(hls::stream<ap_uint<64>, 0>*, ap_uint<64>*, ap_uint<1>, int)' to 'mm2s(hls::stream<ap_uint<64>, 0>*, ap_uint<64>*, ap_uint<1>, int) (.611)' by setting 'hbm_pc' to '7' (../src/ntt.cpp:494:2)
INFO: [HLS 214-367] Instantiating function 'mm2s(hls::stream<ap_uint<64>, 0>*, ap_uint<64>*, ap_uint<1>, int)' to 'mm2s(hls::stream<ap_uint<64>, 0>*, ap_uint<64>*, ap_uint<1>, int) (.612)' by setting 'hbm_pc' to '6' (../src/ntt.cpp:494:2)
INFO: [HLS 214-367] Instantiating function 'mm2s(hls::stream<ap_uint<64>, 0>*, ap_uint<64>*, ap_uint<1>, int)' to 'mm2s(hls::stream<ap_uint<64>, 0>*, ap_uint<64>*, ap_uint<1>, int) (.613)' by setting 'hbm_pc' to '5' (../src/ntt.cpp:494:2)
INFO: [HLS 214-367] Instantiating function 'mm2s(hls::stream<ap_uint<64>, 0>*, ap_uint<64>*, ap_uint<1>, int)' to 'mm2s(hls::stream<ap_uint<64>, 0>*, ap_uint<64>*, ap_uint<1>, int) (.614)' by setting 'hbm_pc' to '4' (../src/ntt.cpp:494:2)
INFO: [HLS 214-367] Instantiating function 'mm2s(hls::stream<ap_uint<64>, 0>*, ap_uint<64>*, ap_uint<1>, int)' to 'mm2s(hls::stream<ap_uint<64>, 0>*, ap_uint<64>*, ap_uint<1>, int) (.615)' by setting 'hbm_pc' to '3' (../src/ntt.cpp:494:2)
INFO: [HLS 214-367] Instantiating function 'mm2s(hls::stream<ap_uint<64>, 0>*, ap_uint<64>*, ap_uint<1>, int)' to 'mm2s(hls::stream<ap_uint<64>, 0>*, ap_uint<64>*, ap_uint<1>, int) (.616)' by setting 'hbm_pc' to '2' (../src/ntt.cpp:494:2)
INFO: [HLS 214-367] Instantiating function 'mm2s(hls::stream<ap_uint<64>, 0>*, ap_uint<64>*, ap_uint<1>, int)' to 'mm2s(hls::stream<ap_uint<64>, 0>*, ap_uint<64>*, ap_uint<1>, int) (.617)' by setting 'hbm_pc' to '1' (../src/ntt.cpp:494:2)
INFO: [HLS 214-367] Instantiating function 'mm2s(hls::stream<ap_uint<64>, 0>*, ap_uint<64>*, ap_uint<1>, int)' to 'mm2s(hls::stream<ap_uint<64>, 0>*, ap_uint<64>*, ap_uint<1>, int) (.618)' by setting 'hbm_pc' to '0' (../src/ntt.cpp:494:2)
INFO: [HLS 214-178] Inlining function 'std::__array_traits<ap_uint<64>, 64ul>::_S_ref(ap_uint<64> const (&) [64], unsigned long)' into 'std::array<ap_uint<64>, 64ul>::operator[](unsigned long) (.223)' (/tools/Xilinx/Vitis/2024.2/tps/lnx64/gcc-8.3.0/lib/gcc/x86_64-pc-linux-gnu/8.3.0/../../../../include/c++/8.3.0/array:186:0)
INFO: [HLS 214-178] Inlining function 'std::__array_traits<ap_uint<64>, 64ul>::_S_ref(ap_uint<64> const (&) [64], unsigned long) (.224)' into 'std::array<ap_uint<64>, 64ul>::operator[](unsigned long)' (/tools/Xilinx/Vitis/2024.2/tps/lnx64/gcc-8.3.0/lib/gcc/x86_64-pc-linux-gnu/8.3.0/../../../../include/c++/8.3.0/array:186:0)
INFO: [HLS 214-178] Inlining function 'std::array<ap_uint<64>, 64ul>::operator[](unsigned long)' into 'xor_permute_spatial(hls::vector<ap_uint<64>, 64ul>, ap_uint<6>)' (../src/ntt.cpp:152:0)
INFO: [HLS 214-178] Inlining function 'std::array<ap_uint<64>, 64ul>::operator[](unsigned long) (.223)' into 'xor_permute_spatial_4096x4096(hls::stream<hls::vector<ap_uint<64>, 64ul>, 0>&, hls::stream<ap_uint<64>, 0>*, bool)' (../src/ntt.cpp:308:0)
INFO: [HLS 214-178] Inlining function 'ap_uint<64> mult_twiddle<ap_uint<65> >(ap_uint<65>, int) (.571)' into 'gs_butterfly(ap_uint<64>*, ap_uint<64>*, ap_uint<64>*, ap_uint<64>*, int) (.261)' (../src/ntt.cpp:90:0)
INFO: [HLS 214-178] Inlining function 'std::array<ap_uint<64>, 64ul>::operator[](unsigned long) (.223)' into 'ntt_2_6_stage(hls::vector<ap_uint<64>, 64ul>, int) (.230)' (../src/ntt.cpp:103:0)
INFO: [HLS 214-178] Inlining function 'gs_butterfly(ap_uint<64>*, ap_uint<64>*, ap_uint<64>*, ap_uint<64>*, int) (.261)' into 'ntt_2_6_stage(hls::vector<ap_uint<64>, 64ul>, int) (.230)' (../src/ntt.cpp:103:0)
INFO: [HLS 214-178] Inlining function 'gs_butterfly(ap_uint<64>*, ap_uint<64>*, ap_uint<64>*, ap_uint<64>*, int) (.260)' into 'ntt_2_6_stage(hls::vector<ap_uint<64>, 64ul>, int) (.230)' (../src/ntt.cpp:103:0)
INFO: [HLS 214-178] Inlining function 'gs_butterfly(ap_uint<64>*, ap_uint<64>*, ap_uint<64>*, ap_uint<64>*, int) (.259)' into 'ntt_2_6_stage(hls::vector<ap_uint<64>, 64ul>, int) (.230)' (../src/ntt.cpp:103:0)
INFO: [HLS 214-178] Inlining function 'gs_butterfly(ap_uint<64>*, ap_uint<64>*, ap_uint<64>*, ap_uint<64>*, int) (.258)' into 'ntt_2_6_stage(hls::vector<ap_uint<64>, 64ul>, int) (.230)' (../src/ntt.cpp:103:0)
INFO: [HLS 214-178] Inlining function 'gs_butterfly(ap_uint<64>*, ap_uint<64>*, ap_uint<64>*, ap_uint<64>*, int) (.257)' into 'ntt_2_6_stage(hls::vector<ap_uint<64>, 64ul>, int) (.230)' (../src/ntt.cpp:103:0)
INFO: [HLS 214-178] Inlining function 'gs_butterfly(ap_uint<64>*, ap_uint<64>*, ap_uint<64>*, ap_uint<64>*, int) (.256)' into 'ntt_2_6_stage(hls::vector<ap_uint<64>, 64ul>, int) (.230)' (../src/ntt.cpp:103:0)
INFO: [HLS 214-178] Inlining function 'gs_butterfly(ap_uint<64>*, ap_uint<64>*, ap_uint<64>*, ap_uint<64>*, int) (.255)' into 'ntt_2_6_stage(hls::vector<ap_uint<64>, 64ul>, int) (.230)' (../src/ntt.cpp:103:0)
INFO: [HLS 214-178] Inlining function 'gs_butterfly(ap_uint<64>*, ap_uint<64>*, ap_uint<64>*, ap_uint<64>*, int) (.254)' into 'ntt_2_6_stage(hls::vector<ap_uint<64>, 64ul>, int) (.230)' (../src/ntt.cpp:103:0)
INFO: [HLS 214-178] Inlining function 'gs_butterfly(ap_uint<64>*, ap_uint<64>*, ap_uint<64>*, ap_uint<64>*, int) (.253)' into 'ntt_2_6_stage(hls::vector<ap_uint<64>, 64ul>, int) (.230)' (../src/ntt.cpp:103:0)
INFO: [HLS 214-178] Inlining function 'gs_butterfly(ap_uint<64>*, ap_uint<64>*, ap_uint<64>*, ap_uint<64>*, int) (.252)' into 'ntt_2_6_stage(hls::vector<ap_uint<64>, 64ul>, int) (.230)' (../src/ntt.cpp:103:0)
INFO: [HLS 214-178] Inlining function 'gs_butterfly(ap_uint<64>*, ap_uint<64>*, ap_uint<64>*, ap_uint<64>*, int) (.251)' into 'ntt_2_6_stage(hls::vector<ap_uint<64>, 64ul>, int) (.230)' (../src/ntt.cpp:103:0)
INFO: [HLS 214-178] Inlining function 'gs_butterfly(ap_uint<64>*, ap_uint<64>*, ap_uint<64>*, ap_uint<64>*, int) (.250)' into 'ntt_2_6_stage(hls::vector<ap_uint<64>, 64ul>, int) (.230)' (../src/ntt.cpp:103:0)
INFO: [HLS 214-178] Inlining function 'gs_butterfly(ap_uint<64>*, ap_uint<64>*, ap_uint<64>*, ap_uint<64>*, int) (.249)' into 'ntt_2_6_stage(hls::vector<ap_uint<64>, 64ul>, int) (.230)' (../src/ntt.cpp:103:0)
INFO: [HLS 214-178] Inlining function 'gs_butterfly(ap_uint<64>*, ap_uint<64>*, ap_uint<64>*, ap_uint<64>*, int) (.248)' into 'ntt_2_6_stage(hls::vector<ap_uint<64>, 64ul>, int) (.230)' (../src/ntt.cpp:103:0)
INFO: [HLS 214-178] Inlining function 'gs_butterfly(ap_uint<64>*, ap_uint<64>*, ap_uint<64>*, ap_uint<64>*, int) (.247)' into 'ntt_2_6_stage(hls::vector<ap_uint<64>, 64ul>, int) (.230)' (../src/ntt.cpp:103:0)
INFO: [HLS 214-178] Inlining function 'gs_butterfly(ap_uint<64>*, ap_uint<64>*, ap_uint<64>*, ap_uint<64>*, int) (.246)' into 'ntt_2_6_stage(hls::vector<ap_uint<64>, 64ul>, int) (.230)' (../src/ntt.cpp:103:0)
INFO: [HLS 214-178] Inlining function 'gs_butterfly(ap_uint<64>*, ap_uint<64>*, ap_uint<64>*, ap_uint<64>*, int) (.245)' into 'ntt_2_6_stage(hls::vector<ap_uint<64>, 64ul>, int) (.230)' (../src/ntt.cpp:103:0)
INFO: [HLS 214-178] Inlining function 'gs_butterfly(ap_uint<64>*, ap_uint<64>*, ap_uint<64>*, ap_uint<64>*, int) (.244)' into 'ntt_2_6_stage(hls::vector<ap_uint<64>, 64ul>, int) (.230)' (../src/ntt.cpp:103:0)
INFO: [HLS 214-178] Inlining function 'gs_butterfly(ap_uint<64>*, ap_uint<64>*, ap_uint<64>*, ap_uint<64>*, int) (.243)' into 'ntt_2_6_stage(hls::vector<ap_uint<64>, 64ul>, int) (.230)' (../src/ntt.cpp:103:0)
INFO: [HLS 214-178] Inlining function 'gs_butterfly(ap_uint<64>*, ap_uint<64>*, ap_uint<64>*, ap_uint<64>*, int) (.242)' into 'ntt_2_6_stage(hls::vector<ap_uint<64>, 64ul>, int) (.230)' (../src/ntt.cpp:103:0)
INFO: [HLS 214-178] Inlining function 'gs_butterfly(ap_uint<64>*, ap_uint<64>*, ap_uint<64>*, ap_uint<64>*, int) (.241)' into 'ntt_2_6_stage(hls::vector<ap_uint<64>, 64ul>, int) (.230)' (../src/ntt.cpp:103:0)
INFO: [HLS 214-178] Inlining function 'gs_butterfly(ap_uint<64>*, ap_uint<64>*, ap_uint<64>*, ap_uint<64>*, int) (.240)' into 'ntt_2_6_stage(hls::vector<ap_uint<64>, 64ul>, int) (.230)' (../src/ntt.cpp:103:0)
INFO: [HLS 214-178] Inlining function 'gs_butterfly(ap_uint<64>*, ap_uint<64>*, ap_uint<64>*, ap_uint<64>*, int) (.239)' into 'ntt_2_6_stage(hls::vector<ap_uint<64>, 64ul>, int) (.230)' (../src/ntt.cpp:103:0)
INFO: [HLS 214-178] Inlining function 'gs_butterfly(ap_uint<64>*, ap_uint<64>*, ap_uint<64>*, ap_uint<64>*, int) (.238)' into 'ntt_2_6_stage(hls::vector<ap_uint<64>, 64ul>, int) (.230)' (../src/ntt.cpp:103:0)
INFO: [HLS 214-178] Inlining function 'gs_butterfly(ap_uint<64>*, ap_uint<64>*, ap_uint<64>*, ap_uint<64>*, int) (.237)' into 'ntt_2_6_stage(hls::vector<ap_uint<64>, 64ul>, int) (.230)' (../src/ntt.cpp:103:0)
INFO: [HLS 214-178] Inlining function 'gs_butterfly(ap_uint<64>*, ap_uint<64>*, ap_uint<64>*, ap_uint<64>*, int) (.236)' into 'ntt_2_6_stage(hls::vector<ap_uint<64>, 64ul>, int) (.230)' (../src/ntt.cpp:103:0)
INFO: [HLS 214-178] Inlining function 'gs_butterfly(ap_uint<64>*, ap_uint<64>*, ap_uint<64>*, ap_uint<64>*, int) (.235)' into 'ntt_2_6_stage(hls::vector<ap_uint<64>, 64ul>, int) (.230)' (../src/ntt.cpp:103:0)
INFO: [HLS 214-178] Inlining function 'gs_butterfly(ap_uint<64>*, ap_uint<64>*, ap_uint<64>*, ap_uint<64>*, int) (.234)' into 'ntt_2_6_stage(hls::vector<ap_uint<64>, 64ul>, int) (.230)' (../src/ntt.cpp:103:0)
INFO: [HLS 214-178] Inlining function 'gs_butterfly(ap_uint<64>*, ap_uint<64>*, ap_uint<64>*, ap_uint<64>*, int) (.233)' into 'ntt_2_6_stage(hls::vector<ap_uint<64>, 64ul>, int) (.230)' (../src/ntt.cpp:103:0)
INFO: [HLS 214-178] Inlining function 'gs_butterfly(ap_uint<64>*, ap_uint<64>*, ap_uint<64>*, ap_uint<64>*, int) (.232)' into 'ntt_2_6_stage(hls::vector<ap_uint<64>, 64ul>, int) (.230)' (../src/ntt.cpp:103:0)
INFO: [HLS 214-178] Inlining function 'gs_butterfly(ap_uint<64>*, ap_uint<64>*, ap_uint<64>*, ap_uint<64>*, int) (.231)' into 'ntt_2_6_stage(hls::vector<ap_uint<64>, 64ul>, int) (.230)' (../src/ntt.cpp:103:0)
INFO: [HLS 214-178] Inlining function 'gs_butterfly(ap_uint<64>*, ap_uint<64>*, ap_uint<64>*, ap_uint<64>*, int)' into 'ntt_2_6_stage(hls::vector<ap_uint<64>, 64ul>, int) (.230)' (../src/ntt.cpp:103:0)
INFO: [HLS 214-178] Inlining function 'std::array<ap_uint<64>, 64ul>::operator[](unsigned long) (.223)' into 'ntt_2_6_stage(hls::vector<ap_uint<64>, 64ul>, int) (.229)' (../src/ntt.cpp:103:0)
INFO: [HLS 214-178] Inlining function 'gs_butterfly(ap_uint<64>*, ap_uint<64>*, ap_uint<64>*, ap_uint<64>*, int) (.261)' into 'ntt_2_6_stage(hls::vector<ap_uint<64>, 64ul>, int) (.229)' (../src/ntt.cpp:103:0)
INFO: [HLS 214-178] Inlining function 'gs_butterfly(ap_uint<64>*, ap_uint<64>*, ap_uint<64>*, ap_uint<64>*, int) (.292)' into 'ntt_2_6_stage(hls::vector<ap_uint<64>, 64ul>, int) (.229)' (../src/ntt.cpp:103:0)
INFO: [HLS 214-178] Inlining function 'gs_butterfly(ap_uint<64>*, ap_uint<64>*, ap_uint<64>*, ap_uint<64>*, int) (.291)' into 'ntt_2_6_stage(hls::vector<ap_uint<64>, 64ul>, int) (.229)' (../src/ntt.cpp:103:0)
INFO: [HLS 214-178] Inlining function 'gs_butterfly(ap_uint<64>*, ap_uint<64>*, ap_uint<64>*, ap_uint<64>*, int) (.290)' into 'ntt_2_6_stage(hls::vector<ap_uint<64>, 64ul>, int) (.229)' (../src/ntt.cpp:103:0)
INFO: [HLS 214-178] Inlining function 'gs_butterfly(ap_uint<64>*, ap_uint<64>*, ap_uint<64>*, ap_uint<64>*, int) (.289)' into 'ntt_2_6_stage(hls::vector<ap_uint<64>, 64ul>, int) (.229)' (../src/ntt.cpp:103:0)
INFO: [HLS 214-178] Inlining function 'gs_butterfly(ap_uint<64>*, ap_uint<64>*, ap_uint<64>*, ap_uint<64>*, int) (.288)' into 'ntt_2_6_stage(hls::vector<ap_uint<64>, 64ul>, int) (.229)' (../src/ntt.cpp:103:0)
INFO: [HLS 214-178] Inlining function 'gs_butterfly(ap_uint<64>*, ap_uint<64>*, ap_uint<64>*, ap_uint<64>*, int) (.287)' into 'ntt_2_6_stage(hls::vector<ap_uint<64>, 64ul>, int) (.229)' (../src/ntt.cpp:103:0)
INFO: [HLS 214-178] Inlining function 'gs_butterfly(ap_uint<64>*, ap_uint<64>*, ap_uint<64>*, ap_uint<64>*, int) (.286)' into 'ntt_2_6_stage(hls::vector<ap_uint<64>, 64ul>, int) (.229)' (../src/ntt.cpp:103:0)
INFO: [HLS 214-178] Inlining function 'gs_butterfly(ap_uint<64>*, ap_uint<64>*, ap_uint<64>*, ap_uint<64>*, int) (.285)' into 'ntt_2_6_stage(hls::vector<ap_uint<64>, 64ul>, int) (.229)' (../src/ntt.cpp:103:0)
INFO: [HLS 214-178] Inlining function 'gs_butterfly(ap_uint<64>*, ap_uint<64>*, ap_uint<64>*, ap_uint<64>*, int) (.284)' into 'ntt_2_6_stage(hls::vector<ap_uint<64>, 64ul>, int) (.229)' (../src/ntt.cpp:103:0)
INFO: [HLS 214-178] Inlining function 'gs_butterfly(ap_uint<64>*, ap_uint<64>*, ap_uint<64>*, ap_uint<64>*, int) (.283)' into 'ntt_2_6_stage(hls::vector<ap_uint<64>, 64ul>, int) (.229)' (../src/ntt.cpp:103:0)
INFO: [HLS 214-178] Inlining function 'gs_butterfly(ap_uint<64>*, ap_uint<64>*, ap_uint<64>*, ap_uint<64>*, int) (.282)' into 'ntt_2_6_stage(hls::vector<ap_uint<64>, 64ul>, int) (.229)' (../src/ntt.cpp:103:0)
INFO: [HLS 214-178] Inlining function 'gs_butterfly(ap_uint<64>*, ap_uint<64>*, ap_uint<64>*, ap_uint<64>*, int) (.281)' into 'ntt_2_6_stage(hls::vector<ap_uint<64>, 64ul>, int) (.229)' (../src/ntt.cpp:103:0)
INFO: [HLS 214-178] Inlining function 'gs_butterfly(ap_uint<64>*, ap_uint<64>*, ap_uint<64>*, ap_uint<64>*, int) (.280)' into 'ntt_2_6_stage(hls::vector<ap_uint<64>, 64ul>, int) (.229)' (../src/ntt.cpp:103:0)
INFO: [HLS 214-178] Inlining function 'gs_butterfly(ap_uint<64>*, ap_uint<64>*, ap_uint<64>*, ap_uint<64>*, int) (.279)' into 'ntt_2_6_stage(hls::vector<ap_uint<64>, 64ul>, int) (.229)' (../src/ntt.cpp:103:0)
INFO: [HLS 214-178] Inlining function 'gs_butterfly(ap_uint<64>*, ap_uint<64>*, ap_uint<64>*, ap_uint<64>*, int) (.278)' into 'ntt_2_6_stage(hls::vector<ap_uint<64>, 64ul>, int) (.229)' (../src/ntt.cpp:103:0)
INFO: [HLS 214-178] Inlining function 'gs_butterfly(ap_uint<64>*, ap_uint<64>*, ap_uint<64>*, ap_uint<64>*, int) (.277)' into 'ntt_2_6_stage(hls::vector<ap_uint<64>, 64ul>, int) (.229)' (../src/ntt.cpp:103:0)
INFO: [HLS 214-178] Inlining function 'gs_butterfly(ap_uint<64>*, ap_uint<64>*, ap_uint<64>*, ap_uint<64>*, int) (.276)' into 'ntt_2_6_stage(hls::vector<ap_uint<64>, 64ul>, int) (.229)' (../src/ntt.cpp:103:0)
INFO: [HLS 214-178] Inlining function 'gs_butterfly(ap_uint<64>*, ap_uint<64>*, ap_uint<64>*, ap_uint<64>*, int) (.275)' into 'ntt_2_6_stage(hls::vector<ap_uint<64>, 64ul>, int) (.229)' (../src/ntt.cpp:103:0)
INFO: [HLS 214-178] Inlining function 'gs_butterfly(ap_uint<64>*, ap_uint<64>*, ap_uint<64>*, ap_uint<64>*, int) (.274)' into 'ntt_2_6_stage(hls::vector<ap_uint<64>, 64ul>, int) (.229)' (../src/ntt.cpp:103:0)
INFO: [HLS 214-178] Inlining function 'gs_butterfly(ap_uint<64>*, ap_uint<64>*, ap_uint<64>*, ap_uint<64>*, int) (.273)' into 'ntt_2_6_stage(hls::vector<ap_uint<64>, 64ul>, int) (.229)' (../src/ntt.cpp:103:0)
INFO: [HLS 214-178] Inlining function 'gs_butterfly(ap_uint<64>*, ap_uint<64>*, ap_uint<64>*, ap_uint<64>*, int) (.272)' into 'ntt_2_6_stage(hls::vector<ap_uint<64>, 64ul>, int) (.229)' (../src/ntt.cpp:103:0)
INFO: [HLS 214-178] Inlining function 'gs_butterfly(ap_uint<64>*, ap_uint<64>*, ap_uint<64>*, ap_uint<64>*, int) (.271)' into 'ntt_2_6_stage(hls::vector<ap_uint<64>, 64ul>, int) (.229)' (../src/ntt.cpp:103:0)
INFO: [HLS 214-178] Inlining function 'gs_butterfly(ap_uint<64>*, ap_uint<64>*, ap_uint<64>*, ap_uint<64>*, int) (.270)' into 'ntt_2_6_stage(hls::vector<ap_uint<64>, 64ul>, int) (.229)' (../src/ntt.cpp:103:0)
INFO: [HLS 214-178] Inlining function 'gs_butterfly(ap_uint<64>*, ap_uint<64>*, ap_uint<64>*, ap_uint<64>*, int) (.269)' into 'ntt_2_6_stage(hls::vector<ap_uint<64>, 64ul>, int) (.229)' (../src/ntt.cpp:103:0)
INFO: [HLS 214-178] Inlining function 'gs_butterfly(ap_uint<64>*, ap_uint<64>*, ap_uint<64>*, ap_uint<64>*, int) (.268)' into 'ntt_2_6_stage(hls::vector<ap_uint<64>, 64ul>, int) (.229)' (../src/ntt.cpp:103:0)
INFO: [HLS 214-178] Inlining function 'gs_butterfly(ap_uint<64>*, ap_uint<64>*, ap_uint<64>*, ap_uint<64>*, int) (.267)' into 'ntt_2_6_stage(hls::vector<ap_uint<64>, 64ul>, int) (.229)' (../src/ntt.cpp:103:0)
INFO: [HLS 214-178] Inlining function 'gs_butterfly(ap_uint<64>*, ap_uint<64>*, ap_uint<64>*, ap_uint<64>*, int) (.266)' into 'ntt_2_6_stage(hls::vector<ap_uint<64>, 64ul>, int) (.229)' (../src/ntt.cpp:103:0)
INFO: [HLS 214-178] Inlining function 'gs_butterfly(ap_uint<64>*, ap_uint<64>*, ap_uint<64>*, ap_uint<64>*, int) (.265)' into 'ntt_2_6_stage(hls::vector<ap_uint<64>, 64ul>, int) (.229)' (../src/ntt.cpp:103:0)
INFO: [HLS 214-178] Inlining function 'gs_butterfly(ap_uint<64>*, ap_uint<64>*, ap_uint<64>*, ap_uint<64>*, int) (.264)' into 'ntt_2_6_stage(hls::vector<ap_uint<64>, 64ul>, int) (.229)' (../src/ntt.cpp:103:0)
INFO: [HLS 214-178] Inlining function 'gs_butterfly(ap_uint<64>*, ap_uint<64>*, ap_uint<64>*, ap_uint<64>*, int) (.263)' into 'ntt_2_6_stage(hls::vector<ap_uint<64>, 64ul>, int) (.229)' (../src/ntt.cpp:103:0)
INFO: [HLS 214-178] Inlining function 'gs_butterfly(ap_uint<64>*, ap_uint<64>*, ap_uint<64>*, ap_uint<64>*, int) (.262)' into 'ntt_2_6_stage(hls::vector<ap_uint<64>, 64ul>, int) (.229)' (../src/ntt.cpp:103:0)
INFO: [HLS 214-178] Inlining function 'std::array<ap_uint<64>, 64ul>::operator[](unsigned long) (.223)' into 'ntt_2_6_stage(hls::vector<ap_uint<64>, 64ul>, int) (.228)' (../src/ntt.cpp:103:0)
INFO: [HLS 214-178] Inlining function 'gs_butterfly(ap_uint<64>*, ap_uint<64>*, ap_uint<64>*, ap_uint<64>*, int) (.261)' into 'ntt_2_6_stage(hls::vector<ap_uint<64>, 64ul>, int) (.228)' (../src/ntt.cpp:103:0)
INFO: [HLS 214-178] Inlining function 'gs_butterfly(ap_uint<64>*, ap_uint<64>*, ap_uint<64>*, ap_uint<64>*, int) (.323)' into 'ntt_2_6_stage(hls::vector<ap_uint<64>, 64ul>, int) (.228)' (../src/ntt.cpp:103:0)
INFO: [HLS 214-178] Inlining function 'gs_butterfly(ap_uint<64>*, ap_uint<64>*, ap_uint<64>*, ap_uint<64>*, int) (.322)' into 'ntt_2_6_stage(hls::vector<ap_uint<64>, 64ul>, int) (.228)' (../src/ntt.cpp:103:0)
INFO: [HLS 214-178] Inlining function 'gs_butterfly(ap_uint<64>*, ap_uint<64>*, ap_uint<64>*, ap_uint<64>*, int) (.321)' into 'ntt_2_6_stage(hls::vector<ap_uint<64>, 64ul>, int) (.228)' (../src/ntt.cpp:103:0)
INFO: [HLS 214-178] Inlining function 'gs_butterfly(ap_uint<64>*, ap_uint<64>*, ap_uint<64>*, ap_uint<64>*, int) (.320)' into 'ntt_2_6_stage(hls::vector<ap_uint<64>, 64ul>, int) (.228)' (../src/ntt.cpp:103:0)
INFO: [HLS 214-178] Inlining function 'gs_butterfly(ap_uint<64>*, ap_uint<64>*, ap_uint<64>*, ap_uint<64>*, int) (.319)' into 'ntt_2_6_stage(hls::vector<ap_uint<64>, 64ul>, int) (.228)' (../src/ntt.cpp:103:0)
INFO: [HLS 214-178] Inlining function 'gs_butterfly(ap_uint<64>*, ap_uint<64>*, ap_uint<64>*, ap_uint<64>*, int) (.318)' into 'ntt_2_6_stage(hls::vector<ap_uint<64>, 64ul>, int) (.228)' (../src/ntt.cpp:103:0)
INFO: [HLS 214-178] Inlining function 'gs_butterfly(ap_uint<64>*, ap_uint<64>*, ap_uint<64>*, ap_uint<64>*, int) (.317)' into 'ntt_2_6_stage(hls::vector<ap_uint<64>, 64ul>, int) (.228)' (../src/ntt.cpp:103:0)
INFO: [HLS 214-178] Inlining function 'gs_butterfly(ap_uint<64>*, ap_uint<64>*, ap_uint<64>*, ap_uint<64>*, int) (.316)' into 'ntt_2_6_stage(hls::vector<ap_uint<64>, 64ul>, int) (.228)' (../src/ntt.cpp:103:0)
INFO: [HLS 214-178] Inlining function 'gs_butterfly(ap_uint<64>*, ap_uint<64>*, ap_uint<64>*, ap_uint<64>*, int) (.315)' into 'ntt_2_6_stage(hls::vector<ap_uint<64>, 64ul>, int) (.228)' (../src/ntt.cpp:103:0)
INFO: [HLS 214-178] Inlining function 'gs_butterfly(ap_uint<64>*, ap_uint<64>*, ap_uint<64>*, ap_uint<64>*, int) (.314)' into 'ntt_2_6_stage(hls::vector<ap_uint<64>, 64ul>, int) (.228)' (../src/ntt.cpp:103:0)
INFO: [HLS 214-178] Inlining function 'gs_butterfly(ap_uint<64>*, ap_uint<64>*, ap_uint<64>*, ap_uint<64>*, int) (.313)' into 'ntt_2_6_stage(hls::vector<ap_uint<64>, 64ul>, int) (.228)' (../src/ntt.cpp:103:0)
INFO: [HLS 214-178] Inlining function 'gs_butterfly(ap_uint<64>*, ap_uint<64>*, ap_uint<64>*, ap_uint<64>*, int) (.312)' into 'ntt_2_6_stage(hls::vector<ap_uint<64>, 64ul>, int) (.228)' (../src/ntt.cpp:103:0)
INFO: [HLS 214-178] Inlining function 'gs_butterfly(ap_uint<64>*, ap_uint<64>*, ap_uint<64>*, ap_uint<64>*, int) (.311)' into 'ntt_2_6_stage(hls::vector<ap_uint<64>, 64ul>, int) (.228)' (../src/ntt.cpp:103:0)
INFO: [HLS 214-178] Inlining function 'gs_butterfly(ap_uint<64>*, ap_uint<64>*, ap_uint<64>*, ap_uint<64>*, int) (.310)' into 'ntt_2_6_stage(hls::vector<ap_uint<64>, 64ul>, int) (.228)' (../src/ntt.cpp:103:0)
INFO: [HLS 214-178] Inlining function 'gs_butterfly(ap_uint<64>*, ap_uint<64>*, ap_uint<64>*, ap_uint<64>*, int) (.309)' into 'ntt_2_6_stage(hls::vector<ap_uint<64>, 64ul>, int) (.228)' (../src/ntt.cpp:103:0)
INFO: [HLS 214-178] Inlining function 'gs_butterfly(ap_uint<64>*, ap_uint<64>*, ap_uint<64>*, ap_uint<64>*, int) (.308)' into 'ntt_2_6_stage(hls::vector<ap_uint<64>, 64ul>, int) (.228)' (../src/ntt.cpp:103:0)
INFO: [HLS 214-178] Inlining function 'gs_butterfly(ap_uint<64>*, ap_uint<64>*, ap_uint<64>*, ap_uint<64>*, int) (.307)' into 'ntt_2_6_stage(hls::vector<ap_uint<64>, 64ul>, int) (.228)' (../src/ntt.cpp:103:0)
INFO: [HLS 214-178] Inlining function 'gs_butterfly(ap_uint<64>*, ap_uint<64>*, ap_uint<64>*, ap_uint<64>*, int) (.306)' into 'ntt_2_6_stage(hls::vector<ap_uint<64>, 64ul>, int) (.228)' (../src/ntt.cpp:103:0)
INFO: [HLS 214-178] Inlining function 'gs_butterfly(ap_uint<64>*, ap_uint<64>*, ap_uint<64>*, ap_uint<64>*, int) (.305)' into 'ntt_2_6_stage(hls::vector<ap_uint<64>, 64ul>, int) (.228)' (../src/ntt.cpp:103:0)
INFO: [HLS 214-178] Inlining function 'gs_butterfly(ap_uint<64>*, ap_uint<64>*, ap_uint<64>*, ap_uint<64>*, int) (.304)' into 'ntt_2_6_stage(hls::vector<ap_uint<64>, 64ul>, int) (.228)' (../src/ntt.cpp:103:0)
INFO: [HLS 214-178] Inlining function 'gs_butterfly(ap_uint<64>*, ap_uint<64>*, ap_uint<64>*, ap_uint<64>*, int) (.303)' into 'ntt_2_6_stage(hls::vector<ap_uint<64>, 64ul>, int) (.228)' (../src/ntt.cpp:103:0)
INFO: [HLS 214-178] Inlining function 'gs_butterfly(ap_uint<64>*, ap_uint<64>*, ap_uint<64>*, ap_uint<64>*, int) (.302)' into 'ntt_2_6_stage(hls::vector<ap_uint<64>, 64ul>, int) (.228)' (../src/ntt.cpp:103:0)
INFO: [HLS 214-178] Inlining function 'gs_butterfly(ap_uint<64>*, ap_uint<64>*, ap_uint<64>*, ap_uint<64>*, int) (.301)' into 'ntt_2_6_stage(hls::vector<ap_uint<64>, 64ul>, int) (.228)' (../src/ntt.cpp:103:0)
INFO: [HLS 214-178] Inlining function 'gs_butterfly(ap_uint<64>*, ap_uint<64>*, ap_uint<64>*, ap_uint<64>*, int) (.300)' into 'ntt_2_6_stage(hls::vector<ap_uint<64>, 64ul>, int) (.228)' (../src/ntt.cpp:103:0)
INFO: [HLS 214-178] Inlining function 'gs_butterfly(ap_uint<64>*, ap_uint<64>*, ap_uint<64>*, ap_uint<64>*, int) (.299)' into 'ntt_2_6_stage(hls::vector<ap_uint<64>, 64ul>, int) (.228)' (../src/ntt.cpp:103:0)
INFO: [HLS 214-178] Inlining function 'gs_butterfly(ap_uint<64>*, ap_uint<64>*, ap_uint<64>*, ap_uint<64>*, int) (.298)' into 'ntt_2_6_stage(hls::vector<ap_uint<64>, 64ul>, int) (.228)' (../src/ntt.cpp:103:0)
INFO: [HLS 214-178] Inlining function 'gs_butterfly(ap_uint<64>*, ap_uint<64>*, ap_uint<64>*, ap_uint<64>*, int) (.297)' into 'ntt_2_6_stage(hls::vector<ap_uint<64>, 64ul>, int) (.228)' (../src/ntt.cpp:103:0)
INFO: [HLS 214-178] Inlining function 'gs_butterfly(ap_uint<64>*, ap_uint<64>*, ap_uint<64>*, ap_uint<64>*, int) (.296)' into 'ntt_2_6_stage(hls::vector<ap_uint<64>, 64ul>, int) (.228)' (../src/ntt.cpp:103:0)
INFO: [HLS 214-178] Inlining function 'gs_butterfly(ap_uint<64>*, ap_uint<64>*, ap_uint<64>*, ap_uint<64>*, int) (.295)' into 'ntt_2_6_stage(hls::vector<ap_uint<64>, 64ul>, int) (.228)' (../src/ntt.cpp:103:0)
INFO: [HLS 214-178] Inlining function 'gs_butterfly(ap_uint<64>*, ap_uint<64>*, ap_uint<64>*, ap_uint<64>*, int) (.294)' into 'ntt_2_6_stage(hls::vector<ap_uint<64>, 64ul>, int) (.228)' (../src/ntt.cpp:103:0)
INFO: [HLS 214-178] Inlining function 'gs_butterfly(ap_uint<64>*, ap_uint<64>*, ap_uint<64>*, ap_uint<64>*, int) (.293)' into 'ntt_2_6_stage(hls::vector<ap_uint<64>, 64ul>, int) (.228)' (../src/ntt.cpp:103:0)
INFO: [HLS 214-178] Inlining function 'std::array<ap_uint<64>, 64ul>::operator[](unsigned long) (.223)' into 'ntt_2_6_stage(hls::vector<ap_uint<64>, 64ul>, int) (.227)' (../src/ntt.cpp:103:0)
INFO: [HLS 214-178] Inlining function 'gs_butterfly(ap_uint<64>*, ap_uint<64>*, ap_uint<64>*, ap_uint<64>*, int) (.261)' into 'ntt_2_6_stage(hls::vector<ap_uint<64>, 64ul>, int) (.227)' (../src/ntt.cpp:103:0)
INFO: [HLS 214-178] Inlining function 'gs_butterfly(ap_uint<64>*, ap_uint<64>*, ap_uint<64>*, ap_uint<64>*, int) (.354)' into 'ntt_2_6_stage(hls::vector<ap_uint<64>, 64ul>, int) (.227)' (../src/ntt.cpp:103:0)
INFO: [HLS 214-178] Inlining function 'gs_butterfly(ap_uint<64>*, ap_uint<64>*, ap_uint<64>*, ap_uint<64>*, int) (.353)' into 'ntt_2_6_stage(hls::vector<ap_uint<64>, 64ul>, int) (.227)' (../src/ntt.cpp:103:0)
INFO: [HLS 214-178] Inlining function 'gs_butterfly(ap_uint<64>*, ap_uint<64>*, ap_uint<64>*, ap_uint<64>*, int) (.352)' into 'ntt_2_6_stage(hls::vector<ap_uint<64>, 64ul>, int) (.227)' (../src/ntt.cpp:103:0)
INFO: [HLS 214-178] Inlining function 'gs_butterfly(ap_uint<64>*, ap_uint<64>*, ap_uint<64>*, ap_uint<64>*, int) (.351)' into 'ntt_2_6_stage(hls::vector<ap_uint<64>, 64ul>, int) (.227)' (../src/ntt.cpp:103:0)
INFO: [HLS 214-178] Inlining function 'gs_butterfly(ap_uint<64>*, ap_uint<64>*, ap_uint<64>*, ap_uint<64>*, int) (.350)' into 'ntt_2_6_stage(hls::vector<ap_uint<64>, 64ul>, int) (.227)' (../src/ntt.cpp:103:0)
INFO: [HLS 214-178] Inlining function 'gs_butterfly(ap_uint<64>*, ap_uint<64>*, ap_uint<64>*, ap_uint<64>*, int) (.349)' into 'ntt_2_6_stage(hls::vector<ap_uint<64>, 64ul>, int) (.227)' (../src/ntt.cpp:103:0)
INFO: [HLS 214-178] Inlining function 'gs_butterfly(ap_uint<64>*, ap_uint<64>*, ap_uint<64>*, ap_uint<64>*, int) (.348)' into 'ntt_2_6_stage(hls::vector<ap_uint<64>, 64ul>, int) (.227)' (../src/ntt.cpp:103:0)
INFO: [HLS 214-178] Inlining function 'gs_butterfly(ap_uint<64>*, ap_uint<64>*, ap_uint<64>*, ap_uint<64>*, int) (.347)' into 'ntt_2_6_stage(hls::vector<ap_uint<64>, 64ul>, int) (.227)' (../src/ntt.cpp:103:0)
INFO: [HLS 214-178] Inlining function 'gs_butterfly(ap_uint<64>*, ap_uint<64>*, ap_uint<64>*, ap_uint<64>*, int) (.346)' into 'ntt_2_6_stage(hls::vector<ap_uint<64>, 64ul>, int) (.227)' (../src/ntt.cpp:103:0)
INFO: [HLS 214-178] Inlining function 'gs_butterfly(ap_uint<64>*, ap_uint<64>*, ap_uint<64>*, ap_uint<64>*, int) (.345)' into 'ntt_2_6_stage(hls::vector<ap_uint<64>, 64ul>, int) (.227)' (../src/ntt.cpp:103:0)
INFO: [HLS 214-178] Inlining function 'gs_butterfly(ap_uint<64>*, ap_uint<64>*, ap_uint<64>*, ap_uint<64>*, int) (.344)' into 'ntt_2_6_stage(hls::vector<ap_uint<64>, 64ul>, int) (.227)' (../src/ntt.cpp:103:0)
INFO: [HLS 214-178] Inlining function 'gs_butterfly(ap_uint<64>*, ap_uint<64>*, ap_uint<64>*, ap_uint<64>*, int) (.343)' into 'ntt_2_6_stage(hls::vector<ap_uint<64>, 64ul>, int) (.227)' (../src/ntt.cpp:103:0)
INFO: [HLS 214-178] Inlining function 'gs_butterfly(ap_uint<64>*, ap_uint<64>*, ap_uint<64>*, ap_uint<64>*, int) (.342)' into 'ntt_2_6_stage(hls::vector<ap_uint<64>, 64ul>, int) (.227)' (../src/ntt.cpp:103:0)
INFO: [HLS 214-178] Inlining function 'gs_butterfly(ap_uint<64>*, ap_uint<64>*, ap_uint<64>*, ap_uint<64>*, int) (.341)' into 'ntt_2_6_stage(hls::vector<ap_uint<64>, 64ul>, int) (.227)' (../src/ntt.cpp:103:0)
INFO: [HLS 214-178] Inlining function 'gs_butterfly(ap_uint<64>*, ap_uint<64>*, ap_uint<64>*, ap_uint<64>*, int) (.340)' into 'ntt_2_6_stage(hls::vector<ap_uint<64>, 64ul>, int) (.227)' (../src/ntt.cpp:103:0)
INFO: [HLS 214-178] Inlining function 'gs_butterfly(ap_uint<64>*, ap_uint<64>*, ap_uint<64>*, ap_uint<64>*, int) (.339)' into 'ntt_2_6_stage(hls::vector<ap_uint<64>, 64ul>, int) (.227)' (../src/ntt.cpp:103:0)
INFO: [HLS 214-178] Inlining function 'gs_butterfly(ap_uint<64>*, ap_uint<64>*, ap_uint<64>*, ap_uint<64>*, int) (.338)' into 'ntt_2_6_stage(hls::vector<ap_uint<64>, 64ul>, int) (.227)' (../src/ntt.cpp:103:0)
INFO: [HLS 214-178] Inlining function 'gs_butterfly(ap_uint<64>*, ap_uint<64>*, ap_uint<64>*, ap_uint<64>*, int) (.337)' into 'ntt_2_6_stage(hls::vector<ap_uint<64>, 64ul>, int) (.227)' (../src/ntt.cpp:103:0)
INFO: [HLS 214-178] Inlining function 'gs_butterfly(ap_uint<64>*, ap_uint<64>*, ap_uint<64>*, ap_uint<64>*, int) (.336)' into 'ntt_2_6_stage(hls::vector<ap_uint<64>, 64ul>, int) (.227)' (../src/ntt.cpp:103:0)
INFO: [HLS 214-178] Inlining function 'gs_butterfly(ap_uint<64>*, ap_uint<64>*, ap_uint<64>*, ap_uint<64>*, int) (.335)' into 'ntt_2_6_stage(hls::vector<ap_uint<64>, 64ul>, int) (.227)' (../src/ntt.cpp:103:0)
INFO: [HLS 214-178] Inlining function 'gs_butterfly(ap_uint<64>*, ap_uint<64>*, ap_uint<64>*, ap_uint<64>*, int) (.334)' into 'ntt_2_6_stage(hls::vector<ap_uint<64>, 64ul>, int) (.227)' (../src/ntt.cpp:103:0)
INFO: [HLS 214-178] Inlining function 'gs_butterfly(ap_uint<64>*, ap_uint<64>*, ap_uint<64>*, ap_uint<64>*, int) (.333)' into 'ntt_2_6_stage(hls::vector<ap_uint<64>, 64ul>, int) (.227)' (../src/ntt.cpp:103:0)
INFO: [HLS 214-178] Inlining function 'gs_butterfly(ap_uint<64>*, ap_uint<64>*, ap_uint<64>*, ap_uint<64>*, int) (.332)' into 'ntt_2_6_stage(hls::vector<ap_uint<64>, 64ul>, int) (.227)' (../src/ntt.cpp:103:0)
INFO: [HLS 214-178] Inlining function 'gs_butterfly(ap_uint<64>*, ap_uint<64>*, ap_uint<64>*, ap_uint<64>*, int) (.331)' into 'ntt_2_6_stage(hls::vector<ap_uint<64>, 64ul>, int) (.227)' (../src/ntt.cpp:103:0)
INFO: [HLS 214-178] Inlining function 'gs_butterfly(ap_uint<64>*, ap_uint<64>*, ap_uint<64>*, ap_uint<64>*, int) (.330)' into 'ntt_2_6_stage(hls::vector<ap_uint<64>, 64ul>, int) (.227)' (../src/ntt.cpp:103:0)
INFO: [HLS 214-178] Inlining function 'gs_butterfly(ap_uint<64>*, ap_uint<64>*, ap_uint<64>*, ap_uint<64>*, int) (.329)' into 'ntt_2_6_stage(hls::vector<ap_uint<64>, 64ul>, int) (.227)' (../src/ntt.cpp:103:0)
INFO: [HLS 214-178] Inlining function 'gs_butterfly(ap_uint<64>*, ap_uint<64>*, ap_uint<64>*, ap_uint<64>*, int) (.328)' into 'ntt_2_6_stage(hls::vector<ap_uint<64>, 64ul>, int) (.227)' (../src/ntt.cpp:103:0)
INFO: [HLS 214-178] Inlining function 'gs_butterfly(ap_uint<64>*, ap_uint<64>*, ap_uint<64>*, ap_uint<64>*, int) (.327)' into 'ntt_2_6_stage(hls::vector<ap_uint<64>, 64ul>, int) (.227)' (../src/ntt.cpp:103:0)
INFO: [HLS 214-178] Inlining function 'gs_butterfly(ap_uint<64>*, ap_uint<64>*, ap_uint<64>*, ap_uint<64>*, int) (.326)' into 'ntt_2_6_stage(hls::vector<ap_uint<64>, 64ul>, int) (.227)' (../src/ntt.cpp:103:0)
INFO: [HLS 214-178] Inlining function 'gs_butterfly(ap_uint<64>*, ap_uint<64>*, ap_uint<64>*, ap_uint<64>*, int) (.325)' into 'ntt_2_6_stage(hls::vector<ap_uint<64>, 64ul>, int) (.227)' (../src/ntt.cpp:103:0)
INFO: [HLS 214-178] Inlining function 'gs_butterfly(ap_uint<64>*, ap_uint<64>*, ap_uint<64>*, ap_uint<64>*, int) (.324)' into 'ntt_2_6_stage(hls::vector<ap_uint<64>, 64ul>, int) (.227)' (../src/ntt.cpp:103:0)
INFO: [HLS 214-178] Inlining function 'std::array<ap_uint<64>, 64ul>::operator[](unsigned long) (.223)' into 'ntt_2_6_stage(hls::vector<ap_uint<64>, 64ul>, int) (.226)' (../src/ntt.cpp:103:0)
INFO: [HLS 214-178] Inlining function 'gs_butterfly(ap_uint<64>*, ap_uint<64>*, ap_uint<64>*, ap_uint<64>*, int) (.261)' into 'ntt_2_6_stage(hls::vector<ap_uint<64>, 64ul>, int) (.226)' (../src/ntt.cpp:103:0)
INFO: [HLS 214-178] Inlining function 'gs_butterfly(ap_uint<64>*, ap_uint<64>*, ap_uint<64>*, ap_uint<64>*, int) (.385)' into 'ntt_2_6_stage(hls::vector<ap_uint<64>, 64ul>, int) (.226)' (../src/ntt.cpp:103:0)
INFO: [HLS 214-178] Inlining function 'gs_butterfly(ap_uint<64>*, ap_uint<64>*, ap_uint<64>*, ap_uint<64>*, int) (.384)' into 'ntt_2_6_stage(hls::vector<ap_uint<64>, 64ul>, int) (.226)' (../src/ntt.cpp:103:0)
INFO: [HLS 214-178] Inlining function 'gs_butterfly(ap_uint<64>*, ap_uint<64>*, ap_uint<64>*, ap_uint<64>*, int) (.383)' into 'ntt_2_6_stage(hls::vector<ap_uint<64>, 64ul>, int) (.226)' (../src/ntt.cpp:103:0)
INFO: [HLS 214-178] Inlining function 'gs_butterfly(ap_uint<64>*, ap_uint<64>*, ap_uint<64>*, ap_uint<64>*, int) (.382)' into 'ntt_2_6_stage(hls::vector<ap_uint<64>, 64ul>, int) (.226)' (../src/ntt.cpp:103:0)
INFO: [HLS 214-178] Inlining function 'gs_butterfly(ap_uint<64>*, ap_uint<64>*, ap_uint<64>*, ap_uint<64>*, int) (.381)' into 'ntt_2_6_stage(hls::vector<ap_uint<64>, 64ul>, int) (.226)' (../src/ntt.cpp:103:0)
INFO: [HLS 214-178] Inlining function 'gs_butterfly(ap_uint<64>*, ap_uint<64>*, ap_uint<64>*, ap_uint<64>*, int) (.380)' into 'ntt_2_6_stage(hls::vector<ap_uint<64>, 64ul>, int) (.226)' (../src/ntt.cpp:103:0)
INFO: [HLS 214-178] Inlining function 'gs_butterfly(ap_uint<64>*, ap_uint<64>*, ap_uint<64>*, ap_uint<64>*, int) (.379)' into 'ntt_2_6_stage(hls::vector<ap_uint<64>, 64ul>, int) (.226)' (../src/ntt.cpp:103:0)
INFO: [HLS 214-178] Inlining function 'gs_butterfly(ap_uint<64>*, ap_uint<64>*, ap_uint<64>*, ap_uint<64>*, int) (.378)' into 'ntt_2_6_stage(hls::vector<ap_uint<64>, 64ul>, int) (.226)' (../src/ntt.cpp:103:0)
INFO: [HLS 214-178] Inlining function 'gs_butterfly(ap_uint<64>*, ap_uint<64>*, ap_uint<64>*, ap_uint<64>*, int) (.377)' into 'ntt_2_6_stage(hls::vector<ap_uint<64>, 64ul>, int) (.226)' (../src/ntt.cpp:103:0)
INFO: [HLS 214-178] Inlining function 'gs_butterfly(ap_uint<64>*, ap_uint<64>*, ap_uint<64>*, ap_uint<64>*, int) (.376)' into 'ntt_2_6_stage(hls::vector<ap_uint<64>, 64ul>, int) (.226)' (../src/ntt.cpp:103:0)
INFO: [HLS 214-178] Inlining function 'gs_butterfly(ap_uint<64>*, ap_uint<64>*, ap_uint<64>*, ap_uint<64>*, int) (.375)' into 'ntt_2_6_stage(hls::vector<ap_uint<64>, 64ul>, int) (.226)' (../src/ntt.cpp:103:0)
INFO: [HLS 214-178] Inlining function 'gs_butterfly(ap_uint<64>*, ap_uint<64>*, ap_uint<64>*, ap_uint<64>*, int) (.374)' into 'ntt_2_6_stage(hls::vector<ap_uint<64>, 64ul>, int) (.226)' (../src/ntt.cpp:103:0)
INFO: [HLS 214-178] Inlining function 'gs_butterfly(ap_uint<64>*, ap_uint<64>*, ap_uint<64>*, ap_uint<64>*, int) (.373)' into 'ntt_2_6_stage(hls::vector<ap_uint<64>, 64ul>, int) (.226)' (../src/ntt.cpp:103:0)
INFO: [HLS 214-178] Inlining function 'gs_butterfly(ap_uint<64>*, ap_uint<64>*, ap_uint<64>*, ap_uint<64>*, int) (.372)' into 'ntt_2_6_stage(hls::vector<ap_uint<64>, 64ul>, int) (.226)' (../src/ntt.cpp:103:0)
INFO: [HLS 214-178] Inlining function 'gs_butterfly(ap_uint<64>*, ap_uint<64>*, ap_uint<64>*, ap_uint<64>*, int) (.371)' into 'ntt_2_6_stage(hls::vector<ap_uint<64>, 64ul>, int) (.226)' (../src/ntt.cpp:103:0)
INFO: [HLS 214-178] Inlining function 'gs_butterfly(ap_uint<64>*, ap_uint<64>*, ap_uint<64>*, ap_uint<64>*, int) (.370)' into 'ntt_2_6_stage(hls::vector<ap_uint<64>, 64ul>, int) (.226)' (../src/ntt.cpp:103:0)
INFO: [HLS 214-178] Inlining function 'gs_butterfly(ap_uint<64>*, ap_uint<64>*, ap_uint<64>*, ap_uint<64>*, int) (.369)' into 'ntt_2_6_stage(hls::vector<ap_uint<64>, 64ul>, int) (.226)' (../src/ntt.cpp:103:0)
INFO: [HLS 214-178] Inlining function 'gs_butterfly(ap_uint<64>*, ap_uint<64>*, ap_uint<64>*, ap_uint<64>*, int) (.368)' into 'ntt_2_6_stage(hls::vector<ap_uint<64>, 64ul>, int) (.226)' (../src/ntt.cpp:103:0)
INFO: [HLS 214-178] Inlining function 'gs_butterfly(ap_uint<64>*, ap_uint<64>*, ap_uint<64>*, ap_uint<64>*, int) (.367)' into 'ntt_2_6_stage(hls::vector<ap_uint<64>, 64ul>, int) (.226)' (../src/ntt.cpp:103:0)
INFO: [HLS 214-178] Inlining function 'gs_butterfly(ap_uint<64>*, ap_uint<64>*, ap_uint<64>*, ap_uint<64>*, int) (.366)' into 'ntt_2_6_stage(hls::vector<ap_uint<64>, 64ul>, int) (.226)' (../src/ntt.cpp:103:0)
INFO: [HLS 214-178] Inlining function 'gs_butterfly(ap_uint<64>*, ap_uint<64>*, ap_uint<64>*, ap_uint<64>*, int) (.365)' into 'ntt_2_6_stage(hls::vector<ap_uint<64>, 64ul>, int) (.226)' (../src/ntt.cpp:103:0)
INFO: [HLS 214-178] Inlining function 'gs_butterfly(ap_uint<64>*, ap_uint<64>*, ap_uint<64>*, ap_uint<64>*, int) (.364)' into 'ntt_2_6_stage(hls::vector<ap_uint<64>, 64ul>, int) (.226)' (../src/ntt.cpp:103:0)
INFO: [HLS 214-178] Inlining function 'gs_butterfly(ap_uint<64>*, ap_uint<64>*, ap_uint<64>*, ap_uint<64>*, int) (.363)' into 'ntt_2_6_stage(hls::vector<ap_uint<64>, 64ul>, int) (.226)' (../src/ntt.cpp:103:0)
INFO: [HLS 214-178] Inlining function 'gs_butterfly(ap_uint<64>*, ap_uint<64>*, ap_uint<64>*, ap_uint<64>*, int) (.362)' into 'ntt_2_6_stage(hls::vector<ap_uint<64>, 64ul>, int) (.226)' (../src/ntt.cpp:103:0)
INFO: [HLS 214-178] Inlining function 'gs_butterfly(ap_uint<64>*, ap_uint<64>*, ap_uint<64>*, ap_uint<64>*, int) (.361)' into 'ntt_2_6_stage(hls::vector<ap_uint<64>, 64ul>, int) (.226)' (../src/ntt.cpp:103:0)
INFO: [HLS 214-178] Inlining function 'gs_butterfly(ap_uint<64>*, ap_uint<64>*, ap_uint<64>*, ap_uint<64>*, int) (.360)' into 'ntt_2_6_stage(hls::vector<ap_uint<64>, 64ul>, int) (.226)' (../src/ntt.cpp:103:0)
INFO: [HLS 214-178] Inlining function 'gs_butterfly(ap_uint<64>*, ap_uint<64>*, ap_uint<64>*, ap_uint<64>*, int) (.359)' into 'ntt_2_6_stage(hls::vector<ap_uint<64>, 64ul>, int) (.226)' (../src/ntt.cpp:103:0)
INFO: [HLS 214-178] Inlining function 'gs_butterfly(ap_uint<64>*, ap_uint<64>*, ap_uint<64>*, ap_uint<64>*, int) (.358)' into 'ntt_2_6_stage(hls::vector<ap_uint<64>, 64ul>, int) (.226)' (../src/ntt.cpp:103:0)
INFO: [HLS 214-178] Inlining function 'gs_butterfly(ap_uint<64>*, ap_uint<64>*, ap_uint<64>*, ap_uint<64>*, int) (.357)' into 'ntt_2_6_stage(hls::vector<ap_uint<64>, 64ul>, int) (.226)' (../src/ntt.cpp:103:0)
INFO: [HLS 214-178] Inlining function 'gs_butterfly(ap_uint<64>*, ap_uint<64>*, ap_uint<64>*, ap_uint<64>*, int) (.356)' into 'ntt_2_6_stage(hls::vector<ap_uint<64>, 64ul>, int) (.226)' (../src/ntt.cpp:103:0)
INFO: [HLS 214-178] Inlining function 'gs_butterfly(ap_uint<64>*, ap_uint<64>*, ap_uint<64>*, ap_uint<64>*, int) (.355)' into 'ntt_2_6_stage(hls::vector<ap_uint<64>, 64ul>, int) (.226)' (../src/ntt.cpp:103:0)
INFO: [HLS 214-178] Inlining function 'std::array<ap_uint<64>, 64ul>::operator[](unsigned long) (.223)' into 'ntt_2_6_stage(hls::vector<ap_uint<64>, 64ul>, int) (.225)' (../src/ntt.cpp:103:0)
INFO: [HLS 214-178] Inlining function 'gs_butterfly(ap_uint<64>*, ap_uint<64>*, ap_uint<64>*, ap_uint<64>*, int) (.261)' into 'ntt_2_6_stage(hls::vector<ap_uint<64>, 64ul>, int) (.225)' (../src/ntt.cpp:103:0)
INFO: [HLS 214-178] Inlining function 'gs_butterfly(ap_uint<64>*, ap_uint<64>*, ap_uint<64>*, ap_uint<64>*, int) (.416)' into 'ntt_2_6_stage(hls::vector<ap_uint<64>, 64ul>, int) (.225)' (../src/ntt.cpp:103:0)
INFO: [HLS 214-178] Inlining function 'gs_butterfly(ap_uint<64>*, ap_uint<64>*, ap_uint<64>*, ap_uint<64>*, int) (.415)' into 'ntt_2_6_stage(hls::vector<ap_uint<64>, 64ul>, int) (.225)' (../src/ntt.cpp:103:0)
INFO: [HLS 214-178] Inlining function 'gs_butterfly(ap_uint<64>*, ap_uint<64>*, ap_uint<64>*, ap_uint<64>*, int) (.414)' into 'ntt_2_6_stage(hls::vector<ap_uint<64>, 64ul>, int) (.225)' (../src/ntt.cpp:103:0)
INFO: [HLS 214-178] Inlining function 'gs_butterfly(ap_uint<64>*, ap_uint<64>*, ap_uint<64>*, ap_uint<64>*, int) (.413)' into 'ntt_2_6_stage(hls::vector<ap_uint<64>, 64ul>, int) (.225)' (../src/ntt.cpp:103:0)
INFO: [HLS 214-178] Inlining function 'gs_butterfly(ap_uint<64>*, ap_uint<64>*, ap_uint<64>*, ap_uint<64>*, int) (.412)' into 'ntt_2_6_stage(hls::vector<ap_uint<64>, 64ul>, int) (.225)' (../src/ntt.cpp:103:0)
INFO: [HLS 214-178] Inlining function 'gs_butterfly(ap_uint<64>*, ap_uint<64>*, ap_uint<64>*, ap_uint<64>*, int) (.411)' into 'ntt_2_6_stage(hls::vector<ap_uint<64>, 64ul>, int) (.225)' (../src/ntt.cpp:103:0)
INFO: [HLS 214-178] Inlining function 'gs_butterfly(ap_uint<64>*, ap_uint<64>*, ap_uint<64>*, ap_uint<64>*, int) (.410)' into 'ntt_2_6_stage(hls::vector<ap_uint<64>, 64ul>, int) (.225)' (../src/ntt.cpp:103:0)
INFO: [HLS 214-178] Inlining function 'gs_butterfly(ap_uint<64>*, ap_uint<64>*, ap_uint<64>*, ap_uint<64>*, int) (.409)' into 'ntt_2_6_stage(hls::vector<ap_uint<64>, 64ul>, int) (.225)' (../src/ntt.cpp:103:0)
INFO: [HLS 214-178] Inlining function 'gs_butterfly(ap_uint<64>*, ap_uint<64>*, ap_uint<64>*, ap_uint<64>*, int) (.408)' into 'ntt_2_6_stage(hls::vector<ap_uint<64>, 64ul>, int) (.225)' (../src/ntt.cpp:103:0)
INFO: [HLS 214-178] Inlining function 'gs_butterfly(ap_uint<64>*, ap_uint<64>*, ap_uint<64>*, ap_uint<64>*, int) (.407)' into 'ntt_2_6_stage(hls::vector<ap_uint<64>, 64ul>, int) (.225)' (../src/ntt.cpp:103:0)
INFO: [HLS 214-178] Inlining function 'gs_butterfly(ap_uint<64>*, ap_uint<64>*, ap_uint<64>*, ap_uint<64>*, int) (.406)' into 'ntt_2_6_stage(hls::vector<ap_uint<64>, 64ul>, int) (.225)' (../src/ntt.cpp:103:0)
INFO: [HLS 214-178] Inlining function 'gs_butterfly(ap_uint<64>*, ap_uint<64>*, ap_uint<64>*, ap_uint<64>*, int) (.405)' into 'ntt_2_6_stage(hls::vector<ap_uint<64>, 64ul>, int) (.225)' (../src/ntt.cpp:103:0)
INFO: [HLS 214-178] Inlining function 'gs_butterfly(ap_uint<64>*, ap_uint<64>*, ap_uint<64>*, ap_uint<64>*, int) (.404)' into 'ntt_2_6_stage(hls::vector<ap_uint<64>, 64ul>, int) (.225)' (../src/ntt.cpp:103:0)
INFO: [HLS 214-178] Inlining function 'gs_butterfly(ap_uint<64>*, ap_uint<64>*, ap_uint<64>*, ap_uint<64>*, int) (.403)' into 'ntt_2_6_stage(hls::vector<ap_uint<64>, 64ul>, int) (.225)' (../src/ntt.cpp:103:0)
INFO: [HLS 214-178] Inlining function 'gs_butterfly(ap_uint<64>*, ap_uint<64>*, ap_uint<64>*, ap_uint<64>*, int) (.402)' into 'ntt_2_6_stage(hls::vector<ap_uint<64>, 64ul>, int) (.225)' (../src/ntt.cpp:103:0)
INFO: [HLS 214-178] Inlining function 'gs_butterfly(ap_uint<64>*, ap_uint<64>*, ap_uint<64>*, ap_uint<64>*, int) (.401)' into 'ntt_2_6_stage(hls::vector<ap_uint<64>, 64ul>, int) (.225)' (../src/ntt.cpp:103:0)
INFO: [HLS 214-178] Inlining function 'gs_butterfly(ap_uint<64>*, ap_uint<64>*, ap_uint<64>*, ap_uint<64>*, int) (.400)' into 'ntt_2_6_stage(hls::vector<ap_uint<64>, 64ul>, int) (.225)' (../src/ntt.cpp:103:0)
INFO: [HLS 214-178] Inlining function 'gs_butterfly(ap_uint<64>*, ap_uint<64>*, ap_uint<64>*, ap_uint<64>*, int) (.399)' into 'ntt_2_6_stage(hls::vector<ap_uint<64>, 64ul>, int) (.225)' (../src/ntt.cpp:103:0)
INFO: [HLS 214-178] Inlining function 'gs_butterfly(ap_uint<64>*, ap_uint<64>*, ap_uint<64>*, ap_uint<64>*, int) (.398)' into 'ntt_2_6_stage(hls::vector<ap_uint<64>, 64ul>, int) (.225)' (../src/ntt.cpp:103:0)
INFO: [HLS 214-178] Inlining function 'gs_butterfly(ap_uint<64>*, ap_uint<64>*, ap_uint<64>*, ap_uint<64>*, int) (.397)' into 'ntt_2_6_stage(hls::vector<ap_uint<64>, 64ul>, int) (.225)' (../src/ntt.cpp:103:0)
INFO: [HLS 214-178] Inlining function 'gs_butterfly(ap_uint<64>*, ap_uint<64>*, ap_uint<64>*, ap_uint<64>*, int) (.396)' into 'ntt_2_6_stage(hls::vector<ap_uint<64>, 64ul>, int) (.225)' (../src/ntt.cpp:103:0)
INFO: [HLS 214-178] Inlining function 'gs_butterfly(ap_uint<64>*, ap_uint<64>*, ap_uint<64>*, ap_uint<64>*, int) (.395)' into 'ntt_2_6_stage(hls::vector<ap_uint<64>, 64ul>, int) (.225)' (../src/ntt.cpp:103:0)
INFO: [HLS 214-178] Inlining function 'gs_butterfly(ap_uint<64>*, ap_uint<64>*, ap_uint<64>*, ap_uint<64>*, int) (.394)' into 'ntt_2_6_stage(hls::vector<ap_uint<64>, 64ul>, int) (.225)' (../src/ntt.cpp:103:0)
INFO: [HLS 214-178] Inlining function 'gs_butterfly(ap_uint<64>*, ap_uint<64>*, ap_uint<64>*, ap_uint<64>*, int) (.393)' into 'ntt_2_6_stage(hls::vector<ap_uint<64>, 64ul>, int) (.225)' (../src/ntt.cpp:103:0)
INFO: [HLS 214-178] Inlining function 'gs_butterfly(ap_uint<64>*, ap_uint<64>*, ap_uint<64>*, ap_uint<64>*, int) (.392)' into 'ntt_2_6_stage(hls::vector<ap_uint<64>, 64ul>, int) (.225)' (../src/ntt.cpp:103:0)
INFO: [HLS 214-178] Inlining function 'gs_butterfly(ap_uint<64>*, ap_uint<64>*, ap_uint<64>*, ap_uint<64>*, int) (.391)' into 'ntt_2_6_stage(hls::vector<ap_uint<64>, 64ul>, int) (.225)' (../src/ntt.cpp:103:0)
INFO: [HLS 214-178] Inlining function 'gs_butterfly(ap_uint<64>*, ap_uint<64>*, ap_uint<64>*, ap_uint<64>*, int) (.390)' into 'ntt_2_6_stage(hls::vector<ap_uint<64>, 64ul>, int) (.225)' (../src/ntt.cpp:103:0)
INFO: [HLS 214-178] Inlining function 'gs_butterfly(ap_uint<64>*, ap_uint<64>*, ap_uint<64>*, ap_uint<64>*, int) (.389)' into 'ntt_2_6_stage(hls::vector<ap_uint<64>, 64ul>, int) (.225)' (../src/ntt.cpp:103:0)
INFO: [HLS 214-178] Inlining function 'gs_butterfly(ap_uint<64>*, ap_uint<64>*, ap_uint<64>*, ap_uint<64>*, int) (.388)' into 'ntt_2_6_stage(hls::vector<ap_uint<64>, 64ul>, int) (.225)' (../src/ntt.cpp:103:0)
INFO: [HLS 214-178] Inlining function 'gs_butterfly(ap_uint<64>*, ap_uint<64>*, ap_uint<64>*, ap_uint<64>*, int) (.387)' into 'ntt_2_6_stage(hls::vector<ap_uint<64>, 64ul>, int) (.225)' (../src/ntt.cpp:103:0)
INFO: [HLS 214-178] Inlining function 'gs_butterfly(ap_uint<64>*, ap_uint<64>*, ap_uint<64>*, ap_uint<64>*, int) (.386)' into 'ntt_2_6_stage(hls::vector<ap_uint<64>, 64ul>, int) (.225)' (../src/ntt.cpp:103:0)
INFO: [HLS 214-178] Inlining function 'std::array<ap_uint<64>, 64ul>::operator[](unsigned long) (.223)' into 'ntt_2_12_serial(hls::stream<hls::vector<ap_uint<64>, 64ul>, 0>&, hls::stream<hls::vector<ap_uint<64>, 64ul>, 0>&)' (../src/ntt.cpp:261:0)
INFO: [HLS 214-178] Inlining function 'std::array<ap_uint<64>, 64ul>::operator[](unsigned long) (.223)' into 'twiddle_mul_4096x4096(hls::stream<ap_uint<64>, 0>*, hls::stream<hls::vector<ap_uint<64>, 64ul>, 0>&, bool)' (../src/ntt.cpp:445:0)
INFO: [HLS 214-178] Inlining function 'std::array<ap_uint<64>, 64ul>::operator[](unsigned long) (.223)' into 'xor_permute_spatial_4096x4096(hls::stream<ap_uint<64>, 0>*, hls::stream<ap_uint<64>, 0>*, bool)' (../src/ntt.cpp:331:0)
WARNING: [HLS 214-250] Ignore array partition/reshape applied to 'stages' in struct. Please apply disaggregate or aggregate pragma. (../src/ntt.cpp:154:12)
WARNING: [HLS 214-253] Ignored unsupported array_partition pragma on variable 'stages'. This can happen when applying a pragma on a function argument with mismatched array size w.r.t. its call site, or when providing a dim too deep on an array of insufficient dimension. (../src/ntt.cpp:155:9)
INFO: [HLS 214-248] Applying array_partition to 's': Complete partitioning on dimension 1. (../src/ntt.cpp:477:29)
INFO: [HLS 214-248] Applying array_partition to 's0': Complete partitioning on dimension 1. (../src/ntt.cpp:478:26)
INFO: [HLS 214-248] Applying array_partition to 's1': Complete partitioning on dimension 1. (../src/ntt.cpp:479:26)
INFO: [HLS 214-248] Applying array_partition to 's2': Complete partitioning on dimension 1. (../src/ntt.cpp:480:26)
INFO: [HLS 214-241] Aggregating fifo (hls::stream) variable 's_0' with compact=bit mode in 4096-bits (../src/ntt.cpp:477:29)
INFO: [HLS 214-241] Aggregating fifo (hls::stream) variable 's_1' with compact=bit mode in 4096-bits (../src/ntt.cpp:477:29)
INFO: [HLS 214-241] Aggregating maxi variable 'in15' with compact=none mode in 64-bits (../src/ntt.cpp:511:0)
INFO: [HLS 214-241] Aggregating maxi variable 'in14' with compact=none mode in 64-bits (../src/ntt.cpp:511:0)
INFO: [HLS 214-241] Aggregating maxi variable 'in13' with compact=none mode in 64-bits (../src/ntt.cpp:511:0)
INFO: [HLS 214-241] Aggregating maxi variable 'in12' with compact=none mode in 64-bits (../src/ntt.cpp:511:0)
INFO: [HLS 214-241] Aggregating maxi variable 'in11' with compact=none mode in 64-bits (../src/ntt.cpp:511:0)
INFO: [HLS 214-241] Aggregating maxi variable 'in10' with compact=none mode in 64-bits (../src/ntt.cpp:511:0)
INFO: [HLS 214-241] Aggregating maxi variable 'in9' with compact=none mode in 64-bits (../src/ntt.cpp:511:0)
INFO: [HLS 214-241] Aggregating maxi variable 'in8' with compact=none mode in 64-bits (../src/ntt.cpp:511:0)
INFO: [HLS 214-241] Aggregating maxi variable 'in7' with compact=none mode in 64-bits (../src/ntt.cpp:511:0)
INFO: [HLS 214-241] Aggregating maxi variable 'in6' with compact=none mode in 64-bits (../src/ntt.cpp:511:0)
INFO: [HLS 214-241] Aggregating maxi variable 'in5' with compact=none mode in 64-bits (../src/ntt.cpp:511:0)
INFO: [HLS 214-241] Aggregating maxi variable 'in4' with compact=none mode in 64-bits (../src/ntt.cpp:511:0)
INFO: [HLS 214-241] Aggregating maxi variable 'in3' with compact=none mode in 64-bits (../src/ntt.cpp:511:0)
INFO: [HLS 214-241] Aggregating maxi variable 'in2' with compact=none mode in 64-bits (../src/ntt.cpp:511:0)
INFO: [HLS 214-241] Aggregating maxi variable 'in1' with compact=none mode in 64-bits (../src/ntt.cpp:511:0)
INFO: [HLS 214-241] Aggregating maxi variable 'in0' with compact=none mode in 64-bits (../src/ntt.cpp:511:0)
INFO: [HLS 214-241] Aggregating maxi variable 'out15' with compact=none mode in 64-bits (../src/ntt.cpp:511:0)
INFO: [HLS 214-241] Aggregating maxi variable 'out14' with compact=none mode in 64-bits (../src/ntt.cpp:511:0)
INFO: [HLS 214-241] Aggregating maxi variable 'out13' with compact=none mode in 64-bits (../src/ntt.cpp:511:0)
INFO: [HLS 214-241] Aggregating maxi variable 'out12' with compact=none mode in 64-bits (../src/ntt.cpp:511:0)
INFO: [HLS 214-241] Aggregating maxi variable 'out11' with compact=none mode in 64-bits (../src/ntt.cpp:511:0)
INFO: [HLS 214-241] Aggregating maxi variable 'out10' with compact=none mode in 64-bits (../src/ntt.cpp:511:0)
INFO: [HLS 214-241] Aggregating maxi variable 'out9' with compact=none mode in 64-bits (../src/ntt.cpp:511:0)
INFO: [HLS 214-241] Aggregating maxi variable 'out8' with compact=none mode in 64-bits (../src/ntt.cpp:511:0)
INFO: [HLS 214-241] Aggregating maxi variable 'out7' with compact=none mode in 64-bits (../src/ntt.cpp:511:0)
INFO: [HLS 214-241] Aggregating maxi variable 'out6' with compact=none mode in 64-bits (../src/ntt.cpp:511:0)
INFO: [HLS 214-241] Aggregating maxi variable 'out5' with compact=none mode in 64-bits (../src/ntt.cpp:511:0)
INFO: [HLS 214-241] Aggregating maxi variable 'out4' with compact=none mode in 64-bits (../src/ntt.cpp:511:0)
INFO: [HLS 214-241] Aggregating maxi variable 'out3' with compact=none mode in 64-bits (../src/ntt.cpp:511:0)
INFO: [HLS 214-241] Aggregating maxi variable 'out2' with compact=none mode in 64-bits (../src/ntt.cpp:511:0)
INFO: [HLS 214-241] Aggregating maxi variable 'out1' with compact=none mode in 64-bits (../src/ntt.cpp:511:0)
INFO: [HLS 214-241] Aggregating maxi variable 'out0' with compact=none mode in 64-bits (../src/ntt.cpp:511:0)
INFO: [HLS 214-241] Aggregating scalar variable 'ref.tmp' with compact=bit mode in 4096-bits
INFO: [HLS 214-241] Aggregating scalar variable 'agg.tmp' with compact=bit mode in 4096-bits
INFO: [HLS 214-241] Aggregating bram variable 'stages' with compact=bit mode in 4096-bits (../src/ntt.cpp:154:12)
INFO: [HLS 214-364] Automatically inlining function 'ntt_2_6_stage(hls::vector<ap_uint<64>, 64ul>, int) (.230)' to improve effectiveness of pipeline pragma in function 'ntt_2_6(hls::vector<ap_uint<64>, 64ul>)' (../src/ntt.cpp:145:18)
INFO: [HLS 214-364] Automatically inlining function 'ntt_2_6_stage(hls::vector<ap_uint<64>, 64ul>, int) (.229)' to improve effectiveness of pipeline pragma in function 'ntt_2_6(hls::vector<ap_uint<64>, 64ul>)' (../src/ntt.cpp:145:18)
INFO: [HLS 214-364] Automatically inlining function 'ntt_2_6_stage(hls::vector<ap_uint<64>, 64ul>, int) (.228)' to improve effectiveness of pipeline pragma in function 'ntt_2_6(hls::vector<ap_uint<64>, 64ul>)' (../src/ntt.cpp:145:18)
INFO: [HLS 214-364] Automatically inlining function 'ntt_2_6_stage(hls::vector<ap_uint<64>, 64ul>, int) (.227)' to improve effectiveness of pipeline pragma in function 'ntt_2_6(hls::vector<ap_uint<64>, 64ul>)' (../src/ntt.cpp:145:18)
INFO: [HLS 214-364] Automatically inlining function 'ntt_2_6_stage(hls::vector<ap_uint<64>, 64ul>, int) (.226)' to improve effectiveness of pipeline pragma in function 'ntt_2_6(hls::vector<ap_uint<64>, 64ul>)' (../src/ntt.cpp:145:18)
INFO: [HLS 214-364] Automatically inlining function 'ntt_2_6_stage(hls::vector<ap_uint<64>, 64ul>, int) (.225)' to improve effectiveness of pipeline pragma in function 'ntt_2_6(hls::vector<ap_uint<64>, 64ul>)' (../src/ntt.cpp:145:18)
INFO: [HLS 214-364] Automatically inlining function 'ap_uint<64> mult_twiddle<ap_uint<65> >(ap_uint<65>, int) (.572)' to improve effectiveness of pipeline pragma in function 'ntt_2_6(hls::vector<ap_uint<64>, 64ul>)' (../src/ntt.cpp:98:16)
INFO: [HLS 214-364] Automatically inlining function 'ap_uint<64> mult_twiddle<ap_uint<65> >(ap_uint<65>, int) (.573)' to improve effectiveness of pipeline pragma in function 'ntt_2_6(hls::vector<ap_uint<64>, 64ul>)' (../src/ntt.cpp:98:16)
INFO: [HLS 214-364] Automatically inlining function 'ap_uint<64> mult_twiddle<ap_uint<65> >(ap_uint<65>, int) (.574)' to improve effectiveness of pipeline pragma in function 'ntt_2_6(hls::vector<ap_uint<64>, 64ul>)' (../src/ntt.cpp:98:16)
INFO: [HLS 214-364] Automatically inlining function 'ap_uint<64> mult_twiddle<ap_uint<65> >(ap_uint<65>, int) (.575)' to improve effectiveness of pipeline pragma in function 'ntt_2_6(hls::vector<ap_uint<64>, 64ul>)' (../src/ntt.cpp:98:16)
INFO: [HLS 214-364] Automatically inlining function 'ap_uint<64> mult_twiddle<ap_uint<65> >(ap_uint<65>, int) (.576)' to improve effectiveness of pipeline pragma in function 'ntt_2_6(hls::vector<ap_uint<64>, 64ul>)' (../src/ntt.cpp:98:16)
INFO: [HLS 214-364] Automatically inlining function 'ap_uint<64> mult_twiddle<ap_uint<65> >(ap_uint<65>, int) (.577)' to improve effectiveness of pipeline pragma in function 'ntt_2_6(hls::vector<ap_uint<64>, 64ul>)' (../src/ntt.cpp:98:16)
INFO: [HLS 214-364] Automatically inlining function 'ap_uint<64> mult_twiddle<ap_uint<65> >(ap_uint<65>, int) (.578)' to improve effectiveness of pipeline pragma in function 'ntt_2_6(hls::vector<ap_uint<64>, 64ul>)' (../src/ntt.cpp:98:16)
INFO: [HLS 214-364] Automatically inlining function 'ap_uint<64> mult_twiddle<ap_uint<65> >(ap_uint<65>, int) (.579)' to improve effectiveness of pipeline pragma in function 'ntt_2_6(hls::vector<ap_uint<64>, 64ul>)' (../src/ntt.cpp:98:16)
INFO: [HLS 214-364] Automatically inlining function 'ap_uint<64> mult_twiddle<ap_uint<65> >(ap_uint<65>, int) (.580)' to improve effectiveness of pipeline pragma in function 'ntt_2_6(hls::vector<ap_uint<64>, 64ul>)' (../src/ntt.cpp:98:16)
INFO: [HLS 214-364] Automatically inlining function 'ap_uint<64> mult_twiddle<ap_uint<65> >(ap_uint<65>, int) (.581)' to improve effectiveness of pipeline pragma in function 'ntt_2_6(hls::vector<ap_uint<64>, 64ul>)' (../src/ntt.cpp:98:16)
INFO: [HLS 214-364] Automatically inlining function 'ap_uint<64> mult_twiddle<ap_uint<65> >(ap_uint<65>, int) (.582)' to improve effectiveness of pipeline pragma in function 'ntt_2_6(hls::vector<ap_uint<64>, 64ul>)' (../src/ntt.cpp:98:16)
INFO: [HLS 214-364] Automatically inlining function 'ap_uint<64> mult_twiddle<ap_uint<65> >(ap_uint<65>, int) (.583)' to improve effectiveness of pipeline pragma in function 'ntt_2_6(hls::vector<ap_uint<64>, 64ul>)' (../src/ntt.cpp:98:16)
INFO: [HLS 214-364] Automatically inlining function 'ap_uint<64> mult_twiddle<ap_uint<65> >(ap_uint<65>, int) (.584)' to improve effectiveness of pipeline pragma in function 'ntt_2_6(hls::vector<ap_uint<64>, 64ul>)' (../src/ntt.cpp:98:16)
INFO: [HLS 214-364] Automatically inlining function 'ap_uint<64> mult_twiddle<ap_uint<65> >(ap_uint<65>, int) (.585)' to improve effectiveness of pipeline pragma in function 'ntt_2_6(hls::vector<ap_uint<64>, 64ul>)' (../src/ntt.cpp:98:16)
INFO: [HLS 214-364] Automatically inlining function 'ap_uint<64> mult_twiddle<ap_uint<65> >(ap_uint<65>, int) (.586)' to improve effectiveness of pipeline pragma in function 'ntt_2_6(hls::vector<ap_uint<64>, 64ul>)' (../src/ntt.cpp:98:16)
INFO: [HLS 214-364] Automatically inlining function 'ap_uint<64> mult_twiddle<ap_uint<65> >(ap_uint<65>, int) (.587)' to improve effectiveness of pipeline pragma in function 'ntt_2_6(hls::vector<ap_uint<64>, 64ul>)' (../src/ntt.cpp:98:16)
INFO: [HLS 214-364] Automatically inlining function 'ap_uint<64> mult_twiddle<ap_uint<65> >(ap_uint<65>, int) (.588)' to improve effectiveness of pipeline pragma in function 'ntt_2_6(hls::vector<ap_uint<64>, 64ul>)' (../src/ntt.cpp:98:16)
INFO: [HLS 214-364] Automatically inlining function 'ap_uint<64> mult_twiddle<ap_uint<65> >(ap_uint<65>, int) (.589)' to improve effectiveness of pipeline pragma in function 'ntt_2_6(hls::vector<ap_uint<64>, 64ul>)' (../src/ntt.cpp:98:16)
INFO: [HLS 214-364] Automatically inlining function 'ap_uint<64> mult_twiddle<ap_uint<65> >(ap_uint<65>, int) (.590)' to improve effectiveness of pipeline pragma in function 'ntt_2_6(hls::vector<ap_uint<64>, 64ul>)' (../src/ntt.cpp:98:16)
INFO: [HLS 214-364] Automatically inlining function 'ap_uint<64> mult_twiddle<ap_uint<65> >(ap_uint<65>, int) (.591)' to improve effectiveness of pipeline pragma in function 'ntt_2_6(hls::vector<ap_uint<64>, 64ul>)' (../src/ntt.cpp:98:16)
INFO: [HLS 214-364] Automatically inlining function 'ap_uint<64> mult_twiddle<ap_uint<65> >(ap_uint<65>, int) (.592)' to improve effectiveness of pipeline pragma in function 'ntt_2_6(hls::vector<ap_uint<64>, 64ul>)' (../src/ntt.cpp:98:16)
INFO: [HLS 214-364] Automatically inlining function 'ap_uint<64> mult_twiddle<ap_uint<65> >(ap_uint<65>, int) (.593)' to improve effectiveness of pipeline pragma in function 'ntt_2_6(hls::vector<ap_uint<64>, 64ul>)' (../src/ntt.cpp:98:16)
INFO: [HLS 214-364] Automatically inlining function 'ap_uint<64> mult_twiddle<ap_uint<65> >(ap_uint<65>, int) (.594)' to improve effectiveness of pipeline pragma in function 'ntt_2_6(hls::vector<ap_uint<64>, 64ul>)' (../src/ntt.cpp:98:16)
INFO: [HLS 214-364] Automatically inlining function 'ap_uint<64> mult_twiddle<ap_uint<65> >(ap_uint<65>, int) (.595)' to improve effectiveness of pipeline pragma in function 'ntt_2_6(hls::vector<ap_uint<64>, 64ul>)' (../src/ntt.cpp:98:16)
INFO: [HLS 214-364] Automatically inlining function 'ap_uint<64> mult_twiddle<ap_uint<65> >(ap_uint<65>, int) (.596)' to improve effectiveness of pipeline pragma in function 'ntt_2_6(hls::vector<ap_uint<64>, 64ul>)' (../src/ntt.cpp:98:16)
INFO: [HLS 214-364] Automatically inlining function 'ap_uint<64> mult_twiddle<ap_uint<65> >(ap_uint<65>, int) (.597)' to improve effectiveness of pipeline pragma in function 'ntt_2_6(hls::vector<ap_uint<64>, 64ul>)' (../src/ntt.cpp:98:16)
INFO: [HLS 214-364] Automatically inlining function 'ap_uint<64> mult_twiddle<ap_uint<65> >(ap_uint<65>, int) (.598)' to improve effectiveness of pipeline pragma in function 'ntt_2_6(hls::vector<ap_uint<64>, 64ul>)' (../src/ntt.cpp:98:16)
INFO: [HLS 214-364] Automatically inlining function 'ap_uint<64> mult_twiddle<ap_uint<65> >(ap_uint<65>, int) (.599)' to improve effectiveness of pipeline pragma in function 'ntt_2_6(hls::vector<ap_uint<64>, 64ul>)' (../src/ntt.cpp:98:16)
INFO: [HLS 214-364] Automatically inlining function 'ap_uint<64> mult_twiddle<ap_uint<65> >(ap_uint<65>, int) (.600)' to improve effectiveness of pipeline pragma in function 'ntt_2_6(hls::vector<ap_uint<64>, 64ul>)' (../src/ntt.cpp:98:16)
INFO: [HLS 214-364] Automatically inlining function 'ap_uint<64> mult_twiddle<ap_uint<65> >(ap_uint<65>, int) (.601)' to improve effectiveness of pipeline pragma in function 'ntt_2_6(hls::vector<ap_uint<64>, 64ul>)' (../src/ntt.cpp:98:16)
INFO: [HLS 214-364] Automatically inlining function 'ap_uint<64> mult_twiddle<ap_uint<65> >(ap_uint<65>, int) (.602)' to improve effectiveness of pipeline pragma in function 'ntt_2_6(hls::vector<ap_uint<64>, 64ul>)' (../src/ntt.cpp:98:16)
INFO: [HLS 214-364] Automatically inlining function 'ap_uint<64> mult_twiddle<ap_uint<65> >(ap_uint<65>, int) (.540)' to improve effectiveness of pipeline pragma in function 'ntt_2_6(hls::vector<ap_uint<64>, 64ul>)' (../src/ntt.cpp:98:16)
INFO: [HLS 214-364] Automatically inlining function 'ap_uint<64> mult_twiddle<ap_uint<65> >(ap_uint<65>, int) (.541)' to improve effectiveness of pipeline pragma in function 'ntt_2_6(hls::vector<ap_uint<64>, 64ul>)' (../src/ntt.cpp:98:16)
INFO: [HLS 214-364] Automatically inlining function 'ap_uint<64> mult_twiddle<ap_uint<65> >(ap_uint<65>, int) (.542)' to improve effectiveness of pipeline pragma in function 'ntt_2_6(hls::vector<ap_uint<64>, 64ul>)' (../src/ntt.cpp:98:16)
INFO: [HLS 214-364] Automatically inlining function 'ap_uint<64> mult_twiddle<ap_uint<65> >(ap_uint<65>, int) (.543)' to improve effectiveness of pipeline pragma in function 'ntt_2_6(hls::vector<ap_uint<64>, 64ul>)' (../src/ntt.cpp:98:16)
INFO: [HLS 214-364] Automatically inlining function 'ap_uint<64> mult_twiddle<ap_uint<65> >(ap_uint<65>, int) (.544)' to improve effectiveness of pipeline pragma in function 'ntt_2_6(hls::vector<ap_uint<64>, 64ul>)' (../src/ntt.cpp:98:16)
INFO: [HLS 214-364] Automatically inlining function 'ap_uint<64> mult_twiddle<ap_uint<65> >(ap_uint<65>, int) (.545)' to improve effectiveness of pipeline pragma in function 'ntt_2_6(hls::vector<ap_uint<64>, 64ul>)' (../src/ntt.cpp:98:16)
INFO: [HLS 214-364] Automatically inlining function 'ap_uint<64> mult_twiddle<ap_uint<65> >(ap_uint<65>, int) (.546)' to improve effectiveness of pipeline pragma in function 'ntt_2_6(hls::vector<ap_uint<64>, 64ul>)' (../src/ntt.cpp:98:16)
INFO: [HLS 214-364] Automatically inlining function 'ap_uint<64> mult_twiddle<ap_uint<65> >(ap_uint<65>, int) (.547)' to improve effectiveness of pipeline pragma in function 'ntt_2_6(hls::vector<ap_uint<64>, 64ul>)' (../src/ntt.cpp:98:16)
INFO: [HLS 214-364] Automatically inlining function 'ap_uint<64> mult_twiddle<ap_uint<65> >(ap_uint<65>, int) (.548)' to improve effectiveness of pipeline pragma in function 'ntt_2_6(hls::vector<ap_uint<64>, 64ul>)' (../src/ntt.cpp:98:16)
INFO: [HLS 214-364] Automatically inlining function 'ap_uint<64> mult_twiddle<ap_uint<65> >(ap_uint<65>, int) (.549)' to improve effectiveness of pipeline pragma in function 'ntt_2_6(hls::vector<ap_uint<64>, 64ul>)' (../src/ntt.cpp:98:16)
INFO: [HLS 214-364] Automatically inlining function 'ap_uint<64> mult_twiddle<ap_uint<65> >(ap_uint<65>, int) (.550)' to improve effectiveness of pipeline pragma in function 'ntt_2_6(hls::vector<ap_uint<64>, 64ul>)' (../src/ntt.cpp:98:16)
INFO: [HLS 214-364] Automatically inlining function 'ap_uint<64> mult_twiddle<ap_uint<65> >(ap_uint<65>, int) (.551)' to improve effectiveness of pipeline pragma in function 'ntt_2_6(hls::vector<ap_uint<64>, 64ul>)' (../src/ntt.cpp:98:16)
INFO: [HLS 214-364] Automatically inlining function 'ap_uint<64> mult_twiddle<ap_uint<65> >(ap_uint<65>, int) (.552)' to improve effectiveness of pipeline pragma in function 'ntt_2_6(hls::vector<ap_uint<64>, 64ul>)' (../src/ntt.cpp:98:16)
INFO: [HLS 214-364] Automatically inlining function 'ap_uint<64> mult_twiddle<ap_uint<65> >(ap_uint<65>, int) (.553)' to improve effectiveness of pipeline pragma in function 'ntt_2_6(hls::vector<ap_uint<64>, 64ul>)' (../src/ntt.cpp:98:16)
INFO: [HLS 214-364] Automatically inlining function 'ap_uint<64> mult_twiddle<ap_uint<65> >(ap_uint<65>, int) (.554)' to improve effectiveness of pipeline pragma in function 'ntt_2_6(hls::vector<ap_uint<64>, 64ul>)' (../src/ntt.cpp:98:16)
INFO: [HLS 214-364] Automatically inlining function 'ap_uint<64> mult_twiddle<ap_uint<65> >(ap_uint<65>, int) (.555)' to improve effectiveness of pipeline pragma in function 'ntt_2_6(hls::vector<ap_uint<64>, 64ul>)' (../src/ntt.cpp:98:16)
INFO: [HLS 214-364] Automatically inlining function 'ap_uint<64> mult_twiddle<ap_uint<65> >(ap_uint<65>, int) (.556)' to improve effectiveness of pipeline pragma in function 'ntt_2_6(hls::vector<ap_uint<64>, 64ul>)' (../src/ntt.cpp:98:16)
INFO: [HLS 214-364] Automatically inlining function 'ap_uint<64> mult_twiddle<ap_uint<65> >(ap_uint<65>, int) (.557)' to improve effectiveness of pipeline pragma in function 'ntt_2_6(hls::vector<ap_uint<64>, 64ul>)' (../src/ntt.cpp:98:16)
INFO: [HLS 214-364] Automatically inlining function 'ap_uint<64> mult_twiddle<ap_uint<65> >(ap_uint<65>, int) (.558)' to improve effectiveness of pipeline pragma in function 'ntt_2_6(hls::vector<ap_uint<64>, 64ul>)' (../src/ntt.cpp:98:16)
INFO: [HLS 214-364] Automatically inlining function 'ap_uint<64> mult_twiddle<ap_uint<65> >(ap_uint<65>, int) (.559)' to improve effectiveness of pipeline pragma in function 'ntt_2_6(hls::vector<ap_uint<64>, 64ul>)' (../src/ntt.cpp:98:16)
INFO: [HLS 214-364] Automatically inlining function 'ap_uint<64> mult_twiddle<ap_uint<65> >(ap_uint<65>, int) (.560)' to improve effectiveness of pipeline pragma in function 'ntt_2_6(hls::vector<ap_uint<64>, 64ul>)' (../src/ntt.cpp:98:16)
INFO: [HLS 214-364] Automatically inlining function 'ap_uint<64> mult_twiddle<ap_uint<65> >(ap_uint<65>, int) (.561)' to improve effectiveness of pipeline pragma in function 'ntt_2_6(hls::vector<ap_uint<64>, 64ul>)' (../src/ntt.cpp:98:16)
INFO: [HLS 214-364] Automatically inlining function 'ap_uint<64> mult_twiddle<ap_uint<65> >(ap_uint<65>, int) (.562)' to improve effectiveness of pipeline pragma in function 'ntt_2_6(hls::vector<ap_uint<64>, 64ul>)' (../src/ntt.cpp:98:16)
INFO: [HLS 214-364] Automatically inlining function 'ap_uint<64> mult_twiddle<ap_uint<65> >(ap_uint<65>, int) (.563)' to improve effectiveness of pipeline pragma in function 'ntt_2_6(hls::vector<ap_uint<64>, 64ul>)' (../src/ntt.cpp:98:16)
INFO: [HLS 214-364] Automatically inlining function 'ap_uint<64> mult_twiddle<ap_uint<65> >(ap_uint<65>, int) (.564)' to improve effectiveness of pipeline pragma in function 'ntt_2_6(hls::vector<ap_uint<64>, 64ul>)' (../src/ntt.cpp:98:16)
INFO: [HLS 214-364] Automatically inlining function 'ap_uint<64> mult_twiddle<ap_uint<65> >(ap_uint<65>, int) (.565)' to improve effectiveness of pipeline pragma in function 'ntt_2_6(hls::vector<ap_uint<64>, 64ul>)' (../src/ntt.cpp:98:16)
INFO: [HLS 214-364] Automatically inlining function 'ap_uint<64> mult_twiddle<ap_uint<65> >(ap_uint<65>, int) (.566)' to improve effectiveness of pipeline pragma in function 'ntt_2_6(hls::vector<ap_uint<64>, 64ul>)' (../src/ntt.cpp:98:16)
INFO: [HLS 214-364] Automatically inlining function 'ap_uint<64> mult_twiddle<ap_uint<65> >(ap_uint<65>, int) (.567)' to improve effectiveness of pipeline pragma in function 'ntt_2_6(hls::vector<ap_uint<64>, 64ul>)' (../src/ntt.cpp:98:16)
INFO: [HLS 214-364] Automatically inlining function 'ap_uint<64> mult_twiddle<ap_uint<65> >(ap_uint<65>, int) (.568)' to improve effectiveness of pipeline pragma in function 'ntt_2_6(hls::vector<ap_uint<64>, 64ul>)' (../src/ntt.cpp:98:16)
INFO: [HLS 214-364] Automatically inlining function 'ap_uint<64> mult_twiddle<ap_uint<65> >(ap_uint<65>, int) (.569)' to improve effectiveness of pipeline pragma in function 'ntt_2_6(hls::vector<ap_uint<64>, 64ul>)' (../src/ntt.cpp:98:16)
INFO: [HLS 214-364] Automatically inlining function 'ap_uint<64> mult_twiddle<ap_uint<65> >(ap_uint<65>, int) (.570)' to improve effectiveness of pipeline pragma in function 'ntt_2_6(hls::vector<ap_uint<64>, 64ul>)' (../src/ntt.cpp:98:16)
INFO: [HLS 214-364] Automatically inlining function 'ap_uint<64> mult_twiddle<ap_uint<65> >(ap_uint<65>, int) (.509)' to improve effectiveness of pipeline pragma in function 'ntt_2_6(hls::vector<ap_uint<64>, 64ul>)' (../src/ntt.cpp:98:16)
INFO: [HLS 214-364] Automatically inlining function 'ap_uint<64> mult_twiddle<ap_uint<65> >(ap_uint<65>, int) (.510)' to improve effectiveness of pipeline pragma in function 'ntt_2_6(hls::vector<ap_uint<64>, 64ul>)' (../src/ntt.cpp:98:16)
INFO: [HLS 214-364] Automatically inlining function 'ap_uint<64> mult_twiddle<ap_uint<65> >(ap_uint<65>, int) (.511)' to improve effectiveness of pipeline pragma in function 'ntt_2_6(hls::vector<ap_uint<64>, 64ul>)' (../src/ntt.cpp:98:16)
INFO: [HLS 214-364] Automatically inlining function 'ap_uint<64> mult_twiddle<ap_uint<65> >(ap_uint<65>, int) (.512)' to improve effectiveness of pipeline pragma in function 'ntt_2_6(hls::vector<ap_uint<64>, 64ul>)' (../src/ntt.cpp:98:16)
INFO: [HLS 214-364] Automatically inlining function 'ap_uint<64> mult_twiddle<ap_uint<65> >(ap_uint<65>, int) (.513)' to improve effectiveness of pipeline pragma in function 'ntt_2_6(hls::vector<ap_uint<64>, 64ul>)' (../src/ntt.cpp:98:16)
INFO: [HLS 214-364] Automatically inlining function 'ap_uint<64> mult_twiddle<ap_uint<65> >(ap_uint<65>, int) (.514)' to improve effectiveness of pipeline pragma in function 'ntt_2_6(hls::vector<ap_uint<64>, 64ul>)' (../src/ntt.cpp:98:16)
INFO: [HLS 214-364] Automatically inlining function 'ap_uint<64> mult_twiddle<ap_uint<65> >(ap_uint<65>, int) (.515)' to improve effectiveness of pipeline pragma in function 'ntt_2_6(hls::vector<ap_uint<64>, 64ul>)' (../src/ntt.cpp:98:16)
INFO: [HLS 214-364] Automatically inlining function 'ap_uint<64> mult_twiddle<ap_uint<65> >(ap_uint<65>, int) (.516)' to improve effectiveness of pipeline pragma in function 'ntt_2_6(hls::vector<ap_uint<64>, 64ul>)' (../src/ntt.cpp:98:16)
INFO: [HLS 214-364] Automatically inlining function 'ap_uint<64> mult_twiddle<ap_uint<65> >(ap_uint<65>, int) (.517)' to improve effectiveness of pipeline pragma in function 'ntt_2_6(hls::vector<ap_uint<64>, 64ul>)' (../src/ntt.cpp:98:16)
INFO: [HLS 214-364] Automatically inlining function 'ap_uint<64> mult_twiddle<ap_uint<65> >(ap_uint<65>, int) (.518)' to improve effectiveness of pipeline pragma in function 'ntt_2_6(hls::vector<ap_uint<64>, 64ul>)' (../src/ntt.cpp:98:16)
INFO: [HLS 214-364] Automatically inlining function 'ap_uint<64> mult_twiddle<ap_uint<65> >(ap_uint<65>, int) (.519)' to improve effectiveness of pipeline pragma in function 'ntt_2_6(hls::vector<ap_uint<64>, 64ul>)' (../src/ntt.cpp:98:16)
INFO: [HLS 214-364] Automatically inlining function 'ap_uint<64> mult_twiddle<ap_uint<65> >(ap_uint<65>, int) (.520)' to improve effectiveness of pipeline pragma in function 'ntt_2_6(hls::vector<ap_uint<64>, 64ul>)' (../src/ntt.cpp:98:16)
INFO: [HLS 214-364] Automatically inlining function 'ap_uint<64> mult_twiddle<ap_uint<65> >(ap_uint<65>, int) (.521)' to improve effectiveness of pipeline pragma in function 'ntt_2_6(hls::vector<ap_uint<64>, 64ul>)' (../src/ntt.cpp:98:16)
INFO: [HLS 214-364] Automatically inlining function 'ap_uint<64> mult_twiddle<ap_uint<65> >(ap_uint<65>, int) (.522)' to improve effectiveness of pipeline pragma in function 'ntt_2_6(hls::vector<ap_uint<64>, 64ul>)' (../src/ntt.cpp:98:16)
INFO: [HLS 214-364] Automatically inlining function 'ap_uint<64> mult_twiddle<ap_uint<65> >(ap_uint<65>, int) (.523)' to improve effectiveness of pipeline pragma in function 'ntt_2_6(hls::vector<ap_uint<64>, 64ul>)' (../src/ntt.cpp:98:16)
INFO: [HLS 214-364] Automatically inlining function 'ap_uint<64> mult_twiddle<ap_uint<65> >(ap_uint<65>, int) (.524)' to improve effectiveness of pipeline pragma in function 'ntt_2_6(hls::vector<ap_uint<64>, 64ul>)' (../src/ntt.cpp:98:16)
INFO: [HLS 214-364] Automatically inlining function 'ap_uint<64> mult_twiddle<ap_uint<65> >(ap_uint<65>, int) (.525)' to improve effectiveness of pipeline pragma in function 'ntt_2_6(hls::vector<ap_uint<64>, 64ul>)' (../src/ntt.cpp:98:16)
INFO: [HLS 214-364] Automatically inlining function 'ap_uint<64> mult_twiddle<ap_uint<65> >(ap_uint<65>, int) (.526)' to improve effectiveness of pipeline pragma in function 'ntt_2_6(hls::vector<ap_uint<64>, 64ul>)' (../src/ntt.cpp:98:16)
INFO: [HLS 214-364] Automatically inlining function 'ap_uint<64> mult_twiddle<ap_uint<65> >(ap_uint<65>, int) (.527)' to improve effectiveness of pipeline pragma in function 'ntt_2_6(hls::vector<ap_uint<64>, 64ul>)' (../src/ntt.cpp:98:16)
INFO: [HLS 214-364] Automatically inlining function 'ap_uint<64> mult_twiddle<ap_uint<65> >(ap_uint<65>, int) (.528)' to improve effectiveness of pipeline pragma in function 'ntt_2_6(hls::vector<ap_uint<64>, 64ul>)' (../src/ntt.cpp:98:16)
INFO: [HLS 214-364] Automatically inlining function 'ap_uint<64> mult_twiddle<ap_uint<65> >(ap_uint<65>, int) (.529)' to improve effectiveness of pipeline pragma in function 'ntt_2_6(hls::vector<ap_uint<64>, 64ul>)' (../src/ntt.cpp:98:16)
INFO: [HLS 214-364] Automatically inlining function 'ap_uint<64> mult_twiddle<ap_uint<65> >(ap_uint<65>, int) (.530)' to improve effectiveness of pipeline pragma in function 'ntt_2_6(hls::vector<ap_uint<64>, 64ul>)' (../src/ntt.cpp:98:16)
INFO: [HLS 214-364] Automatically inlining function 'ap_uint<64> mult_twiddle<ap_uint<65> >(ap_uint<65>, int) (.531)' to improve effectiveness of pipeline pragma in function 'ntt_2_6(hls::vector<ap_uint<64>, 64ul>)' (../src/ntt.cpp:98:16)
INFO: [HLS 214-364] Automatically inlining function 'ap_uint<64> mult_twiddle<ap_uint<65> >(ap_uint<65>, int) (.532)' to improve effectiveness of pipeline pragma in function 'ntt_2_6(hls::vector<ap_uint<64>, 64ul>)' (../src/ntt.cpp:98:16)
INFO: [HLS 214-364] Automatically inlining function 'ap_uint<64> mult_twiddle<ap_uint<65> >(ap_uint<65>, int) (.533)' to improve effectiveness of pipeline pragma in function 'ntt_2_6(hls::vector<ap_uint<64>, 64ul>)' (../src/ntt.cpp:98:16)
INFO: [HLS 214-364] Automatically inlining function 'ap_uint<64> mult_twiddle<ap_uint<65> >(ap_uint<65>, int) (.534)' to improve effectiveness of pipeline pragma in function 'ntt_2_6(hls::vector<ap_uint<64>, 64ul>)' (../src/ntt.cpp:98:16)
INFO: [HLS 214-364] Automatically inlining function 'ap_uint<64> mult_twiddle<ap_uint<65> >(ap_uint<65>, int) (.535)' to improve effectiveness of pipeline pragma in function 'ntt_2_6(hls::vector<ap_uint<64>, 64ul>)' (../src/ntt.cpp:98:16)
INFO: [HLS 214-364] Automatically inlining function 'ap_uint<64> mult_twiddle<ap_uint<65> >(ap_uint<65>, int) (.536)' to improve effectiveness of pipeline pragma in function 'ntt_2_6(hls::vector<ap_uint<64>, 64ul>)' (../src/ntt.cpp:98:16)
INFO: [HLS 214-364] Automatically inlining function 'ap_uint<64> mult_twiddle<ap_uint<65> >(ap_uint<65>, int) (.537)' to improve effectiveness of pipeline pragma in function 'ntt_2_6(hls::vector<ap_uint<64>, 64ul>)' (../src/ntt.cpp:98:16)
INFO: [HLS 214-364] Automatically inlining function 'ap_uint<64> mult_twiddle<ap_uint<65> >(ap_uint<65>, int) (.538)' to improve effectiveness of pipeline pragma in function 'ntt_2_6(hls::vector<ap_uint<64>, 64ul>)' (../src/ntt.cpp:98:16)
INFO: [HLS 214-364] Automatically inlining function 'ap_uint<64> mult_twiddle<ap_uint<65> >(ap_uint<65>, int) (.539)' to improve effectiveness of pipeline pragma in function 'ntt_2_6(hls::vector<ap_uint<64>, 64ul>)' (../src/ntt.cpp:98:16)
INFO: [HLS 214-364] Automatically inlining function 'ap_uint<64> mult_twiddle<ap_uint<65> >(ap_uint<65>, int) (.478)' to improve effectiveness of pipeline pragma in function 'ntt_2_6(hls::vector<ap_uint<64>, 64ul>)' (../src/ntt.cpp:98:16)
INFO: [HLS 214-364] Automatically inlining function 'ap_uint<64> mult_twiddle<ap_uint<65> >(ap_uint<65>, int) (.479)' to improve effectiveness of pipeline pragma in function 'ntt_2_6(hls::vector<ap_uint<64>, 64ul>)' (../src/ntt.cpp:98:16)
INFO: [HLS 214-364] Automatically inlining function 'ap_uint<64> mult_twiddle<ap_uint<65> >(ap_uint<65>, int) (.480)' to improve effectiveness of pipeline pragma in function 'ntt_2_6(hls::vector<ap_uint<64>, 64ul>)' (../src/ntt.cpp:98:16)
INFO: [HLS 214-364] Automatically inlining function 'ap_uint<64> mult_twiddle<ap_uint<65> >(ap_uint<65>, int) (.481)' to improve effectiveness of pipeline pragma in function 'ntt_2_6(hls::vector<ap_uint<64>, 64ul>)' (../src/ntt.cpp:98:16)
INFO: [HLS 214-364] Automatically inlining function 'ap_uint<64> mult_twiddle<ap_uint<65> >(ap_uint<65>, int) (.482)' to improve effectiveness of pipeline pragma in function 'ntt_2_6(hls::vector<ap_uint<64>, 64ul>)' (../src/ntt.cpp:98:16)
INFO: [HLS 214-364] Automatically inlining function 'ap_uint<64> mult_twiddle<ap_uint<65> >(ap_uint<65>, int) (.483)' to improve effectiveness of pipeline pragma in function 'ntt_2_6(hls::vector<ap_uint<64>, 64ul>)' (../src/ntt.cpp:98:16)
INFO: [HLS 214-364] Automatically inlining function 'ap_uint<64> mult_twiddle<ap_uint<65> >(ap_uint<65>, int) (.484)' to improve effectiveness of pipeline pragma in function 'ntt_2_6(hls::vector<ap_uint<64>, 64ul>)' (../src/ntt.cpp:98:16)
INFO: [HLS 214-364] Automatically inlining function 'ap_uint<64> mult_twiddle<ap_uint<65> >(ap_uint<65>, int) (.485)' to improve effectiveness of pipeline pragma in function 'ntt_2_6(hls::vector<ap_uint<64>, 64ul>)' (../src/ntt.cpp:98:16)
INFO: [HLS 214-364] Automatically inlining function 'ap_uint<64> mult_twiddle<ap_uint<65> >(ap_uint<65>, int) (.486)' to improve effectiveness of pipeline pragma in function 'ntt_2_6(hls::vector<ap_uint<64>, 64ul>)' (../src/ntt.cpp:98:16)
INFO: [HLS 214-364] Automatically inlining function 'ap_uint<64> mult_twiddle<ap_uint<65> >(ap_uint<65>, int) (.487)' to improve effectiveness of pipeline pragma in function 'ntt_2_6(hls::vector<ap_uint<64>, 64ul>)' (../src/ntt.cpp:98:16)
INFO: [HLS 214-364] Automatically inlining function 'ap_uint<64> mult_twiddle<ap_uint<65> >(ap_uint<65>, int) (.488)' to improve effectiveness of pipeline pragma in function 'ntt_2_6(hls::vector<ap_uint<64>, 64ul>)' (../src/ntt.cpp:98:16)
INFO: [HLS 214-364] Automatically inlining function 'ap_uint<64> mult_twiddle<ap_uint<65> >(ap_uint<65>, int) (.489)' to improve effectiveness of pipeline pragma in function 'ntt_2_6(hls::vector<ap_uint<64>, 64ul>)' (../src/ntt.cpp:98:16)
INFO: [HLS 214-364] Automatically inlining function 'ap_uint<64> mult_twiddle<ap_uint<65> >(ap_uint<65>, int) (.490)' to improve effectiveness of pipeline pragma in function 'ntt_2_6(hls::vector<ap_uint<64>, 64ul>)' (../src/ntt.cpp:98:16)
INFO: [HLS 214-364] Automatically inlining function 'ap_uint<64> mult_twiddle<ap_uint<65> >(ap_uint<65>, int) (.491)' to improve effectiveness of pipeline pragma in function 'ntt_2_6(hls::vector<ap_uint<64>, 64ul>)' (../src/ntt.cpp:98:16)
INFO: [HLS 214-364] Automatically inlining function 'ap_uint<64> mult_twiddle<ap_uint<65> >(ap_uint<65>, int) (.492)' to improve effectiveness of pipeline pragma in function 'ntt_2_6(hls::vector<ap_uint<64>, 64ul>)' (../src/ntt.cpp:98:16)
INFO: [HLS 214-364] Automatically inlining function 'ap_uint<64> mult_twiddle<ap_uint<65> >(ap_uint<65>, int) (.493)' to improve effectiveness of pipeline pragma in function 'ntt_2_6(hls::vector<ap_uint<64>, 64ul>)' (../src/ntt.cpp:98:16)
INFO: [HLS 214-364] Automatically inlining function 'ap_uint<64> mult_twiddle<ap_uint<65> >(ap_uint<65>, int) (.494)' to improve effectiveness of pipeline pragma in function 'ntt_2_6(hls::vector<ap_uint<64>, 64ul>)' (../src/ntt.cpp:98:16)
INFO: [HLS 214-364] Automatically inlining function 'ap_uint<64> mult_twiddle<ap_uint<65> >(ap_uint<65>, int) (.495)' to improve effectiveness of pipeline pragma in function 'ntt_2_6(hls::vector<ap_uint<64>, 64ul>)' (../src/ntt.cpp:98:16)
INFO: [HLS 214-364] Automatically inlining function 'ap_uint<64> mult_twiddle<ap_uint<65> >(ap_uint<65>, int) (.496)' to improve effectiveness of pipeline pragma in function 'ntt_2_6(hls::vector<ap_uint<64>, 64ul>)' (../src/ntt.cpp:98:16)
INFO: [HLS 214-364] Automatically inlining function 'ap_uint<64> mult_twiddle<ap_uint<65> >(ap_uint<65>, int) (.497)' to improve effectiveness of pipeline pragma in function 'ntt_2_6(hls::vector<ap_uint<64>, 64ul>)' (../src/ntt.cpp:98:16)
INFO: [HLS 214-364] Automatically inlining function 'ap_uint<64> mult_twiddle<ap_uint<65> >(ap_uint<65>, int) (.498)' to improve effectiveness of pipeline pragma in function 'ntt_2_6(hls::vector<ap_uint<64>, 64ul>)' (../src/ntt.cpp:98:16)
INFO: [HLS 214-364] Automatically inlining function 'ap_uint<64> mult_twiddle<ap_uint<65> >(ap_uint<65>, int) (.499)' to improve effectiveness of pipeline pragma in function 'ntt_2_6(hls::vector<ap_uint<64>, 64ul>)' (../src/ntt.cpp:98:16)
INFO: [HLS 214-364] Automatically inlining function 'ap_uint<64> mult_twiddle<ap_uint<65> >(ap_uint<65>, int) (.500)' to improve effectiveness of pipeline pragma in function 'ntt_2_6(hls::vector<ap_uint<64>, 64ul>)' (../src/ntt.cpp:98:16)
INFO: [HLS 214-364] Automatically inlining function 'ap_uint<64> mult_twiddle<ap_uint<65> >(ap_uint<65>, int) (.501)' to improve effectiveness of pipeline pragma in function 'ntt_2_6(hls::vector<ap_uint<64>, 64ul>)' (../src/ntt.cpp:98:16)
INFO: [HLS 214-364] Automatically inlining function 'ap_uint<64> mult_twiddle<ap_uint<65> >(ap_uint<65>, int) (.502)' to improve effectiveness of pipeline pragma in function 'ntt_2_6(hls::vector<ap_uint<64>, 64ul>)' (../src/ntt.cpp:98:16)
INFO: [HLS 214-364] Automatically inlining function 'ap_uint<64> mult_twiddle<ap_uint<65> >(ap_uint<65>, int) (.503)' to improve effectiveness of pipeline pragma in function 'ntt_2_6(hls::vector<ap_uint<64>, 64ul>)' (../src/ntt.cpp:98:16)
INFO: [HLS 214-364] Automatically inlining function 'ap_uint<64> mult_twiddle<ap_uint<65> >(ap_uint<65>, int) (.504)' to improve effectiveness of pipeline pragma in function 'ntt_2_6(hls::vector<ap_uint<64>, 64ul>)' (../src/ntt.cpp:98:16)
INFO: [HLS 214-364] Automatically inlining function 'ap_uint<64> mult_twiddle<ap_uint<65> >(ap_uint<65>, int) (.505)' to improve effectiveness of pipeline pragma in function 'ntt_2_6(hls::vector<ap_uint<64>, 64ul>)' (../src/ntt.cpp:98:16)
INFO: [HLS 214-364] Automatically inlining function 'ap_uint<64> mult_twiddle<ap_uint<65> >(ap_uint<65>, int) (.506)' to improve effectiveness of pipeline pragma in function 'ntt_2_6(hls::vector<ap_uint<64>, 64ul>)' (../src/ntt.cpp:98:16)
INFO: [HLS 214-364] Automatically inlining function 'ap_uint<64> mult_twiddle<ap_uint<65> >(ap_uint<65>, int) (.507)' to improve effectiveness of pipeline pragma in function 'ntt_2_6(hls::vector<ap_uint<64>, 64ul>)' (../src/ntt.cpp:98:16)
INFO: [HLS 214-364] Automatically inlining function 'ap_uint<64> mult_twiddle<ap_uint<65> >(ap_uint<65>, int) (.508)' to improve effectiveness of pipeline pragma in function 'ntt_2_6(hls::vector<ap_uint<64>, 64ul>)' (../src/ntt.cpp:98:16)
INFO: [HLS 214-364] Automatically inlining function 'ap_uint<64> mult_twiddle<ap_uint<65> >(ap_uint<65>, int) (.447)' to improve effectiveness of pipeline pragma in function 'ntt_2_6(hls::vector<ap_uint<64>, 64ul>)' (../src/ntt.cpp:98:16)
INFO: [HLS 214-364] Automatically inlining function 'ap_uint<64> mult_twiddle<ap_uint<65> >(ap_uint<65>, int) (.448)' to improve effectiveness of pipeline pragma in function 'ntt_2_6(hls::vector<ap_uint<64>, 64ul>)' (../src/ntt.cpp:98:16)
INFO: [HLS 214-364] Automatically inlining function 'ap_uint<64> mult_twiddle<ap_uint<65> >(ap_uint<65>, int) (.449)' to improve effectiveness of pipeline pragma in function 'ntt_2_6(hls::vector<ap_uint<64>, 64ul>)' (../src/ntt.cpp:98:16)
INFO: [HLS 214-364] Automatically inlining function 'ap_uint<64> mult_twiddle<ap_uint<65> >(ap_uint<65>, int) (.450)' to improve effectiveness of pipeline pragma in function 'ntt_2_6(hls::vector<ap_uint<64>, 64ul>)' (../src/ntt.cpp:98:16)
INFO: [HLS 214-364] Automatically inlining function 'ap_uint<64> mult_twiddle<ap_uint<65> >(ap_uint<65>, int) (.451)' to improve effectiveness of pipeline pragma in function 'ntt_2_6(hls::vector<ap_uint<64>, 64ul>)' (../src/ntt.cpp:98:16)
INFO: [HLS 214-364] Automatically inlining function 'ap_uint<64> mult_twiddle<ap_uint<65> >(ap_uint<65>, int) (.452)' to improve effectiveness of pipeline pragma in function 'ntt_2_6(hls::vector<ap_uint<64>, 64ul>)' (../src/ntt.cpp:98:16)
INFO: [HLS 214-364] Automatically inlining function 'ap_uint<64> mult_twiddle<ap_uint<65> >(ap_uint<65>, int) (.453)' to improve effectiveness of pipeline pragma in function 'ntt_2_6(hls::vector<ap_uint<64>, 64ul>)' (../src/ntt.cpp:98:16)
INFO: [HLS 214-364] Automatically inlining function 'ap_uint<64> mult_twiddle<ap_uint<65> >(ap_uint<65>, int) (.454)' to improve effectiveness of pipeline pragma in function 'ntt_2_6(hls::vector<ap_uint<64>, 64ul>)' (../src/ntt.cpp:98:16)
INFO: [HLS 214-364] Automatically inlining function 'ap_uint<64> mult_twiddle<ap_uint<65> >(ap_uint<65>, int) (.455)' to improve effectiveness of pipeline pragma in function 'ntt_2_6(hls::vector<ap_uint<64>, 64ul>)' (../src/ntt.cpp:98:16)
INFO: [HLS 214-364] Automatically inlining function 'ap_uint<64> mult_twiddle<ap_uint<65> >(ap_uint<65>, int) (.456)' to improve effectiveness of pipeline pragma in function 'ntt_2_6(hls::vector<ap_uint<64>, 64ul>)' (../src/ntt.cpp:98:16)
INFO: [HLS 214-364] Automatically inlining function 'ap_uint<64> mult_twiddle<ap_uint<65> >(ap_uint<65>, int) (.457)' to improve effectiveness of pipeline pragma in function 'ntt_2_6(hls::vector<ap_uint<64>, 64ul>)' (../src/ntt.cpp:98:16)
INFO: [HLS 214-364] Automatically inlining function 'ap_uint<64> mult_twiddle<ap_uint<65> >(ap_uint<65>, int) (.458)' to improve effectiveness of pipeline pragma in function 'ntt_2_6(hls::vector<ap_uint<64>, 64ul>)' (../src/ntt.cpp:98:16)
INFO: [HLS 214-364] Automatically inlining function 'ap_uint<64> mult_twiddle<ap_uint<65> >(ap_uint<65>, int) (.459)' to improve effectiveness of pipeline pragma in function 'ntt_2_6(hls::vector<ap_uint<64>, 64ul>)' (../src/ntt.cpp:98:16)
INFO: [HLS 214-364] Automatically inlining function 'ap_uint<64> mult_twiddle<ap_uint<65> >(ap_uint<65>, int) (.460)' to improve effectiveness of pipeline pragma in function 'ntt_2_6(hls::vector<ap_uint<64>, 64ul>)' (../src/ntt.cpp:98:16)
INFO: [HLS 214-364] Automatically inlining function 'ap_uint<64> mult_twiddle<ap_uint<65> >(ap_uint<65>, int) (.461)' to improve effectiveness of pipeline pragma in function 'ntt_2_6(hls::vector<ap_uint<64>, 64ul>)' (../src/ntt.cpp:98:16)
INFO: [HLS 214-364] Automatically inlining function 'ap_uint<64> mult_twiddle<ap_uint<65> >(ap_uint<65>, int) (.462)' to improve effectiveness of pipeline pragma in function 'ntt_2_6(hls::vector<ap_uint<64>, 64ul>)' (../src/ntt.cpp:98:16)
INFO: [HLS 214-364] Automatically inlining function 'ap_uint<64> mult_twiddle<ap_uint<65> >(ap_uint<65>, int) (.463)' to improve effectiveness of pipeline pragma in function 'ntt_2_6(hls::vector<ap_uint<64>, 64ul>)' (../src/ntt.cpp:98:16)
INFO: [HLS 214-364] Automatically inlining function 'ap_uint<64> mult_twiddle<ap_uint<65> >(ap_uint<65>, int) (.464)' to improve effectiveness of pipeline pragma in function 'ntt_2_6(hls::vector<ap_uint<64>, 64ul>)' (../src/ntt.cpp:98:16)
INFO: [HLS 214-364] Automatically inlining function 'ap_uint<64> mult_twiddle<ap_uint<65> >(ap_uint<65>, int) (.465)' to improve effectiveness of pipeline pragma in function 'ntt_2_6(hls::vector<ap_uint<64>, 64ul>)' (../src/ntt.cpp:98:16)
INFO: [HLS 214-364] Automatically inlining function 'ap_uint<64> mult_twiddle<ap_uint<65> >(ap_uint<65>, int) (.466)' to improve effectiveness of pipeline pragma in function 'ntt_2_6(hls::vector<ap_uint<64>, 64ul>)' (../src/ntt.cpp:98:16)
INFO: [HLS 214-364] Automatically inlining function 'ap_uint<64> mult_twiddle<ap_uint<65> >(ap_uint<65>, int) (.467)' to improve effectiveness of pipeline pragma in function 'ntt_2_6(hls::vector<ap_uint<64>, 64ul>)' (../src/ntt.cpp:98:16)
INFO: [HLS 214-364] Automatically inlining function 'ap_uint<64> mult_twiddle<ap_uint<65> >(ap_uint<65>, int) (.468)' to improve effectiveness of pipeline pragma in function 'ntt_2_6(hls::vector<ap_uint<64>, 64ul>)' (../src/ntt.cpp:98:16)
INFO: [HLS 214-364] Automatically inlining function 'ap_uint<64> mult_twiddle<ap_uint<65> >(ap_uint<65>, int) (.469)' to improve effectiveness of pipeline pragma in function 'ntt_2_6(hls::vector<ap_uint<64>, 64ul>)' (../src/ntt.cpp:98:16)
INFO: [HLS 214-364] Automatically inlining function 'ap_uint<64> mult_twiddle<ap_uint<65> >(ap_uint<65>, int) (.470)' to improve effectiveness of pipeline pragma in function 'ntt_2_6(hls::vector<ap_uint<64>, 64ul>)' (../src/ntt.cpp:98:16)
INFO: [HLS 214-364] Automatically inlining function 'ap_uint<64> mult_twiddle<ap_uint<65> >(ap_uint<65>, int) (.471)' to improve effectiveness of pipeline pragma in function 'ntt_2_6(hls::vector<ap_uint<64>, 64ul>)' (../src/ntt.cpp:98:16)
INFO: [HLS 214-364] Automatically inlining function 'ap_uint<64> mult_twiddle<ap_uint<65> >(ap_uint<65>, int) (.472)' to improve effectiveness of pipeline pragma in function 'ntt_2_6(hls::vector<ap_uint<64>, 64ul>)' (../src/ntt.cpp:98:16)
INFO: [HLS 214-364] Automatically inlining function 'ap_uint<64> mult_twiddle<ap_uint<65> >(ap_uint<65>, int) (.473)' to improve effectiveness of pipeline pragma in function 'ntt_2_6(hls::vector<ap_uint<64>, 64ul>)' (../src/ntt.cpp:98:16)
INFO: [HLS 214-364] Automatically inlining function 'ap_uint<64> mult_twiddle<ap_uint<65> >(ap_uint<65>, int) (.474)' to improve effectiveness of pipeline pragma in function 'ntt_2_6(hls::vector<ap_uint<64>, 64ul>)' (../src/ntt.cpp:98:16)
INFO: [HLS 214-364] Automatically inlining function 'ap_uint<64> mult_twiddle<ap_uint<65> >(ap_uint<65>, int) (.475)' to improve effectiveness of pipeline pragma in function 'ntt_2_6(hls::vector<ap_uint<64>, 64ul>)' (../src/ntt.cpp:98:16)
INFO: [HLS 214-364] Automatically inlining function 'ap_uint<64> mult_twiddle<ap_uint<65> >(ap_uint<65>, int) (.476)' to improve effectiveness of pipeline pragma in function 'ntt_2_6(hls::vector<ap_uint<64>, 64ul>)' (../src/ntt.cpp:98:16)
INFO: [HLS 214-364] Automatically inlining function 'ap_uint<64> mult_twiddle<ap_uint<65> >(ap_uint<65>, int) (.477)' to improve effectiveness of pipeline pragma in function 'ntt_2_6(hls::vector<ap_uint<64>, 64ul>)' (../src/ntt.cpp:98:16)
INFO: [HLS 214-364] Automatically inlining function 'ap_uint<64> mult_twiddle<ap_uint<65> >(ap_uint<65>, int)' to improve effectiveness of pipeline pragma in function 'ntt_2_6(hls::vector<ap_uint<64>, 64ul>)' (../src/ntt.cpp:98:16)
INFO: [HLS 214-364] Automatically inlining function 'ap_uint<64> mult_twiddle<ap_uint<65> >(ap_uint<65>, int) (.417)' to improve effectiveness of pipeline pragma in function 'ntt_2_6(hls::vector<ap_uint<64>, 64ul>)' (../src/ntt.cpp:98:16)
INFO: [HLS 214-364] Automatically inlining function 'ap_uint<64> mult_twiddle<ap_uint<65> >(ap_uint<65>, int) (.418)' to improve effectiveness of pipeline pragma in function 'ntt_2_6(hls::vector<ap_uint<64>, 64ul>)' (../src/ntt.cpp:98:16)
INFO: [HLS 214-364] Automatically inlining function 'ap_uint<64> mult_twiddle<ap_uint<65> >(ap_uint<65>, int) (.419)' to improve effectiveness of pipeline pragma in function 'ntt_2_6(hls::vector<ap_uint<64>, 64ul>)' (../src/ntt.cpp:98:16)
INFO: [HLS 214-364] Automatically inlining function 'ap_uint<64> mult_twiddle<ap_uint<65> >(ap_uint<65>, int) (.420)' to improve effectiveness of pipeline pragma in function 'ntt_2_6(hls::vector<ap_uint<64>, 64ul>)' (../src/ntt.cpp:98:16)
INFO: [HLS 214-364] Automatically inlining function 'ap_uint<64> mult_twiddle<ap_uint<65> >(ap_uint<65>, int) (.421)' to improve effectiveness of pipeline pragma in function 'ntt_2_6(hls::vector<ap_uint<64>, 64ul>)' (../src/ntt.cpp:98:16)
INFO: [HLS 214-364] Automatically inlining function 'ap_uint<64> mult_twiddle<ap_uint<65> >(ap_uint<65>, int) (.422)' to improve effectiveness of pipeline pragma in function 'ntt_2_6(hls::vector<ap_uint<64>, 64ul>)' (../src/ntt.cpp:98:16)
INFO: [HLS 214-364] Automatically inlining function 'ap_uint<64> mult_twiddle<ap_uint<65> >(ap_uint<65>, int) (.423)' to improve effectiveness of pipeline pragma in function 'ntt_2_6(hls::vector<ap_uint<64>, 64ul>)' (../src/ntt.cpp:98:16)
INFO: [HLS 214-364] Automatically inlining function 'ap_uint<64> mult_twiddle<ap_uint<65> >(ap_uint<65>, int) (.424)' to improve effectiveness of pipeline pragma in function 'ntt_2_6(hls::vector<ap_uint<64>, 64ul>)' (../src/ntt.cpp:98:16)
INFO: [HLS 214-364] Automatically inlining function 'ap_uint<64> mult_twiddle<ap_uint<65> >(ap_uint<65>, int) (.425)' to improve effectiveness of pipeline pragma in function 'ntt_2_6(hls::vector<ap_uint<64>, 64ul>)' (../src/ntt.cpp:98:16)
INFO: [HLS 214-364] Automatically inlining function 'ap_uint<64> mult_twiddle<ap_uint<65> >(ap_uint<65>, int) (.426)' to improve effectiveness of pipeline pragma in function 'ntt_2_6(hls::vector<ap_uint<64>, 64ul>)' (../src/ntt.cpp:98:16)
INFO: [HLS 214-364] Automatically inlining function 'ap_uint<64> mult_twiddle<ap_uint<65> >(ap_uint<65>, int) (.427)' to improve effectiveness of pipeline pragma in function 'ntt_2_6(hls::vector<ap_uint<64>, 64ul>)' (../src/ntt.cpp:98:16)
INFO: [HLS 214-364] Automatically inlining function 'ap_uint<64> mult_twiddle<ap_uint<65> >(ap_uint<65>, int) (.428)' to improve effectiveness of pipeline pragma in function 'ntt_2_6(hls::vector<ap_uint<64>, 64ul>)' (../src/ntt.cpp:98:16)
INFO: [HLS 214-364] Automatically inlining function 'ap_uint<64> mult_twiddle<ap_uint<65> >(ap_uint<65>, int) (.429)' to improve effectiveness of pipeline pragma in function 'ntt_2_6(hls::vector<ap_uint<64>, 64ul>)' (../src/ntt.cpp:98:16)
INFO: [HLS 214-364] Automatically inlining function 'ap_uint<64> mult_twiddle<ap_uint<65> >(ap_uint<65>, int) (.430)' to improve effectiveness of pipeline pragma in function 'ntt_2_6(hls::vector<ap_uint<64>, 64ul>)' (../src/ntt.cpp:98:16)
INFO: [HLS 214-364] Automatically inlining function 'ap_uint<64> mult_twiddle<ap_uint<65> >(ap_uint<65>, int) (.431)' to improve effectiveness of pipeline pragma in function 'ntt_2_6(hls::vector<ap_uint<64>, 64ul>)' (../src/ntt.cpp:98:16)
INFO: [HLS 214-364] Automatically inlining function 'ap_uint<64> mult_twiddle<ap_uint<65> >(ap_uint<65>, int) (.432)' to improve effectiveness of pipeline pragma in function 'ntt_2_6(hls::vector<ap_uint<64>, 64ul>)' (../src/ntt.cpp:98:16)
INFO: [HLS 214-364] Automatically inlining function 'ap_uint<64> mult_twiddle<ap_uint<65> >(ap_uint<65>, int) (.433)' to improve effectiveness of pipeline pragma in function 'ntt_2_6(hls::vector<ap_uint<64>, 64ul>)' (../src/ntt.cpp:98:16)
INFO: [HLS 214-364] Automatically inlining function 'ap_uint<64> mult_twiddle<ap_uint<65> >(ap_uint<65>, int) (.434)' to improve effectiveness of pipeline pragma in function 'ntt_2_6(hls::vector<ap_uint<64>, 64ul>)' (../src/ntt.cpp:98:16)
INFO: [HLS 214-364] Automatically inlining function 'ap_uint<64> mult_twiddle<ap_uint<65> >(ap_uint<65>, int) (.435)' to improve effectiveness of pipeline pragma in function 'ntt_2_6(hls::vector<ap_uint<64>, 64ul>)' (../src/ntt.cpp:98:16)
INFO: [HLS 214-364] Automatically inlining function 'ap_uint<64> mult_twiddle<ap_uint<65> >(ap_uint<65>, int) (.436)' to improve effectiveness of pipeline pragma in function 'ntt_2_6(hls::vector<ap_uint<64>, 64ul>)' (../src/ntt.cpp:98:16)
INFO: [HLS 214-364] Automatically inlining function 'ap_uint<64> mult_twiddle<ap_uint<65> >(ap_uint<65>, int) (.437)' to improve effectiveness of pipeline pragma in function 'ntt_2_6(hls::vector<ap_uint<64>, 64ul>)' (../src/ntt.cpp:98:16)
INFO: [HLS 214-364] Automatically inlining function 'ap_uint<64> mult_twiddle<ap_uint<65> >(ap_uint<65>, int) (.438)' to improve effectiveness of pipeline pragma in function 'ntt_2_6(hls::vector<ap_uint<64>, 64ul>)' (../src/ntt.cpp:98:16)
INFO: [HLS 214-364] Automatically inlining function 'ap_uint<64> mult_twiddle<ap_uint<65> >(ap_uint<65>, int) (.439)' to improve effectiveness of pipeline pragma in function 'ntt_2_6(hls::vector<ap_uint<64>, 64ul>)' (../src/ntt.cpp:98:16)
INFO: [HLS 214-364] Automatically inlining function 'ap_uint<64> mult_twiddle<ap_uint<65> >(ap_uint<65>, int) (.440)' to improve effectiveness of pipeline pragma in function 'ntt_2_6(hls::vector<ap_uint<64>, 64ul>)' (../src/ntt.cpp:98:16)
INFO: [HLS 214-364] Automatically inlining function 'ap_uint<64> mult_twiddle<ap_uint<65> >(ap_uint<65>, int) (.441)' to improve effectiveness of pipeline pragma in function 'ntt_2_6(hls::vector<ap_uint<64>, 64ul>)' (../src/ntt.cpp:98:16)
INFO: [HLS 214-364] Automatically inlining function 'ap_uint<64> mult_twiddle<ap_uint<65> >(ap_uint<65>, int) (.442)' to improve effectiveness of pipeline pragma in function 'ntt_2_6(hls::vector<ap_uint<64>, 64ul>)' (../src/ntt.cpp:98:16)
INFO: [HLS 214-364] Automatically inlining function 'ap_uint<64> mult_twiddle<ap_uint<65> >(ap_uint<65>, int) (.443)' to improve effectiveness of pipeline pragma in function 'ntt_2_6(hls::vector<ap_uint<64>, 64ul>)' (../src/ntt.cpp:98:16)
INFO: [HLS 214-364] Automatically inlining function 'ap_uint<64> mult_twiddle<ap_uint<65> >(ap_uint<65>, int) (.444)' to improve effectiveness of pipeline pragma in function 'ntt_2_6(hls::vector<ap_uint<64>, 64ul>)' (../src/ntt.cpp:98:16)
INFO: [HLS 214-364] Automatically inlining function 'ap_uint<64> mult_twiddle<ap_uint<65> >(ap_uint<65>, int) (.445)' to improve effectiveness of pipeline pragma in function 'ntt_2_6(hls::vector<ap_uint<64>, 64ul>)' (../src/ntt.cpp:98:16)
INFO: [HLS 214-364] Automatically inlining function 'ap_uint<64> mult_twiddle<ap_uint<65> >(ap_uint<65>, int) (.446)' to improve effectiveness of pipeline pragma in function 'ntt_2_6(hls::vector<ap_uint<64>, 64ul>)' (../src/ntt.cpp:98:16)
INFO: [HLS 214-449] Automatically partitioning array 'alloca' dimension 1 completely based on constant index.
INFO: [HLS 214-270] Inferring pragma 'array_partition type=complete dim=1' for array 'agg.tmp' due to pipeline pragma
INFO: [HLS 214-270] Inferring pragma 'array_partition type=complete dim=1' for array 'agg.tmp48' due to pipeline pragma
INFO: [HLS 214-270] Inferring pragma 'array_partition type=complete dim=1' for array 'ref.tmp' due to pipeline pragma
INFO: [HLS 214-270] Inferring pragma 'array_partition type=complete dim=1' for array 'ref.tmp47' due to pipeline pragma
INFO: [HLS 214-248] Applying array_partition to 'ref.tmp': Complete partitioning on dimension 1.
INFO: [HLS 214-248] Applying array_partition to 'agg.tmp': Complete partitioning on dimension 1.
INFO: [HLS 214-248] Applying array_partition to 'ref.tmp47': Complete partitioning on dimension 1.
INFO: [HLS 214-248] Applying array_partition to 'agg.tmp48': Complete partitioning on dimension 1.
INFO: [HLS 200-111] Finished Compiling Optimization and Transform: CPU user time: 61.66 seconds. CPU system time: 2.39 seconds. Elapsed time: 52.41 seconds; current allocated memory: 412.637 MB.
INFO: [HLS 200-111] Finished Checking Pragmas: CPU user time: 0.01 seconds. CPU system time: 0 seconds. Elapsed time: 0 seconds; current allocated memory: 412.637 MB.
INFO: [HLS 200-10] Starting code transformations ...
INFO: [HLS 200-111] Finished Standard Transforms: CPU user time: 1.51 seconds. CPU system time: 0.03 seconds. Elapsed time: 1.54 seconds; current allocated memory: 448.840 MB.
INFO: [HLS 200-10] Checking synthesizability ...
INFO: [HLS 200-111] Finished Checking Synthesizability: CPU user time: 3.32 seconds. CPU system time: 0 seconds. Elapsed time: 3.32 seconds; current allocated memory: 478.930 MB.
WARNING: [HLS 200-805] An internal stream 's_0' with default size can result in deadlock. Please consider resizing the stream using the directive 'set_directive_stream' or the 'HLS stream' pragma.
WARNING: [HLS 200-805] An internal stream 's_1' with default size can result in deadlock. Please consider resizing the stream using the directive 'set_directive_stream' or the 'HLS stream' pragma.
WARNING: [HLS 200-805] An internal stream 's0' (../src/ntt.cpp:478) with default size can result in deadlock. Please consider resizing the stream using the directive 'set_directive_stream' or the 'HLS stream' pragma.
WARNING: [HLS 200-805] An internal stream 's0.1' (../src/ntt.cpp:478) with default size can result in deadlock. Please consider resizing the stream using the directive 'set_directive_stream' or the 'HLS stream' pragma.
WARNING: [HLS 200-805] An internal stream 's0.2' (../src/ntt.cpp:478) with default size can result in deadlock. Please consider resizing the stream using the directive 'set_directive_stream' or the 'HLS stream' pragma.
WARNING: [HLS 200-805] An internal stream 's0.3' (../src/ntt.cpp:478) with default size can result in deadlock. Please consider resizing the stream using the directive 'set_directive_stream' or the 'HLS stream' pragma.
WARNING: [HLS 200-805] An internal stream 's0.4' (../src/ntt.cpp:478) with default size can result in deadlock. Please consider resizing the stream using the directive 'set_directive_stream' or the 'HLS stream' pragma.
WARNING: [HLS 200-805] An internal stream 's0.5' (../src/ntt.cpp:478) with default size can result in deadlock. Please consider resizing the stream using the directive 'set_directive_stream' or the 'HLS stream' pragma.
WARNING: [HLS 200-805] An internal stream 's0.6' (../src/ntt.cpp:478) with default size can result in deadlock. Please consider resizing the stream using the directive 'set_directive_stream' or the 'HLS stream' pragma.
WARNING: [HLS 200-805] An internal stream 's0.7' (../src/ntt.cpp:478) with default size can result in deadlock. Please consider resizing the stream using the directive 'set_directive_stream' or the 'HLS stream' pragma.
WARNING: [HLS 200-805] An internal stream 's0.8' (../src/ntt.cpp:478) with default size can result in deadlock. Please consider resizing the stream using the directive 'set_directive_stream' or the 'HLS stream' pragma.
WARNING: [HLS 200-805] An internal stream 's0.9' (../src/ntt.cpp:478) with default size can result in deadlock. Please consider resizing the stream using the directive 'set_directive_stream' or the 'HLS stream' pragma.
WARNING: [HLS 200-805] An internal stream 's0.10' (../src/ntt.cpp:478) with default size can result in deadlock. Please consider resizing the stream using the directive 'set_directive_stream' or the 'HLS stream' pragma.
WARNING: [HLS 200-805] An internal stream 's0.11' (../src/ntt.cpp:478) with default size can result in deadlock. Please consider resizing the stream using the directive 'set_directive_stream' or the 'HLS stream' pragma.
WARNING: [HLS 200-805] An internal stream 's0.12' (../src/ntt.cpp:478) with default size can result in deadlock. Please consider resizing the stream using the directive 'set_directive_stream' or the 'HLS stream' pragma.
WARNING: [HLS 200-805] An internal stream 's0.13' (../src/ntt.cpp:478) with default size can result in deadlock. Please consider resizing the stream using the directive 'set_directive_stream' or the 'HLS stream' pragma.
WARNING: [HLS 200-805] An internal stream 's0.14' (../src/ntt.cpp:478) with default size can result in deadlock. Please consider resizing the stream using the directive 'set_directive_stream' or the 'HLS stream' pragma.
WARNING: [HLS 200-805] An internal stream 's0.15' (../src/ntt.cpp:478) with default size can result in deadlock. Please consider resizing the stream using the directive 'set_directive_stream' or the 'HLS stream' pragma.
WARNING: [HLS 200-805] An internal stream 's0.16' (../src/ntt.cpp:478) with default size can result in deadlock. Please consider resizing the stream using the directive 'set_directive_stream' or the 'HLS stream' pragma.
WARNING: [HLS 200-805] An internal stream 's0.17' (../src/ntt.cpp:478) with default size can result in deadlock. Please consider resizing the stream using the directive 'set_directive_stream' or the 'HLS stream' pragma.
WARNING: [HLS 200-805] An internal stream 's0.18' (../src/ntt.cpp:478) with default size can result in deadlock. Please consider resizing the stream using the directive 'set_directive_stream' or the 'HLS stream' pragma.
WARNING: [HLS 200-805] An internal stream 's0.19' (../src/ntt.cpp:478) with default size can result in deadlock. Please consider resizing the stream using the directive 'set_directive_stream' or the 'HLS stream' pragma.
WARNING: [HLS 200-805] An internal stream 's0.20' (../src/ntt.cpp:478) with default size can result in deadlock. Please consider resizing the stream using the directive 'set_directive_stream' or the 'HLS stream' pragma.
WARNING: [HLS 200-805] An internal stream 's0.21' (../src/ntt.cpp:478) with default size can result in deadlock. Please consider resizing the stream using the directive 'set_directive_stream' or the 'HLS stream' pragma.
WARNING: [HLS 200-805] An internal stream 's0.22' (../src/ntt.cpp:478) with default size can result in deadlock. Please consider resizing the stream using the directive 'set_directive_stream' or the 'HLS stream' pragma.
WARNING: [HLS 200-805] An internal stream 's0.23' (../src/ntt.cpp:478) with default size can result in deadlock. Please consider resizing the stream using the directive 'set_directive_stream' or the 'HLS stream' pragma.
WARNING: [HLS 200-805] An internal stream 's0.24' (../src/ntt.cpp:478) with default size can result in deadlock. Please consider resizing the stream using the directive 'set_directive_stream' or the 'HLS stream' pragma.
WARNING: [HLS 200-805] An internal stream 's0.25' (../src/ntt.cpp:478) with default size can result in deadlock. Please consider resizing the stream using the directive 'set_directive_stream' or the 'HLS stream' pragma.
WARNING: [HLS 200-805] An internal stream 's0.26' (../src/ntt.cpp:478) with default size can result in deadlock. Please consider resizing the stream using the directive 'set_directive_stream' or the 'HLS stream' pragma.
WARNING: [HLS 200-805] An internal stream 's0.27' (../src/ntt.cpp:478) with default size can result in deadlock. Please consider resizing the stream using the directive 'set_directive_stream' or the 'HLS stream' pragma.
WARNING: [HLS 200-805] An internal stream 's0.28' (../src/ntt.cpp:478) with default size can result in deadlock. Please consider resizing the stream using the directive 'set_directive_stream' or the 'HLS stream' pragma.
WARNING: [HLS 200-805] An internal stream 's0.29' (../src/ntt.cpp:478) with default size can result in deadlock. Please consider resizing the stream using the directive 'set_directive_stream' or the 'HLS stream' pragma.
WARNING: [HLS 200-805] An internal stream 's0.30' (../src/ntt.cpp:478) with default size can result in deadlock. Please consider resizing the stream using the directive 'set_directive_stream' or the 'HLS stream' pragma.
WARNING: [HLS 200-805] An internal stream 's0.31' (../src/ntt.cpp:478) with default size can result in deadlock. Please consider resizing the stream using the directive 'set_directive_stream' or the 'HLS stream' pragma.
WARNING: [HLS 200-805] An internal stream 's0.32' (../src/ntt.cpp:478) with default size can result in deadlock. Please consider resizing the stream using the directive 'set_directive_stream' or the 'HLS stream' pragma.
WARNING: [HLS 200-805] An internal stream 's0.33' (../src/ntt.cpp:478) with default size can result in deadlock. Please consider resizing the stream using the directive 'set_directive_stream' or the 'HLS stream' pragma.
WARNING: [HLS 200-805] An internal stream 's0.34' (../src/ntt.cpp:478) with default size can result in deadlock. Please consider resizing the stream using the directive 'set_directive_stream' or the 'HLS stream' pragma.
WARNING: [HLS 200-805] An internal stream 's0.35' (../src/ntt.cpp:478) with default size can result in deadlock. Please consider resizing the stream using the directive 'set_directive_stream' or the 'HLS stream' pragma.
WARNING: [HLS 200-805] An internal stream 's0.36' (../src/ntt.cpp:478) with default size can result in deadlock. Please consider resizing the stream using the directive 'set_directive_stream' or the 'HLS stream' pragma.
WARNING: [HLS 200-805] An internal stream 's0.37' (../src/ntt.cpp:478) with default size can result in deadlock. Please consider resizing the stream using the directive 'set_directive_stream' or the 'HLS stream' pragma.
WARNING: [HLS 200-805] An internal stream 's0.38' (../src/ntt.cpp:478) with default size can result in deadlock. Please consider resizing the stream using the directive 'set_directive_stream' or the 'HLS stream' pragma.
WARNING: [HLS 200-805] An internal stream 's0.39' (../src/ntt.cpp:478) with default size can result in deadlock. Please consider resizing the stream using the directive 'set_directive_stream' or the 'HLS stream' pragma.
WARNING: [HLS 200-805] An internal stream 's0.40' (../src/ntt.cpp:478) with default size can result in deadlock. Please consider resizing the stream using the directive 'set_directive_stream' or the 'HLS stream' pragma.
WARNING: [HLS 200-805] An internal stream 's0.41' (../src/ntt.cpp:478) with default size can result in deadlock. Please consider resizing the stream using the directive 'set_directive_stream' or the 'HLS stream' pragma.
WARNING: [HLS 200-805] An internal stream 's0.42' (../src/ntt.cpp:478) with default size can result in deadlock. Please consider resizing the stream using the directive 'set_directive_stream' or the 'HLS stream' pragma.
WARNING: [HLS 200-805] An internal stream 's0.43' (../src/ntt.cpp:478) with default size can result in deadlock. Please consider resizing the stream using the directive 'set_directive_stream' or the 'HLS stream' pragma.
WARNING: [HLS 200-805] An internal stream 's0.44' (../src/ntt.cpp:478) with default size can result in deadlock. Please consider resizing the stream using the directive 'set_directive_stream' or the 'HLS stream' pragma.
WARNING: [HLS 200-805] An internal stream 's0.45' (../src/ntt.cpp:478) with default size can result in deadlock. Please consider resizing the stream using the directive 'set_directive_stream' or the 'HLS stream' pragma.
WARNING: [HLS 200-805] An internal stream 's0.46' (../src/ntt.cpp:478) with default size can result in deadlock. Please consider resizing the stream using the directive 'set_directive_stream' or the 'HLS stream' pragma.
WARNING: [HLS 200-805] An internal stream 's0.47' (../src/ntt.cpp:478) with default size can result in deadlock. Please consider resizing the stream using the directive 'set_directive_stream' or the 'HLS stream' pragma.
WARNING: [HLS 200-805] An internal stream 's0.48' (../src/ntt.cpp:478) with default size can result in deadlock. Please consider resizing the stream using the directive 'set_directive_stream' or the 'HLS stream' pragma.
WARNING: [HLS 200-805] An internal stream 's0.49' (../src/ntt.cpp:478) with default size can result in deadlock. Please consider resizing the stream using the directive 'set_directive_stream' or the 'HLS stream' pragma.
WARNING: [HLS 200-805] An internal stream 's0.50' (../src/ntt.cpp:478) with default size can result in deadlock. Please consider resizing the stream using the directive 'set_directive_stream' or the 'HLS stream' pragma.
WARNING: [HLS 200-805] An internal stream 's0.51' (../src/ntt.cpp:478) with default size can result in deadlock. Please consider resizing the stream using the directive 'set_directive_stream' or the 'HLS stream' pragma.
WARNING: [HLS 200-805] An internal stream 's0.52' (../src/ntt.cpp:478) with default size can result in deadlock. Please consider resizing the stream using the directive 'set_directive_stream' or the 'HLS stream' pragma.
WARNING: [HLS 200-805] An internal stream 's0.53' (../src/ntt.cpp:478) with default size can result in deadlock. Please consider resizing the stream using the directive 'set_directive_stream' or the 'HLS stream' pragma.
WARNING: [HLS 200-805] An internal stream 's0.54' (../src/ntt.cpp:478) with default size can result in deadlock. Please consider resizing the stream using the directive 'set_directive_stream' or the 'HLS stream' pragma.
WARNING: [HLS 200-805] An internal stream 's0.55' (../src/ntt.cpp:478) with default size can result in deadlock. Please consider resizing the stream using the directive 'set_directive_stream' or the 'HLS stream' pragma.
WARNING: [HLS 200-805] An internal stream 's0.56' (../src/ntt.cpp:478) with default size can result in deadlock. Please consider resizing the stream using the directive 'set_directive_stream' or the 'HLS stream' pragma.
WARNING: [HLS 200-805] An internal stream 's0.57' (../src/ntt.cpp:478) with default size can result in deadlock. Please consider resizing the stream using the directive 'set_directive_stream' or the 'HLS stream' pragma.
WARNING: [HLS 200-805] An internal stream 's0.58' (../src/ntt.cpp:478) with default size can result in deadlock. Please consider resizing the stream using the directive 'set_directive_stream' or the 'HLS stream' pragma.
WARNING: [HLS 200-805] An internal stream 's0.59' (../src/ntt.cpp:478) with default size can result in deadlock. Please consider resizing the stream using the directive 'set_directive_stream' or the 'HLS stream' pragma.
WARNING: [HLS 200-805] An internal stream 's0.60' (../src/ntt.cpp:478) with default size can result in deadlock. Please consider resizing the stream using the directive 'set_directive_stream' or the 'HLS stream' pragma.
WARNING: [HLS 200-805] An internal stream 's0.61' (../src/ntt.cpp:478) with default size can result in deadlock. Please consider resizing the stream using the directive 'set_directive_stream' or the 'HLS stream' pragma.
WARNING: [HLS 200-805] An internal stream 's0.62' (../src/ntt.cpp:478) with default size can result in deadlock. Please consider resizing the stream using the directive 'set_directive_stream' or the 'HLS stream' pragma.
WARNING: [HLS 200-805] An internal stream 's0.63' (../src/ntt.cpp:478) with default size can result in deadlock. Please consider resizing the stream using the directive 'set_directive_stream' or the 'HLS stream' pragma.
WARNING: [HLS 200-805] An internal stream 's1' (../src/ntt.cpp:479) with default size can result in deadlock. Please consider resizing the stream using the directive 'set_directive_stream' or the 'HLS stream' pragma.
WARNING: [HLS 200-805] An internal stream 's1.1' (../src/ntt.cpp:479) with default size can result in deadlock. Please consider resizing the stream using the directive 'set_directive_stream' or the 'HLS stream' pragma.
WARNING: [HLS 200-805] An internal stream 's1.2' (../src/ntt.cpp:479) with default size can result in deadlock. Please consider resizing the stream using the directive 'set_directive_stream' or the 'HLS stream' pragma.
WARNING: [HLS 200-805] An internal stream 's1.3' (../src/ntt.cpp:479) with default size can result in deadlock. Please consider resizing the stream using the directive 'set_directive_stream' or the 'HLS stream' pragma.
WARNING: [HLS 200-805] An internal stream 's1.4' (../src/ntt.cpp:479) with default size can result in deadlock. Please consider resizing the stream using the directive 'set_directive_stream' or the 'HLS stream' pragma.
WARNING: [HLS 200-805] An internal stream 's1.5' (../src/ntt.cpp:479) with default size can result in deadlock. Please consider resizing the stream using the directive 'set_directive_stream' or the 'HLS stream' pragma.
WARNING: [HLS 200-805] An internal stream 's1.6' (../src/ntt.cpp:479) with default size can result in deadlock. Please consider resizing the stream using the directive 'set_directive_stream' or the 'HLS stream' pragma.
WARNING: [HLS 200-805] An internal stream 's1.7' (../src/ntt.cpp:479) with default size can result in deadlock. Please consider resizing the stream using the directive 'set_directive_stream' or the 'HLS stream' pragma.
WARNING: [HLS 200-805] An internal stream 's1.8' (../src/ntt.cpp:479) with default size can result in deadlock. Please consider resizing the stream using the directive 'set_directive_stream' or the 'HLS stream' pragma.
WARNING: [HLS 200-805] An internal stream 's1.9' (../src/ntt.cpp:479) with default size can result in deadlock. Please consider resizing the stream using the directive 'set_directive_stream' or the 'HLS stream' pragma.
WARNING: [HLS 200-805] An internal stream 's1.10' (../src/ntt.cpp:479) with default size can result in deadlock. Please consider resizing the stream using the directive 'set_directive_stream' or the 'HLS stream' pragma.
WARNING: [HLS 200-805] An internal stream 's1.11' (../src/ntt.cpp:479) with default size can result in deadlock. Please consider resizing the stream using the directive 'set_directive_stream' or the 'HLS stream' pragma.
WARNING: [HLS 200-805] An internal stream 's1.12' (../src/ntt.cpp:479) with default size can result in deadlock. Please consider resizing the stream using the directive 'set_directive_stream' or the 'HLS stream' pragma.
WARNING: [HLS 200-805] An internal stream 's1.13' (../src/ntt.cpp:479) with default size can result in deadlock. Please consider resizing the stream using the directive 'set_directive_stream' or the 'HLS stream' pragma.
WARNING: [HLS 200-805] An internal stream 's1.14' (../src/ntt.cpp:479) with default size can result in deadlock. Please consider resizing the stream using the directive 'set_directive_stream' or the 'HLS stream' pragma.
WARNING: [HLS 200-805] An internal stream 's1.15' (../src/ntt.cpp:479) with default size can result in deadlock. Please consider resizing the stream using the directive 'set_directive_stream' or the 'HLS stream' pragma.
WARNING: [HLS 200-805] An internal stream 's1.16' (../src/ntt.cpp:479) with default size can result in deadlock. Please consider resizing the stream using the directive 'set_directive_stream' or the 'HLS stream' pragma.
WARNING: [HLS 200-805] An internal stream 's1.17' (../src/ntt.cpp:479) with default size can result in deadlock. Please consider resizing the stream using the directive 'set_directive_stream' or the 'HLS stream' pragma.
WARNING: [HLS 200-805] An internal stream 's1.18' (../src/ntt.cpp:479) with default size can result in deadlock. Please consider resizing the stream using the directive 'set_directive_stream' or the 'HLS stream' pragma.
WARNING: [HLS 200-805] An internal stream 's1.19' (../src/ntt.cpp:479) with default size can result in deadlock. Please consider resizing the stream using the directive 'set_directive_stream' or the 'HLS stream' pragma.
WARNING: [HLS 200-805] An internal stream 's1.20' (../src/ntt.cpp:479) with default size can result in deadlock. Please consider resizing the stream using the directive 'set_directive_stream' or the 'HLS stream' pragma.
WARNING: [HLS 200-805] An internal stream 's1.21' (../src/ntt.cpp:479) with default size can result in deadlock. Please consider resizing the stream using the directive 'set_directive_stream' or the 'HLS stream' pragma.
WARNING: [HLS 200-805] An internal stream 's1.22' (../src/ntt.cpp:479) with default size can result in deadlock. Please consider resizing the stream using the directive 'set_directive_stream' or the 'HLS stream' pragma.
WARNING: [HLS 200-805] An internal stream 's1.23' (../src/ntt.cpp:479) with default size can result in deadlock. Please consider resizing the stream using the directive 'set_directive_stream' or the 'HLS stream' pragma.
WARNING: [HLS 200-805] An internal stream 's1.24' (../src/ntt.cpp:479) with default size can result in deadlock. Please consider resizing the stream using the directive 'set_directive_stream' or the 'HLS stream' pragma.
WARNING: [HLS 200-805] An internal stream 's1.25' (../src/ntt.cpp:479) with default size can result in deadlock. Please consider resizing the stream using the directive 'set_directive_stream' or the 'HLS stream' pragma.
WARNING: [HLS 200-805] An internal stream 's1.26' (../src/ntt.cpp:479) with default size can result in deadlock. Please consider resizing the stream using the directive 'set_directive_stream' or the 'HLS stream' pragma.
WARNING: [HLS 200-805] An internal stream 's1.27' (../src/ntt.cpp:479) with default size can result in deadlock. Please consider resizing the stream using the directive 'set_directive_stream' or the 'HLS stream' pragma.
WARNING: [HLS 200-805] An internal stream 's1.28' (../src/ntt.cpp:479) with default size can result in deadlock. Please consider resizing the stream using the directive 'set_directive_stream' or the 'HLS stream' pragma.
WARNING: [HLS 200-805] An internal stream 's1.29' (../src/ntt.cpp:479) with default size can result in deadlock. Please consider resizing the stream using the directive 'set_directive_stream' or the 'HLS stream' pragma.
WARNING: [HLS 200-805] An internal stream 's1.30' (../src/ntt.cpp:479) with default size can result in deadlock. Please consider resizing the stream using the directive 'set_directive_stream' or the 'HLS stream' pragma.
WARNING: [HLS 200-805] An internal stream 's1.31' (../src/ntt.cpp:479) with default size can result in deadlock. Please consider resizing the stream using the directive 'set_directive_stream' or the 'HLS stream' pragma.
WARNING: [HLS 200-805] An internal stream 's1.32' (../src/ntt.cpp:479) with default size can result in deadlock. Please consider resizing the stream using the directive 'set_directive_stream' or the 'HLS stream' pragma.
WARNING: [HLS 200-805] An internal stream 's1.33' (../src/ntt.cpp:479) with default size can result in deadlock. Please consider resizing the stream using the directive 'set_directive_stream' or the 'HLS stream' pragma.
WARNING: [HLS 200-805] An internal stream 's1.34' (../src/ntt.cpp:479) with default size can result in deadlock. Please consider resizing the stream using the directive 'set_directive_stream' or the 'HLS stream' pragma.
WARNING: [HLS 200-805] An internal stream 's1.35' (../src/ntt.cpp:479) with default size can result in deadlock. Please consider resizing the stream using the directive 'set_directive_stream' or the 'HLS stream' pragma.
WARNING: [HLS 200-805] An internal stream 's1.36' (../src/ntt.cpp:479) with default size can result in deadlock. Please consider resizing the stream using the directive 'set_directive_stream' or the 'HLS stream' pragma.
WARNING: [HLS 200-805] An internal stream 's1.37' (../src/ntt.cpp:479) with default size can result in deadlock. Please consider resizing the stream using the directive 'set_directive_stream' or the 'HLS stream' pragma.
WARNING: [HLS 200-805] An internal stream 's1.38' (../src/ntt.cpp:479) with default size can result in deadlock. Please consider resizing the stream using the directive 'set_directive_stream' or the 'HLS stream' pragma.
WARNING: [HLS 200-805] An internal stream 's1.39' (../src/ntt.cpp:479) with default size can result in deadlock. Please consider resizing the stream using the directive 'set_directive_stream' or the 'HLS stream' pragma.
WARNING: [HLS 200-805] An internal stream 's1.40' (../src/ntt.cpp:479) with default size can result in deadlock. Please consider resizing the stream using the directive 'set_directive_stream' or the 'HLS stream' pragma.
WARNING: [HLS 200-805] An internal stream 's1.41' (../src/ntt.cpp:479) with default size can result in deadlock. Please consider resizing the stream using the directive 'set_directive_stream' or the 'HLS stream' pragma.
WARNING: [HLS 200-805] An internal stream 's1.42' (../src/ntt.cpp:479) with default size can result in deadlock. Please consider resizing the stream using the directive 'set_directive_stream' or the 'HLS stream' pragma.
WARNING: [HLS 200-805] An internal stream 's1.43' (../src/ntt.cpp:479) with default size can result in deadlock. Please consider resizing the stream using the directive 'set_directive_stream' or the 'HLS stream' pragma.
WARNING: [HLS 200-805] An internal stream 's1.44' (../src/ntt.cpp:479) with default size can result in deadlock. Please consider resizing the stream using the directive 'set_directive_stream' or the 'HLS stream' pragma.
WARNING: [HLS 200-805] An internal stream 's1.45' (../src/ntt.cpp:479) with default size can result in deadlock. Please consider resizing the stream using the directive 'set_directive_stream' or the 'HLS stream' pragma.
WARNING: [HLS 200-805] An internal stream 's1.46' (../src/ntt.cpp:479) with default size can result in deadlock. Please consider resizing the stream using the directive 'set_directive_stream' or the 'HLS stream' pragma.
WARNING: [HLS 200-805] An internal stream 's1.47' (../src/ntt.cpp:479) with default size can result in deadlock. Please consider resizing the stream using the directive 'set_directive_stream' or the 'HLS stream' pragma.
WARNING: [HLS 200-805] An internal stream 's1.48' (../src/ntt.cpp:479) with default size can result in deadlock. Please consider resizing the stream using the directive 'set_directive_stream' or the 'HLS stream' pragma.
WARNING: [HLS 200-805] An internal stream 's1.49' (../src/ntt.cpp:479) with default size can result in deadlock. Please consider resizing the stream using the directive 'set_directive_stream' or the 'HLS stream' pragma.
WARNING: [HLS 200-805] An internal stream 's1.50' (../src/ntt.cpp:479) with default size can result in deadlock. Please consider resizing the stream using the directive 'set_directive_stream' or the 'HLS stream' pragma.
WARNING: [HLS 200-805] An internal stream 's1.51' (../src/ntt.cpp:479) with default size can result in deadlock. Please consider resizing the stream using the directive 'set_directive_stream' or the 'HLS stream' pragma.
WARNING: [HLS 200-805] An internal stream 's1.52' (../src/ntt.cpp:479) with default size can result in deadlock. Please consider resizing the stream using the directive 'set_directive_stream' or the 'HLS stream' pragma.
WARNING: [HLS 200-805] An internal stream 's1.53' (../src/ntt.cpp:479) with default size can result in deadlock. Please consider resizing the stream using the directive 'set_directive_stream' or the 'HLS stream' pragma.
WARNING: [HLS 200-805] An internal stream 's1.54' (../src/ntt.cpp:479) with default size can result in deadlock. Please consider resizing the stream using the directive 'set_directive_stream' or the 'HLS stream' pragma.
WARNING: [HLS 200-805] An internal stream 's1.55' (../src/ntt.cpp:479) with default size can result in deadlock. Please consider resizing the stream using the directive 'set_directive_stream' or the 'HLS stream' pragma.
WARNING: [HLS 200-805] An internal stream 's1.56' (../src/ntt.cpp:479) with default size can result in deadlock. Please consider resizing the stream using the directive 'set_directive_stream' or the 'HLS stream' pragma.
WARNING: [HLS 200-805] An internal stream 's1.57' (../src/ntt.cpp:479) with default size can result in deadlock. Please consider resizing the stream using the directive 'set_directive_stream' or the 'HLS stream' pragma.
WARNING: [HLS 200-805] An internal stream 's1.58' (../src/ntt.cpp:479) with default size can result in deadlock. Please consider resizing the stream using the directive 'set_directive_stream' or the 'HLS stream' pragma.
WARNING: [HLS 200-805] An internal stream 's1.59' (../src/ntt.cpp:479) with default size can result in deadlock. Please consider resizing the stream using the directive 'set_directive_stream' or the 'HLS stream' pragma.
WARNING: [HLS 200-805] An internal stream 's1.60' (../src/ntt.cpp:479) with default size can result in deadlock. Please consider resizing the stream using the directive 'set_directive_stream' or the 'HLS stream' pragma.
WARNING: [HLS 200-805] An internal stream 's1.61' (../src/ntt.cpp:479) with default size can result in deadlock. Please consider resizing the stream using the directive 'set_directive_stream' or the 'HLS stream' pragma.
WARNING: [HLS 200-805] An internal stream 's1.62' (../src/ntt.cpp:479) with default size can result in deadlock. Please consider resizing the stream using the directive 'set_directive_stream' or the 'HLS stream' pragma.
WARNING: [HLS 200-805] An internal stream 's1.63' (../src/ntt.cpp:479) with default size can result in deadlock. Please consider resizing the stream using the directive 'set_directive_stream' or the 'HLS stream' pragma.
WARNING: [HLS 200-805] An internal stream 's2' (../src/ntt.cpp:480) with default size can result in deadlock. Please consider resizing the stream using the directive 'set_directive_stream' or the 'HLS stream' pragma.
WARNING: [HLS 200-805] An internal stream 's2.1' (../src/ntt.cpp:480) with default size can result in deadlock. Please consider resizing the stream using the directive 'set_directive_stream' or the 'HLS stream' pragma.
WARNING: [HLS 200-805] An internal stream 's2.2' (../src/ntt.cpp:480) with default size can result in deadlock. Please consider resizing the stream using the directive 'set_directive_stream' or the 'HLS stream' pragma.
WARNING: [HLS 200-805] An internal stream 's2.3' (../src/ntt.cpp:480) with default size can result in deadlock. Please consider resizing the stream using the directive 'set_directive_stream' or the 'HLS stream' pragma.
WARNING: [HLS 200-805] An internal stream 's2.4' (../src/ntt.cpp:480) with default size can result in deadlock. Please consider resizing the stream using the directive 'set_directive_stream' or the 'HLS stream' pragma.
WARNING: [HLS 200-805] An internal stream 's2.5' (../src/ntt.cpp:480) with default size can result in deadlock. Please consider resizing the stream using the directive 'set_directive_stream' or the 'HLS stream' pragma.
WARNING: [HLS 200-805] An internal stream 's2.6' (../src/ntt.cpp:480) with default size can result in deadlock. Please consider resizing the stream using the directive 'set_directive_stream' or the 'HLS stream' pragma.
WARNING: [HLS 200-805] An internal stream 's2.7' (../src/ntt.cpp:480) with default size can result in deadlock. Please consider resizing the stream using the directive 'set_directive_stream' or the 'HLS stream' pragma.
WARNING: [HLS 200-805] An internal stream 's2.8' (../src/ntt.cpp:480) with default size can result in deadlock. Please consider resizing the stream using the directive 'set_directive_stream' or the 'HLS stream' pragma.
WARNING: [HLS 200-805] An internal stream 's2.9' (../src/ntt.cpp:480) with default size can result in deadlock. Please consider resizing the stream using the directive 'set_directive_stream' or the 'HLS stream' pragma.
WARNING: [HLS 200-805] An internal stream 's2.10' (../src/ntt.cpp:480) with default size can result in deadlock. Please consider resizing the stream using the directive 'set_directive_stream' or the 'HLS stream' pragma.
WARNING: [HLS 200-805] An internal stream 's2.11' (../src/ntt.cpp:480) with default size can result in deadlock. Please consider resizing the stream using the directive 'set_directive_stream' or the 'HLS stream' pragma.
WARNING: [HLS 200-805] An internal stream 's2.12' (../src/ntt.cpp:480) with default size can result in deadlock. Please consider resizing the stream using the directive 'set_directive_stream' or the 'HLS stream' pragma.
WARNING: [HLS 200-805] An internal stream 's2.13' (../src/ntt.cpp:480) with default size can result in deadlock. Please consider resizing the stream using the directive 'set_directive_stream' or the 'HLS stream' pragma.
WARNING: [HLS 200-805] An internal stream 's2.14' (../src/ntt.cpp:480) with default size can result in deadlock. Please consider resizing the stream using the directive 'set_directive_stream' or the 'HLS stream' pragma.
WARNING: [HLS 200-805] An internal stream 's2.15' (../src/ntt.cpp:480) with default size can result in deadlock. Please consider resizing the stream using the directive 'set_directive_stream' or the 'HLS stream' pragma.
WARNING: [HLS 200-805] An internal stream 's2.16' (../src/ntt.cpp:480) with default size can result in deadlock. Please consider resizing the stream using the directive 'set_directive_stream' or the 'HLS stream' pragma.
WARNING: [HLS 200-805] An internal stream 's2.17' (../src/ntt.cpp:480) with default size can result in deadlock. Please consider resizing the stream using the directive 'set_directive_stream' or the 'HLS stream' pragma.
WARNING: [HLS 200-805] An internal stream 's2.18' (../src/ntt.cpp:480) with default size can result in deadlock. Please consider resizing the stream using the directive 'set_directive_stream' or the 'HLS stream' pragma.
WARNING: [HLS 200-805] An internal stream 's2.19' (../src/ntt.cpp:480) with default size can result in deadlock. Please consider resizing the stream using the directive 'set_directive_stream' or the 'HLS stream' pragma.
WARNING: [HLS 200-805] An internal stream 's2.20' (../src/ntt.cpp:480) with default size can result in deadlock. Please consider resizing the stream using the directive 'set_directive_stream' or the 'HLS stream' pragma.
WARNING: [HLS 200-805] An internal stream 's2.21' (../src/ntt.cpp:480) with default size can result in deadlock. Please consider resizing the stream using the directive 'set_directive_stream' or the 'HLS stream' pragma.
WARNING: [HLS 200-805] An internal stream 's2.22' (../src/ntt.cpp:480) with default size can result in deadlock. Please consider resizing the stream using the directive 'set_directive_stream' or the 'HLS stream' pragma.
WARNING: [HLS 200-805] An internal stream 's2.23' (../src/ntt.cpp:480) with default size can result in deadlock. Please consider resizing the stream using the directive 'set_directive_stream' or the 'HLS stream' pragma.
WARNING: [HLS 200-805] An internal stream 's2.24' (../src/ntt.cpp:480) with default size can result in deadlock. Please consider resizing the stream using the directive 'set_directive_stream' or the 'HLS stream' pragma.
WARNING: [HLS 200-805] An internal stream 's2.25' (../src/ntt.cpp:480) with default size can result in deadlock. Please consider resizing the stream using the directive 'set_directive_stream' or the 'HLS stream' pragma.
WARNING: [HLS 200-805] An internal stream 's2.26' (../src/ntt.cpp:480) with default size can result in deadlock. Please consider resizing the stream using the directive 'set_directive_stream' or the 'HLS stream' pragma.
WARNING: [HLS 200-805] An internal stream 's2.27' (../src/ntt.cpp:480) with default size can result in deadlock. Please consider resizing the stream using the directive 'set_directive_stream' or the 'HLS stream' pragma.
WARNING: [HLS 200-805] An internal stream 's2.28' (../src/ntt.cpp:480) with default size can result in deadlock. Please consider resizing the stream using the directive 'set_directive_stream' or the 'HLS stream' pragma.
WARNING: [HLS 200-805] An internal stream 's2.29' (../src/ntt.cpp:480) with default size can result in deadlock. Please consider resizing the stream using the directive 'set_directive_stream' or the 'HLS stream' pragma.
WARNING: [HLS 200-805] An internal stream 's2.30' (../src/ntt.cpp:480) with default size can result in deadlock. Please consider resizing the stream using the directive 'set_directive_stream' or the 'HLS stream' pragma.
WARNING: [HLS 200-805] An internal stream 's2.31' (../src/ntt.cpp:480) with default size can result in deadlock. Please consider resizing the stream using the directive 'set_directive_stream' or the 'HLS stream' pragma.
WARNING: [HLS 200-805] An internal stream 's2.32' (../src/ntt.cpp:480) with default size can result in deadlock. Please consider resizing the stream using the directive 'set_directive_stream' or the 'HLS stream' pragma.
WARNING: [HLS 200-805] An internal stream 's2.33' (../src/ntt.cpp:480) with default size can result in deadlock. Please consider resizing the stream using the directive 'set_directive_stream' or the 'HLS stream' pragma.
WARNING: [HLS 200-805] An internal stream 's2.34' (../src/ntt.cpp:480) with default size can result in deadlock. Please consider resizing the stream using the directive 'set_directive_stream' or the 'HLS stream' pragma.
WARNING: [HLS 200-805] An internal stream 's2.35' (../src/ntt.cpp:480) with default size can result in deadlock. Please consider resizing the stream using the directive 'set_directive_stream' or the 'HLS stream' pragma.
WARNING: [HLS 200-805] An internal stream 's2.36' (../src/ntt.cpp:480) with default size can result in deadlock. Please consider resizing the stream using the directive 'set_directive_stream' or the 'HLS stream' pragma.
WARNING: [HLS 200-805] An internal stream 's2.37' (../src/ntt.cpp:480) with default size can result in deadlock. Please consider resizing the stream using the directive 'set_directive_stream' or the 'HLS stream' pragma.
WARNING: [HLS 200-805] An internal stream 's2.38' (../src/ntt.cpp:480) with default size can result in deadlock. Please consider resizing the stream using the directive 'set_directive_stream' or the 'HLS stream' pragma.
WARNING: [HLS 200-805] An internal stream 's2.39' (../src/ntt.cpp:480) with default size can result in deadlock. Please consider resizing the stream using the directive 'set_directive_stream' or the 'HLS stream' pragma.
WARNING: [HLS 200-805] An internal stream 's2.40' (../src/ntt.cpp:480) with default size can result in deadlock. Please consider resizing the stream using the directive 'set_directive_stream' or the 'HLS stream' pragma.
WARNING: [HLS 200-805] An internal stream 's2.41' (../src/ntt.cpp:480) with default size can result in deadlock. Please consider resizing the stream using the directive 'set_directive_stream' or the 'HLS stream' pragma.
WARNING: [HLS 200-805] An internal stream 's2.42' (../src/ntt.cpp:480) with default size can result in deadlock. Please consider resizing the stream using the directive 'set_directive_stream' or the 'HLS stream' pragma.
WARNING: [HLS 200-805] An internal stream 's2.43' (../src/ntt.cpp:480) with default size can result in deadlock. Please consider resizing the stream using the directive 'set_directive_stream' or the 'HLS stream' pragma.
WARNING: [HLS 200-805] An internal stream 's2.44' (../src/ntt.cpp:480) with default size can result in deadlock. Please consider resizing the stream using the directive 'set_directive_stream' or the 'HLS stream' pragma.
WARNING: [HLS 200-805] An internal stream 's2.45' (../src/ntt.cpp:480) with default size can result in deadlock. Please consider resizing the stream using the directive 'set_directive_stream' or the 'HLS stream' pragma.
WARNING: [HLS 200-805] An internal stream 's2.46' (../src/ntt.cpp:480) with default size can result in deadlock. Please consider resizing the stream using the directive 'set_directive_stream' or the 'HLS stream' pragma.
WARNING: [HLS 200-805] An internal stream 's2.47' (../src/ntt.cpp:480) with default size can result in deadlock. Please consider resizing the stream using the directive 'set_directive_stream' or the 'HLS stream' pragma.
WARNING: [HLS 200-805] An internal stream 's2.48' (../src/ntt.cpp:480) with default size can result in deadlock. Please consider resizing the stream using the directive 'set_directive_stream' or the 'HLS stream' pragma.
WARNING: [HLS 200-805] An internal stream 's2.49' (../src/ntt.cpp:480) with default size can result in deadlock. Please consider resizing the stream using the directive 'set_directive_stream' or the 'HLS stream' pragma.
WARNING: [HLS 200-805] An internal stream 's2.50' (../src/ntt.cpp:480) with default size can result in deadlock. Please consider resizing the stream using the directive 'set_directive_stream' or the 'HLS stream' pragma.
WARNING: [HLS 200-805] An internal stream 's2.51' (../src/ntt.cpp:480) with default size can result in deadlock. Please consider resizing the stream using the directive 'set_directive_stream' or the 'HLS stream' pragma.
WARNING: [HLS 200-805] An internal stream 's2.52' (../src/ntt.cpp:480) with default size can result in deadlock. Please consider resizing the stream using the directive 'set_directive_stream' or the 'HLS stream' pragma.
WARNING: [HLS 200-805] An internal stream 's2.53' (../src/ntt.cpp:480) with default size can result in deadlock. Please consider resizing the stream using the directive 'set_directive_stream' or the 'HLS stream' pragma.
WARNING: [HLS 200-805] An internal stream 's2.54' (../src/ntt.cpp:480) with default size can result in deadlock. Please consider resizing the stream using the directive 'set_directive_stream' or the 'HLS stream' pragma.
WARNING: [HLS 200-805] An internal stream 's2.55' (../src/ntt.cpp:480) with default size can result in deadlock. Please consider resizing the stream using the directive 'set_directive_stream' or the 'HLS stream' pragma.
WARNING: [HLS 200-805] An internal stream 's2.56' (../src/ntt.cpp:480) with default size can result in deadlock. Please consider resizing the stream using the directive 'set_directive_stream' or the 'HLS stream' pragma.
WARNING: [HLS 200-805] An internal stream 's2.57' (../src/ntt.cpp:480) with default size can result in deadlock. Please consider resizing the stream using the directive 'set_directive_stream' or the 'HLS stream' pragma.
WARNING: [HLS 200-805] An internal stream 's2.58' (../src/ntt.cpp:480) with default size can result in deadlock. Please consider resizing the stream using the directive 'set_directive_stream' or the 'HLS stream' pragma.
WARNING: [HLS 200-805] An internal stream 's2.59' (../src/ntt.cpp:480) with default size can result in deadlock. Please consider resizing the stream using the directive 'set_directive_stream' or the 'HLS stream' pragma.
WARNING: [HLS 200-805] An internal stream 's2.60' (../src/ntt.cpp:480) with default size can result in deadlock. Please consider resizing the stream using the directive 'set_directive_stream' or the 'HLS stream' pragma.
WARNING: [HLS 200-805] An internal stream 's2.61' (../src/ntt.cpp:480) with default size can result in deadlock. Please consider resizing the stream using the directive 'set_directive_stream' or the 'HLS stream' pragma.
WARNING: [HLS 200-805] An internal stream 's2.62' (../src/ntt.cpp:480) with default size can result in deadlock. Please consider resizing the stream using the directive 'set_directive_stream' or the 'HLS stream' pragma.
WARNING: [HLS 200-805] An internal stream 's2.63' (../src/ntt.cpp:480) with default size can result in deadlock. Please consider resizing the stream using the directive 'set_directive_stream' or the 'HLS stream' pragma.
INFO: [XFORM 203-712] Applying dataflow to function 'dataflow_in_loop_VITIS_LOOP_433_1' (../src/ntt.cpp:439:2), detected/extracted 1 process function(s): 
	 'ntt_2_12_serial'.
INFO: [XFORM 203-712] Applying dataflow to function 'ntt_2_24_pass.752.1' (../src/ntt.cpp:478:5), detected/extracted 38 process function(s): 
	 'entry_proc'
	 'ntt_2_24_pass.752.1_Block_entry_proc'
	 'mm2s'
	 'mm2s.2'
	 'mm2s.3'
	 'mm2s.4'
	 'mm2s.5'
	 'mm2s.6'
	 'mm2s.7'
	 'mm2s.8'
	 'mm2s.9'
	 'mm2s.10'
	 'mm2s.11'
	 'mm2s.12'
	 'mm2s.13'
	 'mm2s.14'
	 'mm2s.15'
	 'mm2s.16'
	 'xor_permute_spatial_4096x4096'
	 'ntt_2_12_4096x4096'
	 'twiddle_mul_4096x4096'
	 'xor_permute_spatial_4096x4096.1'
	 's2mm'
	 's2mm.17'
	 's2mm.18'
	 's2mm.19'
	 's2mm.20'
	 's2mm.21'
	 's2mm.22'
	 's2mm.23'
	 's2mm.24'
	 's2mm.25'
	 's2mm.26'
	 's2mm.27'
	 's2mm.28'
	 's2mm.29'
	 's2mm.30'
	 's2mm.31'.
INFO: [XFORM 203-401] Performing if-conversion on hyperblock from (../src/ntt.cpp:456:9) to (../src/ntt.cpp:450:31) in function 'twiddle_mul_4096x4096'... converting 3 basic blocks.
INFO: [XFORM 203-401] Performing if-conversion on hyperblock from (../src/ntt.cpp:405:9) to (../src/ntt.cpp:403:31) in function 's2mm.31'... converting 4 basic blocks.
INFO: [XFORM 203-401] Performing if-conversion on hyperblock from (../src/ntt.cpp:405:9) to (../src/ntt.cpp:403:31) in function 's2mm.30'... converting 4 basic blocks.
INFO: [XFORM 203-401] Performing if-conversion on hyperblock from (../src/ntt.cpp:405:9) to (../src/ntt.cpp:403:31) in function 's2mm.29'... converting 4 basic blocks.
INFO: [XFORM 203-401] Performing if-conversion on hyperblock from (../src/ntt.cpp:405:9) to (../src/ntt.cpp:403:31) in function 's2mm.28'... converting 4 basic blocks.
INFO: [XFORM 203-401] Performing if-conversion on hyperblock from (../src/ntt.cpp:405:9) to (../src/ntt.cpp:403:31) in function 's2mm.27'... converting 4 basic blocks.
INFO: [XFORM 203-401] Performing if-conversion on hyperblock from (../src/ntt.cpp:405:9) to (../src/ntt.cpp:403:31) in function 's2mm.26'... converting 4 basic blocks.
INFO: [XFORM 203-401] Performing if-conversion on hyperblock from (../src/ntt.cpp:405:9) to (../src/ntt.cpp:403:31) in function 's2mm.25'... converting 4 basic blocks.
INFO: [XFORM 203-401] Performing if-conversion on hyperblock from (../src/ntt.cpp:405:9) to (../src/ntt.cpp:403:31) in function 's2mm.24'... converting 4 basic blocks.
INFO: [XFORM 203-401] Performing if-conversion on hyperblock from (../src/ntt.cpp:405:9) to (../src/ntt.cpp:403:31) in function 's2mm.23'... converting 4 basic blocks.
INFO: [XFORM 203-401] Performing if-conversion on hyperblock from (../src/ntt.cpp:405:9) to (../src/ntt.cpp:403:31) in function 's2mm.22'... converting 4 basic blocks.
INFO: [XFORM 203-401] Performing if-conversion on hyperblock from (../src/ntt.cpp:405:9) to (../src/ntt.cpp:403:31) in function 's2mm.21'... converting 4 basic blocks.
INFO: [XFORM 203-401] Performing if-conversion on hyperblock from (../src/ntt.cpp:405:9) to (../src/ntt.cpp:403:31) in function 's2mm.20'... converting 4 basic blocks.
INFO: [XFORM 203-401] Performing if-conversion on hyperblock from (../src/ntt.cpp:405:9) to (../src/ntt.cpp:403:31) in function 's2mm.19'... converting 4 basic blocks.
INFO: [XFORM 203-401] Performing if-conversion on hyperblock from (../src/ntt.cpp:405:9) to (../src/ntt.cpp:403:31) in function 's2mm.18'... converting 4 basic blocks.
INFO: [XFORM 203-401] Performing if-conversion on hyperblock from (../src/ntt.cpp:405:9) to (../src/ntt.cpp:403:31) in function 's2mm.17'... converting 4 basic blocks.
INFO: [XFORM 203-401] Performing if-conversion on hyperblock from (../src/ntt.cpp:405:9) to (../src/ntt.cpp:403:31) in function 's2mm'... converting 4 basic blocks.
INFO: [XFORM 203-401] Performing if-conversion on hyperblock from (../src/ntt.cpp:137:9) to (../src/ntt.cpp:149:1) in function 'ntt_2_6'... converting 769 basic blocks.
INFO: [XFORM 203-401] Performing if-conversion on hyperblock from (../src/ntt.cpp:81:24) to (../src/ntt.cpp:87:1) in function 'mult'... converting 5 basic blocks.
INFO: [XFORM 203-401] Performing if-conversion on hyperblock from (../src/ntt.cpp:369:9) to (../src/ntt.cpp:367:31) in function 'mm2s.9'... converting 4 basic blocks.
INFO: [XFORM 203-401] Performing if-conversion on hyperblock from (../src/ntt.cpp:369:9) to (../src/ntt.cpp:367:31) in function 'mm2s.8'... converting 4 basic blocks.
INFO: [XFORM 203-401] Performing if-conversion on hyperblock from (../src/ntt.cpp:369:9) to (../src/ntt.cpp:367:31) in function 'mm2s.7'... converting 4 basic blocks.
INFO: [XFORM 203-401] Performing if-conversion on hyperblock from (../src/ntt.cpp:369:9) to (../src/ntt.cpp:367:31) in function 'mm2s.6'... converting 4 basic blocks.
INFO: [XFORM 203-401] Performing if-conversion on hyperblock from (../src/ntt.cpp:369:9) to (../src/ntt.cpp:367:31) in function 'mm2s.5'... converting 4 basic blocks.
INFO: [XFORM 203-401] Performing if-conversion on hyperblock from (../src/ntt.cpp:369:9) to (../src/ntt.cpp:367:31) in function 'mm2s.4'... converting 4 basic blocks.
INFO: [XFORM 203-401] Performing if-conversion on hyperblock from (../src/ntt.cpp:369:9) to (../src/ntt.cpp:367:31) in function 'mm2s.3'... converting 4 basic blocks.
INFO: [XFORM 203-401] Performing if-conversion on hyperblock from (../src/ntt.cpp:369:9) to (../src/ntt.cpp:367:31) in function 'mm2s.2'... converting 4 basic blocks.
INFO: [XFORM 203-401] Performing if-conversion on hyperblock from (../src/ntt.cpp:369:9) to (../src/ntt.cpp:367:31) in function 'mm2s.16'... converting 4 basic blocks.
INFO: [XFORM 203-401] Performing if-conversion on hyperblock from (../src/ntt.cpp:369:9) to (../src/ntt.cpp:367:31) in function 'mm2s.15'... converting 4 basic blocks.
INFO: [XFORM 203-401] Performing if-conversion on hyperblock from (../src/ntt.cpp:369:9) to (../src/ntt.cpp:367:31) in function 'mm2s.14'... converting 4 basic blocks.
INFO: [XFORM 203-401] Performing if-conversion on hyperblock from (../src/ntt.cpp:369:9) to (../src/ntt.cpp:367:31) in function 'mm2s.13'... converting 4 basic blocks.
INFO: [XFORM 203-401] Performing if-conversion on hyperblock from (../src/ntt.cpp:369:9) to (../src/ntt.cpp:367:31) in function 'mm2s.12'... converting 4 basic blocks.
INFO: [XFORM 203-401] Performing if-conversion on hyperblock from (../src/ntt.cpp:369:9) to (../src/ntt.cpp:367:31) in function 'mm2s.11'... converting 4 basic blocks.
INFO: [XFORM 203-401] Performing if-conversion on hyperblock from (../src/ntt.cpp:369:9) to (../src/ntt.cpp:367:31) in function 'mm2s.10'... converting 4 basic blocks.
INFO: [XFORM 203-401] Performing if-conversion on hyperblock from (../src/ntt.cpp:369:9) to (../src/ntt.cpp:367:31) in function 'mm2s'... converting 4 basic blocks.
INFO: [HLS 200-111] Finished Loop, function and other optimizations: CPU user time: 17.39 seconds. CPU system time: 0.2 seconds. Elapsed time: 17.6 seconds; current allocated memory: 529.035 MB.
INFO: [HLS 200-2061] Successfully converted nested loops 'VITIS_LOOP_332_1'(../src/ntt.cpp:332:23) and 'VITIS_LOOP_334_2'(../src/ntt.cpp:334:27) in function 'xor_permute_spatial_4096x4096.1' into perfectly nested loops.
INFO: [HLS 200-2061] Successfully converted nested loops 'VITIS_LOOP_309_1'(../src/ntt.cpp:309:23) and 'VITIS_LOOP_311_2'(../src/ntt.cpp:311:27) in function 'xor_permute_spatial_4096x4096' into perfectly nested loops.
INFO: [HLS 200-2061] Successfully converted nested loops 'VITIS_LOOP_448_2'(../src/ntt.cpp:448:27) and 'VITIS_LOOP_450_3'(../src/ntt.cpp:450:31) in function 'twiddle_mul_4096x4096' into perfectly nested loops.
INFO: [HLS 200-2061] Successfully converted nested loops 'VITIS_LOOP_446_1'(../src/ntt.cpp:446:23) and 'VITIS_LOOP_448_2'(../src/ntt.cpp:448:27) in function 'twiddle_mul_4096x4096' into perfectly nested loops.
INFO: [HLS 200-2061] Successfully converted nested loops 'VITIS_LOOP_401_2'(../src/ntt.cpp:401:27) and 'VITIS_LOOP_403_3'(../src/ntt.cpp:403:31) in function 's2mm.31' into perfectly nested loops.
INFO: [HLS 200-2061] Successfully converted nested loops 'VITIS_LOOP_399_1'(../src/ntt.cpp:399:20) and 'VITIS_LOOP_401_2'(../src/ntt.cpp:401:27) in function 's2mm.31' into perfectly nested loops.
INFO: [HLS 200-2061] Successfully converted nested loops 'VITIS_LOOP_401_2'(../src/ntt.cpp:401:27) and 'VITIS_LOOP_403_3'(../src/ntt.cpp:403:31) in function 's2mm.30' into perfectly nested loops.
INFO: [HLS 200-2061] Successfully converted nested loops 'VITIS_LOOP_399_1'(../src/ntt.cpp:399:20) and 'VITIS_LOOP_401_2'(../src/ntt.cpp:401:27) in function 's2mm.30' into perfectly nested loops.
INFO: [HLS 200-2061] Successfully converted nested loops 'VITIS_LOOP_401_2'(../src/ntt.cpp:401:27) and 'VITIS_LOOP_403_3'(../src/ntt.cpp:403:31) in function 's2mm.29' into perfectly nested loops.
INFO: [HLS 200-2061] Successfully converted nested loops 'VITIS_LOOP_399_1'(../src/ntt.cpp:399:20) and 'VITIS_LOOP_401_2'(../src/ntt.cpp:401:27) in function 's2mm.29' into perfectly nested loops.
INFO: [HLS 200-2061] Successfully converted nested loops 'VITIS_LOOP_401_2'(../src/ntt.cpp:401:27) and 'VITIS_LOOP_403_3'(../src/ntt.cpp:403:31) in function 's2mm.28' into perfectly nested loops.
INFO: [HLS 200-2061] Successfully converted nested loops 'VITIS_LOOP_399_1'(../src/ntt.cpp:399:20) and 'VITIS_LOOP_401_2'(../src/ntt.cpp:401:27) in function 's2mm.28' into perfectly nested loops.
INFO: [HLS 200-2061] Successfully converted nested loops 'VITIS_LOOP_401_2'(../src/ntt.cpp:401:27) and 'VITIS_LOOP_403_3'(../src/ntt.cpp:403:31) in function 's2mm.27' into perfectly nested loops.
INFO: [HLS 200-2061] Successfully converted nested loops 'VITIS_LOOP_399_1'(../src/ntt.cpp:399:20) and 'VITIS_LOOP_401_2'(../src/ntt.cpp:401:27) in function 's2mm.27' into perfectly nested loops.
INFO: [HLS 200-2061] Successfully converted nested loops 'VITIS_LOOP_401_2'(../src/ntt.cpp:401:27) and 'VITIS_LOOP_403_3'(../src/ntt.cpp:403:31) in function 's2mm.26' into perfectly nested loops.
INFO: [HLS 200-2061] Successfully converted nested loops 'VITIS_LOOP_399_1'(../src/ntt.cpp:399:20) and 'VITIS_LOOP_401_2'(../src/ntt.cpp:401:27) in function 's2mm.26' into perfectly nested loops.
INFO: [HLS 200-2061] Successfully converted nested loops 'VITIS_LOOP_401_2'(../src/ntt.cpp:401:27) and 'VITIS_LOOP_403_3'(../src/ntt.cpp:403:31) in function 's2mm.25' into perfectly nested loops.
INFO: [HLS 200-2061] Successfully converted nested loops 'VITIS_LOOP_399_1'(../src/ntt.cpp:399:20) and 'VITIS_LOOP_401_2'(../src/ntt.cpp:401:27) in function 's2mm.25' into perfectly nested loops.
INFO: [HLS 200-2061] Successfully converted nested loops 'VITIS_LOOP_401_2'(../src/ntt.cpp:401:27) and 'VITIS_LOOP_403_3'(../src/ntt.cpp:403:31) in function 's2mm.24' into perfectly nested loops.
INFO: [HLS 200-2061] Successfully converted nested loops 'VITIS_LOOP_399_1'(../src/ntt.cpp:399:20) and 'VITIS_LOOP_401_2'(../src/ntt.cpp:401:27) in function 's2mm.24' into perfectly nested loops.
INFO: [HLS 200-2061] Successfully converted nested loops 'VITIS_LOOP_401_2'(../src/ntt.cpp:401:27) and 'VITIS_LOOP_403_3'(../src/ntt.cpp:403:31) in function 's2mm.23' into perfectly nested loops.
INFO: [HLS 200-2061] Successfully converted nested loops 'VITIS_LOOP_399_1'(../src/ntt.cpp:399:20) and 'VITIS_LOOP_401_2'(../src/ntt.cpp:401:27) in function 's2mm.23' into perfectly nested loops.
INFO: [HLS 200-2061] Successfully converted nested loops 'VITIS_LOOP_401_2'(../src/ntt.cpp:401:27) and 'VITIS_LOOP_403_3'(../src/ntt.cpp:403:31) in function 's2mm.22' into perfectly nested loops.
INFO: [HLS 200-2061] Successfully converted nested loops 'VITIS_LOOP_399_1'(../src/ntt.cpp:399:20) and 'VITIS_LOOP_401_2'(../src/ntt.cpp:401:27) in function 's2mm.22' into perfectly nested loops.
INFO: [HLS 200-2061] Successfully converted nested loops 'VITIS_LOOP_401_2'(../src/ntt.cpp:401:27) and 'VITIS_LOOP_403_3'(../src/ntt.cpp:403:31) in function 's2mm.21' into perfectly nested loops.
INFO: [HLS 200-2061] Successfully converted nested loops 'VITIS_LOOP_399_1'(../src/ntt.cpp:399:20) and 'VITIS_LOOP_401_2'(../src/ntt.cpp:401:27) in function 's2mm.21' into perfectly nested loops.
INFO: [HLS 200-2061] Successfully converted nested loops 'VITIS_LOOP_401_2'(../src/ntt.cpp:401:27) and 'VITIS_LOOP_403_3'(../src/ntt.cpp:403:31) in function 's2mm.20' into perfectly nested loops.
INFO: [HLS 200-2061] Successfully converted nested loops 'VITIS_LOOP_399_1'(../src/ntt.cpp:399:20) and 'VITIS_LOOP_401_2'(../src/ntt.cpp:401:27) in function 's2mm.20' into perfectly nested loops.
INFO: [HLS 200-2061] Successfully converted nested loops 'VITIS_LOOP_401_2'(../src/ntt.cpp:401:27) and 'VITIS_LOOP_403_3'(../src/ntt.cpp:403:31) in function 's2mm.19' into perfectly nested loops.
INFO: [HLS 200-2061] Successfully converted nested loops 'VITIS_LOOP_399_1'(../src/ntt.cpp:399:20) and 'VITIS_LOOP_401_2'(../src/ntt.cpp:401:27) in function 's2mm.19' into perfectly nested loops.
INFO: [HLS 200-2061] Successfully converted nested loops 'VITIS_LOOP_401_2'(../src/ntt.cpp:401:27) and 'VITIS_LOOP_403_3'(../src/ntt.cpp:403:31) in function 's2mm.18' into perfectly nested loops.
INFO: [HLS 200-2061] Successfully converted nested loops 'VITIS_LOOP_399_1'(../src/ntt.cpp:399:20) and 'VITIS_LOOP_401_2'(../src/ntt.cpp:401:27) in function 's2mm.18' into perfectly nested loops.
INFO: [HLS 200-2061] Successfully converted nested loops 'VITIS_LOOP_401_2'(../src/ntt.cpp:401:27) and 'VITIS_LOOP_403_3'(../src/ntt.cpp:403:31) in function 's2mm.17' into perfectly nested loops.
INFO: [HLS 200-2061] Successfully converted nested loops 'VITIS_LOOP_399_1'(../src/ntt.cpp:399:20) and 'VITIS_LOOP_401_2'(../src/ntt.cpp:401:27) in function 's2mm.17' into perfectly nested loops.
INFO: [HLS 200-2061] Successfully converted nested loops 'VITIS_LOOP_401_2'(../src/ntt.cpp:401:27) and 'VITIS_LOOP_403_3'(../src/ntt.cpp:403:31) in function 's2mm' into perfectly nested loops.
INFO: [HLS 200-2061] Successfully converted nested loops 'VITIS_LOOP_399_1'(../src/ntt.cpp:399:20) and 'VITIS_LOOP_401_2'(../src/ntt.cpp:401:27) in function 's2mm' into perfectly nested loops.
INFO: [HLS 200-2061] Successfully converted nested loops 'VITIS_LOOP_363_1'(../src/ntt.cpp:363:20) and 'VITIS_LOOP_365_2'(../src/ntt.cpp:365:27) in function 'mm2s.9' into perfectly nested loops.
INFO: [HLS 200-2061] Successfully converted nested loops 'VITIS_LOOP_363_1'(../src/ntt.cpp:363:20) and 'VITIS_LOOP_365_2'(../src/ntt.cpp:365:27) in function 'mm2s.8' into perfectly nested loops.
INFO: [HLS 200-2061] Successfully converted nested loops 'VITIS_LOOP_363_1'(../src/ntt.cpp:363:20) and 'VITIS_LOOP_365_2'(../src/ntt.cpp:365:27) in function 'mm2s.7' into perfectly nested loops.
INFO: [HLS 200-2061] Successfully converted nested loops 'VITIS_LOOP_363_1'(../src/ntt.cpp:363:20) and 'VITIS_LOOP_365_2'(../src/ntt.cpp:365:27) in function 'mm2s.6' into perfectly nested loops.
INFO: [HLS 200-2061] Successfully converted nested loops 'VITIS_LOOP_363_1'(../src/ntt.cpp:363:20) and 'VITIS_LOOP_365_2'(../src/ntt.cpp:365:27) in function 'mm2s.5' into perfectly nested loops.
INFO: [HLS 200-2061] Successfully converted nested loops 'VITIS_LOOP_363_1'(../src/ntt.cpp:363:20) and 'VITIS_LOOP_365_2'(../src/ntt.cpp:365:27) in function 'mm2s.4' into perfectly nested loops.
INFO: [HLS 200-2061] Successfully converted nested loops 'VITIS_LOOP_363_1'(../src/ntt.cpp:363:20) and 'VITIS_LOOP_365_2'(../src/ntt.cpp:365:27) in function 'mm2s.3' into perfectly nested loops.
INFO: [HLS 200-2061] Successfully converted nested loops 'VITIS_LOOP_363_1'(../src/ntt.cpp:363:20) and 'VITIS_LOOP_365_2'(../src/ntt.cpp:365:27) in function 'mm2s.2' into perfectly nested loops.
INFO: [HLS 200-2061] Successfully converted nested loops 'VITIS_LOOP_363_1'(../src/ntt.cpp:363:20) and 'VITIS_LOOP_365_2'(../src/ntt.cpp:365:27) in function 'mm2s.16' into perfectly nested loops.
INFO: [HLS 200-2061] Successfully converted nested loops 'VITIS_LOOP_363_1'(../src/ntt.cpp:363:20) and 'VITIS_LOOP_365_2'(../src/ntt.cpp:365:27) in function 'mm2s.15' into perfectly nested loops.
INFO: [HLS 200-2061] Successfully converted nested loops 'VITIS_LOOP_363_1'(../src/ntt.cpp:363:20) and 'VITIS_LOOP_365_2'(../src/ntt.cpp:365:27) in function 'mm2s.14' into perfectly nested loops.
INFO: [HLS 200-2061] Successfully converted nested loops 'VITIS_LOOP_363_1'(../src/ntt.cpp:363:20) and 'VITIS_LOOP_365_2'(../src/ntt.cpp:365:27) in function 'mm2s.13' into perfectly nested loops.
INFO: [HLS 200-2061] Successfully converted nested loops 'VITIS_LOOP_363_1'(../src/ntt.cpp:363:20) and 'VITIS_LOOP_365_2'(../src/ntt.cpp:365:27) in function 'mm2s.12' into perfectly nested loops.
INFO: [HLS 200-2061] Successfully converted nested loops 'VITIS_LOOP_363_1'(../src/ntt.cpp:363:20) and 'VITIS_LOOP_365_2'(../src/ntt.cpp:365:27) in function 'mm2s.11' into perfectly nested loops.
INFO: [HLS 200-2061] Successfully converted nested loops 'VITIS_LOOP_363_1'(../src/ntt.cpp:363:20) and 'VITIS_LOOP_365_2'(../src/ntt.cpp:365:27) in function 'mm2s.10' into perfectly nested loops.
INFO: [HLS 200-2061] Successfully converted nested loops 'VITIS_LOOP_363_1'(../src/ntt.cpp:363:20) and 'VITIS_LOOP_365_2'(../src/ntt.cpp:365:27) in function 'mm2s' into perfectly nested loops.
INFO: [XFORM 203-541] Flattening a loop nest 'VITIS_LOOP_334_2' (../src/ntt.cpp:334:27) in function 'xor_permute_spatial_4096x4096.1'.
INFO: [XFORM 203-541] Flattening a loop nest 'VITIS_LOOP_332_1' (../src/ntt.cpp:332:23) in function 'xor_permute_spatial_4096x4096.1'.
INFO: [XFORM 203-541] Flattening a loop nest 'VITIS_LOOP_311_2' (../src/ntt.cpp:311:27) in function 'xor_permute_spatial_4096x4096'.
INFO: [XFORM 203-541] Flattening a loop nest 'VITIS_LOOP_309_1' (../src/ntt.cpp:309:23) in function 'xor_permute_spatial_4096x4096'.
INFO: [XFORM 203-541] Flattening a loop nest 'VITIS_LOOP_448_2' (../src/ntt.cpp:448:27) in function 'twiddle_mul_4096x4096'.
INFO: [XFORM 203-541] Flattening a loop nest 'VITIS_LOOP_446_1' (../src/ntt.cpp:446:23) in function 'twiddle_mul_4096x4096'.
INFO: [XFORM 203-541] Flattening a loop nest 'VITIS_LOOP_401_2' (../src/ntt.cpp:401:27) in function 's2mm.31'.
INFO: [XFORM 203-541] Flattening a loop nest 'VITIS_LOOP_399_1' (../src/ntt.cpp:399:20) in function 's2mm.31'.
INFO: [XFORM 203-541] Flattening a loop nest 'VITIS_LOOP_401_2' (../src/ntt.cpp:401:27) in function 's2mm.30'.
INFO: [XFORM 203-541] Flattening a loop nest 'VITIS_LOOP_399_1' (../src/ntt.cpp:399:20) in function 's2mm.30'.
INFO: [XFORM 203-541] Flattening a loop nest 'VITIS_LOOP_401_2' (../src/ntt.cpp:401:27) in function 's2mm.29'.
INFO: [XFORM 203-541] Flattening a loop nest 'VITIS_LOOP_399_1' (../src/ntt.cpp:399:20) in function 's2mm.29'.
INFO: [XFORM 203-541] Flattening a loop nest 'VITIS_LOOP_401_2' (../src/ntt.cpp:401:27) in function 's2mm.28'.
INFO: [XFORM 203-541] Flattening a loop nest 'VITIS_LOOP_399_1' (../src/ntt.cpp:399:20) in function 's2mm.28'.
INFO: [XFORM 203-541] Flattening a loop nest 'VITIS_LOOP_401_2' (../src/ntt.cpp:401:27) in function 's2mm.27'.
INFO: [XFORM 203-541] Flattening a loop nest 'VITIS_LOOP_399_1' (../src/ntt.cpp:399:20) in function 's2mm.27'.
INFO: [XFORM 203-541] Flattening a loop nest 'VITIS_LOOP_401_2' (../src/ntt.cpp:401:27) in function 's2mm.26'.
INFO: [XFORM 203-541] Flattening a loop nest 'VITIS_LOOP_399_1' (../src/ntt.cpp:399:20) in function 's2mm.26'.
INFO: [XFORM 203-541] Flattening a loop nest 'VITIS_LOOP_401_2' (../src/ntt.cpp:401:27) in function 's2mm.25'.
INFO: [XFORM 203-541] Flattening a loop nest 'VITIS_LOOP_399_1' (../src/ntt.cpp:399:20) in function 's2mm.25'.
INFO: [XFORM 203-541] Flattening a loop nest 'VITIS_LOOP_401_2' (../src/ntt.cpp:401:27) in function 's2mm.24'.
INFO: [XFORM 203-541] Flattening a loop nest 'VITIS_LOOP_399_1' (../src/ntt.cpp:399:20) in function 's2mm.24'.
INFO: [XFORM 203-541] Flattening a loop nest 'VITIS_LOOP_401_2' (../src/ntt.cpp:401:27) in function 's2mm.23'.
INFO: [XFORM 203-541] Flattening a loop nest 'VITIS_LOOP_399_1' (../src/ntt.cpp:399:20) in function 's2mm.23'.
INFO: [XFORM 203-541] Flattening a loop nest 'VITIS_LOOP_401_2' (../src/ntt.cpp:401:27) in function 's2mm.22'.
INFO: [XFORM 203-541] Flattening a loop nest 'VITIS_LOOP_399_1' (../src/ntt.cpp:399:20) in function 's2mm.22'.
INFO: [XFORM 203-541] Flattening a loop nest 'VITIS_LOOP_401_2' (../src/ntt.cpp:401:27) in function 's2mm.21'.
INFO: [XFORM 203-541] Flattening a loop nest 'VITIS_LOOP_399_1' (../src/ntt.cpp:399:20) in function 's2mm.21'.
INFO: [XFORM 203-541] Flattening a loop nest 'VITIS_LOOP_401_2' (../src/ntt.cpp:401:27) in function 's2mm.20'.
INFO: [XFORM 203-541] Flattening a loop nest 'VITIS_LOOP_399_1' (../src/ntt.cpp:399:20) in function 's2mm.20'.
INFO: [XFORM 203-541] Flattening a loop nest 'VITIS_LOOP_401_2' (../src/ntt.cpp:401:27) in function 's2mm.19'.
INFO: [XFORM 203-541] Flattening a loop nest 'VITIS_LOOP_399_1' (../src/ntt.cpp:399:20) in function 's2mm.19'.
INFO: [XFORM 203-541] Flattening a loop nest 'VITIS_LOOP_401_2' (../src/ntt.cpp:401:27) in function 's2mm.18'.
INFO: [XFORM 203-541] Flattening a loop nest 'VITIS_LOOP_399_1' (../src/ntt.cpp:399:20) in function 's2mm.18'.
INFO: [XFORM 203-541] Flattening a loop nest 'VITIS_LOOP_401_2' (../src/ntt.cpp:401:27) in function 's2mm.17'.
INFO: [XFORM 203-541] Flattening a loop nest 'VITIS_LOOP_399_1' (../src/ntt.cpp:399:20) in function 's2mm.17'.
INFO: [XFORM 203-541] Flattening a loop nest 'VITIS_LOOP_401_2' (../src/ntt.cpp:401:27) in function 's2mm'.
INFO: [XFORM 203-541] Flattening a loop nest 'VITIS_LOOP_399_1' (../src/ntt.cpp:399:20) in function 's2mm'.
INFO: [XFORM 203-541] Flattening a loop nest 'VITIS_LOOP_365_2' (../src/ntt.cpp:365:27) in function 'mm2s.9'.
INFO: [XFORM 203-541] Flattening a loop nest 'VITIS_LOOP_363_1' (../src/ntt.cpp:363:20) in function 'mm2s.9'.
INFO: [XFORM 203-541] Flattening a loop nest 'VITIS_LOOP_365_2' (../src/ntt.cpp:365:27) in function 'mm2s.8'.
INFO: [XFORM 203-541] Flattening a loop nest 'VITIS_LOOP_363_1' (../src/ntt.cpp:363:20) in function 'mm2s.8'.
INFO: [XFORM 203-541] Flattening a loop nest 'VITIS_LOOP_365_2' (../src/ntt.cpp:365:27) in function 'mm2s.7'.
INFO: [XFORM 203-541] Flattening a loop nest 'VITIS_LOOP_363_1' (../src/ntt.cpp:363:20) in function 'mm2s.7'.
INFO: [XFORM 203-541] Flattening a loop nest 'VITIS_LOOP_365_2' (../src/ntt.cpp:365:27) in function 'mm2s.6'.
INFO: [XFORM 203-541] Flattening a loop nest 'VITIS_LOOP_363_1' (../src/ntt.cpp:363:20) in function 'mm2s.6'.
INFO: [XFORM 203-541] Flattening a loop nest 'VITIS_LOOP_365_2' (../src/ntt.cpp:365:27) in function 'mm2s.5'.
INFO: [XFORM 203-541] Flattening a loop nest 'VITIS_LOOP_363_1' (../src/ntt.cpp:363:20) in function 'mm2s.5'.
INFO: [XFORM 203-541] Flattening a loop nest 'VITIS_LOOP_365_2' (../src/ntt.cpp:365:27) in function 'mm2s.4'.
INFO: [XFORM 203-541] Flattening a loop nest 'VITIS_LOOP_363_1' (../src/ntt.cpp:363:20) in function 'mm2s.4'.
INFO: [XFORM 203-541] Flattening a loop nest 'VITIS_LOOP_365_2' (../src/ntt.cpp:365:27) in function 'mm2s.3'.
INFO: [XFORM 203-541] Flattening a loop nest 'VITIS_LOOP_363_1' (../src/ntt.cpp:363:20) in function 'mm2s.3'.
INFO: [XFORM 203-541] Flattening a loop nest 'VITIS_LOOP_365_2' (../src/ntt.cpp:365:27) in function 'mm2s.2'.
INFO: [XFORM 203-541] Flattening a loop nest 'VITIS_LOOP_363_1' (../src/ntt.cpp:363:20) in function 'mm2s.2'.
INFO: [XFORM 203-541] Flattening a loop nest 'VITIS_LOOP_365_2' (../src/ntt.cpp:365:27) in function 'mm2s.16'.
INFO: [XFORM 203-541] Flattening a loop nest 'VITIS_LOOP_363_1' (../src/ntt.cpp:363:20) in function 'mm2s.16'.
INFO: [XFORM 203-541] Flattening a loop nest 'VITIS_LOOP_365_2' (../src/ntt.cpp:365:27) in function 'mm2s.15'.
INFO: [XFORM 203-541] Flattening a loop nest 'VITIS_LOOP_363_1' (../src/ntt.cpp:363:20) in function 'mm2s.15'.
INFO: [XFORM 203-541] Flattening a loop nest 'VITIS_LOOP_365_2' (../src/ntt.cpp:365:27) in function 'mm2s.14'.
INFO: [XFORM 203-541] Flattening a loop nest 'VITIS_LOOP_363_1' (../src/ntt.cpp:363:20) in function 'mm2s.14'.
INFO: [XFORM 203-541] Flattening a loop nest 'VITIS_LOOP_365_2' (../src/ntt.cpp:365:27) in function 'mm2s.13'.
INFO: [XFORM 203-541] Flattening a loop nest 'VITIS_LOOP_363_1' (../src/ntt.cpp:363:20) in function 'mm2s.13'.
INFO: [XFORM 203-541] Flattening a loop nest 'VITIS_LOOP_365_2' (../src/ntt.cpp:365:27) in function 'mm2s.12'.
INFO: [XFORM 203-541] Flattening a loop nest 'VITIS_LOOP_363_1' (../src/ntt.cpp:363:20) in function 'mm2s.12'.
INFO: [XFORM 203-541] Flattening a loop nest 'VITIS_LOOP_365_2' (../src/ntt.cpp:365:27) in function 'mm2s.11'.
INFO: [XFORM 203-541] Flattening a loop nest 'VITIS_LOOP_363_1' (../src/ntt.cpp:363:20) in function 'mm2s.11'.
INFO: [XFORM 203-541] Flattening a loop nest 'VITIS_LOOP_365_2' (../src/ntt.cpp:365:27) in function 'mm2s.10'.
INFO: [XFORM 203-541] Flattening a loop nest 'VITIS_LOOP_363_1' (../src/ntt.cpp:363:20) in function 'mm2s.10'.
INFO: [XFORM 203-541] Flattening a loop nest 'VITIS_LOOP_365_2' (../src/ntt.cpp:365:27) in function 'mm2s'.
INFO: [XFORM 203-541] Flattening a loop nest 'VITIS_LOOP_363_1' (../src/ntt.cpp:363:20) in function 'mm2s'.
WARNING: [HLS 200-1992] Performance of loop 'VITIS_LOOP_332_1_VITIS_LOOP_334_2_VITIS_LOOP_336_3'in function 'xor_permute_spatial_4096x4096.1' can be improved with loop rewind inference if the loop is called from a region that can be executed in overlapped fashion such as a dataflow region or the top function.
WARNING: [HLS 200-1992] Performance of loop 'VITIS_LOOP_309_1_VITIS_LOOP_311_2_VITIS_LOOP_313_3'in function 'xor_permute_spatial_4096x4096' can be improved with loop rewind inference if the loop is called from a region that can be executed in overlapped fashion such as a dataflow region or the top function.
WARNING: [HLS 200-1992] Performance of loop 'VITIS_LOOP_446_1_VITIS_LOOP_448_2_VITIS_LOOP_450_3'in function 'twiddle_mul_4096x4096' can be improved with loop rewind inference if the loop is called from a region that can be executed in overlapped fashion such as a dataflow region or the top function.
WARNING: [HLS 200-1992] Performance of loop 'VITIS_LOOP_399_1_VITIS_LOOP_401_2_VITIS_LOOP_403_3'in function 's2mm.31' can be improved with loop rewind inference if the loop is called from a region that can be executed in overlapped fashion such as a dataflow region or the top function.
WARNING: [HLS 200-1992] Performance of loop 'VITIS_LOOP_399_1_VITIS_LOOP_401_2_VITIS_LOOP_403_3'in function 's2mm.30' can be improved with loop rewind inference if the loop is called from a region that can be executed in overlapped fashion such as a dataflow region or the top function.
WARNING: [HLS 200-1992] Performance of loop 'VITIS_LOOP_399_1_VITIS_LOOP_401_2_VITIS_LOOP_403_3'in function 's2mm.29' can be improved with loop rewind inference if the loop is called from a region that can be executed in overlapped fashion such as a dataflow region or the top function.
WARNING: [HLS 200-1992] Performance of loop 'VITIS_LOOP_399_1_VITIS_LOOP_401_2_VITIS_LOOP_403_3'in function 's2mm.28' can be improved with loop rewind inference if the loop is called from a region that can be executed in overlapped fashion such as a dataflow region or the top function.
WARNING: [HLS 200-1992] Performance of loop 'VITIS_LOOP_399_1_VITIS_LOOP_401_2_VITIS_LOOP_403_3'in function 's2mm.27' can be improved with loop rewind inference if the loop is called from a region that can be executed in overlapped fashion such as a dataflow region or the top function.
WARNING: [HLS 200-1992] Performance of loop 'VITIS_LOOP_399_1_VITIS_LOOP_401_2_VITIS_LOOP_403_3'in function 's2mm.26' can be improved with loop rewind inference if the loop is called from a region that can be executed in overlapped fashion such as a dataflow region or the top function.
WARNING: [HLS 200-1992] Performance of loop 'VITIS_LOOP_399_1_VITIS_LOOP_401_2_VITIS_LOOP_403_3'in function 's2mm.25' can be improved with loop rewind inference if the loop is called from a region that can be executed in overlapped fashion such as a dataflow region or the top function.
WARNING: [HLS 200-1992] Performance of loop 'VITIS_LOOP_399_1_VITIS_LOOP_401_2_VITIS_LOOP_403_3'in function 's2mm.24' can be improved with loop rewind inference if the loop is called from a region that can be executed in overlapped fashion such as a dataflow region or the top function.
WARNING: [HLS 200-1992] Performance of loop 'VITIS_LOOP_399_1_VITIS_LOOP_401_2_VITIS_LOOP_403_3'in function 's2mm.23' can be improved with loop rewind inference if the loop is called from a region that can be executed in overlapped fashion such as a dataflow region or the top function.
WARNING: [HLS 200-1992] Performance of loop 'VITIS_LOOP_399_1_VITIS_LOOP_401_2_VITIS_LOOP_403_3'in function 's2mm.22' can be improved with loop rewind inference if the loop is called from a region that can be executed in overlapped fashion such as a dataflow region or the top function.
WARNING: [HLS 200-1992] Performance of loop 'VITIS_LOOP_399_1_VITIS_LOOP_401_2_VITIS_LOOP_403_3'in function 's2mm.21' can be improved with loop rewind inference if the loop is called from a region that can be executed in overlapped fashion such as a dataflow region or the top function.
WARNING: [HLS 200-1992] Performance of loop 'VITIS_LOOP_399_1_VITIS_LOOP_401_2_VITIS_LOOP_403_3'in function 's2mm.20' can be improved with loop rewind inference if the loop is called from a region that can be executed in overlapped fashion such as a dataflow region or the top function.
WARNING: [HLS 200-1992] Performance of loop 'VITIS_LOOP_399_1_VITIS_LOOP_401_2_VITIS_LOOP_403_3'in function 's2mm.19' can be improved with loop rewind inference if the loop is called from a region that can be executed in overlapped fashion such as a dataflow region or the top function.
WARNING: [HLS 200-1992] Performance of loop 'VITIS_LOOP_399_1_VITIS_LOOP_401_2_VITIS_LOOP_403_3'in function 's2mm.18' can be improved with loop rewind inference if the loop is called from a region that can be executed in overlapped fashion such as a dataflow region or the top function.
WARNING: [HLS 200-1992] Performance of loop 'VITIS_LOOP_399_1_VITIS_LOOP_401_2_VITIS_LOOP_403_3'in function 's2mm.17' can be improved with loop rewind inference if the loop is called from a region that can be executed in overlapped fashion such as a dataflow region or the top function.
WARNING: [HLS 200-1992] Performance of loop 'VITIS_LOOP_399_1_VITIS_LOOP_401_2_VITIS_LOOP_403_3'in function 's2mm' can be improved with loop rewind inference if the loop is called from a region that can be executed in overlapped fashion such as a dataflow region or the top function.
WARNING: [HLS 200-1991] Performance of loop 'row_ntt_loop'(../src/ntt.cpp:265:5) in function 'ntt_2_12_serial' can be improved with loop rewind inference if the loop can be encapsulated as a standalone function.
WARNING: [HLS 200-1992] Performance of loop 'row_ntt_loop'(../src/ntt.cpp:265:5) in function 'ntt_2_12_serial' can be improved with loop rewind inference if the loop is called from a region that can be executed in overlapped fashion such as a dataflow region or the top function.
WARNING: [HLS 200-1991] Performance of loop 'col_ntt_loop'(../src/ntt.cpp:288:5) in function 'ntt_2_12_serial' can be improved with loop rewind inference if the loop can be encapsulated as a standalone function.
WARNING: [HLS 200-1992] Performance of loop 'col_ntt_loop'(../src/ntt.cpp:288:5) in function 'ntt_2_12_serial' can be improved with loop rewind inference if the loop is called from a region that can be executed in overlapped fashion such as a dataflow region or the top function.
WARNING: [HLS 200-1992] Performance of loop 'VITIS_LOOP_363_1_VITIS_LOOP_365_2_VITIS_LOOP_367_3'in function 'mm2s.9' can be improved with loop rewind inference if the loop is called from a region that can be executed in overlapped fashion such as a dataflow region or the top function.
WARNING: [HLS 200-1992] Performance of loop 'VITIS_LOOP_363_1_VITIS_LOOP_365_2_VITIS_LOOP_367_3'in function 'mm2s.8' can be improved with loop rewind inference if the loop is called from a region that can be executed in overlapped fashion such as a dataflow region or the top function.
WARNING: [HLS 200-1992] Performance of loop 'VITIS_LOOP_363_1_VITIS_LOOP_365_2_VITIS_LOOP_367_3'in function 'mm2s.7' can be improved with loop rewind inference if the loop is called from a region that can be executed in overlapped fashion such as a dataflow region or the top function.
WARNING: [HLS 200-1992] Performance of loop 'VITIS_LOOP_363_1_VITIS_LOOP_365_2_VITIS_LOOP_367_3'in function 'mm2s.6' can be improved with loop rewind inference if the loop is called from a region that can be executed in overlapped fashion such as a dataflow region or the top function.
WARNING: [HLS 200-1992] Performance of loop 'VITIS_LOOP_363_1_VITIS_LOOP_365_2_VITIS_LOOP_367_3'in function 'mm2s.5' can be improved with loop rewind inference if the loop is called from a region that can be executed in overlapped fashion such as a dataflow region or the top function.
WARNING: [HLS 200-1992] Performance of loop 'VITIS_LOOP_363_1_VITIS_LOOP_365_2_VITIS_LOOP_367_3'in function 'mm2s.4' can be improved with loop rewind inference if the loop is called from a region that can be executed in overlapped fashion such as a dataflow region or the top function.
WARNING: [HLS 200-1992] Performance of loop 'VITIS_LOOP_363_1_VITIS_LOOP_365_2_VITIS_LOOP_367_3'in function 'mm2s.3' can be improved with loop rewind inference if the loop is called from a region that can be executed in overlapped fashion such as a dataflow region or the top function.
WARNING: [HLS 200-1992] Performance of loop 'VITIS_LOOP_363_1_VITIS_LOOP_365_2_VITIS_LOOP_367_3'in function 'mm2s.2' can be improved with loop rewind inference if the loop is called from a region that can be executed in overlapped fashion such as a dataflow region or the top function.
WARNING: [HLS 200-1992] Performance of loop 'VITIS_LOOP_363_1_VITIS_LOOP_365_2_VITIS_LOOP_367_3'in function 'mm2s.16' can be improved with loop rewind inference if the loop is called from a region that can be executed in overlapped fashion such as a dataflow region or the top function.
WARNING: [HLS 200-1992] Performance of loop 'VITIS_LOOP_363_1_VITIS_LOOP_365_2_VITIS_LOOP_367_3'in function 'mm2s.15' can be improved with loop rewind inference if the loop is called from a region that can be executed in overlapped fashion such as a dataflow region or the top function.
WARNING: [HLS 200-1992] Performance of loop 'VITIS_LOOP_363_1_VITIS_LOOP_365_2_VITIS_LOOP_367_3'in function 'mm2s.14' can be improved with loop rewind inference if the loop is called from a region that can be executed in overlapped fashion such as a dataflow region or the top function.
WARNING: [HLS 200-1992] Performance of loop 'VITIS_LOOP_363_1_VITIS_LOOP_365_2_VITIS_LOOP_367_3'in function 'mm2s.13' can be improved with loop rewind inference if the loop is called from a region that can be executed in overlapped fashion such as a dataflow region or the top function.
WARNING: [HLS 200-1992] Performance of loop 'VITIS_LOOP_363_1_VITIS_LOOP_365_2_VITIS_LOOP_367_3'in function 'mm2s.12' can be improved with loop rewind inference if the loop is called from a region that can be executed in overlapped fashion such as a dataflow region or the top function.
WARNING: [HLS 200-1992] Performance of loop 'VITIS_LOOP_363_1_VITIS_LOOP_365_2_VITIS_LOOP_367_3'in function 'mm2s.11' can be improved with loop rewind inference if the loop is called from a region that can be executed in overlapped fashion such as a dataflow region or the top function.
WARNING: [HLS 200-1992] Performance of loop 'VITIS_LOOP_363_1_VITIS_LOOP_365_2_VITIS_LOOP_367_3'in function 'mm2s.10' can be improved with loop rewind inference if the loop is called from a region that can be executed in overlapped fashion such as a dataflow region or the top function.
WARNING: [HLS 200-1992] Performance of loop 'VITIS_LOOP_363_1_VITIS_LOOP_365_2_VITIS_LOOP_367_3'in function 'mm2s' can be improved with loop rewind inference if the loop is called from a region that can be executed in overlapped fashion such as a dataflow region or the top function.
INFO: [XFORM 203-531] Rewinding loop 'VITIS_LOOP_332_1_VITIS_LOOP_334_2_VITIS_LOOP_336_3' in function 'xor_permute_spatial_4096x4096.1'.
INFO: [XFORM 203-531] Rewinding loop 'VITIS_LOOP_309_1_VITIS_LOOP_311_2_VITIS_LOOP_313_3' in function 'xor_permute_spatial_4096x4096'.
INFO: [XFORM 203-531] Rewinding loop 'VITIS_LOOP_446_1_VITIS_LOOP_448_2_VITIS_LOOP_450_3' in function 'twiddle_mul_4096x4096'.
INFO: [XFORM 203-531] Rewinding loop 'VITIS_LOOP_399_1_VITIS_LOOP_401_2_VITIS_LOOP_403_3' in function 's2mm.31'.
INFO: [XFORM 203-531] Rewinding loop 'VITIS_LOOP_399_1_VITIS_LOOP_401_2_VITIS_LOOP_403_3' in function 's2mm.30'.
INFO: [XFORM 203-531] Rewinding loop 'VITIS_LOOP_399_1_VITIS_LOOP_401_2_VITIS_LOOP_403_3' in function 's2mm.29'.
INFO: [XFORM 203-531] Rewinding loop 'VITIS_LOOP_399_1_VITIS_LOOP_401_2_VITIS_LOOP_403_3' in function 's2mm.28'.
INFO: [XFORM 203-531] Rewinding loop 'VITIS_LOOP_399_1_VITIS_LOOP_401_2_VITIS_LOOP_403_3' in function 's2mm.27'.
INFO: [XFORM 203-531] Rewinding loop 'VITIS_LOOP_399_1_VITIS_LOOP_401_2_VITIS_LOOP_403_3' in function 's2mm.26'.
INFO: [XFORM 203-531] Rewinding loop 'VITIS_LOOP_399_1_VITIS_LOOP_401_2_VITIS_LOOP_403_3' in function 's2mm.25'.
INFO: [XFORM 203-531] Rewinding loop 'VITIS_LOOP_399_1_VITIS_LOOP_401_2_VITIS_LOOP_403_3' in function 's2mm.24'.
INFO: [XFORM 203-531] Rewinding loop 'VITIS_LOOP_399_1_VITIS_LOOP_401_2_VITIS_LOOP_403_3' in function 's2mm.23'.
INFO: [XFORM 203-531] Rewinding loop 'VITIS_LOOP_399_1_VITIS_LOOP_401_2_VITIS_LOOP_403_3' in function 's2mm.22'.
INFO: [XFORM 203-531] Rewinding loop 'VITIS_LOOP_399_1_VITIS_LOOP_401_2_VITIS_LOOP_403_3' in function 's2mm.21'.
INFO: [XFORM 203-531] Rewinding loop 'VITIS_LOOP_399_1_VITIS_LOOP_401_2_VITIS_LOOP_403_3' in function 's2mm.20'.
INFO: [XFORM 203-531] Rewinding loop 'VITIS_LOOP_399_1_VITIS_LOOP_401_2_VITIS_LOOP_403_3' in function 's2mm.19'.
INFO: [XFORM 203-531] Rewinding loop 'VITIS_LOOP_399_1_VITIS_LOOP_401_2_VITIS_LOOP_403_3' in function 's2mm.18'.
INFO: [XFORM 203-531] Rewinding loop 'VITIS_LOOP_399_1_VITIS_LOOP_401_2_VITIS_LOOP_403_3' in function 's2mm.17'.
INFO: [XFORM 203-531] Rewinding loop 'VITIS_LOOP_399_1_VITIS_LOOP_401_2_VITIS_LOOP_403_3' in function 's2mm'.
WARNING: [HLS 200-954] Cannot Rewind function ntt_2_12_serial because there are multiple loops inside the region (../src/ntt.cpp:262:1)
Resolution: For help on HLS 200-954 see docs.xilinx.com/access/sources/dita/topic?Doc_Version=2024.2%20English&url=ug1448-hls-guidance&resourceid=200-954.html
INFO: [XFORM 203-531] Rewinding loop 'VITIS_LOOP_363_1_VITIS_LOOP_365_2_VITIS_LOOP_367_3' in function 'mm2s.9'.
INFO: [XFORM 203-531] Rewinding loop 'VITIS_LOOP_363_1_VITIS_LOOP_365_2_VITIS_LOOP_367_3' in function 'mm2s.8'.
INFO: [XFORM 203-531] Rewinding loop 'VITIS_LOOP_363_1_VITIS_LOOP_365_2_VITIS_LOOP_367_3' in function 'mm2s.7'.
INFO: [XFORM 203-531] Rewinding loop 'VITIS_LOOP_363_1_VITIS_LOOP_365_2_VITIS_LOOP_367_3' in function 'mm2s.6'.
INFO: [XFORM 203-531] Rewinding loop 'VITIS_LOOP_363_1_VITIS_LOOP_365_2_VITIS_LOOP_367_3' in function 'mm2s.5'.
INFO: [XFORM 203-531] Rewinding loop 'VITIS_LOOP_363_1_VITIS_LOOP_365_2_VITIS_LOOP_367_3' in function 'mm2s.4'.
INFO: [XFORM 203-531] Rewinding loop 'VITIS_LOOP_363_1_VITIS_LOOP_365_2_VITIS_LOOP_367_3' in function 'mm2s.3'.
INFO: [XFORM 203-531] Rewinding loop 'VITIS_LOOP_363_1_VITIS_LOOP_365_2_VITIS_LOOP_367_3' in function 'mm2s.2'.
INFO: [XFORM 203-531] Rewinding loop 'VITIS_LOOP_363_1_VITIS_LOOP_365_2_VITIS_LOOP_367_3' in function 'mm2s.16'.
INFO: [XFORM 203-531] Rewinding loop 'VITIS_LOOP_363_1_VITIS_LOOP_365_2_VITIS_LOOP_367_3' in function 'mm2s.15'.
INFO: [XFORM 203-531] Rewinding loop 'VITIS_LOOP_363_1_VITIS_LOOP_365_2_VITIS_LOOP_367_3' in function 'mm2s.14'.
INFO: [XFORM 203-531] Rewinding loop 'VITIS_LOOP_363_1_VITIS_LOOP_365_2_VITIS_LOOP_367_3' in function 'mm2s.13'.
INFO: [XFORM 203-531] Rewinding loop 'VITIS_LOOP_363_1_VITIS_LOOP_365_2_VITIS_LOOP_367_3' in function 'mm2s.12'.
INFO: [XFORM 203-531] Rewinding loop 'VITIS_LOOP_363_1_VITIS_LOOP_365_2_VITIS_LOOP_367_3' in function 'mm2s.11'.
INFO: [XFORM 203-531] Rewinding loop 'VITIS_LOOP_363_1_VITIS_LOOP_365_2_VITIS_LOOP_367_3' in function 'mm2s.10'.
INFO: [XFORM 203-531] Rewinding loop 'VITIS_LOOP_363_1_VITIS_LOOP_365_2_VITIS_LOOP_367_3' in function 'mm2s'.
INFO: [HLS 200-111] Finished Architecture Synthesis: CPU user time: 12.15 seconds. CPU system time: 0.17 seconds. Elapsed time: 12.33 seconds; current allocated memory: 1011.215 MB.
INFO: [HLS 200-10] Starting hardware synthesis ...
INFO: [HLS 200-10] Synthesizing 'ntt_2_24' ...
WARNING: [SYN 201-103] Legalizing function name 'ntt_2_24_pass.752.1_Block_entry_proc' to 'ntt_2_24_pass_752_1_Block_entry_proc'.
WARNING: [SYN 201-103] Legalizing function name 'mm2s.2' to 'mm2s_2'.
WARNING: [SYN 201-103] Legalizing function name 'mm2s.3' to 'mm2s_3'.
WARNING: [SYN 201-103] Legalizing function name 'mm2s.4' to 'mm2s_4'.
WARNING: [SYN 201-103] Legalizing function name 'mm2s.5' to 'mm2s_5'.
WARNING: [SYN 201-103] Legalizing function name 'mm2s.6' to 'mm2s_6'.
WARNING: [SYN 201-103] Legalizing function name 'mm2s.7' to 'mm2s_7'.
WARNING: [SYN 201-103] Legalizing function name 'mm2s.8' to 'mm2s_8'.
WARNING: [SYN 201-103] Legalizing function name 'mm2s.9' to 'mm2s_9'.
WARNING: [SYN 201-103] Legalizing function name 'mm2s.10' to 'mm2s_10'.
WARNING: [SYN 201-103] Legalizing function name 'mm2s.11' to 'mm2s_11'.
WARNING: [SYN 201-103] Legalizing function name 'mm2s.12' to 'mm2s_12'.
WARNING: [SYN 201-103] Legalizing function name 'mm2s.13' to 'mm2s_13'.
WARNING: [SYN 201-103] Legalizing function name 'mm2s.14' to 'mm2s_14'.
WARNING: [SYN 201-103] Legalizing function name 'mm2s.15' to 'mm2s_15'.
WARNING: [SYN 201-103] Legalizing function name 'mm2s.16' to 'mm2s_16'.
WARNING: [SYN 201-103] Legalizing function name 'xor_permute_spatial_4096x4096.1' to 'xor_permute_spatial_4096x4096_1'.
WARNING: [SYN 201-103] Legalizing function name 's2mm.17' to 's2mm_17'.
WARNING: [SYN 201-103] Legalizing function name 's2mm.18' to 's2mm_18'.
WARNING: [SYN 201-103] Legalizing function name 's2mm.19' to 's2mm_19'.
WARNING: [SYN 201-103] Legalizing function name 's2mm.20' to 's2mm_20'.
WARNING: [SYN 201-103] Legalizing function name 's2mm.21' to 's2mm_21'.
WARNING: [SYN 201-103] Legalizing function name 's2mm.22' to 's2mm_22'.
WARNING: [SYN 201-103] Legalizing function name 's2mm.23' to 's2mm_23'.
WARNING: [SYN 201-103] Legalizing function name 's2mm.24' to 's2mm_24'.
WARNING: [SYN 201-103] Legalizing function name 's2mm.25' to 's2mm_25'.
WARNING: [SYN 201-103] Legalizing function name 's2mm.26' to 's2mm_26'.
WARNING: [SYN 201-103] Legalizing function name 's2mm.27' to 's2mm_27'.
WARNING: [SYN 201-103] Legalizing function name 's2mm.28' to 's2mm_28'.
WARNING: [SYN 201-103] Legalizing function name 's2mm.29' to 's2mm_29'.
WARNING: [SYN 201-103] Legalizing function name 's2mm.30' to 's2mm_30'.
WARNING: [SYN 201-103] Legalizing function name 's2mm.31' to 's2mm_31'.
WARNING: [SYN 201-103] Legalizing function name 'ntt_2_24_pass.752.1' to 'ntt_2_24_pass_752_1'.
INFO: [HLS 200-10] ----------------------------------------------------------------
INFO: [HLS 200-42] -- Implementing module 'entry_proc' 
INFO: [HLS 200-10] ----------------------------------------------------------------
INFO: [SCHED 204-11] Starting scheduling ...
INFO: [SCHED 204-11] Finished scheduling.
INFO: [HLS 200-111] Finished Scheduling: CPU user time: 0.61 seconds. CPU system time: 0.07 seconds. Elapsed time: 0.68 seconds; current allocated memory: 1019.727 MB.
INFO: [BIND 205-100] Starting micro-architecture generation ...
INFO: [BIND 205-101] Performing variable lifetime analysis.
INFO: [BIND 205-101] Exploring resource sharing.
INFO: [BIND 205-101] Binding ...
INFO: [BIND 205-100] Finished micro-architecture generation.
INFO: [HLS 200-111] Finished Binding: CPU user time: 0.06 seconds. CPU system time: 0 seconds. Elapsed time: 0.06 seconds; current allocated memory: 1020.727 MB.
INFO: [HLS 200-10] ----------------------------------------------------------------
INFO: [HLS 200-42] -- Implementing module 'ntt_2_24_pass_752_1_Block_entry_proc' 
INFO: [HLS 200-10] ----------------------------------------------------------------
INFO: [SCHED 204-11] Starting scheduling ...
INFO: [SCHED 204-11] Finished scheduling.
INFO: [HLS 200-111] Finished Scheduling: CPU user time: 0.07 seconds. CPU system time: 0 seconds. Elapsed time: 0.07 seconds; current allocated memory: 1021.227 MB.
INFO: [BIND 205-100] Starting micro-architecture generation ...
INFO: [BIND 205-101] Performing variable lifetime analysis.
INFO: [BIND 205-101] Exploring resource sharing.
INFO: [BIND 205-101] Binding ...
INFO: [BIND 205-100] Finished micro-architecture generation.
INFO: [HLS 200-111] Finished Binding: CPU user time: 0.05 seconds. CPU system time: 0.01 seconds. Elapsed time: 0.06 seconds; current allocated memory: 1021.594 MB.
INFO: [HLS 200-10] ----------------------------------------------------------------
INFO: [HLS 200-42] -- Implementing module 'mm2s' 
INFO: [HLS 200-10] ----------------------------------------------------------------
INFO: [SCHED 204-11] Starting scheduling ...
INFO: [SCHED 204-61] Pipelining loop 'VITIS_LOOP_363_1_VITIS_LOOP_365_2_VITIS_LOOP_367_3'.
WARNING: [HLS 200-885] The II Violation in module 'mm2s' (loop 'VITIS_LOOP_363_1_VITIS_LOOP_365_2_VITIS_LOOP_367_3'): Unable to schedule bus request operation ('gmem0_load_1_req', ../src/ntt.cpp:387) on port 'gmem0' (../src/ntt.cpp:387) due to limited memory ports (II = 1). Please consider using a memory core with more ports or partitioning the array.
Resolution: For help on HLS 200-885 see docs.xilinx.com/access/sources/dita/topic?Doc_Version=2024.2%20English&url=ug1448-hls-guidance&resourceid=200-885.html
WARNING: [HLS 200-885] The II Violation in module 'mm2s' (loop 'VITIS_LOOP_363_1_VITIS_LOOP_365_2_VITIS_LOOP_367_3'): Unable to schedule bus request operation ('gmem0_load_2_req', ../src/ntt.cpp:388) on port 'gmem0' (../src/ntt.cpp:388) due to limited memory ports (II = 2). Please consider using a memory core with more ports or partitioning the array.
Resolution: For help on HLS 200-885 see docs.xilinx.com/access/sources/dita/topic?Doc_Version=2024.2%20English&url=ug1448-hls-guidance&resourceid=200-885.html
WARNING: [HLS 200-885] The II Violation in module 'mm2s' (loop 'VITIS_LOOP_363_1_VITIS_LOOP_365_2_VITIS_LOOP_367_3'): Unable to schedule bus request operation ('gmem0_load_3_req', ../src/ntt.cpp:389) on port 'gmem0' (../src/ntt.cpp:389) due to limited memory ports (II = 3). Please consider using a memory core with more ports or partitioning the array.
Resolution: For help on HLS 200-885 see docs.xilinx.com/access/sources/dita/topic?Doc_Version=2024.2%20English&url=ug1448-hls-guidance&resourceid=200-885.html
INFO: [HLS 200-1470] Pipelining result : Target II = NA, Final II = 4, Depth = 77, loop 'VITIS_LOOP_363_1_VITIS_LOOP_365_2_VITIS_LOOP_367_3'
INFO: [SCHED 204-11] Finished scheduling.
INFO: [HLS 200-111] Finished Scheduling: CPU user time: 0.19 seconds. CPU system time: 0 seconds. Elapsed time: 0.19 seconds; current allocated memory: 1022.434 MB.
INFO: [BIND 205-100] Starting micro-architecture generation ...
INFO: [BIND 205-101] Performing variable lifetime analysis.
INFO: [BIND 205-101] Exploring resource sharing.
INFO: [BIND 205-101] Binding ...
INFO: [BIND 205-100] Finished micro-architecture generation.
INFO: [HLS 200-111] Finished Binding: CPU user time: 0.09 seconds. CPU system time: 0.01 seconds. Elapsed time: 0.1 seconds; current allocated memory: 1023.035 MB.
INFO: [HLS 200-10] ----------------------------------------------------------------
INFO: [HLS 200-42] -- Implementing module 'mm2s_2' 
INFO: [HLS 200-10] ----------------------------------------------------------------
INFO: [SCHED 204-11] Starting scheduling ...
INFO: [SCHED 204-61] Pipelining loop 'VITIS_LOOP_363_1_VITIS_LOOP_365_2_VITIS_LOOP_367_3'.
WARNING: [HLS 200-885] The II Violation in module 'mm2s_2' (loop 'VITIS_LOOP_363_1_VITIS_LOOP_365_2_VITIS_LOOP_367_3'): Unable to schedule bus request operation ('gmem1_load_1_req', ../src/ntt.cpp:387) on port 'gmem1' (../src/ntt.cpp:387) due to limited memory ports (II = 1). Please consider using a memory core with more ports or partitioning the array.
Resolution: For help on HLS 200-885 see docs.xilinx.com/access/sources/dita/topic?Doc_Version=2024.2%20English&url=ug1448-hls-guidance&resourceid=200-885.html
WARNING: [HLS 200-885] The II Violation in module 'mm2s_2' (loop 'VITIS_LOOP_363_1_VITIS_LOOP_365_2_VITIS_LOOP_367_3'): Unable to schedule bus request operation ('gmem1_load_2_req', ../src/ntt.cpp:388) on port 'gmem1' (../src/ntt.cpp:388) due to limited memory ports (II = 2). Please consider using a memory core with more ports or partitioning the array.
Resolution: For help on HLS 200-885 see docs.xilinx.com/access/sources/dita/topic?Doc_Version=2024.2%20English&url=ug1448-hls-guidance&resourceid=200-885.html
WARNING: [HLS 200-885] The II Violation in module 'mm2s_2' (loop 'VITIS_LOOP_363_1_VITIS_LOOP_365_2_VITIS_LOOP_367_3'): Unable to schedule bus request operation ('gmem1_load_3_req', ../src/ntt.cpp:389) on port 'gmem1' (../src/ntt.cpp:389) due to limited memory ports (II = 3). Please consider using a memory core with more ports or partitioning the array.
Resolution: For help on HLS 200-885 see docs.xilinx.com/access/sources/dita/topic?Doc_Version=2024.2%20English&url=ug1448-hls-guidance&resourceid=200-885.html
INFO: [HLS 200-1470] Pipelining result : Target II = NA, Final II = 4, Depth = 77, loop 'VITIS_LOOP_363_1_VITIS_LOOP_365_2_VITIS_LOOP_367_3'
INFO: [SCHED 204-11] Finished scheduling.
INFO: [HLS 200-111] Finished Scheduling: CPU user time: 0.22 seconds. CPU system time: 0 seconds. Elapsed time: 0.21 seconds; current allocated memory: 1.000 GB.
INFO: [BIND 205-100] Starting micro-architecture generation ...
INFO: [BIND 205-101] Performing variable lifetime analysis.
INFO: [BIND 205-101] Exploring resource sharing.
INFO: [BIND 205-101] Binding ...
INFO: [BIND 205-100] Finished micro-architecture generation.
INFO: [HLS 200-111] Finished Binding: CPU user time: 0.09 seconds. CPU system time: 0.01 seconds. Elapsed time: 0.1 seconds; current allocated memory: 1.001 GB.
INFO: [HLS 200-10] ----------------------------------------------------------------
INFO: [HLS 200-42] -- Implementing module 'mm2s_3' 
INFO: [HLS 200-10] ----------------------------------------------------------------
INFO: [SCHED 204-11] Starting scheduling ...
INFO: [SCHED 204-61] Pipelining loop 'VITIS_LOOP_363_1_VITIS_LOOP_365_2_VITIS_LOOP_367_3'.
WARNING: [HLS 200-885] The II Violation in module 'mm2s_3' (loop 'VITIS_LOOP_363_1_VITIS_LOOP_365_2_VITIS_LOOP_367_3'): Unable to schedule bus request operation ('gmem2_load_1_req', ../src/ntt.cpp:387) on port 'gmem2' (../src/ntt.cpp:387) due to limited memory ports (II = 1). Please consider using a memory core with more ports or partitioning the array.
Resolution: For help on HLS 200-885 see docs.xilinx.com/access/sources/dita/topic?Doc_Version=2024.2%20English&url=ug1448-hls-guidance&resourceid=200-885.html
WARNING: [HLS 200-885] The II Violation in module 'mm2s_3' (loop 'VITIS_LOOP_363_1_VITIS_LOOP_365_2_VITIS_LOOP_367_3'): Unable to schedule bus request operation ('gmem2_load_2_req', ../src/ntt.cpp:388) on port 'gmem2' (../src/ntt.cpp:388) due to limited memory ports (II = 2). Please consider using a memory core with more ports or partitioning the array.
Resolution: For help on HLS 200-885 see docs.xilinx.com/access/sources/dita/topic?Doc_Version=2024.2%20English&url=ug1448-hls-guidance&resourceid=200-885.html
WARNING: [HLS 200-885] The II Violation in module 'mm2s_3' (loop 'VITIS_LOOP_363_1_VITIS_LOOP_365_2_VITIS_LOOP_367_3'): Unable to schedule bus request operation ('gmem2_load_3_req', ../src/ntt.cpp:389) on port 'gmem2' (../src/ntt.cpp:389) due to limited memory ports (II = 3). Please consider using a memory core with more ports or partitioning the array.
Resolution: For help on HLS 200-885 see docs.xilinx.com/access/sources/dita/topic?Doc_Version=2024.2%20English&url=ug1448-hls-guidance&resourceid=200-885.html
INFO: [HLS 200-1470] Pipelining result : Target II = NA, Final II = 4, Depth = 77, loop 'VITIS_LOOP_363_1_VITIS_LOOP_365_2_VITIS_LOOP_367_3'
INFO: [SCHED 204-11] Finished scheduling.
INFO: [HLS 200-111] Finished Scheduling: CPU user time: 0.21 seconds. CPU system time: 0.01 seconds. Elapsed time: 0.23 seconds; current allocated memory: 1.002 GB.
INFO: [BIND 205-100] Starting micro-architecture generation ...
INFO: [BIND 205-101] Performing variable lifetime analysis.
INFO: [BIND 205-101] Exploring resource sharing.
INFO: [BIND 205-101] Binding ...
INFO: [BIND 205-100] Finished micro-architecture generation.
INFO: [HLS 200-111] Finished Binding: CPU user time: 0.1 seconds. CPU system time: 0.01 seconds. Elapsed time: 0.11 seconds; current allocated memory: 1.003 GB.
INFO: [HLS 200-10] ----------------------------------------------------------------
INFO: [HLS 200-42] -- Implementing module 'mm2s_4' 
INFO: [HLS 200-10] ----------------------------------------------------------------
INFO: [SCHED 204-11] Starting scheduling ...
INFO: [SCHED 204-61] Pipelining loop 'VITIS_LOOP_363_1_VITIS_LOOP_365_2_VITIS_LOOP_367_3'.
WARNING: [HLS 200-885] The II Violation in module 'mm2s_4' (loop 'VITIS_LOOP_363_1_VITIS_LOOP_365_2_VITIS_LOOP_367_3'): Unable to schedule bus request operation ('gmem3_load_1_req', ../src/ntt.cpp:387) on port 'gmem3' (../src/ntt.cpp:387) due to limited memory ports (II = 1). Please consider using a memory core with more ports or partitioning the array.
Resolution: For help on HLS 200-885 see docs.xilinx.com/access/sources/dita/topic?Doc_Version=2024.2%20English&url=ug1448-hls-guidance&resourceid=200-885.html
WARNING: [HLS 200-885] The II Violation in module 'mm2s_4' (loop 'VITIS_LOOP_363_1_VITIS_LOOP_365_2_VITIS_LOOP_367_3'): Unable to schedule bus request operation ('gmem3_load_2_req', ../src/ntt.cpp:388) on port 'gmem3' (../src/ntt.cpp:388) due to limited memory ports (II = 2). Please consider using a memory core with more ports or partitioning the array.
Resolution: For help on HLS 200-885 see docs.xilinx.com/access/sources/dita/topic?Doc_Version=2024.2%20English&url=ug1448-hls-guidance&resourceid=200-885.html
WARNING: [HLS 200-885] The II Violation in module 'mm2s_4' (loop 'VITIS_LOOP_363_1_VITIS_LOOP_365_2_VITIS_LOOP_367_3'): Unable to schedule bus request operation ('gmem3_load_3_req', ../src/ntt.cpp:389) on port 'gmem3' (../src/ntt.cpp:389) due to limited memory ports (II = 3). Please consider using a memory core with more ports or partitioning the array.
Resolution: For help on HLS 200-885 see docs.xilinx.com/access/sources/dita/topic?Doc_Version=2024.2%20English&url=ug1448-hls-guidance&resourceid=200-885.html
INFO: [HLS 200-1470] Pipelining result : Target II = NA, Final II = 4, Depth = 77, loop 'VITIS_LOOP_363_1_VITIS_LOOP_365_2_VITIS_LOOP_367_3'
INFO: [SCHED 204-11] Finished scheduling.
INFO: [HLS 200-111] Finished Scheduling: CPU user time: 0.21 seconds. CPU system time: 0.01 seconds. Elapsed time: 0.22 seconds; current allocated memory: 1.004 GB.
INFO: [BIND 205-100] Starting micro-architecture generation ...
INFO: [BIND 205-101] Performing variable lifetime analysis.
INFO: [BIND 205-101] Exploring resource sharing.
INFO: [BIND 205-101] Binding ...
INFO: [BIND 205-100] Finished micro-architecture generation.
INFO: [HLS 200-111] Finished Binding: CPU user time: 0.1 seconds. CPU system time: 0 seconds. Elapsed time: 0.1 seconds; current allocated memory: 1.005 GB.
INFO: [HLS 200-10] ----------------------------------------------------------------
INFO: [HLS 200-42] -- Implementing module 'mm2s_5' 
INFO: [HLS 200-10] ----------------------------------------------------------------
INFO: [SCHED 204-11] Starting scheduling ...
INFO: [SCHED 204-61] Pipelining loop 'VITIS_LOOP_363_1_VITIS_LOOP_365_2_VITIS_LOOP_367_3'.
WARNING: [HLS 200-885] The II Violation in module 'mm2s_5' (loop 'VITIS_LOOP_363_1_VITIS_LOOP_365_2_VITIS_LOOP_367_3'): Unable to schedule bus request operation ('gmem4_load_1_req', ../src/ntt.cpp:387) on port 'gmem4' (../src/ntt.cpp:387) due to limited memory ports (II = 1). Please consider using a memory core with more ports or partitioning the array.
Resolution: For help on HLS 200-885 see docs.xilinx.com/access/sources/dita/topic?Doc_Version=2024.2%20English&url=ug1448-hls-guidance&resourceid=200-885.html
WARNING: [HLS 200-885] The II Violation in module 'mm2s_5' (loop 'VITIS_LOOP_363_1_VITIS_LOOP_365_2_VITIS_LOOP_367_3'): Unable to schedule bus request operation ('gmem4_load_2_req', ../src/ntt.cpp:388) on port 'gmem4' (../src/ntt.cpp:388) due to limited memory ports (II = 2). Please consider using a memory core with more ports or partitioning the array.
Resolution: For help on HLS 200-885 see docs.xilinx.com/access/sources/dita/topic?Doc_Version=2024.2%20English&url=ug1448-hls-guidance&resourceid=200-885.html
WARNING: [HLS 200-885] The II Violation in module 'mm2s_5' (loop 'VITIS_LOOP_363_1_VITIS_LOOP_365_2_VITIS_LOOP_367_3'): Unable to schedule bus request operation ('gmem4_load_3_req', ../src/ntt.cpp:389) on port 'gmem4' (../src/ntt.cpp:389) due to limited memory ports (II = 3). Please consider using a memory core with more ports or partitioning the array.
Resolution: For help on HLS 200-885 see docs.xilinx.com/access/sources/dita/topic?Doc_Version=2024.2%20English&url=ug1448-hls-guidance&resourceid=200-885.html
INFO: [HLS 200-1470] Pipelining result : Target II = NA, Final II = 4, Depth = 77, loop 'VITIS_LOOP_363_1_VITIS_LOOP_365_2_VITIS_LOOP_367_3'
INFO: [SCHED 204-11] Finished scheduling.
INFO: [HLS 200-111] Finished Scheduling: CPU user time: 0.21 seconds. CPU system time: 0.01 seconds. Elapsed time: 0.22 seconds; current allocated memory: 1.006 GB.
INFO: [BIND 205-100] Starting micro-architecture generation ...
INFO: [BIND 205-101] Performing variable lifetime analysis.
INFO: [BIND 205-101] Exploring resource sharing.
INFO: [BIND 205-101] Binding ...
INFO: [BIND 205-100] Finished micro-architecture generation.
INFO: [HLS 200-111] Finished Binding: CPU user time: 0.1 seconds. CPU system time: 0 seconds. Elapsed time: 0.1 seconds; current allocated memory: 1.007 GB.
INFO: [HLS 200-10] ----------------------------------------------------------------
INFO: [HLS 200-42] -- Implementing module 'mm2s_6' 
INFO: [HLS 200-10] ----------------------------------------------------------------
INFO: [SCHED 204-11] Starting scheduling ...
INFO: [SCHED 204-61] Pipelining loop 'VITIS_LOOP_363_1_VITIS_LOOP_365_2_VITIS_LOOP_367_3'.
WARNING: [HLS 200-885] The II Violation in module 'mm2s_6' (loop 'VITIS_LOOP_363_1_VITIS_LOOP_365_2_VITIS_LOOP_367_3'): Unable to schedule bus request operation ('gmem5_load_1_req', ../src/ntt.cpp:387) on port 'gmem5' (../src/ntt.cpp:387) due to limited memory ports (II = 1). Please consider using a memory core with more ports or partitioning the array.
Resolution: For help on HLS 200-885 see docs.xilinx.com/access/sources/dita/topic?Doc_Version=2024.2%20English&url=ug1448-hls-guidance&resourceid=200-885.html
WARNING: [HLS 200-885] The II Violation in module 'mm2s_6' (loop 'VITIS_LOOP_363_1_VITIS_LOOP_365_2_VITIS_LOOP_367_3'): Unable to schedule bus request operation ('gmem5_load_2_req', ../src/ntt.cpp:388) on port 'gmem5' (../src/ntt.cpp:388) due to limited memory ports (II = 2). Please consider using a memory core with more ports or partitioning the array.
Resolution: For help on HLS 200-885 see docs.xilinx.com/access/sources/dita/topic?Doc_Version=2024.2%20English&url=ug1448-hls-guidance&resourceid=200-885.html
WARNING: [HLS 200-885] The II Violation in module 'mm2s_6' (loop 'VITIS_LOOP_363_1_VITIS_LOOP_365_2_VITIS_LOOP_367_3'): Unable to schedule bus request operation ('gmem5_load_3_req', ../src/ntt.cpp:389) on port 'gmem5' (../src/ntt.cpp:389) due to limited memory ports (II = 3). Please consider using a memory core with more ports or partitioning the array.
Resolution: For help on HLS 200-885 see docs.xilinx.com/access/sources/dita/topic?Doc_Version=2024.2%20English&url=ug1448-hls-guidance&resourceid=200-885.html
INFO: [HLS 200-1470] Pipelining result : Target II = NA, Final II = 4, Depth = 77, loop 'VITIS_LOOP_363_1_VITIS_LOOP_365_2_VITIS_LOOP_367_3'
INFO: [SCHED 204-11] Finished scheduling.
INFO: [HLS 200-111] Finished Scheduling: CPU user time: 0.22 seconds. CPU system time: 0 seconds. Elapsed time: 0.22 seconds; current allocated memory: 1.008 GB.
INFO: [BIND 205-100] Starting micro-architecture generation ...
INFO: [BIND 205-101] Performing variable lifetime analysis.
INFO: [BIND 205-101] Exploring resource sharing.
INFO: [BIND 205-101] Binding ...
INFO: [BIND 205-100] Finished micro-architecture generation.
INFO: [HLS 200-111] Finished Binding: CPU user time: 0.11 seconds. CPU system time: 0 seconds. Elapsed time: 0.1 seconds; current allocated memory: 1.009 GB.
INFO: [HLS 200-10] ----------------------------------------------------------------
INFO: [HLS 200-42] -- Implementing module 'mm2s_7' 
INFO: [HLS 200-10] ----------------------------------------------------------------
INFO: [SCHED 204-11] Starting scheduling ...
INFO: [SCHED 204-61] Pipelining loop 'VITIS_LOOP_363_1_VITIS_LOOP_365_2_VITIS_LOOP_367_3'.
WARNING: [HLS 200-885] The II Violation in module 'mm2s_7' (loop 'VITIS_LOOP_363_1_VITIS_LOOP_365_2_VITIS_LOOP_367_3'): Unable to schedule bus request operation ('gmem6_load_1_req', ../src/ntt.cpp:387) on port 'gmem6' (../src/ntt.cpp:387) due to limited memory ports (II = 1). Please consider using a memory core with more ports or partitioning the array.
Resolution: For help on HLS 200-885 see docs.xilinx.com/access/sources/dita/topic?Doc_Version=2024.2%20English&url=ug1448-hls-guidance&resourceid=200-885.html
WARNING: [HLS 200-885] The II Violation in module 'mm2s_7' (loop 'VITIS_LOOP_363_1_VITIS_LOOP_365_2_VITIS_LOOP_367_3'): Unable to schedule bus request operation ('gmem6_load_2_req', ../src/ntt.cpp:388) on port 'gmem6' (../src/ntt.cpp:388) due to limited memory ports (II = 2). Please consider using a memory core with more ports or partitioning the array.
Resolution: For help on HLS 200-885 see docs.xilinx.com/access/sources/dita/topic?Doc_Version=2024.2%20English&url=ug1448-hls-guidance&resourceid=200-885.html
WARNING: [HLS 200-885] The II Violation in module 'mm2s_7' (loop 'VITIS_LOOP_363_1_VITIS_LOOP_365_2_VITIS_LOOP_367_3'): Unable to schedule bus request operation ('gmem6_load_3_req', ../src/ntt.cpp:389) on port 'gmem6' (../src/ntt.cpp:389) due to limited memory ports (II = 3). Please consider using a memory core with more ports or partitioning the array.
Resolution: For help on HLS 200-885 see docs.xilinx.com/access/sources/dita/topic?Doc_Version=2024.2%20English&url=ug1448-hls-guidance&resourceid=200-885.html
INFO: [HLS 200-1470] Pipelining result : Target II = NA, Final II = 4, Depth = 77, loop 'VITIS_LOOP_363_1_VITIS_LOOP_365_2_VITIS_LOOP_367_3'
INFO: [SCHED 204-11] Finished scheduling.
INFO: [HLS 200-111] Finished Scheduling: CPU user time: 0.21 seconds. CPU system time: 0 seconds. Elapsed time: 0.22 seconds; current allocated memory: 1.010 GB.
INFO: [BIND 205-100] Starting micro-architecture generation ...
INFO: [BIND 205-101] Performing variable lifetime analysis.
INFO: [BIND 205-101] Exploring resource sharing.
INFO: [BIND 205-101] Binding ...
INFO: [BIND 205-100] Finished micro-architecture generation.
INFO: [HLS 200-111] Finished Binding: CPU user time: 0.11 seconds. CPU system time: 0.01 seconds. Elapsed time: 0.11 seconds; current allocated memory: 1.011 GB.
INFO: [HLS 200-10] ----------------------------------------------------------------
INFO: [HLS 200-42] -- Implementing module 'mm2s_8' 
INFO: [HLS 200-10] ----------------------------------------------------------------
INFO: [SCHED 204-11] Starting scheduling ...
INFO: [SCHED 204-61] Pipelining loop 'VITIS_LOOP_363_1_VITIS_LOOP_365_2_VITIS_LOOP_367_3'.
WARNING: [HLS 200-885] The II Violation in module 'mm2s_8' (loop 'VITIS_LOOP_363_1_VITIS_LOOP_365_2_VITIS_LOOP_367_3'): Unable to schedule bus request operation ('gmem7_load_1_req', ../src/ntt.cpp:387) on port 'gmem7' (../src/ntt.cpp:387) due to limited memory ports (II = 1). Please consider using a memory core with more ports or partitioning the array.
Resolution: For help on HLS 200-885 see docs.xilinx.com/access/sources/dita/topic?Doc_Version=2024.2%20English&url=ug1448-hls-guidance&resourceid=200-885.html
WARNING: [HLS 200-885] The II Violation in module 'mm2s_8' (loop 'VITIS_LOOP_363_1_VITIS_LOOP_365_2_VITIS_LOOP_367_3'): Unable to schedule bus request operation ('gmem7_load_2_req', ../src/ntt.cpp:388) on port 'gmem7' (../src/ntt.cpp:388) due to limited memory ports (II = 2). Please consider using a memory core with more ports or partitioning the array.
Resolution: For help on HLS 200-885 see docs.xilinx.com/access/sources/dita/topic?Doc_Version=2024.2%20English&url=ug1448-hls-guidance&resourceid=200-885.html
WARNING: [HLS 200-885] The II Violation in module 'mm2s_8' (loop 'VITIS_LOOP_363_1_VITIS_LOOP_365_2_VITIS_LOOP_367_3'): Unable to schedule bus request operation ('gmem7_load_3_req', ../src/ntt.cpp:389) on port 'gmem7' (../src/ntt.cpp:389) due to limited memory ports (II = 3). Please consider using a memory core with more ports or partitioning the array.
Resolution: For help on HLS 200-885 see docs.xilinx.com/access/sources/dita/topic?Doc_Version=2024.2%20English&url=ug1448-hls-guidance&resourceid=200-885.html
INFO: [HLS 200-1470] Pipelining result : Target II = NA, Final II = 4, Depth = 77, loop 'VITIS_LOOP_363_1_VITIS_LOOP_365_2_VITIS_LOOP_367_3'
INFO: [SCHED 204-11] Finished scheduling.
INFO: [HLS 200-111] Finished Scheduling: CPU user time: 0.21 seconds. CPU system time: 0.01 seconds. Elapsed time: 0.22 seconds; current allocated memory: 1.012 GB.
INFO: [BIND 205-100] Starting micro-architecture generation ...
INFO: [BIND 205-101] Performing variable lifetime analysis.
INFO: [BIND 205-101] Exploring resource sharing.
INFO: [BIND 205-101] Binding ...
INFO: [BIND 205-100] Finished micro-architecture generation.
INFO: [HLS 200-111] Finished Binding: CPU user time: 0.1 seconds. CPU system time: 0 seconds. Elapsed time: 0.11 seconds; current allocated memory: 1.013 GB.
INFO: [HLS 200-10] ----------------------------------------------------------------
INFO: [HLS 200-42] -- Implementing module 'mm2s_9' 
INFO: [HLS 200-10] ----------------------------------------------------------------
INFO: [SCHED 204-11] Starting scheduling ...
INFO: [SCHED 204-61] Pipelining loop 'VITIS_LOOP_363_1_VITIS_LOOP_365_2_VITIS_LOOP_367_3'.
WARNING: [HLS 200-885] The II Violation in module 'mm2s_9' (loop 'VITIS_LOOP_363_1_VITIS_LOOP_365_2_VITIS_LOOP_367_3'): Unable to schedule bus request operation ('gmem8_load_1_req', ../src/ntt.cpp:387) on port 'gmem8' (../src/ntt.cpp:387) due to limited memory ports (II = 1). Please consider using a memory core with more ports or partitioning the array.
Resolution: For help on HLS 200-885 see docs.xilinx.com/access/sources/dita/topic?Doc_Version=2024.2%20English&url=ug1448-hls-guidance&resourceid=200-885.html
WARNING: [HLS 200-885] The II Violation in module 'mm2s_9' (loop 'VITIS_LOOP_363_1_VITIS_LOOP_365_2_VITIS_LOOP_367_3'): Unable to schedule bus request operation ('gmem8_load_2_req', ../src/ntt.cpp:388) on port 'gmem8' (../src/ntt.cpp:388) due to limited memory ports (II = 2). Please consider using a memory core with more ports or partitioning the array.
Resolution: For help on HLS 200-885 see docs.xilinx.com/access/sources/dita/topic?Doc_Version=2024.2%20English&url=ug1448-hls-guidance&resourceid=200-885.html
WARNING: [HLS 200-885] The II Violation in module 'mm2s_9' (loop 'VITIS_LOOP_363_1_VITIS_LOOP_365_2_VITIS_LOOP_367_3'): Unable to schedule bus request operation ('gmem8_load_3_req', ../src/ntt.cpp:389) on port 'gmem8' (../src/ntt.cpp:389) due to limited memory ports (II = 3). Please consider using a memory core with more ports or partitioning the array.
Resolution: For help on HLS 200-885 see docs.xilinx.com/access/sources/dita/topic?Doc_Version=2024.2%20English&url=ug1448-hls-guidance&resourceid=200-885.html
INFO: [HLS 200-1470] Pipelining result : Target II = NA, Final II = 4, Depth = 77, loop 'VITIS_LOOP_363_1_VITIS_LOOP_365_2_VITIS_LOOP_367_3'
INFO: [SCHED 204-11] Finished scheduling.
INFO: [HLS 200-111] Finished Scheduling: CPU user time: 0.24 seconds. CPU system time: 0 seconds. Elapsed time: 0.23 seconds; current allocated memory: 1.014 GB.
INFO: [BIND 205-100] Starting micro-architecture generation ...
INFO: [BIND 205-101] Performing variable lifetime analysis.
INFO: [BIND 205-101] Exploring resource sharing.
INFO: [BIND 205-101] Binding ...
INFO: [BIND 205-100] Finished micro-architecture generation.
INFO: [HLS 200-111] Finished Binding: CPU user time: 0.1 seconds. CPU system time: 0 seconds. Elapsed time: 0.11 seconds; current allocated memory: 1.015 GB.
INFO: [HLS 200-10] ----------------------------------------------------------------
INFO: [HLS 200-42] -- Implementing module 'mm2s_10' 
INFO: [HLS 200-10] ----------------------------------------------------------------
INFO: [SCHED 204-11] Starting scheduling ...
INFO: [SCHED 204-61] Pipelining loop 'VITIS_LOOP_363_1_VITIS_LOOP_365_2_VITIS_LOOP_367_3'.
WARNING: [HLS 200-885] The II Violation in module 'mm2s_10' (loop 'VITIS_LOOP_363_1_VITIS_LOOP_365_2_VITIS_LOOP_367_3'): Unable to schedule bus request operation ('gmem9_load_1_req', ../src/ntt.cpp:387) on port 'gmem9' (../src/ntt.cpp:387) due to limited memory ports (II = 1). Please consider using a memory core with more ports or partitioning the array.
Resolution: For help on HLS 200-885 see docs.xilinx.com/access/sources/dita/topic?Doc_Version=2024.2%20English&url=ug1448-hls-guidance&resourceid=200-885.html
WARNING: [HLS 200-885] The II Violation in module 'mm2s_10' (loop 'VITIS_LOOP_363_1_VITIS_LOOP_365_2_VITIS_LOOP_367_3'): Unable to schedule bus request operation ('gmem9_load_2_req', ../src/ntt.cpp:388) on port 'gmem9' (../src/ntt.cpp:388) due to limited memory ports (II = 2). Please consider using a memory core with more ports or partitioning the array.
Resolution: For help on HLS 200-885 see docs.xilinx.com/access/sources/dita/topic?Doc_Version=2024.2%20English&url=ug1448-hls-guidance&resourceid=200-885.html
WARNING: [HLS 200-885] The II Violation in module 'mm2s_10' (loop 'VITIS_LOOP_363_1_VITIS_LOOP_365_2_VITIS_LOOP_367_3'): Unable to schedule bus request operation ('gmem9_load_3_req', ../src/ntt.cpp:389) on port 'gmem9' (../src/ntt.cpp:389) due to limited memory ports (II = 3). Please consider using a memory core with more ports or partitioning the array.
Resolution: For help on HLS 200-885 see docs.xilinx.com/access/sources/dita/topic?Doc_Version=2024.2%20English&url=ug1448-hls-guidance&resourceid=200-885.html
INFO: [HLS 200-1470] Pipelining result : Target II = NA, Final II = 4, Depth = 77, loop 'VITIS_LOOP_363_1_VITIS_LOOP_365_2_VITIS_LOOP_367_3'
INFO: [SCHED 204-11] Finished scheduling.
INFO: [HLS 200-111] Finished Scheduling: CPU user time: 0.22 seconds. CPU system time: 0.01 seconds. Elapsed time: 0.23 seconds; current allocated memory: 1.016 GB.
INFO: [BIND 205-100] Starting micro-architecture generation ...
INFO: [BIND 205-101] Performing variable lifetime analysis.
INFO: [BIND 205-101] Exploring resource sharing.
INFO: [BIND 205-101] Binding ...
INFO: [BIND 205-100] Finished micro-architecture generation.
INFO: [HLS 200-111] Finished Binding: CPU user time: 0.11 seconds. CPU system time: 0 seconds. Elapsed time: 0.12 seconds; current allocated memory: 1.017 GB.
INFO: [HLS 200-10] ----------------------------------------------------------------
INFO: [HLS 200-42] -- Implementing module 'mm2s_11' 
INFO: [HLS 200-10] ----------------------------------------------------------------
INFO: [SCHED 204-11] Starting scheduling ...
INFO: [SCHED 204-61] Pipelining loop 'VITIS_LOOP_363_1_VITIS_LOOP_365_2_VITIS_LOOP_367_3'.
WARNING: [HLS 200-885] The II Violation in module 'mm2s_11' (loop 'VITIS_LOOP_363_1_VITIS_LOOP_365_2_VITIS_LOOP_367_3'): Unable to schedule bus request operation ('gmem10_load_1_req', ../src/ntt.cpp:387) on port 'gmem10' (../src/ntt.cpp:387) due to limited memory ports (II = 1). Please consider using a memory core with more ports or partitioning the array.
Resolution: For help on HLS 200-885 see docs.xilinx.com/access/sources/dita/topic?Doc_Version=2024.2%20English&url=ug1448-hls-guidance&resourceid=200-885.html
WARNING: [HLS 200-885] The II Violation in module 'mm2s_11' (loop 'VITIS_LOOP_363_1_VITIS_LOOP_365_2_VITIS_LOOP_367_3'): Unable to schedule bus request operation ('gmem10_load_2_req', ../src/ntt.cpp:388) on port 'gmem10' (../src/ntt.cpp:388) due to limited memory ports (II = 2). Please consider using a memory core with more ports or partitioning the array.
Resolution: For help on HLS 200-885 see docs.xilinx.com/access/sources/dita/topic?Doc_Version=2024.2%20English&url=ug1448-hls-guidance&resourceid=200-885.html
WARNING: [HLS 200-885] The II Violation in module 'mm2s_11' (loop 'VITIS_LOOP_363_1_VITIS_LOOP_365_2_VITIS_LOOP_367_3'): Unable to schedule bus request operation ('gmem10_load_3_req', ../src/ntt.cpp:389) on port 'gmem10' (../src/ntt.cpp:389) due to limited memory ports (II = 3). Please consider using a memory core with more ports or partitioning the array.
Resolution: For help on HLS 200-885 see docs.xilinx.com/access/sources/dita/topic?Doc_Version=2024.2%20English&url=ug1448-hls-guidance&resourceid=200-885.html
INFO: [HLS 200-1470] Pipelining result : Target II = NA, Final II = 4, Depth = 77, loop 'VITIS_LOOP_363_1_VITIS_LOOP_365_2_VITIS_LOOP_367_3'
INFO: [SCHED 204-11] Finished scheduling.
INFO: [HLS 200-111] Finished Scheduling: CPU user time: 0.22 seconds. CPU system time: 0.01 seconds. Elapsed time: 0.23 seconds; current allocated memory: 1.018 GB.
INFO: [BIND 205-100] Starting micro-architecture generation ...
INFO: [BIND 205-101] Performing variable lifetime analysis.
INFO: [BIND 205-101] Exploring resource sharing.
INFO: [BIND 205-101] Binding ...
INFO: [BIND 205-100] Finished micro-architecture generation.
INFO: [HLS 200-111] Finished Binding: CPU user time: 0.09 seconds. CPU system time: 0.01 seconds. Elapsed time: 0.11 seconds; current allocated memory: 1.019 GB.
INFO: [HLS 200-10] ----------------------------------------------------------------
INFO: [HLS 200-42] -- Implementing module 'mm2s_12' 
INFO: [HLS 200-10] ----------------------------------------------------------------
INFO: [SCHED 204-11] Starting scheduling ...
INFO: [SCHED 204-61] Pipelining loop 'VITIS_LOOP_363_1_VITIS_LOOP_365_2_VITIS_LOOP_367_3'.
WARNING: [HLS 200-885] The II Violation in module 'mm2s_12' (loop 'VITIS_LOOP_363_1_VITIS_LOOP_365_2_VITIS_LOOP_367_3'): Unable to schedule bus request operation ('gmem11_load_1_req', ../src/ntt.cpp:387) on port 'gmem11' (../src/ntt.cpp:387) due to limited memory ports (II = 1). Please consider using a memory core with more ports or partitioning the array.
Resolution: For help on HLS 200-885 see docs.xilinx.com/access/sources/dita/topic?Doc_Version=2024.2%20English&url=ug1448-hls-guidance&resourceid=200-885.html
WARNING: [HLS 200-885] The II Violation in module 'mm2s_12' (loop 'VITIS_LOOP_363_1_VITIS_LOOP_365_2_VITIS_LOOP_367_3'): Unable to schedule bus request operation ('gmem11_load_2_req', ../src/ntt.cpp:388) on port 'gmem11' (../src/ntt.cpp:388) due to limited memory ports (II = 2). Please consider using a memory core with more ports or partitioning the array.
Resolution: For help on HLS 200-885 see docs.xilinx.com/access/sources/dita/topic?Doc_Version=2024.2%20English&url=ug1448-hls-guidance&resourceid=200-885.html
WARNING: [HLS 200-885] The II Violation in module 'mm2s_12' (loop 'VITIS_LOOP_363_1_VITIS_LOOP_365_2_VITIS_LOOP_367_3'): Unable to schedule bus request operation ('gmem11_load_3_req', ../src/ntt.cpp:389) on port 'gmem11' (../src/ntt.cpp:389) due to limited memory ports (II = 3). Please consider using a memory core with more ports or partitioning the array.
Resolution: For help on HLS 200-885 see docs.xilinx.com/access/sources/dita/topic?Doc_Version=2024.2%20English&url=ug1448-hls-guidance&resourceid=200-885.html
INFO: [HLS 200-1470] Pipelining result : Target II = NA, Final II = 4, Depth = 77, loop 'VITIS_LOOP_363_1_VITIS_LOOP_365_2_VITIS_LOOP_367_3'
INFO: [SCHED 204-11] Finished scheduling.
INFO: [HLS 200-111] Finished Scheduling: CPU user time: 0.23 seconds. CPU system time: 0 seconds. Elapsed time: 0.23 seconds; current allocated memory: 1.020 GB.
INFO: [BIND 205-100] Starting micro-architecture generation ...
INFO: [BIND 205-101] Performing variable lifetime analysis.
INFO: [BIND 205-101] Exploring resource sharing.
INFO: [BIND 205-101] Binding ...
INFO: [BIND 205-100] Finished micro-architecture generation.
INFO: [HLS 200-111] Finished Binding: CPU user time: 0.1 seconds. CPU system time: 0.01 seconds. Elapsed time: 0.11 seconds; current allocated memory: 1.021 GB.
INFO: [HLS 200-10] ----------------------------------------------------------------
INFO: [HLS 200-42] -- Implementing module 'mm2s_13' 
INFO: [HLS 200-10] ----------------------------------------------------------------
INFO: [SCHED 204-11] Starting scheduling ...
INFO: [SCHED 204-61] Pipelining loop 'VITIS_LOOP_363_1_VITIS_LOOP_365_2_VITIS_LOOP_367_3'.
WARNING: [HLS 200-885] The II Violation in module 'mm2s_13' (loop 'VITIS_LOOP_363_1_VITIS_LOOP_365_2_VITIS_LOOP_367_3'): Unable to schedule bus request operation ('gmem12_load_1_req', ../src/ntt.cpp:387) on port 'gmem12' (../src/ntt.cpp:387) due to limited memory ports (II = 1). Please consider using a memory core with more ports or partitioning the array.
Resolution: For help on HLS 200-885 see docs.xilinx.com/access/sources/dita/topic?Doc_Version=2024.2%20English&url=ug1448-hls-guidance&resourceid=200-885.html
WARNING: [HLS 200-885] The II Violation in module 'mm2s_13' (loop 'VITIS_LOOP_363_1_VITIS_LOOP_365_2_VITIS_LOOP_367_3'): Unable to schedule bus request operation ('gmem12_load_2_req', ../src/ntt.cpp:388) on port 'gmem12' (../src/ntt.cpp:388) due to limited memory ports (II = 2). Please consider using a memory core with more ports or partitioning the array.
Resolution: For help on HLS 200-885 see docs.xilinx.com/access/sources/dita/topic?Doc_Version=2024.2%20English&url=ug1448-hls-guidance&resourceid=200-885.html
WARNING: [HLS 200-885] The II Violation in module 'mm2s_13' (loop 'VITIS_LOOP_363_1_VITIS_LOOP_365_2_VITIS_LOOP_367_3'): Unable to schedule bus request operation ('gmem12_load_3_req', ../src/ntt.cpp:389) on port 'gmem12' (../src/ntt.cpp:389) due to limited memory ports (II = 3). Please consider using a memory core with more ports or partitioning the array.
Resolution: For help on HLS 200-885 see docs.xilinx.com/access/sources/dita/topic?Doc_Version=2024.2%20English&url=ug1448-hls-guidance&resourceid=200-885.html
INFO: [HLS 200-1470] Pipelining result : Target II = NA, Final II = 4, Depth = 77, loop 'VITIS_LOOP_363_1_VITIS_LOOP_365_2_VITIS_LOOP_367_3'
INFO: [SCHED 204-11] Finished scheduling.
INFO: [HLS 200-111] Finished Scheduling: CPU user time: 0.23 seconds. CPU system time: 0.01 seconds. Elapsed time: 0.24 seconds; current allocated memory: 1.022 GB.
INFO: [BIND 205-100] Starting micro-architecture generation ...
INFO: [BIND 205-101] Performing variable lifetime analysis.
INFO: [BIND 205-101] Exploring resource sharing.
INFO: [BIND 205-101] Binding ...
INFO: [BIND 205-100] Finished micro-architecture generation.
INFO: [HLS 200-111] Finished Binding: CPU user time: 0.11 seconds. CPU system time: 0 seconds. Elapsed time: 0.11 seconds; current allocated memory: 1.023 GB.
INFO: [HLS 200-10] ----------------------------------------------------------------
INFO: [HLS 200-42] -- Implementing module 'mm2s_14' 
INFO: [HLS 200-10] ----------------------------------------------------------------
INFO: [SCHED 204-11] Starting scheduling ...
INFO: [SCHED 204-61] Pipelining loop 'VITIS_LOOP_363_1_VITIS_LOOP_365_2_VITIS_LOOP_367_3'.
WARNING: [HLS 200-885] The II Violation in module 'mm2s_14' (loop 'VITIS_LOOP_363_1_VITIS_LOOP_365_2_VITIS_LOOP_367_3'): Unable to schedule bus request operation ('gmem13_load_1_req', ../src/ntt.cpp:387) on port 'gmem13' (../src/ntt.cpp:387) due to limited memory ports (II = 1). Please consider using a memory core with more ports or partitioning the array.
Resolution: For help on HLS 200-885 see docs.xilinx.com/access/sources/dita/topic?Doc_Version=2024.2%20English&url=ug1448-hls-guidance&resourceid=200-885.html
WARNING: [HLS 200-885] The II Violation in module 'mm2s_14' (loop 'VITIS_LOOP_363_1_VITIS_LOOP_365_2_VITIS_LOOP_367_3'): Unable to schedule bus request operation ('gmem13_load_2_req', ../src/ntt.cpp:388) on port 'gmem13' (../src/ntt.cpp:388) due to limited memory ports (II = 2). Please consider using a memory core with more ports or partitioning the array.
Resolution: For help on HLS 200-885 see docs.xilinx.com/access/sources/dita/topic?Doc_Version=2024.2%20English&url=ug1448-hls-guidance&resourceid=200-885.html
WARNING: [HLS 200-885] The II Violation in module 'mm2s_14' (loop 'VITIS_LOOP_363_1_VITIS_LOOP_365_2_VITIS_LOOP_367_3'): Unable to schedule bus request operation ('gmem13_load_3_req', ../src/ntt.cpp:389) on port 'gmem13' (../src/ntt.cpp:389) due to limited memory ports (II = 3). Please consider using a memory core with more ports or partitioning the array.
Resolution: For help on HLS 200-885 see docs.xilinx.com/access/sources/dita/topic?Doc_Version=2024.2%20English&url=ug1448-hls-guidance&resourceid=200-885.html
INFO: [HLS 200-1470] Pipelining result : Target II = NA, Final II = 4, Depth = 77, loop 'VITIS_LOOP_363_1_VITIS_LOOP_365_2_VITIS_LOOP_367_3'
INFO: [SCHED 204-11] Finished scheduling.
INFO: [HLS 200-111] Finished Scheduling: CPU user time: 0.23 seconds. CPU system time: 0 seconds. Elapsed time: 0.24 seconds; current allocated memory: 1.025 GB.
INFO: [BIND 205-100] Starting micro-architecture generation ...
INFO: [BIND 205-101] Performing variable lifetime analysis.
INFO: [BIND 205-101] Exploring resource sharing.
INFO: [BIND 205-101] Binding ...
INFO: [BIND 205-100] Finished micro-architecture generation.
INFO: [HLS 200-111] Finished Binding: CPU user time: 0.1 seconds. CPU system time: 0.02 seconds. Elapsed time: 0.11 seconds; current allocated memory: 1.025 GB.
INFO: [HLS 200-10] ----------------------------------------------------------------
INFO: [HLS 200-42] -- Implementing module 'mm2s_15' 
INFO: [HLS 200-10] ----------------------------------------------------------------
INFO: [SCHED 204-11] Starting scheduling ...
INFO: [SCHED 204-61] Pipelining loop 'VITIS_LOOP_363_1_VITIS_LOOP_365_2_VITIS_LOOP_367_3'.
WARNING: [HLS 200-885] The II Violation in module 'mm2s_15' (loop 'VITIS_LOOP_363_1_VITIS_LOOP_365_2_VITIS_LOOP_367_3'): Unable to schedule bus request operation ('gmem14_load_1_req', ../src/ntt.cpp:387) on port 'gmem14' (../src/ntt.cpp:387) due to limited memory ports (II = 1). Please consider using a memory core with more ports or partitioning the array.
Resolution: For help on HLS 200-885 see docs.xilinx.com/access/sources/dita/topic?Doc_Version=2024.2%20English&url=ug1448-hls-guidance&resourceid=200-885.html
WARNING: [HLS 200-885] The II Violation in module 'mm2s_15' (loop 'VITIS_LOOP_363_1_VITIS_LOOP_365_2_VITIS_LOOP_367_3'): Unable to schedule bus request operation ('gmem14_load_2_req', ../src/ntt.cpp:388) on port 'gmem14' (../src/ntt.cpp:388) due to limited memory ports (II = 2). Please consider using a memory core with more ports or partitioning the array.
Resolution: For help on HLS 200-885 see docs.xilinx.com/access/sources/dita/topic?Doc_Version=2024.2%20English&url=ug1448-hls-guidance&resourceid=200-885.html
WARNING: [HLS 200-885] The II Violation in module 'mm2s_15' (loop 'VITIS_LOOP_363_1_VITIS_LOOP_365_2_VITIS_LOOP_367_3'): Unable to schedule bus request operation ('gmem14_load_3_req', ../src/ntt.cpp:389) on port 'gmem14' (../src/ntt.cpp:389) due to limited memory ports (II = 3). Please consider using a memory core with more ports or partitioning the array.
Resolution: For help on HLS 200-885 see docs.xilinx.com/access/sources/dita/topic?Doc_Version=2024.2%20English&url=ug1448-hls-guidance&resourceid=200-885.html
INFO: [HLS 200-1470] Pipelining result : Target II = NA, Final II = 4, Depth = 77, loop 'VITIS_LOOP_363_1_VITIS_LOOP_365_2_VITIS_LOOP_367_3'
INFO: [SCHED 204-11] Finished scheduling.
INFO: [HLS 200-111] Finished Scheduling: CPU user time: 0.23 seconds. CPU system time: 0 seconds. Elapsed time: 0.23 seconds; current allocated memory: 1.027 GB.
INFO: [BIND 205-100] Starting micro-architecture generation ...
INFO: [BIND 205-101] Performing variable lifetime analysis.
INFO: [BIND 205-101] Exploring resource sharing.
INFO: [BIND 205-101] Binding ...
INFO: [BIND 205-100] Finished micro-architecture generation.
INFO: [HLS 200-111] Finished Binding: CPU user time: 0.11 seconds. CPU system time: 0 seconds. Elapsed time: 0.11 seconds; current allocated memory: 1.027 GB.
INFO: [HLS 200-10] ----------------------------------------------------------------
INFO: [HLS 200-42] -- Implementing module 'mm2s_16' 
INFO: [HLS 200-10] ----------------------------------------------------------------
INFO: [SCHED 204-11] Starting scheduling ...
INFO: [SCHED 204-61] Pipelining loop 'VITIS_LOOP_363_1_VITIS_LOOP_365_2_VITIS_LOOP_367_3'.
WARNING: [HLS 200-885] The II Violation in module 'mm2s_16' (loop 'VITIS_LOOP_363_1_VITIS_LOOP_365_2_VITIS_LOOP_367_3'): Unable to schedule bus request operation ('gmem15_load_1_req', ../src/ntt.cpp:387) on port 'gmem15' (../src/ntt.cpp:387) due to limited memory ports (II = 1). Please consider using a memory core with more ports or partitioning the array.
Resolution: For help on HLS 200-885 see docs.xilinx.com/access/sources/dita/topic?Doc_Version=2024.2%20English&url=ug1448-hls-guidance&resourceid=200-885.html
WARNING: [HLS 200-885] The II Violation in module 'mm2s_16' (loop 'VITIS_LOOP_363_1_VITIS_LOOP_365_2_VITIS_LOOP_367_3'): Unable to schedule bus request operation ('gmem15_load_2_req', ../src/ntt.cpp:388) on port 'gmem15' (../src/ntt.cpp:388) due to limited memory ports (II = 2). Please consider using a memory core with more ports or partitioning the array.
Resolution: For help on HLS 200-885 see docs.xilinx.com/access/sources/dita/topic?Doc_Version=2024.2%20English&url=ug1448-hls-guidance&resourceid=200-885.html
WARNING: [HLS 200-885] The II Violation in module 'mm2s_16' (loop 'VITIS_LOOP_363_1_VITIS_LOOP_365_2_VITIS_LOOP_367_3'): Unable to schedule bus request operation ('gmem15_load_3_req', ../src/ntt.cpp:389) on port 'gmem15' (../src/ntt.cpp:389) due to limited memory ports (II = 3). Please consider using a memory core with more ports or partitioning the array.
Resolution: For help on HLS 200-885 see docs.xilinx.com/access/sources/dita/topic?Doc_Version=2024.2%20English&url=ug1448-hls-guidance&resourceid=200-885.html
INFO: [HLS 200-1470] Pipelining result : Target II = NA, Final II = 4, Depth = 77, loop 'VITIS_LOOP_363_1_VITIS_LOOP_365_2_VITIS_LOOP_367_3'
INFO: [SCHED 204-11] Finished scheduling.
INFO: [HLS 200-111] Finished Scheduling: CPU user time: 0.23 seconds. CPU system time: 0.01 seconds. Elapsed time: 0.3 seconds; current allocated memory: 1.029 GB.
INFO: [BIND 205-100] Starting micro-architecture generation ...
INFO: [BIND 205-101] Performing variable lifetime analysis.
INFO: [BIND 205-101] Exploring resource sharing.
INFO: [BIND 205-101] Binding ...
INFO: [BIND 205-100] Finished micro-architecture generation.
INFO: [HLS 200-111] Finished Binding: CPU user time: 0.1 seconds. CPU system time: 0.01 seconds. Elapsed time: 0.11 seconds; current allocated memory: 1.029 GB.
INFO: [HLS 200-10] ----------------------------------------------------------------
INFO: [HLS 200-42] -- Implementing module 'xor_permute_spatial' 
INFO: [HLS 200-10] ----------------------------------------------------------------
INFO: [SCHED 204-11] Starting scheduling ...
INFO: [SCHED 204-61] Pipelining function 'xor_permute_spatial'.
INFO: [HLS 200-1470] Pipelining result : Target II = NA, Final II = 1, Depth = 2, function 'xor_permute_spatial'
INFO: [SCHED 204-11] Finished scheduling.
INFO: [HLS 200-111] Finished Scheduling: CPU user time: 0.52 seconds. CPU system time: 0.01 seconds. Elapsed time: 0.53 seconds; current allocated memory: 1.037 GB.
INFO: [BIND 205-100] Starting micro-architecture generation ...
INFO: [BIND 205-101] Performing variable lifetime analysis.
INFO: [BIND 205-101] Exploring resource sharing.
INFO: [BIND 205-101] Binding ...
INFO: [BIND 205-100] Finished micro-architecture generation.
INFO: [HLS 200-111] Finished Binding: CPU user time: 0.14 seconds. CPU system time: 0.01 seconds. Elapsed time: 0.15 seconds; current allocated memory: 1.037 GB.
INFO: [HLS 200-10] ----------------------------------------------------------------
INFO: [HLS 200-42] -- Implementing module 'xor_permute_spatial_4096x4096' 
INFO: [HLS 200-10] ----------------------------------------------------------------
INFO: [SCHED 204-11] Starting scheduling ...
INFO: [SCHED 204-61] Pipelining loop 'VITIS_LOOP_309_1_VITIS_LOOP_311_2_VITIS_LOOP_313_3'.
INFO: [HLS 200-1470] Pipelining result : Target II = NA, Final II = 1, Depth = 3, loop 'VITIS_LOOP_309_1_VITIS_LOOP_311_2_VITIS_LOOP_313_3'
INFO: [SCHED 204-11] Finished scheduling.
INFO: [HLS 200-111] Finished Scheduling: CPU user time: 0.24 seconds. CPU system time: 0 seconds. Elapsed time: 0.24 seconds; current allocated memory: 1.037 GB.
INFO: [BIND 205-100] Starting micro-architecture generation ...
INFO: [BIND 205-101] Performing variable lifetime analysis.
INFO: [BIND 205-101] Exploring resource sharing.
INFO: [BIND 205-101] Binding ...
INFO: [BIND 205-100] Finished micro-architecture generation.
INFO: [HLS 200-111] Finished Binding: CPU user time: 0.08 seconds. CPU system time: 0.01 seconds. Elapsed time: 0.09 seconds; current allocated memory: 1.037 GB.
INFO: [HLS 200-10] ----------------------------------------------------------------
INFO: [HLS 200-42] -- Implementing module 'ntt_2_6' 
INFO: [HLS 200-10] ----------------------------------------------------------------
INFO: [SCHED 204-11] Starting scheduling ...
INFO: [SCHED 204-61] Pipelining function 'ntt_2_6'.
INFO: [HLS 200-1470] Pipelining result : Target II = NA, Final II = 1, Depth = 12, function 'ntt_2_6'
INFO: [SCHED 204-11] Finished scheduling.
INFO: [HLS 200-111] Finished Scheduling: CPU user time: 5.02 seconds. CPU system time: 0.14 seconds. Elapsed time: 5.16 seconds; current allocated memory: 1.215 GB.
INFO: [BIND 205-100] Starting micro-architecture generation ...
INFO: [BIND 205-101] Performing variable lifetime analysis.
INFO: [BIND 205-101] Exploring resource sharing.
INFO: [BIND 205-101] Binding ...
INFO: [BIND 205-100] Finished micro-architecture generation.
INFO: [HLS 200-111] Finished Binding: CPU user time: 3.26 seconds. CPU system time: 0.02 seconds. Elapsed time: 3.29 seconds; current allocated memory: 1.215 GB.
INFO: [HLS 200-10] ----------------------------------------------------------------
INFO: [HLS 200-42] -- Implementing module 'mult' 
INFO: [HLS 200-10] ----------------------------------------------------------------
INFO: [SCHED 204-11] Starting scheduling ...
INFO: [SCHED 204-61] Pipelining function 'mult'.
INFO: [HLS 200-1470] Pipelining result : Target II = 1, Final II = 1, Depth = 7, function 'mult'
INFO: [SCHED 204-11] Finished scheduling.
INFO: [HLS 200-111] Finished Scheduling: CPU user time: 0.86 seconds. CPU system time: 0.02 seconds. Elapsed time: 0.89 seconds; current allocated memory: 1.215 GB.
INFO: [BIND 205-100] Starting micro-architecture generation ...
INFO: [BIND 205-101] Performing variable lifetime analysis.
INFO: [BIND 205-101] Exploring resource sharing.
INFO: [BIND 205-101] Binding ...
INFO: [BIND 205-100] Finished micro-architecture generation.
INFO: [HLS 200-111] Finished Binding: CPU user time: 0.07 seconds. CPU system time: 0 seconds. Elapsed time: 0.06 seconds; current allocated memory: 1.215 GB.
INFO: [HLS 200-10] ----------------------------------------------------------------
INFO: [HLS 200-42] -- Implementing module 'ntt_2_12_serial' 
INFO: [HLS 200-10] ----------------------------------------------------------------
INFO: [SCHED 204-11] Starting scheduling ...
INFO: [SCHED 204-61] Pipelining loop 'row_ntt_loop'.
WARNING: [HLS 200-885] The II Violation in module 'ntt_2_12_serial' (loop 'row_ntt_loop'): Unable to schedule 'store' operation 0 bit ('bram_addr_1_write_ln283', ../src/ntt.cpp:283) of variable 'ref_tmp5_assign_s', ../src/ntt.cpp:277 on array 'bram', ../src/ntt.cpp:262 due to limited memory ports (II = 1). Please consider using a memory core with more ports or partitioning the array 'bram'.
Resolution: For help on HLS 200-885 see docs.xilinx.com/access/sources/dita/topic?Doc_Version=2024.2%20English&url=ug1448-hls-guidance&resourceid=200-885.html
WARNING: [HLS 200-885] The II Violation in module 'ntt_2_12_serial' (loop 'row_ntt_loop'): Unable to schedule 'store' operation 0 bit ('bram_addr_3_write_ln283', ../src/ntt.cpp:283) of variable 'ref_tmp5_assign_2', ../src/ntt.cpp:277 on array 'bram', ../src/ntt.cpp:262 due to limited memory ports (II = 2). Please consider using a memory core with more ports or partitioning the array 'bram'.
Resolution: For help on HLS 200-885 see docs.xilinx.com/access/sources/dita/topic?Doc_Version=2024.2%20English&url=ug1448-hls-guidance&resourceid=200-885.html
WARNING: [HLS 200-885] The II Violation in module 'ntt_2_12_serial' (loop 'row_ntt_loop'): Unable to schedule 'store' operation 0 bit ('bram_addr_5_write_ln283', ../src/ntt.cpp:283) of variable 'ref_tmp5_assign_4', ../src/ntt.cpp:277 on array 'bram', ../src/ntt.cpp:262 due to limited memory ports (II = 3). Please consider using a memory core with more ports or partitioning the array 'bram'.
Resolution: For help on HLS 200-885 see docs.xilinx.com/access/sources/dita/topic?Doc_Version=2024.2%20English&url=ug1448-hls-guidance&resourceid=200-885.html
WARNING: [HLS 200-885] The II Violation in module 'ntt_2_12_serial' (loop 'row_ntt_loop'): Unable to schedule 'store' operation 0 bit ('bram_addr_7_write_ln283', ../src/ntt.cpp:283) of variable 'ref_tmp5_assign_6', ../src/ntt.cpp:277 on array 'bram', ../src/ntt.cpp:262 due to limited memory ports (II = 4). Please consider using a memory core with more ports or partitioning the array 'bram'.
Resolution: For help on HLS 200-885 see docs.xilinx.com/access/sources/dita/topic?Doc_Version=2024.2%20English&url=ug1448-hls-guidance&resourceid=200-885.html
WARNING: [HLS 200-885] The II Violation in module 'ntt_2_12_serial' (loop 'row_ntt_loop'): Unable to schedule 'store' operation 0 bit ('bram_addr_37_write_ln283', ../src/ntt.cpp:283) of variable 'ref_tmp5_assign_36', ../src/ntt.cpp:277 on array 'bram', ../src/ntt.cpp:262 due to limited memory ports (II = 19). Please consider using a memory core with more ports or partitioning the array 'bram'.
Resolution: For help on HLS 200-885 see docs.xilinx.com/access/sources/dita/topic?Doc_Version=2024.2%20English&url=ug1448-hls-guidance&resourceid=200-885.html
WARNING: [HLS 200-885] The II Violation in module 'ntt_2_12_serial' (loop 'row_ntt_loop'): Unable to schedule 'store' operation 0 bit ('bram_addr_53_write_ln283', ../src/ntt.cpp:283) of variable 'ref_tmp5_assign_52', ../src/ntt.cpp:277 on array 'bram', ../src/ntt.cpp:262 due to limited memory ports (II = 27). Please consider using a memory core with more ports or partitioning the array 'bram'.
Resolution: For help on HLS 200-885 see docs.xilinx.com/access/sources/dita/topic?Doc_Version=2024.2%20English&url=ug1448-hls-guidance&resourceid=200-885.html
WARNING: [HLS 200-885] The II Violation in module 'ntt_2_12_serial' (loop 'row_ntt_loop'): Unable to schedule 'store' operation 0 bit ('bram_addr_61_write_ln283', ../src/ntt.cpp:283) of variable 'ref_tmp5_assign_60', ../src/ntt.cpp:277 on array 'bram', ../src/ntt.cpp:262 due to limited memory ports (II = 31). Please consider using a memory core with more ports or partitioning the array 'bram'.
Resolution: For help on HLS 200-885 see docs.xilinx.com/access/sources/dita/topic?Doc_Version=2024.2%20English&url=ug1448-hls-guidance&resourceid=200-885.html
INFO: [SCHED 204-61] Pipelining loop 'col_ntt_loop'.
WARNING: [HLS 200-885] The II Violation in module 'ntt_2_12_serial' (loop 'col_ntt_loop'): Unable to schedule 'load' operation 64 bit ('bram_load_1', ../src/ntt.cpp:297) on array 'bram', ../src/ntt.cpp:262 due to limited memory ports (II = 1). Please consider using a memory core with more ports or partitioning the array 'bram'.
Resolution: For help on HLS 200-885 see docs.xilinx.com/access/sources/dita/topic?Doc_Version=2024.2%20English&url=ug1448-hls-guidance&resourceid=200-885.html
WARNING: [HLS 200-885] The II Violation in module 'ntt_2_12_serial' (loop 'col_ntt_loop'): Unable to schedule 'load' operation 64 bit ('bram_load_3', ../src/ntt.cpp:297) on array 'bram', ../src/ntt.cpp:262 due to limited memory ports (II = 2). Please consider using a memory core with more ports or partitioning the array 'bram'.
Resolution: For help on HLS 200-885 see docs.xilinx.com/access/sources/dita/topic?Doc_Version=2024.2%20English&url=ug1448-hls-guidance&resourceid=200-885.html
WARNING: [HLS 200-885] The II Violation in module 'ntt_2_12_serial' (loop 'col_ntt_loop'): Unable to schedule 'load' operation 64 bit ('bram_load_5', ../src/ntt.cpp:297) on array 'bram', ../src/ntt.cpp:262 due to limited memory ports (II = 3). Please consider using a memory core with more ports or partitioning the array 'bram'.
Resolution: For help on HLS 200-885 see docs.xilinx.com/access/sources/dita/topic?Doc_Version=2024.2%20English&url=ug1448-hls-guidance&resourceid=200-885.html
WARNING: [HLS 200-885] The II Violation in module 'ntt_2_12_serial' (loop 'col_ntt_loop'): Unable to schedule 'load' operation 64 bit ('bram_load_7', ../src/ntt.cpp:297) on array 'bram', ../src/ntt.cpp:262 due to limited memory ports (II = 4). Please consider using a memory core with more ports or partitioning the array 'bram'.
Resolution: For help on HLS 200-885 see docs.xilinx.com/access/sources/dita/topic?Doc_Version=2024.2%20English&url=ug1448-hls-guidance&resourceid=200-885.html
WARNING: [HLS 200-885] The II Violation in module 'ntt_2_12_serial' (loop 'col_ntt_loop'): Unable to schedule 'load' operation 64 bit ('bram_load_37', ../src/ntt.cpp:297) on array 'bram', ../src/ntt.cpp:262 due to limited memory ports (II = 19). Please consider using a memory core with more ports or partitioning the array 'bram'.
Resolution: For help on HLS 200-885 see docs.xilinx.com/access/sources/dita/topic?Doc_Version=2024.2%20English&url=ug1448-hls-guidance&resourceid=200-885.html
WARNING: [HLS 200-885] The II Violation in module 'ntt_2_12_serial' (loop 'col_ntt_loop'): Unable to schedule 'load' operation 64 bit ('bram_load_53', ../src/ntt.cpp:297) on array 'bram', ../src/ntt.cpp:262 due to limited memory ports (II = 27). Please consider using a memory core with more ports or partitioning the array 'bram'.
Resolution: For help on HLS 200-885 see docs.xilinx.com/access/sources/dita/topic?Doc_Version=2024.2%20English&url=ug1448-hls-guidance&resourceid=200-885.html
WARNING: [HLS 200-885] The II Violation in module 'ntt_2_12_serial' (loop 'col_ntt_loop'): Unable to schedule 'load' operation 64 bit ('bram_load_61', ../src/ntt.cpp:297) on array 'bram', ../src/ntt.cpp:262 due to limited memory ports (II = 31). Please consider using a memory core with more ports or partitioning the array 'bram'.
Resolution: For help on HLS 200-885 see docs.xilinx.com/access/sources/dita/topic?Doc_Version=2024.2%20English&url=ug1448-hls-guidance&resourceid=200-885.html
INFO: [HLS 200-1470] Pipelining result : Target II = NA, Final II = 32, Depth = 54, loop 'row_ntt_loop'
INFO: [HLS 200-1470] Pipelining result : Target II = NA, Final II = 32, Depth = 47, loop 'col_ntt_loop'
INFO: [SCHED 204-11] Finished scheduling.
INFO: [HLS 200-111] Finished Scheduling: CPU user time: 16.15 seconds. CPU system time: 0.01 seconds. Elapsed time: 16.17 seconds; current allocated memory: 1.215 GB.
INFO: [BIND 205-100] Starting micro-architecture generation ...
INFO: [BIND 205-101] Performing variable lifetime analysis.
INFO: [BIND 205-101] Exploring resource sharing.
INFO: [BIND 205-101] Binding ...
INFO: [BIND 205-100] Finished micro-architecture generation.
INFO: [HLS 200-111] Finished Binding: CPU user time: 0.23 seconds. CPU system time: 0 seconds. Elapsed time: 0.24 seconds; current allocated memory: 1.215 GB.
INFO: [HLS 200-10] ----------------------------------------------------------------
INFO: [HLS 200-42] -- Implementing module 'dataflow_in_loop_VITIS_LOOP_433_1' 
INFO: [HLS 200-10] ----------------------------------------------------------------
INFO: [SCHED 204-11] Starting scheduling ...
INFO: [SCHED 204-11] Finished scheduling.
INFO: [HLS 200-111] Finished Scheduling: CPU user time: 0.19 seconds. CPU system time: 0.01 seconds. Elapsed time: 0.2 seconds; current allocated memory: 1.215 GB.
INFO: [BIND 205-100] Starting micro-architecture generation ...
INFO: [BIND 205-101] Performing variable lifetime analysis.
INFO: [BIND 205-101] Exploring resource sharing.
INFO: [BIND 205-101] Binding ...
INFO: [BIND 205-100] Finished micro-architecture generation.
INFO: [HLS 200-111] Finished Binding: CPU user time: 0.09 seconds. CPU system time: 0 seconds. Elapsed time: 0.09 seconds; current allocated memory: 1.215 GB.
INFO: [HLS 200-10] ----------------------------------------------------------------
INFO: [HLS 200-42] -- Implementing module 'ntt_2_12_4096x4096' 
INFO: [HLS 200-10] ----------------------------------------------------------------
INFO: [SCHED 204-11] Starting scheduling ...
INFO: [SCHED 204-11] Finished scheduling.
INFO: [HLS 200-111] Finished Scheduling: CPU user time: 0.14 seconds. CPU system time: 0 seconds. Elapsed time: 0.14 seconds; current allocated memory: 1.215 GB.
INFO: [BIND 205-100] Starting micro-architecture generation ...
INFO: [BIND 205-101] Performing variable lifetime analysis.
INFO: [BIND 205-101] Exploring resource sharing.
INFO: [BIND 205-101] Binding ...
INFO: [BIND 205-100] Finished micro-architecture generation.
INFO: [HLS 200-111] Finished Binding: CPU user time: 0.08 seconds. CPU system time: 0.01 seconds. Elapsed time: 0.09 seconds; current allocated memory: 1.215 GB.
INFO: [HLS 200-10] ----------------------------------------------------------------
INFO: [HLS 200-42] -- Implementing module 'twiddle_mul_4096x4096' 
INFO: [HLS 200-10] ----------------------------------------------------------------
INFO: [SCHED 204-11] Starting scheduling ...
INFO: [SCHED 204-61] Pipelining loop 'VITIS_LOOP_446_1_VITIS_LOOP_448_2_VITIS_LOOP_450_3'.
INFO: [HLS 200-1470] Pipelining result : Target II = 32, Final II = 32, Depth = 52, loop 'VITIS_LOOP_446_1_VITIS_LOOP_448_2_VITIS_LOOP_450_3'
INFO: [SCHED 204-11] Finished scheduling.
INFO: [HLS 200-111] Finished Scheduling: CPU user time: 0.81 seconds. CPU system time: 0 seconds. Elapsed time: 0.81 seconds; current allocated memory: 1.215 GB.
INFO: [BIND 205-100] Starting micro-architecture generation ...
INFO: [BIND 205-101] Performing variable lifetime analysis.
INFO: [BIND 205-101] Exploring resource sharing.
INFO: [BIND 205-101] Binding ...
INFO: [BIND 205-100] Finished micro-architecture generation.
INFO: [HLS 200-111] Finished Binding: CPU user time: 0.24 seconds. CPU system time: 0 seconds. Elapsed time: 0.24 seconds; current allocated memory: 1.215 GB.
INFO: [HLS 200-10] ----------------------------------------------------------------
INFO: [HLS 200-42] -- Implementing module 'xor_permute_spatial_4096x4096_1' 
INFO: [HLS 200-10] ----------------------------------------------------------------
INFO: [SCHED 204-11] Starting scheduling ...
INFO: [SCHED 204-61] Pipelining loop 'VITIS_LOOP_332_1_VITIS_LOOP_334_2_VITIS_LOOP_336_3'.
INFO: [HLS 200-1470] Pipelining result : Target II = NA, Final II = 1, Depth = 4, loop 'VITIS_LOOP_332_1_VITIS_LOOP_334_2_VITIS_LOOP_336_3'
INFO: [SCHED 204-11] Finished scheduling.
INFO: [HLS 200-111] Finished Scheduling: CPU user time: 0.35 seconds. CPU system time: 0.01 seconds. Elapsed time: 0.36 seconds; current allocated memory: 1.215 GB.
INFO: [BIND 205-100] Starting micro-architecture generation ...
INFO: [BIND 205-101] Performing variable lifetime analysis.
INFO: [BIND 205-101] Exploring resource sharing.
INFO: [BIND 205-101] Binding ...
INFO: [BIND 205-100] Finished micro-architecture generation.
INFO: [HLS 200-111] Finished Binding: CPU user time: 0.08 seconds. CPU system time: 0.01 seconds. Elapsed time: 0.09 seconds; current allocated memory: 1.215 GB.
INFO: [HLS 200-10] ----------------------------------------------------------------
INFO: [HLS 200-42] -- Implementing module 's2mm' 
INFO: [HLS 200-10] ----------------------------------------------------------------
INFO: [SCHED 204-11] Starting scheduling ...
INFO: [SCHED 204-61] Pipelining loop 'VITIS_LOOP_399_1_VITIS_LOOP_401_2_VITIS_LOOP_403_3'.
WARNING: [HLS 200-885] The II Violation in module 's2mm' (loop 'VITIS_LOOP_399_1_VITIS_LOOP_401_2_VITIS_LOOP_403_3'): Unable to schedule bus request operation ('gmem0_addr_1_req', ../src/ntt.cpp:423) on port 'gmem0' (../src/ntt.cpp:423) due to limited memory ports (II = 1). Please consider using a memory core with more ports or partitioning the array.
Resolution: For help on HLS 200-885 see docs.xilinx.com/access/sources/dita/topic?Doc_Version=2024.2%20English&url=ug1448-hls-guidance&resourceid=200-885.html
WARNING: [HLS 200-885] The II Violation in module 's2mm' (loop 'VITIS_LOOP_399_1_VITIS_LOOP_401_2_VITIS_LOOP_403_3'): Unable to schedule bus request operation ('gmem0_addr_2_req', ../src/ntt.cpp:424) on port 'gmem0' (../src/ntt.cpp:424) due to limited memory ports (II = 2). Please consider using a memory core with more ports or partitioning the array.
Resolution: For help on HLS 200-885 see docs.xilinx.com/access/sources/dita/topic?Doc_Version=2024.2%20English&url=ug1448-hls-guidance&resourceid=200-885.html
WARNING: [HLS 200-885] The II Violation in module 's2mm' (loop 'VITIS_LOOP_399_1_VITIS_LOOP_401_2_VITIS_LOOP_403_3'): Unable to schedule bus request operation ('gmem0_addr_3_req', ../src/ntt.cpp:425) on port 'gmem0' (../src/ntt.cpp:425) due to limited memory ports (II = 3). Please consider using a memory core with more ports or partitioning the array.
Resolution: For help on HLS 200-885 see docs.xilinx.com/access/sources/dita/topic?Doc_Version=2024.2%20English&url=ug1448-hls-guidance&resourceid=200-885.html
INFO: [HLS 200-1470] Pipelining result : Target II = NA, Final II = 4, Depth = 76, loop 'VITIS_LOOP_399_1_VITIS_LOOP_401_2_VITIS_LOOP_403_3'
INFO: [SCHED 204-11] Finished scheduling.
INFO: [HLS 200-111] Finished Scheduling: CPU user time: 0.21 seconds. CPU system time: 0 seconds. Elapsed time: 0.21 seconds; current allocated memory: 1.215 GB.
INFO: [BIND 205-100] Starting micro-architecture generation ...
INFO: [BIND 205-101] Performing variable lifetime analysis.
INFO: [BIND 205-101] Exploring resource sharing.
INFO: [BIND 205-101] Binding ...
INFO: [BIND 205-100] Finished micro-architecture generation.
INFO: [HLS 200-111] Finished Binding: CPU user time: 0.1 seconds. CPU system time: 0.01 seconds. Elapsed time: 0.11 seconds; current allocated memory: 1.215 GB.
INFO: [HLS 200-10] ----------------------------------------------------------------
INFO: [HLS 200-42] -- Implementing module 's2mm_17' 
INFO: [HLS 200-10] ----------------------------------------------------------------
INFO: [SCHED 204-11] Starting scheduling ...
INFO: [SCHED 204-61] Pipelining loop 'VITIS_LOOP_399_1_VITIS_LOOP_401_2_VITIS_LOOP_403_3'.
WARNING: [HLS 200-885] The II Violation in module 's2mm_17' (loop 'VITIS_LOOP_399_1_VITIS_LOOP_401_2_VITIS_LOOP_403_3'): Unable to schedule bus request operation ('gmem1_addr_1_req', ../src/ntt.cpp:423) on port 'gmem1' (../src/ntt.cpp:423) due to limited memory ports (II = 1). Please consider using a memory core with more ports or partitioning the array.
Resolution: For help on HLS 200-885 see docs.xilinx.com/access/sources/dita/topic?Doc_Version=2024.2%20English&url=ug1448-hls-guidance&resourceid=200-885.html
WARNING: [HLS 200-885] The II Violation in module 's2mm_17' (loop 'VITIS_LOOP_399_1_VITIS_LOOP_401_2_VITIS_LOOP_403_3'): Unable to schedule bus request operation ('gmem1_addr_2_req', ../src/ntt.cpp:424) on port 'gmem1' (../src/ntt.cpp:424) due to limited memory ports (II = 2). Please consider using a memory core with more ports or partitioning the array.
Resolution: For help on HLS 200-885 see docs.xilinx.com/access/sources/dita/topic?Doc_Version=2024.2%20English&url=ug1448-hls-guidance&resourceid=200-885.html
WARNING: [HLS 200-885] The II Violation in module 's2mm_17' (loop 'VITIS_LOOP_399_1_VITIS_LOOP_401_2_VITIS_LOOP_403_3'): Unable to schedule bus request operation ('gmem1_addr_3_req', ../src/ntt.cpp:425) on port 'gmem1' (../src/ntt.cpp:425) due to limited memory ports (II = 3). Please consider using a memory core with more ports or partitioning the array.
Resolution: For help on HLS 200-885 see docs.xilinx.com/access/sources/dita/topic?Doc_Version=2024.2%20English&url=ug1448-hls-guidance&resourceid=200-885.html
INFO: [HLS 200-1470] Pipelining result : Target II = NA, Final II = 4, Depth = 76, loop 'VITIS_LOOP_399_1_VITIS_LOOP_401_2_VITIS_LOOP_403_3'
INFO: [SCHED 204-11] Finished scheduling.
INFO: [HLS 200-111] Finished Scheduling: CPU user time: 0.22 seconds. CPU system time: 0.01 seconds. Elapsed time: 0.24 seconds; current allocated memory: 1.215 GB.
INFO: [BIND 205-100] Starting micro-architecture generation ...
INFO: [BIND 205-101] Performing variable lifetime analysis.
INFO: [BIND 205-101] Exploring resource sharing.
INFO: [BIND 205-101] Binding ...
INFO: [BIND 205-100] Finished micro-architecture generation.
INFO: [HLS 200-111] Finished Binding: CPU user time: 0.09 seconds. CPU system time: 0.02 seconds. Elapsed time: 0.11 seconds; current allocated memory: 1.215 GB.
INFO: [HLS 200-10] ----------------------------------------------------------------
INFO: [HLS 200-42] -- Implementing module 's2mm_18' 
INFO: [HLS 200-10] ----------------------------------------------------------------
INFO: [SCHED 204-11] Starting scheduling ...
INFO: [SCHED 204-61] Pipelining loop 'VITIS_LOOP_399_1_VITIS_LOOP_401_2_VITIS_LOOP_403_3'.
WARNING: [HLS 200-885] The II Violation in module 's2mm_18' (loop 'VITIS_LOOP_399_1_VITIS_LOOP_401_2_VITIS_LOOP_403_3'): Unable to schedule bus request operation ('gmem2_addr_1_req', ../src/ntt.cpp:423) on port 'gmem2' (../src/ntt.cpp:423) due to limited memory ports (II = 1). Please consider using a memory core with more ports or partitioning the array.
Resolution: For help on HLS 200-885 see docs.xilinx.com/access/sources/dita/topic?Doc_Version=2024.2%20English&url=ug1448-hls-guidance&resourceid=200-885.html
WARNING: [HLS 200-885] The II Violation in module 's2mm_18' (loop 'VITIS_LOOP_399_1_VITIS_LOOP_401_2_VITIS_LOOP_403_3'): Unable to schedule bus request operation ('gmem2_addr_2_req', ../src/ntt.cpp:424) on port 'gmem2' (../src/ntt.cpp:424) due to limited memory ports (II = 2). Please consider using a memory core with more ports or partitioning the array.
Resolution: For help on HLS 200-885 see docs.xilinx.com/access/sources/dita/topic?Doc_Version=2024.2%20English&url=ug1448-hls-guidance&resourceid=200-885.html
WARNING: [HLS 200-885] The II Violation in module 's2mm_18' (loop 'VITIS_LOOP_399_1_VITIS_LOOP_401_2_VITIS_LOOP_403_3'): Unable to schedule bus request operation ('gmem2_addr_3_req', ../src/ntt.cpp:425) on port 'gmem2' (../src/ntt.cpp:425) due to limited memory ports (II = 3). Please consider using a memory core with more ports or partitioning the array.
Resolution: For help on HLS 200-885 see docs.xilinx.com/access/sources/dita/topic?Doc_Version=2024.2%20English&url=ug1448-hls-guidance&resourceid=200-885.html
INFO: [HLS 200-1470] Pipelining result : Target II = NA, Final II = 4, Depth = 76, loop 'VITIS_LOOP_399_1_VITIS_LOOP_401_2_VITIS_LOOP_403_3'
INFO: [SCHED 204-11] Finished scheduling.
INFO: [HLS 200-111] Finished Scheduling: CPU user time: 0.25 seconds. CPU system time: 0 seconds. Elapsed time: 0.24 seconds; current allocated memory: 1.215 GB.
INFO: [BIND 205-100] Starting micro-architecture generation ...
INFO: [BIND 205-101] Performing variable lifetime analysis.
INFO: [BIND 205-101] Exploring resource sharing.
INFO: [BIND 205-101] Binding ...
INFO: [BIND 205-100] Finished micro-architecture generation.
INFO: [HLS 200-111] Finished Binding: CPU user time: 0.11 seconds. CPU system time: 0 seconds. Elapsed time: 0.11 seconds; current allocated memory: 1.215 GB.
INFO: [HLS 200-10] ----------------------------------------------------------------
INFO: [HLS 200-42] -- Implementing module 's2mm_19' 
INFO: [HLS 200-10] ----------------------------------------------------------------
INFO: [SCHED 204-11] Starting scheduling ...
INFO: [SCHED 204-61] Pipelining loop 'VITIS_LOOP_399_1_VITIS_LOOP_401_2_VITIS_LOOP_403_3'.
WARNING: [HLS 200-885] The II Violation in module 's2mm_19' (loop 'VITIS_LOOP_399_1_VITIS_LOOP_401_2_VITIS_LOOP_403_3'): Unable to schedule bus request operation ('gmem3_addr_1_req', ../src/ntt.cpp:423) on port 'gmem3' (../src/ntt.cpp:423) due to limited memory ports (II = 1). Please consider using a memory core with more ports or partitioning the array.
Resolution: For help on HLS 200-885 see docs.xilinx.com/access/sources/dita/topic?Doc_Version=2024.2%20English&url=ug1448-hls-guidance&resourceid=200-885.html
WARNING: [HLS 200-885] The II Violation in module 's2mm_19' (loop 'VITIS_LOOP_399_1_VITIS_LOOP_401_2_VITIS_LOOP_403_3'): Unable to schedule bus request operation ('gmem3_addr_2_req', ../src/ntt.cpp:424) on port 'gmem3' (../src/ntt.cpp:424) due to limited memory ports (II = 2). Please consider using a memory core with more ports or partitioning the array.
Resolution: For help on HLS 200-885 see docs.xilinx.com/access/sources/dita/topic?Doc_Version=2024.2%20English&url=ug1448-hls-guidance&resourceid=200-885.html
WARNING: [HLS 200-885] The II Violation in module 's2mm_19' (loop 'VITIS_LOOP_399_1_VITIS_LOOP_401_2_VITIS_LOOP_403_3'): Unable to schedule bus request operation ('gmem3_addr_3_req', ../src/ntt.cpp:425) on port 'gmem3' (../src/ntt.cpp:425) due to limited memory ports (II = 3). Please consider using a memory core with more ports or partitioning the array.
Resolution: For help on HLS 200-885 see docs.xilinx.com/access/sources/dita/topic?Doc_Version=2024.2%20English&url=ug1448-hls-guidance&resourceid=200-885.html
INFO: [HLS 200-1470] Pipelining result : Target II = NA, Final II = 4, Depth = 76, loop 'VITIS_LOOP_399_1_VITIS_LOOP_401_2_VITIS_LOOP_403_3'
INFO: [SCHED 204-11] Finished scheduling.
INFO: [HLS 200-111] Finished Scheduling: CPU user time: 0.26 seconds. CPU system time: 0.01 seconds. Elapsed time: 0.27 seconds; current allocated memory: 1.215 GB.
INFO: [BIND 205-100] Starting micro-architecture generation ...
INFO: [BIND 205-101] Performing variable lifetime analysis.
INFO: [BIND 205-101] Exploring resource sharing.
INFO: [BIND 205-101] Binding ...
INFO: [BIND 205-100] Finished micro-architecture generation.
INFO: [HLS 200-111] Finished Binding: CPU user time: 0.11 seconds. CPU system time: 0 seconds. Elapsed time: 0.11 seconds; current allocated memory: 1.215 GB.
INFO: [HLS 200-10] ----------------------------------------------------------------
INFO: [HLS 200-42] -- Implementing module 's2mm_20' 
INFO: [HLS 200-10] ----------------------------------------------------------------
INFO: [SCHED 204-11] Starting scheduling ...
INFO: [SCHED 204-61] Pipelining loop 'VITIS_LOOP_399_1_VITIS_LOOP_401_2_VITIS_LOOP_403_3'.
WARNING: [HLS 200-885] The II Violation in module 's2mm_20' (loop 'VITIS_LOOP_399_1_VITIS_LOOP_401_2_VITIS_LOOP_403_3'): Unable to schedule bus request operation ('gmem4_addr_1_req', ../src/ntt.cpp:423) on port 'gmem4' (../src/ntt.cpp:423) due to limited memory ports (II = 1). Please consider using a memory core with more ports or partitioning the array.
Resolution: For help on HLS 200-885 see docs.xilinx.com/access/sources/dita/topic?Doc_Version=2024.2%20English&url=ug1448-hls-guidance&resourceid=200-885.html
WARNING: [HLS 200-885] The II Violation in module 's2mm_20' (loop 'VITIS_LOOP_399_1_VITIS_LOOP_401_2_VITIS_LOOP_403_3'): Unable to schedule bus request operation ('gmem4_addr_2_req', ../src/ntt.cpp:424) on port 'gmem4' (../src/ntt.cpp:424) due to limited memory ports (II = 2). Please consider using a memory core with more ports or partitioning the array.
Resolution: For help on HLS 200-885 see docs.xilinx.com/access/sources/dita/topic?Doc_Version=2024.2%20English&url=ug1448-hls-guidance&resourceid=200-885.html
WARNING: [HLS 200-885] The II Violation in module 's2mm_20' (loop 'VITIS_LOOP_399_1_VITIS_LOOP_401_2_VITIS_LOOP_403_3'): Unable to schedule bus request operation ('gmem4_addr_3_req', ../src/ntt.cpp:425) on port 'gmem4' (../src/ntt.cpp:425) due to limited memory ports (II = 3). Please consider using a memory core with more ports or partitioning the array.
Resolution: For help on HLS 200-885 see docs.xilinx.com/access/sources/dita/topic?Doc_Version=2024.2%20English&url=ug1448-hls-guidance&resourceid=200-885.html
INFO: [HLS 200-1470] Pipelining result : Target II = NA, Final II = 4, Depth = 76, loop 'VITIS_LOOP_399_1_VITIS_LOOP_401_2_VITIS_LOOP_403_3'
INFO: [SCHED 204-11] Finished scheduling.
INFO: [HLS 200-111] Finished Scheduling: CPU user time: 0.25 seconds. CPU system time: 0 seconds. Elapsed time: 0.24 seconds; current allocated memory: 1.215 GB.
INFO: [BIND 205-100] Starting micro-architecture generation ...
INFO: [BIND 205-101] Performing variable lifetime analysis.
INFO: [BIND 205-101] Exploring resource sharing.
INFO: [BIND 205-101] Binding ...
INFO: [BIND 205-100] Finished micro-architecture generation.
INFO: [HLS 200-111] Finished Binding: CPU user time: 0.11 seconds. CPU system time: 0.01 seconds. Elapsed time: 0.1 seconds; current allocated memory: 1.215 GB.
INFO: [HLS 200-10] ----------------------------------------------------------------
INFO: [HLS 200-42] -- Implementing module 's2mm_21' 
INFO: [HLS 200-10] ----------------------------------------------------------------
INFO: [SCHED 204-11] Starting scheduling ...
INFO: [SCHED 204-61] Pipelining loop 'VITIS_LOOP_399_1_VITIS_LOOP_401_2_VITIS_LOOP_403_3'.
WARNING: [HLS 200-885] The II Violation in module 's2mm_21' (loop 'VITIS_LOOP_399_1_VITIS_LOOP_401_2_VITIS_LOOP_403_3'): Unable to schedule bus request operation ('gmem5_addr_1_req', ../src/ntt.cpp:423) on port 'gmem5' (../src/ntt.cpp:423) due to limited memory ports (II = 1). Please consider using a memory core with more ports or partitioning the array.
Resolution: For help on HLS 200-885 see docs.xilinx.com/access/sources/dita/topic?Doc_Version=2024.2%20English&url=ug1448-hls-guidance&resourceid=200-885.html
WARNING: [HLS 200-885] The II Violation in module 's2mm_21' (loop 'VITIS_LOOP_399_1_VITIS_LOOP_401_2_VITIS_LOOP_403_3'): Unable to schedule bus request operation ('gmem5_addr_2_req', ../src/ntt.cpp:424) on port 'gmem5' (../src/ntt.cpp:424) due to limited memory ports (II = 2). Please consider using a memory core with more ports or partitioning the array.
Resolution: For help on HLS 200-885 see docs.xilinx.com/access/sources/dita/topic?Doc_Version=2024.2%20English&url=ug1448-hls-guidance&resourceid=200-885.html
WARNING: [HLS 200-885] The II Violation in module 's2mm_21' (loop 'VITIS_LOOP_399_1_VITIS_LOOP_401_2_VITIS_LOOP_403_3'): Unable to schedule bus request operation ('gmem5_addr_3_req', ../src/ntt.cpp:425) on port 'gmem5' (../src/ntt.cpp:425) due to limited memory ports (II = 3). Please consider using a memory core with more ports or partitioning the array.
Resolution: For help on HLS 200-885 see docs.xilinx.com/access/sources/dita/topic?Doc_Version=2024.2%20English&url=ug1448-hls-guidance&resourceid=200-885.html
INFO: [HLS 200-1470] Pipelining result : Target II = NA, Final II = 4, Depth = 76, loop 'VITIS_LOOP_399_1_VITIS_LOOP_401_2_VITIS_LOOP_403_3'
INFO: [SCHED 204-11] Finished scheduling.
INFO: [HLS 200-111] Finished Scheduling: CPU user time: 0.23 seconds. CPU system time: 0.01 seconds. Elapsed time: 0.24 seconds; current allocated memory: 1.215 GB.
INFO: [BIND 205-100] Starting micro-architecture generation ...
INFO: [BIND 205-101] Performing variable lifetime analysis.
INFO: [BIND 205-101] Exploring resource sharing.
INFO: [BIND 205-101] Binding ...
INFO: [BIND 205-100] Finished micro-architecture generation.
INFO: [HLS 200-111] Finished Binding: CPU user time: 0.1 seconds. CPU system time: 0.01 seconds. Elapsed time: 0.11 seconds; current allocated memory: 1.215 GB.
INFO: [HLS 200-10] ----------------------------------------------------------------
INFO: [HLS 200-42] -- Implementing module 's2mm_22' 
INFO: [HLS 200-10] ----------------------------------------------------------------
INFO: [SCHED 204-11] Starting scheduling ...
INFO: [SCHED 204-61] Pipelining loop 'VITIS_LOOP_399_1_VITIS_LOOP_401_2_VITIS_LOOP_403_3'.
WARNING: [HLS 200-885] The II Violation in module 's2mm_22' (loop 'VITIS_LOOP_399_1_VITIS_LOOP_401_2_VITIS_LOOP_403_3'): Unable to schedule bus request operation ('gmem6_addr_1_req', ../src/ntt.cpp:423) on port 'gmem6' (../src/ntt.cpp:423) due to limited memory ports (II = 1). Please consider using a memory core with more ports or partitioning the array.
Resolution: For help on HLS 200-885 see docs.xilinx.com/access/sources/dita/topic?Doc_Version=2024.2%20English&url=ug1448-hls-guidance&resourceid=200-885.html
WARNING: [HLS 200-885] The II Violation in module 's2mm_22' (loop 'VITIS_LOOP_399_1_VITIS_LOOP_401_2_VITIS_LOOP_403_3'): Unable to schedule bus request operation ('gmem6_addr_2_req', ../src/ntt.cpp:424) on port 'gmem6' (../src/ntt.cpp:424) due to limited memory ports (II = 2). Please consider using a memory core with more ports or partitioning the array.
Resolution: For help on HLS 200-885 see docs.xilinx.com/access/sources/dita/topic?Doc_Version=2024.2%20English&url=ug1448-hls-guidance&resourceid=200-885.html
WARNING: [HLS 200-885] The II Violation in module 's2mm_22' (loop 'VITIS_LOOP_399_1_VITIS_LOOP_401_2_VITIS_LOOP_403_3'): Unable to schedule bus request operation ('gmem6_addr_3_req', ../src/ntt.cpp:425) on port 'gmem6' (../src/ntt.cpp:425) due to limited memory ports (II = 3). Please consider using a memory core with more ports or partitioning the array.
Resolution: For help on HLS 200-885 see docs.xilinx.com/access/sources/dita/topic?Doc_Version=2024.2%20English&url=ug1448-hls-guidance&resourceid=200-885.html
INFO: [HLS 200-1470] Pipelining result : Target II = NA, Final II = 4, Depth = 76, loop 'VITIS_LOOP_399_1_VITIS_LOOP_401_2_VITIS_LOOP_403_3'
INFO: [SCHED 204-11] Finished scheduling.
INFO: [HLS 200-111] Finished Scheduling: CPU user time: 0.25 seconds. CPU system time: 0 seconds. Elapsed time: 0.24 seconds; current allocated memory: 1.215 GB.
INFO: [BIND 205-100] Starting micro-architecture generation ...
INFO: [BIND 205-101] Performing variable lifetime analysis.
INFO: [BIND 205-101] Exploring resource sharing.
INFO: [BIND 205-101] Binding ...
INFO: [BIND 205-100] Finished micro-architecture generation.
INFO: [HLS 200-111] Finished Binding: CPU user time: 0.12 seconds. CPU system time: 0 seconds. Elapsed time: 0.13 seconds; current allocated memory: 1.215 GB.
INFO: [HLS 200-10] ----------------------------------------------------------------
INFO: [HLS 200-42] -- Implementing module 's2mm_23' 
INFO: [HLS 200-10] ----------------------------------------------------------------
INFO: [SCHED 204-11] Starting scheduling ...
INFO: [SCHED 204-61] Pipelining loop 'VITIS_LOOP_399_1_VITIS_LOOP_401_2_VITIS_LOOP_403_3'.
WARNING: [HLS 200-885] The II Violation in module 's2mm_23' (loop 'VITIS_LOOP_399_1_VITIS_LOOP_401_2_VITIS_LOOP_403_3'): Unable to schedule bus request operation ('gmem7_addr_1_req', ../src/ntt.cpp:423) on port 'gmem7' (../src/ntt.cpp:423) due to limited memory ports (II = 1). Please consider using a memory core with more ports or partitioning the array.
Resolution: For help on HLS 200-885 see docs.xilinx.com/access/sources/dita/topic?Doc_Version=2024.2%20English&url=ug1448-hls-guidance&resourceid=200-885.html
WARNING: [HLS 200-885] The II Violation in module 's2mm_23' (loop 'VITIS_LOOP_399_1_VITIS_LOOP_401_2_VITIS_LOOP_403_3'): Unable to schedule bus request operation ('gmem7_addr_2_req', ../src/ntt.cpp:424) on port 'gmem7' (../src/ntt.cpp:424) due to limited memory ports (II = 2). Please consider using a memory core with more ports or partitioning the array.
Resolution: For help on HLS 200-885 see docs.xilinx.com/access/sources/dita/topic?Doc_Version=2024.2%20English&url=ug1448-hls-guidance&resourceid=200-885.html
WARNING: [HLS 200-885] The II Violation in module 's2mm_23' (loop 'VITIS_LOOP_399_1_VITIS_LOOP_401_2_VITIS_LOOP_403_3'): Unable to schedule bus request operation ('gmem7_addr_3_req', ../src/ntt.cpp:425) on port 'gmem7' (../src/ntt.cpp:425) due to limited memory ports (II = 3). Please consider using a memory core with more ports or partitioning the array.
Resolution: For help on HLS 200-885 see docs.xilinx.com/access/sources/dita/topic?Doc_Version=2024.2%20English&url=ug1448-hls-guidance&resourceid=200-885.html
INFO: [HLS 200-1470] Pipelining result : Target II = NA, Final II = 4, Depth = 76, loop 'VITIS_LOOP_399_1_VITIS_LOOP_401_2_VITIS_LOOP_403_3'
INFO: [SCHED 204-11] Finished scheduling.
INFO: [HLS 200-111] Finished Scheduling: CPU user time: 0.24 seconds. CPU system time: 0.01 seconds. Elapsed time: 0.25 seconds; current allocated memory: 1.215 GB.
INFO: [BIND 205-100] Starting micro-architecture generation ...
INFO: [BIND 205-101] Performing variable lifetime analysis.
INFO: [BIND 205-101] Exploring resource sharing.
INFO: [BIND 205-101] Binding ...
INFO: [BIND 205-100] Finished micro-architecture generation.
INFO: [HLS 200-111] Finished Binding: CPU user time: 0.12 seconds. CPU system time: 0 seconds. Elapsed time: 0.12 seconds; current allocated memory: 1.215 GB.
INFO: [HLS 200-10] ----------------------------------------------------------------
INFO: [HLS 200-42] -- Implementing module 's2mm_24' 
INFO: [HLS 200-10] ----------------------------------------------------------------
INFO: [SCHED 204-11] Starting scheduling ...
INFO: [SCHED 204-61] Pipelining loop 'VITIS_LOOP_399_1_VITIS_LOOP_401_2_VITIS_LOOP_403_3'.
WARNING: [HLS 200-885] The II Violation in module 's2mm_24' (loop 'VITIS_LOOP_399_1_VITIS_LOOP_401_2_VITIS_LOOP_403_3'): Unable to schedule bus request operation ('gmem8_addr_1_req', ../src/ntt.cpp:423) on port 'gmem8' (../src/ntt.cpp:423) due to limited memory ports (II = 1). Please consider using a memory core with more ports or partitioning the array.
Resolution: For help on HLS 200-885 see docs.xilinx.com/access/sources/dita/topic?Doc_Version=2024.2%20English&url=ug1448-hls-guidance&resourceid=200-885.html
WARNING: [HLS 200-885] The II Violation in module 's2mm_24' (loop 'VITIS_LOOP_399_1_VITIS_LOOP_401_2_VITIS_LOOP_403_3'): Unable to schedule bus request operation ('gmem8_addr_2_req', ../src/ntt.cpp:424) on port 'gmem8' (../src/ntt.cpp:424) due to limited memory ports (II = 2). Please consider using a memory core with more ports or partitioning the array.
Resolution: For help on HLS 200-885 see docs.xilinx.com/access/sources/dita/topic?Doc_Version=2024.2%20English&url=ug1448-hls-guidance&resourceid=200-885.html
WARNING: [HLS 200-885] The II Violation in module 's2mm_24' (loop 'VITIS_LOOP_399_1_VITIS_LOOP_401_2_VITIS_LOOP_403_3'): Unable to schedule bus request operation ('gmem8_addr_3_req', ../src/ntt.cpp:425) on port 'gmem8' (../src/ntt.cpp:425) due to limited memory ports (II = 3). Please consider using a memory core with more ports or partitioning the array.
Resolution: For help on HLS 200-885 see docs.xilinx.com/access/sources/dita/topic?Doc_Version=2024.2%20English&url=ug1448-hls-guidance&resourceid=200-885.html
INFO: [HLS 200-1470] Pipelining result : Target II = NA, Final II = 4, Depth = 76, loop 'VITIS_LOOP_399_1_VITIS_LOOP_401_2_VITIS_LOOP_403_3'
INFO: [SCHED 204-11] Finished scheduling.
INFO: [HLS 200-111] Finished Scheduling: CPU user time: 0.25 seconds. CPU system time: 0.01 seconds. Elapsed time: 0.26 seconds; current allocated memory: 1.215 GB.
INFO: [BIND 205-100] Starting micro-architecture generation ...
INFO: [BIND 205-101] Performing variable lifetime analysis.
INFO: [BIND 205-101] Exploring resource sharing.
INFO: [BIND 205-101] Binding ...
INFO: [BIND 205-100] Finished micro-architecture generation.
INFO: [HLS 200-111] Finished Binding: CPU user time: 0.11 seconds. CPU system time: 0 seconds. Elapsed time: 0.12 seconds; current allocated memory: 1.215 GB.
INFO: [HLS 200-10] ----------------------------------------------------------------
INFO: [HLS 200-42] -- Implementing module 's2mm_25' 
INFO: [HLS 200-10] ----------------------------------------------------------------
INFO: [SCHED 204-11] Starting scheduling ...
INFO: [SCHED 204-61] Pipelining loop 'VITIS_LOOP_399_1_VITIS_LOOP_401_2_VITIS_LOOP_403_3'.
WARNING: [HLS 200-885] The II Violation in module 's2mm_25' (loop 'VITIS_LOOP_399_1_VITIS_LOOP_401_2_VITIS_LOOP_403_3'): Unable to schedule bus request operation ('gmem9_addr_1_req', ../src/ntt.cpp:423) on port 'gmem9' (../src/ntt.cpp:423) due to limited memory ports (II = 1). Please consider using a memory core with more ports or partitioning the array.
Resolution: For help on HLS 200-885 see docs.xilinx.com/access/sources/dita/topic?Doc_Version=2024.2%20English&url=ug1448-hls-guidance&resourceid=200-885.html
WARNING: [HLS 200-885] The II Violation in module 's2mm_25' (loop 'VITIS_LOOP_399_1_VITIS_LOOP_401_2_VITIS_LOOP_403_3'): Unable to schedule bus request operation ('gmem9_addr_2_req', ../src/ntt.cpp:424) on port 'gmem9' (../src/ntt.cpp:424) due to limited memory ports (II = 2). Please consider using a memory core with more ports or partitioning the array.
Resolution: For help on HLS 200-885 see docs.xilinx.com/access/sources/dita/topic?Doc_Version=2024.2%20English&url=ug1448-hls-guidance&resourceid=200-885.html
WARNING: [HLS 200-885] The II Violation in module 's2mm_25' (loop 'VITIS_LOOP_399_1_VITIS_LOOP_401_2_VITIS_LOOP_403_3'): Unable to schedule bus request operation ('gmem9_addr_3_req', ../src/ntt.cpp:425) on port 'gmem9' (../src/ntt.cpp:425) due to limited memory ports (II = 3). Please consider using a memory core with more ports or partitioning the array.
Resolution: For help on HLS 200-885 see docs.xilinx.com/access/sources/dita/topic?Doc_Version=2024.2%20English&url=ug1448-hls-guidance&resourceid=200-885.html
INFO: [HLS 200-1470] Pipelining result : Target II = NA, Final II = 4, Depth = 76, loop 'VITIS_LOOP_399_1_VITIS_LOOP_401_2_VITIS_LOOP_403_3'
INFO: [SCHED 204-11] Finished scheduling.
INFO: [HLS 200-111] Finished Scheduling: CPU user time: 0.24 seconds. CPU system time: 0 seconds. Elapsed time: 0.26 seconds; current allocated memory: 1.215 GB.
INFO: [BIND 205-100] Starting micro-architecture generation ...
INFO: [BIND 205-101] Performing variable lifetime analysis.
INFO: [BIND 205-101] Exploring resource sharing.
INFO: [BIND 205-101] Binding ...
INFO: [BIND 205-100] Finished micro-architecture generation.
INFO: [HLS 200-111] Finished Binding: CPU user time: 0.11 seconds. CPU system time: 0 seconds. Elapsed time: 0.12 seconds; current allocated memory: 1.215 GB.
INFO: [HLS 200-10] ----------------------------------------------------------------
INFO: [HLS 200-42] -- Implementing module 's2mm_26' 
INFO: [HLS 200-10] ----------------------------------------------------------------
INFO: [SCHED 204-11] Starting scheduling ...
INFO: [SCHED 204-61] Pipelining loop 'VITIS_LOOP_399_1_VITIS_LOOP_401_2_VITIS_LOOP_403_3'.
WARNING: [HLS 200-885] The II Violation in module 's2mm_26' (loop 'VITIS_LOOP_399_1_VITIS_LOOP_401_2_VITIS_LOOP_403_3'): Unable to schedule bus request operation ('gmem10_addr_1_req', ../src/ntt.cpp:423) on port 'gmem10' (../src/ntt.cpp:423) due to limited memory ports (II = 1). Please consider using a memory core with more ports or partitioning the array.
Resolution: For help on HLS 200-885 see docs.xilinx.com/access/sources/dita/topic?Doc_Version=2024.2%20English&url=ug1448-hls-guidance&resourceid=200-885.html
WARNING: [HLS 200-885] The II Violation in module 's2mm_26' (loop 'VITIS_LOOP_399_1_VITIS_LOOP_401_2_VITIS_LOOP_403_3'): Unable to schedule bus request operation ('gmem10_addr_2_req', ../src/ntt.cpp:424) on port 'gmem10' (../src/ntt.cpp:424) due to limited memory ports (II = 2). Please consider using a memory core with more ports or partitioning the array.
Resolution: For help on HLS 200-885 see docs.xilinx.com/access/sources/dita/topic?Doc_Version=2024.2%20English&url=ug1448-hls-guidance&resourceid=200-885.html
WARNING: [HLS 200-885] The II Violation in module 's2mm_26' (loop 'VITIS_LOOP_399_1_VITIS_LOOP_401_2_VITIS_LOOP_403_3'): Unable to schedule bus request operation ('gmem10_addr_3_req', ../src/ntt.cpp:425) on port 'gmem10' (../src/ntt.cpp:425) due to limited memory ports (II = 3). Please consider using a memory core with more ports or partitioning the array.
Resolution: For help on HLS 200-885 see docs.xilinx.com/access/sources/dita/topic?Doc_Version=2024.2%20English&url=ug1448-hls-guidance&resourceid=200-885.html
INFO: [HLS 200-1470] Pipelining result : Target II = NA, Final II = 4, Depth = 76, loop 'VITIS_LOOP_399_1_VITIS_LOOP_401_2_VITIS_LOOP_403_3'
INFO: [SCHED 204-11] Finished scheduling.
INFO: [HLS 200-111] Finished Scheduling: CPU user time: 0.25 seconds. CPU system time: 0.02 seconds. Elapsed time: 0.27 seconds; current allocated memory: 1.215 GB.
INFO: [BIND 205-100] Starting micro-architecture generation ...
INFO: [BIND 205-101] Performing variable lifetime analysis.
INFO: [BIND 205-101] Exploring resource sharing.
INFO: [BIND 205-101] Binding ...
INFO: [BIND 205-100] Finished micro-architecture generation.
INFO: [HLS 200-111] Finished Binding: CPU user time: 0.12 seconds. CPU system time: 0.01 seconds. Elapsed time: 0.12 seconds; current allocated memory: 1.215 GB.
INFO: [HLS 200-10] ----------------------------------------------------------------
INFO: [HLS 200-42] -- Implementing module 's2mm_27' 
INFO: [HLS 200-10] ----------------------------------------------------------------
INFO: [SCHED 204-11] Starting scheduling ...
INFO: [SCHED 204-61] Pipelining loop 'VITIS_LOOP_399_1_VITIS_LOOP_401_2_VITIS_LOOP_403_3'.
WARNING: [HLS 200-885] The II Violation in module 's2mm_27' (loop 'VITIS_LOOP_399_1_VITIS_LOOP_401_2_VITIS_LOOP_403_3'): Unable to schedule bus request operation ('gmem11_addr_1_req', ../src/ntt.cpp:423) on port 'gmem11' (../src/ntt.cpp:423) due to limited memory ports (II = 1). Please consider using a memory core with more ports or partitioning the array.
Resolution: For help on HLS 200-885 see docs.xilinx.com/access/sources/dita/topic?Doc_Version=2024.2%20English&url=ug1448-hls-guidance&resourceid=200-885.html
WARNING: [HLS 200-885] The II Violation in module 's2mm_27' (loop 'VITIS_LOOP_399_1_VITIS_LOOP_401_2_VITIS_LOOP_403_3'): Unable to schedule bus request operation ('gmem11_addr_2_req', ../src/ntt.cpp:424) on port 'gmem11' (../src/ntt.cpp:424) due to limited memory ports (II = 2). Please consider using a memory core with more ports or partitioning the array.
Resolution: For help on HLS 200-885 see docs.xilinx.com/access/sources/dita/topic?Doc_Version=2024.2%20English&url=ug1448-hls-guidance&resourceid=200-885.html
WARNING: [HLS 200-885] The II Violation in module 's2mm_27' (loop 'VITIS_LOOP_399_1_VITIS_LOOP_401_2_VITIS_LOOP_403_3'): Unable to schedule bus request operation ('gmem11_addr_3_req', ../src/ntt.cpp:425) on port 'gmem11' (../src/ntt.cpp:425) due to limited memory ports (II = 3). Please consider using a memory core with more ports or partitioning the array.
Resolution: For help on HLS 200-885 see docs.xilinx.com/access/sources/dita/topic?Doc_Version=2024.2%20English&url=ug1448-hls-guidance&resourceid=200-885.html
INFO: [HLS 200-1470] Pipelining result : Target II = NA, Final II = 4, Depth = 76, loop 'VITIS_LOOP_399_1_VITIS_LOOP_401_2_VITIS_LOOP_403_3'
INFO: [SCHED 204-11] Finished scheduling.
INFO: [HLS 200-111] Finished Scheduling: CPU user time: 0.26 seconds. CPU system time: 0 seconds. Elapsed time: 0.26 seconds; current allocated memory: 1.215 GB.
INFO: [BIND 205-100] Starting micro-architecture generation ...
INFO: [BIND 205-101] Performing variable lifetime analysis.
INFO: [BIND 205-101] Exploring resource sharing.
INFO: [BIND 205-101] Binding ...
INFO: [BIND 205-100] Finished micro-architecture generation.
INFO: [HLS 200-111] Finished Binding: CPU user time: 0.12 seconds. CPU system time: 0 seconds. Elapsed time: 0.12 seconds; current allocated memory: 1.215 GB.
INFO: [HLS 200-10] ----------------------------------------------------------------
INFO: [HLS 200-42] -- Implementing module 's2mm_28' 
INFO: [HLS 200-10] ----------------------------------------------------------------
INFO: [SCHED 204-11] Starting scheduling ...
INFO: [SCHED 204-61] Pipelining loop 'VITIS_LOOP_399_1_VITIS_LOOP_401_2_VITIS_LOOP_403_3'.
WARNING: [HLS 200-885] The II Violation in module 's2mm_28' (loop 'VITIS_LOOP_399_1_VITIS_LOOP_401_2_VITIS_LOOP_403_3'): Unable to schedule bus request operation ('gmem12_addr_1_req', ../src/ntt.cpp:423) on port 'gmem12' (../src/ntt.cpp:423) due to limited memory ports (II = 1). Please consider using a memory core with more ports or partitioning the array.
Resolution: For help on HLS 200-885 see docs.xilinx.com/access/sources/dita/topic?Doc_Version=2024.2%20English&url=ug1448-hls-guidance&resourceid=200-885.html
WARNING: [HLS 200-885] The II Violation in module 's2mm_28' (loop 'VITIS_LOOP_399_1_VITIS_LOOP_401_2_VITIS_LOOP_403_3'): Unable to schedule bus request operation ('gmem12_addr_2_req', ../src/ntt.cpp:424) on port 'gmem12' (../src/ntt.cpp:424) due to limited memory ports (II = 2). Please consider using a memory core with more ports or partitioning the array.
Resolution: For help on HLS 200-885 see docs.xilinx.com/access/sources/dita/topic?Doc_Version=2024.2%20English&url=ug1448-hls-guidance&resourceid=200-885.html
WARNING: [HLS 200-885] The II Violation in module 's2mm_28' (loop 'VITIS_LOOP_399_1_VITIS_LOOP_401_2_VITIS_LOOP_403_3'): Unable to schedule bus request operation ('gmem12_addr_3_req', ../src/ntt.cpp:425) on port 'gmem12' (../src/ntt.cpp:425) due to limited memory ports (II = 3). Please consider using a memory core with more ports or partitioning the array.
Resolution: For help on HLS 200-885 see docs.xilinx.com/access/sources/dita/topic?Doc_Version=2024.2%20English&url=ug1448-hls-guidance&resourceid=200-885.html
INFO: [HLS 200-1470] Pipelining result : Target II = NA, Final II = 4, Depth = 76, loop 'VITIS_LOOP_399_1_VITIS_LOOP_401_2_VITIS_LOOP_403_3'
INFO: [SCHED 204-11] Finished scheduling.
INFO: [HLS 200-111] Finished Scheduling: CPU user time: 0.25 seconds. CPU system time: 0.01 seconds. Elapsed time: 0.25 seconds; current allocated memory: 1.215 GB.
INFO: [BIND 205-100] Starting micro-architecture generation ...
INFO: [BIND 205-101] Performing variable lifetime analysis.
INFO: [BIND 205-101] Exploring resource sharing.
INFO: [BIND 205-101] Binding ...
INFO: [BIND 205-100] Finished micro-architecture generation.
INFO: [HLS 200-111] Finished Binding: CPU user time: 0.12 seconds. CPU system time: 0 seconds. Elapsed time: 0.12 seconds; current allocated memory: 1.215 GB.
INFO: [HLS 200-10] ----------------------------------------------------------------
INFO: [HLS 200-42] -- Implementing module 's2mm_29' 
INFO: [HLS 200-10] ----------------------------------------------------------------
INFO: [SCHED 204-11] Starting scheduling ...
INFO: [SCHED 204-61] Pipelining loop 'VITIS_LOOP_399_1_VITIS_LOOP_401_2_VITIS_LOOP_403_3'.
WARNING: [HLS 200-885] The II Violation in module 's2mm_29' (loop 'VITIS_LOOP_399_1_VITIS_LOOP_401_2_VITIS_LOOP_403_3'): Unable to schedule bus request operation ('gmem13_addr_1_req', ../src/ntt.cpp:423) on port 'gmem13' (../src/ntt.cpp:423) due to limited memory ports (II = 1). Please consider using a memory core with more ports or partitioning the array.
Resolution: For help on HLS 200-885 see docs.xilinx.com/access/sources/dita/topic?Doc_Version=2024.2%20English&url=ug1448-hls-guidance&resourceid=200-885.html
WARNING: [HLS 200-885] The II Violation in module 's2mm_29' (loop 'VITIS_LOOP_399_1_VITIS_LOOP_401_2_VITIS_LOOP_403_3'): Unable to schedule bus request operation ('gmem13_addr_2_req', ../src/ntt.cpp:424) on port 'gmem13' (../src/ntt.cpp:424) due to limited memory ports (II = 2). Please consider using a memory core with more ports or partitioning the array.
Resolution: For help on HLS 200-885 see docs.xilinx.com/access/sources/dita/topic?Doc_Version=2024.2%20English&url=ug1448-hls-guidance&resourceid=200-885.html
WARNING: [HLS 200-885] The II Violation in module 's2mm_29' (loop 'VITIS_LOOP_399_1_VITIS_LOOP_401_2_VITIS_LOOP_403_3'): Unable to schedule bus request operation ('gmem13_addr_3_req', ../src/ntt.cpp:425) on port 'gmem13' (../src/ntt.cpp:425) due to limited memory ports (II = 3). Please consider using a memory core with more ports or partitioning the array.
Resolution: For help on HLS 200-885 see docs.xilinx.com/access/sources/dita/topic?Doc_Version=2024.2%20English&url=ug1448-hls-guidance&resourceid=200-885.html
INFO: [HLS 200-1470] Pipelining result : Target II = NA, Final II = 4, Depth = 76, loop 'VITIS_LOOP_399_1_VITIS_LOOP_401_2_VITIS_LOOP_403_3'
INFO: [SCHED 204-11] Finished scheduling.
INFO: [HLS 200-111] Finished Scheduling: CPU user time: 0.26 seconds. CPU system time: 0.01 seconds. Elapsed time: 0.26 seconds; current allocated memory: 1.215 GB.
INFO: [BIND 205-100] Starting micro-architecture generation ...
INFO: [BIND 205-101] Performing variable lifetime analysis.
INFO: [BIND 205-101] Exploring resource sharing.
INFO: [BIND 205-101] Binding ...
INFO: [BIND 205-100] Finished micro-architecture generation.
INFO: [HLS 200-111] Finished Binding: CPU user time: 0.13 seconds. CPU system time: 0 seconds. Elapsed time: 0.12 seconds; current allocated memory: 1.215 GB.
INFO: [HLS 200-10] ----------------------------------------------------------------
INFO: [HLS 200-42] -- Implementing module 's2mm_30' 
INFO: [HLS 200-10] ----------------------------------------------------------------
INFO: [SCHED 204-11] Starting scheduling ...
INFO: [SCHED 204-61] Pipelining loop 'VITIS_LOOP_399_1_VITIS_LOOP_401_2_VITIS_LOOP_403_3'.
WARNING: [HLS 200-885] The II Violation in module 's2mm_30' (loop 'VITIS_LOOP_399_1_VITIS_LOOP_401_2_VITIS_LOOP_403_3'): Unable to schedule bus request operation ('gmem14_addr_1_req', ../src/ntt.cpp:423) on port 'gmem14' (../src/ntt.cpp:423) due to limited memory ports (II = 1). Please consider using a memory core with more ports or partitioning the array.
Resolution: For help on HLS 200-885 see docs.xilinx.com/access/sources/dita/topic?Doc_Version=2024.2%20English&url=ug1448-hls-guidance&resourceid=200-885.html
WARNING: [HLS 200-885] The II Violation in module 's2mm_30' (loop 'VITIS_LOOP_399_1_VITIS_LOOP_401_2_VITIS_LOOP_403_3'): Unable to schedule bus request operation ('gmem14_addr_2_req', ../src/ntt.cpp:424) on port 'gmem14' (../src/ntt.cpp:424) due to limited memory ports (II = 2). Please consider using a memory core with more ports or partitioning the array.
Resolution: For help on HLS 200-885 see docs.xilinx.com/access/sources/dita/topic?Doc_Version=2024.2%20English&url=ug1448-hls-guidance&resourceid=200-885.html
WARNING: [HLS 200-885] The II Violation in module 's2mm_30' (loop 'VITIS_LOOP_399_1_VITIS_LOOP_401_2_VITIS_LOOP_403_3'): Unable to schedule bus request operation ('gmem14_addr_3_req', ../src/ntt.cpp:425) on port 'gmem14' (../src/ntt.cpp:425) due to limited memory ports (II = 3). Please consider using a memory core with more ports or partitioning the array.
Resolution: For help on HLS 200-885 see docs.xilinx.com/access/sources/dita/topic?Doc_Version=2024.2%20English&url=ug1448-hls-guidance&resourceid=200-885.html
INFO: [HLS 200-1470] Pipelining result : Target II = NA, Final II = 4, Depth = 76, loop 'VITIS_LOOP_399_1_VITIS_LOOP_401_2_VITIS_LOOP_403_3'
INFO: [SCHED 204-11] Finished scheduling.
INFO: [HLS 200-111] Finished Scheduling: CPU user time: 0.26 seconds. CPU system time: 0 seconds. Elapsed time: 0.25 seconds; current allocated memory: 1.215 GB.
INFO: [BIND 205-100] Starting micro-architecture generation ...
INFO: [BIND 205-101] Performing variable lifetime analysis.
INFO: [BIND 205-101] Exploring resource sharing.
INFO: [BIND 205-101] Binding ...
INFO: [BIND 205-100] Finished micro-architecture generation.
INFO: [HLS 200-111] Finished Binding: CPU user time: 0.12 seconds. CPU system time: 0 seconds. Elapsed time: 0.13 seconds; current allocated memory: 1.215 GB.
INFO: [HLS 200-10] ----------------------------------------------------------------
INFO: [HLS 200-42] -- Implementing module 's2mm_31' 
INFO: [HLS 200-10] ----------------------------------------------------------------
INFO: [SCHED 204-11] Starting scheduling ...
INFO: [SCHED 204-61] Pipelining loop 'VITIS_LOOP_399_1_VITIS_LOOP_401_2_VITIS_LOOP_403_3'.
WARNING: [HLS 200-885] The II Violation in module 's2mm_31' (loop 'VITIS_LOOP_399_1_VITIS_LOOP_401_2_VITIS_LOOP_403_3'): Unable to schedule bus request operation ('gmem15_addr_1_req', ../src/ntt.cpp:423) on port 'gmem15' (../src/ntt.cpp:423) due to limited memory ports (II = 1). Please consider using a memory core with more ports or partitioning the array.
Resolution: For help on HLS 200-885 see docs.xilinx.com/access/sources/dita/topic?Doc_Version=2024.2%20English&url=ug1448-hls-guidance&resourceid=200-885.html
WARNING: [HLS 200-885] The II Violation in module 's2mm_31' (loop 'VITIS_LOOP_399_1_VITIS_LOOP_401_2_VITIS_LOOP_403_3'): Unable to schedule bus request operation ('gmem15_addr_2_req', ../src/ntt.cpp:424) on port 'gmem15' (../src/ntt.cpp:424) due to limited memory ports (II = 2). Please consider using a memory core with more ports or partitioning the array.
Resolution: For help on HLS 200-885 see docs.xilinx.com/access/sources/dita/topic?Doc_Version=2024.2%20English&url=ug1448-hls-guidance&resourceid=200-885.html
WARNING: [HLS 200-885] The II Violation in module 's2mm_31' (loop 'VITIS_LOOP_399_1_VITIS_LOOP_401_2_VITIS_LOOP_403_3'): Unable to schedule bus request operation ('gmem15_addr_3_req', ../src/ntt.cpp:425) on port 'gmem15' (../src/ntt.cpp:425) due to limited memory ports (II = 3). Please consider using a memory core with more ports or partitioning the array.
Resolution: For help on HLS 200-885 see docs.xilinx.com/access/sources/dita/topic?Doc_Version=2024.2%20English&url=ug1448-hls-guidance&resourceid=200-885.html
INFO: [HLS 200-1470] Pipelining result : Target II = NA, Final II = 4, Depth = 76, loop 'VITIS_LOOP_399_1_VITIS_LOOP_401_2_VITIS_LOOP_403_3'
INFO: [SCHED 204-11] Finished scheduling.
INFO: [HLS 200-111] Finished Scheduling: CPU user time: 0.26 seconds. CPU system time: 0.01 seconds. Elapsed time: 0.27 seconds; current allocated memory: 1.215 GB.
INFO: [BIND 205-100] Starting micro-architecture generation ...
INFO: [BIND 205-101] Performing variable lifetime analysis.
INFO: [BIND 205-101] Exploring resource sharing.
INFO: [BIND 205-101] Binding ...
INFO: [BIND 205-100] Finished micro-architecture generation.
INFO: [HLS 200-111] Finished Binding: CPU user time: 0.11 seconds. CPU system time: 0.01 seconds. Elapsed time: 0.13 seconds; current allocated memory: 1.215 GB.
INFO: [HLS 200-10] ----------------------------------------------------------------
INFO: [HLS 200-42] -- Implementing module 'ntt_2_24_pass_752_1' 
INFO: [HLS 200-10] ----------------------------------------------------------------
INFO: [SCHED 204-11] Starting scheduling ...
WARNING: [HLS 200-871] Estimated clock period (3.304 ns) exceeds the target (target clock period: 4.000 ns, clock uncertainty: 1.080 ns, effective delay budget: 2.920 ns).
Resolution: For help on HLS 200-871 see docs.xilinx.com/access/sources/dita/topic?Doc_Version=2024.2%20English&url=ug1448-hls-guidance&resourceid=200-871.html
WARNING: [HLS 200-1016] The critical path in module 'ntt_2_24_pass_752_1' consists of the following:
	'call' operation 2 bit ('call_ret', ../src/ntt.cpp:486) to 'ntt_2_24_pass.752.1_Block_entry_proc' [785]  (1.460 ns)
	'call' operation 0 bit ('_ln497', ../src/ntt.cpp:497) to 'xor_permute_spatial_4096x4096' [804]  (1.844 ns)

Resolution: For help on HLS 200-1016 see docs.xilinx.com/access/sources/dita/topic?Doc_Version=2024.2%20English&url=ug1448-hls-guidance&resourceid=200-1016.html
INFO: [SCHED 204-11] Finished scheduling.
WARNING: [HLS 200-1020] Increasing the depth of FIFO start_for_s2mm_U0 (from entry_proc_U0 to s2mm_U0) to 6 to improve performance and/or avoid deadlocks.
WARNING: [HLS 200-1020] Increasing the depth of FIFO start_for_s2mm_17_U0 (from entry_proc_U0 to s2mm_17_U0) to 6 to improve performance and/or avoid deadlocks.
WARNING: [HLS 200-1020] Increasing the depth of FIFO start_for_s2mm_18_U0 (from entry_proc_U0 to s2mm_18_U0) to 6 to improve performance and/or avoid deadlocks.
WARNING: [HLS 200-1020] Increasing the depth of FIFO start_for_s2mm_19_U0 (from entry_proc_U0 to s2mm_19_U0) to 6 to improve performance and/or avoid deadlocks.
WARNING: [HLS 200-1020] Increasing the depth of FIFO start_for_s2mm_20_U0 (from entry_proc_U0 to s2mm_20_U0) to 6 to improve performance and/or avoid deadlocks.
WARNING: [HLS 200-1020] Increasing the depth of FIFO start_for_s2mm_21_U0 (from entry_proc_U0 to s2mm_21_U0) to 6 to improve performance and/or avoid deadlocks.
WARNING: [HLS 200-1020] Increasing the depth of FIFO start_for_s2mm_22_U0 (from entry_proc_U0 to s2mm_22_U0) to 6 to improve performance and/or avoid deadlocks.
WARNING: [HLS 200-1020] Increasing the depth of FIFO start_for_s2mm_23_U0 (from entry_proc_U0 to s2mm_23_U0) to 6 to improve performance and/or avoid deadlocks.
WARNING: [HLS 200-1020] Increasing the depth of FIFO start_for_s2mm_24_U0 (from entry_proc_U0 to s2mm_24_U0) to 6 to improve performance and/or avoid deadlocks.
WARNING: [HLS 200-1020] Increasing the depth of FIFO start_for_s2mm_25_U0 (from entry_proc_U0 to s2mm_25_U0) to 6 to improve performance and/or avoid deadlocks.
WARNING: [HLS 200-1020] Increasing the depth of FIFO start_for_s2mm_26_U0 (from entry_proc_U0 to s2mm_26_U0) to 6 to improve performance and/or avoid deadlocks.
WARNING: [HLS 200-1020] Increasing the depth of FIFO start_for_s2mm_27_U0 (from entry_proc_U0 to s2mm_27_U0) to 6 to improve performance and/or avoid deadlocks.
WARNING: [HLS 200-1020] Increasing the depth of FIFO start_for_s2mm_28_U0 (from entry_proc_U0 to s2mm_28_U0) to 6 to improve performance and/or avoid deadlocks.
WARNING: [HLS 200-1020] Increasing the depth of FIFO start_for_s2mm_29_U0 (from entry_proc_U0 to s2mm_29_U0) to 6 to improve performance and/or avoid deadlocks.
WARNING: [HLS 200-1020] Increasing the depth of FIFO start_for_s2mm_30_U0 (from entry_proc_U0 to s2mm_30_U0) to 6 to improve performance and/or avoid deadlocks.
WARNING: [HLS 200-1020] Increasing the depth of FIFO start_for_s2mm_31_U0 (from entry_proc_U0 to s2mm_31_U0) to 6 to improve performance and/or avoid deadlocks.
WARNING: [HLS 200-1020] Increasing the depth of FIFO cmp54_loc_c17_channel (from ntt_2_24_pass_752_1_Block_entry_proc_U0 to twiddle_mul_4096x4096_U0) to 4 to improve performance and/or avoid deadlocks.
INFO: [HLS 200-111] Finished Scheduling: CPU user time: 0.59 seconds. CPU system time: 0.01 seconds. Elapsed time: 0.6 seconds; current allocated memory: 1.215 GB.
INFO: [BIND 205-100] Starting micro-architecture generation ...
INFO: [BIND 205-101] Performing variable lifetime analysis.
INFO: [BIND 205-101] Exploring resource sharing.
INFO: [BIND 205-101] Binding ...
INFO: [BIND 205-100] Finished micro-architecture generation.
INFO: [HLS 200-111] Finished Binding: CPU user time: 0.17 seconds. CPU system time: 0 seconds. Elapsed time: 0.17 seconds; current allocated memory: 1.215 GB.
INFO: [HLS 200-10] ----------------------------------------------------------------
INFO: [HLS 200-42] -- Implementing module 'ntt_2_24' 
INFO: [HLS 200-10] ----------------------------------------------------------------
INFO: [SCHED 204-11] Starting scheduling ...
INFO: [SCHED 204-11] Finished scheduling.
INFO: [HLS 200-111] Finished Scheduling: CPU user time: 0.27 seconds. CPU system time: 0 seconds. Elapsed time: 0.28 seconds; current allocated memory: 1.215 GB.
INFO: [BIND 205-100] Starting micro-architecture generation ...
INFO: [BIND 205-101] Performing variable lifetime analysis.
INFO: [BIND 205-101] Exploring resource sharing.
INFO: [BIND 205-101] Binding ...
INFO: [BIND 205-100] Finished micro-architecture generation.
INFO: [HLS 200-111] Finished Binding: CPU user time: 0.13 seconds. CPU system time: 0 seconds. Elapsed time: 0.13 seconds; current allocated memory: 1.215 GB.
INFO: [HLS 200-10] ----------------------------------------------------------------
INFO: [HLS 200-10] -- Generating RTL for module 'entry_proc' 
INFO: [HLS 200-10] ----------------------------------------------------------------
INFO: [RTGEN 206-100] Finished creating RTL model for 'entry_proc'.
INFO: [HLS 200-111] Finished Creating RTL model: CPU user time: 0.24 seconds. CPU system time: 0 seconds. Elapsed time: 0.24 seconds; current allocated memory: 1.215 GB.
INFO: [HLS 200-10] ----------------------------------------------------------------
INFO: [HLS 200-10] -- Generating RTL for module 'ntt_2_24_pass_752_1_Block_entry_proc' 
INFO: [HLS 200-10] ----------------------------------------------------------------
INFO: [RTGEN 206-100] Finished creating RTL model for 'ntt_2_24_pass_752_1_Block_entry_proc'.
INFO: [HLS 200-111] Finished Creating RTL model: CPU user time: 0.08 seconds. CPU system time: 0.01 seconds. Elapsed time: 0.09 seconds; current allocated memory: 1.215 GB.
INFO: [HLS 200-10] ----------------------------------------------------------------
INFO: [HLS 200-10] -- Generating RTL for module 'mm2s' 
INFO: [HLS 200-10] ----------------------------------------------------------------
INFO: [RTGEN 206-100] Finished creating RTL model for 'mm2s'.
INFO: [HLS 200-111] Finished Creating RTL model: CPU user time: 0.15 seconds. CPU system time: 0.01 seconds. Elapsed time: 0.17 seconds; current allocated memory: 1.215 GB.
INFO: [HLS 200-10] ----------------------------------------------------------------
INFO: [HLS 200-10] -- Generating RTL for module 'mm2s_2' 
INFO: [HLS 200-10] ----------------------------------------------------------------
INFO: [RTGEN 206-100] Finished creating RTL model for 'mm2s_2'.
INFO: [HLS 200-111] Finished Creating RTL model: CPU user time: 0.28 seconds. CPU system time: 0 seconds. Elapsed time: 0.28 seconds; current allocated memory: 1.215 GB.
INFO: [HLS 200-10] ----------------------------------------------------------------
INFO: [HLS 200-10] -- Generating RTL for module 'mm2s_3' 
INFO: [HLS 200-10] ----------------------------------------------------------------
INFO: [RTGEN 206-100] Finished creating RTL model for 'mm2s_3'.
INFO: [HLS 200-111] Finished Creating RTL model: CPU user time: 0.24 seconds. CPU system time: 0 seconds. Elapsed time: 0.24 seconds; current allocated memory: 1.215 GB.
INFO: [HLS 200-10] ----------------------------------------------------------------
INFO: [HLS 200-10] -- Generating RTL for module 'mm2s_4' 
INFO: [HLS 200-10] ----------------------------------------------------------------
INFO: [RTGEN 206-100] Finished creating RTL model for 'mm2s_4'.
INFO: [HLS 200-111] Finished Creating RTL model: CPU user time: 0.24 seconds. CPU system time: 0 seconds. Elapsed time: 0.24 seconds; current allocated memory: 1.215 GB.
INFO: [HLS 200-10] ----------------------------------------------------------------
INFO: [HLS 200-10] -- Generating RTL for module 'mm2s_5' 
INFO: [HLS 200-10] ----------------------------------------------------------------
INFO: [RTGEN 206-100] Finished creating RTL model for 'mm2s_5'.
INFO: [HLS 200-111] Finished Creating RTL model: CPU user time: 0.22 seconds. CPU system time: 0.03 seconds. Elapsed time: 0.24 seconds; current allocated memory: 1.215 GB.
INFO: [HLS 200-10] ----------------------------------------------------------------
INFO: [HLS 200-10] -- Generating RTL for module 'mm2s_6' 
INFO: [HLS 200-10] ----------------------------------------------------------------
INFO: [RTGEN 206-100] Finished creating RTL model for 'mm2s_6'.
INFO: [HLS 200-111] Finished Creating RTL model: CPU user time: 0.24 seconds. CPU system time: 0 seconds. Elapsed time: 0.24 seconds; current allocated memory: 1.215 GB.
INFO: [HLS 200-10] ----------------------------------------------------------------
INFO: [HLS 200-10] -- Generating RTL for module 'mm2s_7' 
INFO: [HLS 200-10] ----------------------------------------------------------------
INFO: [RTGEN 206-100] Finished creating RTL model for 'mm2s_7'.
INFO: [HLS 200-111] Finished Creating RTL model: CPU user time: 0.23 seconds. CPU system time: 0.01 seconds. Elapsed time: 0.24 seconds; current allocated memory: 1.215 GB.
INFO: [HLS 200-10] ----------------------------------------------------------------
INFO: [HLS 200-10] -- Generating RTL for module 'mm2s_8' 
INFO: [HLS 200-10] ----------------------------------------------------------------
INFO: [RTGEN 206-100] Finished creating RTL model for 'mm2s_8'.
INFO: [HLS 200-111] Finished Creating RTL model: CPU user time: 0.23 seconds. CPU system time: 0.01 seconds. Elapsed time: 0.27 seconds; current allocated memory: 1.215 GB.
INFO: [HLS 200-10] ----------------------------------------------------------------
INFO: [HLS 200-10] -- Generating RTL for module 'mm2s_9' 
INFO: [HLS 200-10] ----------------------------------------------------------------
INFO: [RTGEN 206-100] Finished creating RTL model for 'mm2s_9'.
INFO: [HLS 200-111] Finished Creating RTL model: CPU user time: 0.23 seconds. CPU system time: 0.01 seconds. Elapsed time: 0.25 seconds; current allocated memory: 1.215 GB.
INFO: [HLS 200-10] ----------------------------------------------------------------
INFO: [HLS 200-10] -- Generating RTL for module 'mm2s_10' 
INFO: [HLS 200-10] ----------------------------------------------------------------
INFO: [RTGEN 206-100] Finished creating RTL model for 'mm2s_10'.
INFO: [HLS 200-111] Finished Creating RTL model: CPU user time: 0.23 seconds. CPU system time: 0.01 seconds. Elapsed time: 0.24 seconds; current allocated memory: 1.215 GB.
INFO: [HLS 200-10] ----------------------------------------------------------------
INFO: [HLS 200-10] -- Generating RTL for module 'mm2s_11' 
INFO: [HLS 200-10] ----------------------------------------------------------------
INFO: [RTGEN 206-100] Finished creating RTL model for 'mm2s_11'.
INFO: [HLS 200-111] Finished Creating RTL model: CPU user time: 0.24 seconds. CPU system time: 0.01 seconds. Elapsed time: 0.25 seconds; current allocated memory: 1.215 GB.
INFO: [HLS 200-10] ----------------------------------------------------------------
INFO: [HLS 200-10] -- Generating RTL for module 'mm2s_12' 
INFO: [HLS 200-10] ----------------------------------------------------------------
INFO: [RTGEN 206-100] Finished creating RTL model for 'mm2s_12'.
INFO: [HLS 200-111] Finished Creating RTL model: CPU user time: 0.24 seconds. CPU system time: 0 seconds. Elapsed time: 0.25 seconds; current allocated memory: 1.215 GB.
INFO: [HLS 200-10] ----------------------------------------------------------------
INFO: [HLS 200-10] -- Generating RTL for module 'mm2s_13' 
INFO: [HLS 200-10] ----------------------------------------------------------------
INFO: [RTGEN 206-100] Finished creating RTL model for 'mm2s_13'.
INFO: [HLS 200-111] Finished Creating RTL model: CPU user time: 0.27 seconds. CPU system time: 0 seconds. Elapsed time: 0.28 seconds; current allocated memory: 1.215 GB.
INFO: [HLS 200-10] ----------------------------------------------------------------
INFO: [HLS 200-10] -- Generating RTL for module 'mm2s_14' 
INFO: [HLS 200-10] ----------------------------------------------------------------
INFO: [RTGEN 206-100] Finished creating RTL model for 'mm2s_14'.
INFO: [HLS 200-111] Finished Creating RTL model: CPU user time: 0.24 seconds. CPU system time: 0.02 seconds. Elapsed time: 0.25 seconds; current allocated memory: 1.215 GB.
INFO: [HLS 200-10] ----------------------------------------------------------------
INFO: [HLS 200-10] -- Generating RTL for module 'mm2s_15' 
INFO: [HLS 200-10] ----------------------------------------------------------------
INFO: [RTGEN 206-100] Finished creating RTL model for 'mm2s_15'.
INFO: [HLS 200-111] Finished Creating RTL model: CPU user time: 0.27 seconds. CPU system time: 0 seconds. Elapsed time: 0.28 seconds; current allocated memory: 1.220 GB.
INFO: [HLS 200-10] ----------------------------------------------------------------
INFO: [HLS 200-10] -- Generating RTL for module 'mm2s_16' 
INFO: [HLS 200-10] ----------------------------------------------------------------
INFO: [RTGEN 206-100] Finished creating RTL model for 'mm2s_16'.
INFO: [HLS 200-111] Finished Creating RTL model: CPU user time: 0.24 seconds. CPU system time: 0.01 seconds. Elapsed time: 0.25 seconds; current allocated memory: 1.224 GB.
INFO: [HLS 200-10] ----------------------------------------------------------------
INFO: [HLS 200-10] -- Generating RTL for module 'xor_permute_spatial' 
INFO: [HLS 200-10] ----------------------------------------------------------------
INFO: [HLS 200-1030] Apply Unified Pipeline Control on module 'xor_permute_spatial' pipeline 'xor_permute_spatial' pipeline type 'function pipeline'
INFO: [RTGEN 206-104] Estimated max fanout for 'xor_permute_spatial' is 8194 from HDL expression: ((1'b0 == ap_block_pp0_stage0_11001) & (1'b1 == ap_ce) & (1'b1 == ap_CS_fsm_pp0_stage0))
INFO: [RTGEN 206-100] Finished creating RTL model for 'xor_permute_spatial'.
INFO: [HLS 200-111] Finished Creating RTL model: CPU user time: 0.48 seconds. CPU system time: 0.02 seconds. Elapsed time: 0.5 seconds; current allocated memory: 1.240 GB.
INFO: [HLS 200-10] ----------------------------------------------------------------
INFO: [HLS 200-10] -- Generating RTL for module 'xor_permute_spatial_4096x4096' 
INFO: [HLS 200-10] ----------------------------------------------------------------
INFO: [RTGEN 206-104] Estimated max fanout for 'xor_permute_spatial_4096x4096' is 8194 from HDL expression: ((1'b0 == ap_block_pp0_stage0_11001_ignoreCallOp156) & (1'b1 == ap_CS_fsm_pp0_stage0))
INFO: [RTGEN 206-100] Finished creating RTL model for 'xor_permute_spatial_4096x4096'.
INFO: [HLS 200-111] Finished Creating RTL model: CPU user time: 0.45 seconds. CPU system time: 0.02 seconds. Elapsed time: 0.48 seconds; current allocated memory: 1.257 GB.
INFO: [HLS 200-10] ----------------------------------------------------------------
INFO: [HLS 200-10] -- Generating RTL for module 'ntt_2_6' 
INFO: [HLS 200-10] ----------------------------------------------------------------
INFO: [RTGEN 206-104] Estimated max fanout for 'ntt_2_6' is 46040 from HDL expression: ((1'b1 == ap_ce_reg) & (1'b0 == ap_block_pp0_stage0_11001))
INFO: [RTGEN 206-100] Generating core module 'sparsemux_7_2_64_1_0': 192 instance(s).
INFO: [RTGEN 206-100] Finished creating RTL model for 'ntt_2_6'.
INFO: [HLS 200-111] Finished Creating RTL model: CPU user time: 2.44 seconds. CPU system time: 0.06 seconds. Elapsed time: 2.49 seconds; current allocated memory: 1.321 GB.
INFO: [HLS 200-10] ----------------------------------------------------------------
INFO: [HLS 200-10] -- Generating RTL for module 'mult' 
INFO: [HLS 200-10] ----------------------------------------------------------------
INFO: [RTGEN 206-100] Generating core module 'mul_64ns_64ns_128_5_0': 1 instance(s).
INFO: [RTGEN 206-100] Generating core module 'sparsemux_7_2_64_1_0': 1 instance(s).
INFO: [RTGEN 206-100] Finished creating RTL model for 'mult'.
INFO: [HLS 200-111] Finished Creating RTL model: CPU user time: 3.12 seconds. CPU system time: 0.2 seconds. Elapsed time: 3.42 seconds; current allocated memory: 1.444 GB.
INFO: [HLS 200-10] ----------------------------------------------------------------
INFO: [HLS 200-10] -- Generating RTL for module 'ntt_2_12_serial' 
INFO: [HLS 200-10] ----------------------------------------------------------------
INFO: [RTGEN 206-104] Estimated max fanout for 'ntt_2_12_serial' is 62424 from HDL expression: (((1'b1 == ap_CS_fsm_pp0_stage12) & (1'b0 == ap_block_pp0_stage12_11001_ignoreCallOp319)) | ((1'b1 == ap_CS_fsm_pp0_stage11) & (1'b0 == ap_block_pp0_stage11_11001_ignoreCallOp305)) | ((1'b1 == ap_CS_fsm_pp0_stage10) & (1'b0 == ap_block_pp0_stage10_11001_ignoreCallOp295)) | ((1'b1 == ap_CS_fsm_pp0_stage9) & (1'b0 == ap_block_pp0_stage9_11001_ignoreCallOp282)) | ((1'b1 == ap_CS_fsm_pp0_stage8) & (1'b0 == ap_block_pp0_stage8_11001_ignoreCallOp268)) | ((1'b1 == ap_CS_fsm_pp0_stage7) & (1'b0 == ap_block_pp0_stage7_11001_ignoreCallOp257)) | ((1'b1 == ap_CS_fsm_pp0_stage6) & (1'b0 == ap_block_pp0_stage6_11001_ignoreCallOp247)) | ((1'b1 == ap_CS_fsm_pp0_stage5) & (1'b0 == ap_block_pp0_stage5_11001_ignoreCallOp234)) | ((1'b1 == ap_CS_fsm_pp0_stage4) & (1'b0 == ap_block_pp0_stage4_11001_ignoreCallOp220)) | ((1'b1 == ap_CS_fsm_pp0_stage3) & (1'b0 == ap_block_pp0_stage3_11001_ignoreCallOp209)) | ((1'b1 == ap_CS_fsm_pp0_stage2) & (1'b0 == ap_block_pp0_stage2_11001_ignoreCallOp195)) | ((1'b1 == ap_CS_fsm_pp0_stage1) & (1'b0 
    == ap_block_pp0_stage1_11001_ignoreCallOp183)) | ((1'b1 == ap_CS_fsm_pp1_stage13) & (1'b0 == ap_block_pp1_stage13_11001_ignoreCallOp1724)) | ((1'b1 == ap_CS_fsm_pp0_stage13) & (1'b0 == ap_block_pp0_stage13_11001_ignoreCallOp329)) | ((1'b1 == ap_CS_fsm_pp1_stage12) & (1'b0 == ap_block_pp1_stage12_11001_ignoreCallOp1723)) | ((1'b1 == ap_CS_fsm_pp1_stage11) & (1'b0 == ap_block_pp1_stage11_11001_ignoreCallOp1722)) | ((1'b1 == ap_CS_fsm_pp1_stage10) & (1'b0 == ap_block_pp1_stage10_11001_ignoreCallOp1721)) | ((1'b1 == ap_CS_fsm_pp1_stage9) & (1'b0 == ap_block_pp1_stage9_11001_ignoreCallOp1720)) | ((1'b1 == ap_CS_fsm_pp1_stage8) & (1'b0 == ap_block_pp1_stage8_11001_ignoreCallOp1719)) | ((1'b1 == ap_CS_fsm_pp1_stage7) & (1'b0 == ap_block_pp1_stage7_11001_ignoreCallOp1718)) | ((1'b1 == ap_CS_fsm_pp1_stage6) & (1'b0 == ap_block_pp1_stage6_11001_ignoreCallOp1717)) | ((1'b1 == ap_CS_fsm_pp1_stage5) & (1'b0 == ap_block_pp1_stage5_11001_ignoreCallOp1716)) | ((1'b1 == ap_CS_fsm_pp1_stage4) & (1'b0 == ap_block_pp1_stage4_11001_ignoreCallOp1715)) 
    | ((1'b1 == ap_CS_fsm_pp1_stage3) & (1'b0 == ap_block_pp1_stage3_11001_ignoreCallOp1714)) | ((1'b1 == ap_CS_fsm_pp1_stage2) & (1'b0 == ap_block_pp1_stage2_11001_ignoreCallOp1713)) | ((1'b1 == ap_CS_fsm_pp1_stage1) & (1'b0 == ap_block_pp1_stage1_11001_ignoreCallOp1712)))
INFO: [RTGEN 206-100] Finished creating RTL model for 'ntt_2_12_serial'.
INFO: [HLS 200-2168] Implementing memory 'ntt_2_24_ntt_2_12_serial_OMEGA_2_12_ROM_AUTO_1R' using auto ROMs with 2 copies to ensure enough ports to satisfy II or latency constraints.
INFO: [RTMG 210-278] Implementing memory 'ntt_2_24_ntt_2_12_serial_bram_RAM_AUTO_1R1W' using auto RAMs.
INFO: [HLS 200-111] Finished Creating RTL model: CPU user time: 0.74 seconds. CPU system time: 0.02 seconds. Elapsed time: 0.77 seconds; current allocated memory: 1.460 GB.
INFO: [HLS 200-10] ----------------------------------------------------------------
INFO: [HLS 200-10] -- Generating RTL for module 'dataflow_in_loop_VITIS_LOOP_433_1' 
INFO: [HLS 200-10] ----------------------------------------------------------------
INFO: [RTGEN 206-100] Finished creating RTL model for 'dataflow_in_loop_VITIS_LOOP_433_1'.
INFO: [HLS 200-111] Finished Creating RTL model: CPU user time: 0.5 seconds. CPU system time: 0.04 seconds. Elapsed time: 0.54 seconds; current allocated memory: 1.475 GB.
INFO: [HLS 200-10] ----------------------------------------------------------------
INFO: [HLS 200-10] -- Generating RTL for module 'ntt_2_12_4096x4096' 
INFO: [HLS 200-10] ----------------------------------------------------------------
INFO: [RTGEN 206-100] Finished creating RTL model for 'ntt_2_12_4096x4096'.
INFO: [HLS 200-111] Finished Creating RTL model: CPU user time: 0.18 seconds. CPU system time: 0.02 seconds. Elapsed time: 0.2 seconds; current allocated memory: 1.492 GB.
INFO: [HLS 200-10] ----------------------------------------------------------------
INFO: [HLS 200-10] -- Generating RTL for module 'twiddle_mul_4096x4096' 
INFO: [HLS 200-10] ----------------------------------------------------------------
INFO: [RTGEN 206-100] Generating core module 'mul_12ns_10ns_22_1_1': 8 instance(s).
INFO: [RTGEN 206-100] Generating core module 'mul_12ns_11ns_23_1_1': 16 instance(s).
INFO: [RTGEN 206-100] Generating core module 'mul_12ns_12ns_24_1_1': 32 instance(s).
INFO: [RTGEN 206-100] Generating core module 'mul_12ns_6ns_18_1_1': 1 instance(s).
INFO: [RTGEN 206-100] Generating core module 'mul_12ns_7ns_19_1_1': 1 instance(s).
INFO: [RTGEN 206-100] Generating core module 'mul_12ns_8ns_20_1_1': 2 instance(s).
INFO: [RTGEN 206-100] Generating core module 'mul_12ns_9ns_21_1_1': 4 instance(s).
INFO: [RTGEN 206-100] Finished creating RTL model for 'twiddle_mul_4096x4096'.
INFO: [HLS 200-2168] Implementing memory 'ntt_2_24_twiddle_mul_4096x4096_OMEGA_2_24_ROM_AUTO_1R' using auto ROMs with 2 copies to ensure enough ports to satisfy II or latency constraints.
INFO: [HLS 200-111] Finished Creating RTL model: CPU user time: 0.8 seconds. CPU system time: 0 seconds. Elapsed time: 0.8 seconds; current allocated memory: 1.492 GB.
INFO: [HLS 200-10] ----------------------------------------------------------------
INFO: [HLS 200-10] -- Generating RTL for module 'xor_permute_spatial_4096x4096_1' 
INFO: [HLS 200-10] ----------------------------------------------------------------
INFO: [RTGEN 206-104] Estimated max fanout for 'xor_permute_spatial_4096x4096_1' is 8194 from HDL expression: (1'b0 == ap_block_pp0_stage0_11001_ignoreCallOp221)
INFO: [RTGEN 206-100] Finished creating RTL model for 'xor_permute_spatial_4096x4096_1'.
INFO: [HLS 200-111] Finished Creating RTL model: CPU user time: 0.86 seconds. CPU system time: 0.03 seconds. Elapsed time: 0.9 seconds; current allocated memory: 1.514 GB.
INFO: [HLS 200-10] ----------------------------------------------------------------
INFO: [HLS 200-10] -- Generating RTL for module 's2mm' 
INFO: [HLS 200-10] ----------------------------------------------------------------
INFO: [RTGEN 206-100] Finished creating RTL model for 's2mm'.
INFO: [HLS 200-111] Finished Creating RTL model: CPU user time: 0.37 seconds. CPU system time: 0.02 seconds. Elapsed time: 0.38 seconds; current allocated memory: 1.534 GB.
INFO: [HLS 200-10] ----------------------------------------------------------------
INFO: [HLS 200-10] -- Generating RTL for module 's2mm_17' 
INFO: [HLS 200-10] ----------------------------------------------------------------
INFO: [RTGEN 206-100] Finished creating RTL model for 's2mm_17'.
INFO: [HLS 200-111] Finished Creating RTL model: CPU user time: 0.29 seconds. CPU system time: 0.02 seconds. Elapsed time: 0.31 seconds; current allocated memory: 1.540 GB.
INFO: [HLS 200-10] ----------------------------------------------------------------
INFO: [HLS 200-10] -- Generating RTL for module 's2mm_18' 
INFO: [HLS 200-10] ----------------------------------------------------------------
INFO: [RTGEN 206-100] Finished creating RTL model for 's2mm_18'.
INFO: [HLS 200-111] Finished Creating RTL model: CPU user time: 0.28 seconds. CPU system time: 0.01 seconds. Elapsed time: 0.3 seconds; current allocated memory: 1.544 GB.
INFO: [HLS 200-10] ----------------------------------------------------------------
INFO: [HLS 200-10] -- Generating RTL for module 's2mm_19' 
INFO: [HLS 200-10] ----------------------------------------------------------------
INFO: [RTGEN 206-100] Finished creating RTL model for 's2mm_19'.
INFO: [HLS 200-111] Finished Creating RTL model: CPU user time: 0.29 seconds. CPU system time: 0 seconds. Elapsed time: 0.29 seconds; current allocated memory: 1.549 GB.
INFO: [HLS 200-10] ----------------------------------------------------------------
INFO: [HLS 200-10] -- Generating RTL for module 's2mm_20' 
INFO: [HLS 200-10] ----------------------------------------------------------------
INFO: [RTGEN 206-100] Finished creating RTL model for 's2mm_20'.
INFO: [HLS 200-111] Finished Creating RTL model: CPU user time: 0.29 seconds. CPU system time: 0.01 seconds. Elapsed time: 0.29 seconds; current allocated memory: 1.553 GB.
INFO: [HLS 200-10] ----------------------------------------------------------------
INFO: [HLS 200-10] -- Generating RTL for module 's2mm_21' 
INFO: [HLS 200-10] ----------------------------------------------------------------
INFO: [RTGEN 206-100] Finished creating RTL model for 's2mm_21'.
INFO: [HLS 200-111] Finished Creating RTL model: CPU user time: 0.28 seconds. CPU system time: 0.01 seconds. Elapsed time: 0.29 seconds; current allocated memory: 1.557 GB.
INFO: [HLS 200-10] ----------------------------------------------------------------
INFO: [HLS 200-10] -- Generating RTL for module 's2mm_22' 
INFO: [HLS 200-10] ----------------------------------------------------------------
INFO: [RTGEN 206-100] Finished creating RTL model for 's2mm_22'.
INFO: [HLS 200-111] Finished Creating RTL model: CPU user time: 0.27 seconds. CPU system time: 0.01 seconds. Elapsed time: 0.29 seconds; current allocated memory: 1.562 GB.
INFO: [HLS 200-10] ----------------------------------------------------------------
INFO: [HLS 200-10] -- Generating RTL for module 's2mm_23' 
INFO: [HLS 200-10] ----------------------------------------------------------------
INFO: [RTGEN 206-100] Finished creating RTL model for 's2mm_23'.
INFO: [HLS 200-111] Finished Creating RTL model: CPU user time: 0.28 seconds. CPU system time: 0.02 seconds. Elapsed time: 0.29 seconds; current allocated memory: 1.566 GB.
INFO: [HLS 200-10] ----------------------------------------------------------------
INFO: [HLS 200-10] -- Generating RTL for module 's2mm_24' 
INFO: [HLS 200-10] ----------------------------------------------------------------
INFO: [RTGEN 206-100] Finished creating RTL model for 's2mm_24'.
INFO: [HLS 200-111] Finished Creating RTL model: CPU user time: 0.29 seconds. CPU system time: 0 seconds. Elapsed time: 0.29 seconds; current allocated memory: 1.570 GB.
INFO: [HLS 200-10] ----------------------------------------------------------------
INFO: [HLS 200-10] -- Generating RTL for module 's2mm_25' 
INFO: [HLS 200-10] ----------------------------------------------------------------
INFO: [RTGEN 206-100] Finished creating RTL model for 's2mm_25'.
INFO: [HLS 200-111] Finished Creating RTL model: CPU user time: 0.29 seconds. CPU system time: 0.01 seconds. Elapsed time: 0.3 seconds; current allocated memory: 1.575 GB.
INFO: [HLS 200-10] ----------------------------------------------------------------
INFO: [HLS 200-10] -- Generating RTL for module 's2mm_26' 
INFO: [HLS 200-10] ----------------------------------------------------------------
INFO: [RTGEN 206-100] Finished creating RTL model for 's2mm_26'.
INFO: [HLS 200-111] Finished Creating RTL model: CPU user time: 0.27 seconds. CPU system time: 0.02 seconds. Elapsed time: 0.29 seconds; current allocated memory: 1.579 GB.
INFO: [HLS 200-10] ----------------------------------------------------------------
INFO: [HLS 200-10] -- Generating RTL for module 's2mm_27' 
INFO: [HLS 200-10] ----------------------------------------------------------------
INFO: [RTGEN 206-100] Finished creating RTL model for 's2mm_27'.
INFO: [HLS 200-111] Finished Creating RTL model: CPU user time: 0.29 seconds. CPU system time: 0.01 seconds. Elapsed time: 0.3 seconds; current allocated memory: 1.583 GB.
INFO: [HLS 200-10] ----------------------------------------------------------------
INFO: [HLS 200-10] -- Generating RTL for module 's2mm_28' 
INFO: [HLS 200-10] ----------------------------------------------------------------
INFO: [RTGEN 206-100] Finished creating RTL model for 's2mm_28'.
INFO: [HLS 200-111] Finished Creating RTL model: CPU user time: 0.27 seconds. CPU system time: 0.02 seconds. Elapsed time: 0.29 seconds; current allocated memory: 1.588 GB.
INFO: [HLS 200-10] ----------------------------------------------------------------
INFO: [HLS 200-10] -- Generating RTL for module 's2mm_29' 
INFO: [HLS 200-10] ----------------------------------------------------------------
INFO: [RTGEN 206-100] Finished creating RTL model for 's2mm_29'.
INFO: [HLS 200-111] Finished Creating RTL model: CPU user time: 0.29 seconds. CPU system time: 0.02 seconds. Elapsed time: 0.3 seconds; current allocated memory: 1.592 GB.
INFO: [HLS 200-10] ----------------------------------------------------------------
INFO: [HLS 200-10] -- Generating RTL for module 's2mm_30' 
INFO: [HLS 200-10] ----------------------------------------------------------------
INFO: [RTGEN 206-100] Finished creating RTL model for 's2mm_30'.
INFO: [HLS 200-111] Finished Creating RTL model: CPU user time: 0.3 seconds. CPU system time: 0 seconds. Elapsed time: 0.31 seconds; current allocated memory: 1.596 GB.
INFO: [HLS 200-10] ----------------------------------------------------------------
INFO: [HLS 200-10] -- Generating RTL for module 's2mm_31' 
INFO: [HLS 200-10] ----------------------------------------------------------------
INFO: [RTGEN 206-100] Finished creating RTL model for 's2mm_31'.
INFO: [HLS 200-111] Finished Creating RTL model: CPU user time: 0.28 seconds. CPU system time: 0.02 seconds. Elapsed time: 0.29 seconds; current allocated memory: 1.601 GB.
INFO: [HLS 200-10] ----------------------------------------------------------------
INFO: [HLS 200-10] -- Generating RTL for module 'ntt_2_24_pass_752_1' 
INFO: [HLS 200-10] ----------------------------------------------------------------
WARNING: [HLS 200-656] Deadlocks can occur since process mm2s is instantiated in a dataflow region with ap_ctrl_none or without start propagation and contains a rewind pipeline.
Resolution: For help on HLS 200-656 see docs.xilinx.com/access/sources/dita/topic?Doc_Version=2024.2%20English&url=ug1448-hls-guidance&resourceid=200-656.html
WARNING: [HLS 200-656] Deadlocks can occur since process mm2s.2 is instantiated in a dataflow region with ap_ctrl_none or without start propagation and contains a rewind pipeline.
Resolution: For help on HLS 200-656 see docs.xilinx.com/access/sources/dita/topic?Doc_Version=2024.2%20English&url=ug1448-hls-guidance&resourceid=200-656.html
WARNING: [HLS 200-656] Deadlocks can occur since process mm2s.3 is instantiated in a dataflow region with ap_ctrl_none or without start propagation and contains a rewind pipeline.
Resolution: For help on HLS 200-656 see docs.xilinx.com/access/sources/dita/topic?Doc_Version=2024.2%20English&url=ug1448-hls-guidance&resourceid=200-656.html
WARNING: [HLS 200-656] Deadlocks can occur since process mm2s.4 is instantiated in a dataflow region with ap_ctrl_none or without start propagation and contains a rewind pipeline.
Resolution: For help on HLS 200-656 see docs.xilinx.com/access/sources/dita/topic?Doc_Version=2024.2%20English&url=ug1448-hls-guidance&resourceid=200-656.html
WARNING: [HLS 200-656] Deadlocks can occur since process mm2s.5 is instantiated in a dataflow region with ap_ctrl_none or without start propagation and contains a rewind pipeline.
Resolution: For help on HLS 200-656 see docs.xilinx.com/access/sources/dita/topic?Doc_Version=2024.2%20English&url=ug1448-hls-guidance&resourceid=200-656.html
WARNING: [HLS 200-656] Deadlocks can occur since process mm2s.6 is instantiated in a dataflow region with ap_ctrl_none or without start propagation and contains a rewind pipeline.
Resolution: For help on HLS 200-656 see docs.xilinx.com/access/sources/dita/topic?Doc_Version=2024.2%20English&url=ug1448-hls-guidance&resourceid=200-656.html
WARNING: [HLS 200-656] Deadlocks can occur since process mm2s.7 is instantiated in a dataflow region with ap_ctrl_none or without start propagation and contains a rewind pipeline.
Resolution: For help on HLS 200-656 see docs.xilinx.com/access/sources/dita/topic?Doc_Version=2024.2%20English&url=ug1448-hls-guidance&resourceid=200-656.html
WARNING: [HLS 200-656] Deadlocks can occur since process mm2s.8 is instantiated in a dataflow region with ap_ctrl_none or without start propagation and contains a rewind pipeline.
Resolution: For help on HLS 200-656 see docs.xilinx.com/access/sources/dita/topic?Doc_Version=2024.2%20English&url=ug1448-hls-guidance&resourceid=200-656.html
WARNING: [HLS 200-656] Deadlocks can occur since process mm2s.9 is instantiated in a dataflow region with ap_ctrl_none or without start propagation and contains a rewind pipeline.
Resolution: For help on HLS 200-656 see docs.xilinx.com/access/sources/dita/topic?Doc_Version=2024.2%20English&url=ug1448-hls-guidance&resourceid=200-656.html
WARNING: [HLS 200-656] Deadlocks can occur since process mm2s.10 is instantiated in a dataflow region with ap_ctrl_none or without start propagation and contains a rewind pipeline.
Resolution: For help on HLS 200-656 see docs.xilinx.com/access/sources/dita/topic?Doc_Version=2024.2%20English&url=ug1448-hls-guidance&resourceid=200-656.html
WARNING: [HLS 200-656] Deadlocks can occur since process mm2s.11 is instantiated in a dataflow region with ap_ctrl_none or without start propagation and contains a rewind pipeline.
Resolution: For help on HLS 200-656 see docs.xilinx.com/access/sources/dita/topic?Doc_Version=2024.2%20English&url=ug1448-hls-guidance&resourceid=200-656.html
WARNING: [HLS 200-656] Deadlocks can occur since process mm2s.12 is instantiated in a dataflow region with ap_ctrl_none or without start propagation and contains a rewind pipeline.
Resolution: For help on HLS 200-656 see docs.xilinx.com/access/sources/dita/topic?Doc_Version=2024.2%20English&url=ug1448-hls-guidance&resourceid=200-656.html
WARNING: [HLS 200-656] Deadlocks can occur since process mm2s.13 is instantiated in a dataflow region with ap_ctrl_none or without start propagation and contains a rewind pipeline.
Resolution: For help on HLS 200-656 see docs.xilinx.com/access/sources/dita/topic?Doc_Version=2024.2%20English&url=ug1448-hls-guidance&resourceid=200-656.html
WARNING: [HLS 200-656] Deadlocks can occur since process mm2s.14 is instantiated in a dataflow region with ap_ctrl_none or without start propagation and contains a rewind pipeline.
Resolution: For help on HLS 200-656 see docs.xilinx.com/access/sources/dita/topic?Doc_Version=2024.2%20English&url=ug1448-hls-guidance&resourceid=200-656.html
WARNING: [HLS 200-656] Deadlocks can occur since process mm2s.15 is instantiated in a dataflow region with ap_ctrl_none or without start propagation and contains a rewind pipeline.
Resolution: For help on HLS 200-656 see docs.xilinx.com/access/sources/dita/topic?Doc_Version=2024.2%20English&url=ug1448-hls-guidance&resourceid=200-656.html
WARNING: [HLS 200-656] Deadlocks can occur since process mm2s.16 is instantiated in a dataflow region with ap_ctrl_none or without start propagation and contains a rewind pipeline.
Resolution: For help on HLS 200-656 see docs.xilinx.com/access/sources/dita/topic?Doc_Version=2024.2%20English&url=ug1448-hls-guidance&resourceid=200-656.html
INFO: [RTGEN 206-100] Finished creating RTL model for 'ntt_2_24_pass_752_1'.
INFO: [RTMG 210-285] Implementing FIFO 'out0_c_U(ntt_2_24_fifo_w64_d7_S)' using Shift Registers.
INFO: [RTMG 210-285] Implementing FIFO 'out1_c_U(ntt_2_24_fifo_w64_d7_S)' using Shift Registers.
INFO: [RTMG 210-285] Implementing FIFO 'out2_c_U(ntt_2_24_fifo_w64_d7_S)' using Shift Registers.
INFO: [RTMG 210-285] Implementing FIFO 'out3_c_U(ntt_2_24_fifo_w64_d7_S)' using Shift Registers.
INFO: [RTMG 210-285] Implementing FIFO 'out4_c_U(ntt_2_24_fifo_w64_d7_S)' using Shift Registers.
INFO: [RTMG 210-285] Implementing FIFO 'out5_c_U(ntt_2_24_fifo_w64_d7_S)' using Shift Registers.
INFO: [RTMG 210-285] Implementing FIFO 'out6_c_U(ntt_2_24_fifo_w64_d7_S)' using Shift Registers.
INFO: [RTMG 210-285] Implementing FIFO 'out7_c_U(ntt_2_24_fifo_w64_d7_S)' using Shift Registers.
INFO: [RTMG 210-285] Implementing FIFO 'out8_c_U(ntt_2_24_fifo_w64_d7_S)' using Shift Registers.
INFO: [RTMG 210-285] Implementing FIFO 'out9_c_U(ntt_2_24_fifo_w64_d7_S)' using Shift Registers.
INFO: [RTMG 210-285] Implementing FIFO 'out10_c_U(ntt_2_24_fifo_w64_d7_S)' using Shift Registers.
INFO: [RTMG 210-285] Implementing FIFO 'out11_c_U(ntt_2_24_fifo_w64_d7_S)' using Shift Registers.
INFO: [RTMG 210-285] Implementing FIFO 'out12_c_U(ntt_2_24_fifo_w64_d7_S)' using Shift Registers.
INFO: [RTMG 210-285] Implementing FIFO 'out13_c_U(ntt_2_24_fifo_w64_d7_S)' using Shift Registers.
INFO: [RTMG 210-285] Implementing FIFO 'out14_c_U(ntt_2_24_fifo_w64_d7_S)' using Shift Registers.
INFO: [RTMG 210-285] Implementing FIFO 'out15_c_U(ntt_2_24_fifo_w64_d7_S)' using Shift Registers.
INFO: [RTMG 210-285] Implementing FIFO 'pass_c_U(ntt_2_24_fifo_w1_d6_S)' using Shift Registers.
INFO: [RTMG 210-285] Implementing FIFO 'pass_c2_U(ntt_2_24_fifo_w1_d6_S)' using Shift Registers.
INFO: [RTMG 210-285] Implementing FIFO 'pass_c3_U(ntt_2_24_fifo_w1_d6_S)' using Shift Registers.
INFO: [RTMG 210-285] Implementing FIFO 'pass_c4_U(ntt_2_24_fifo_w1_d6_S)' using Shift Registers.
INFO: [RTMG 210-285] Implementing FIFO 'pass_c5_U(ntt_2_24_fifo_w1_d6_S)' using Shift Registers.
INFO: [RTMG 210-285] Implementing FIFO 'pass_c6_U(ntt_2_24_fifo_w1_d6_S)' using Shift Registers.
INFO: [RTMG 210-285] Implementing FIFO 'pass_c7_U(ntt_2_24_fifo_w1_d6_S)' using Shift Registers.
INFO: [RTMG 210-285] Implementing FIFO 'pass_c8_U(ntt_2_24_fifo_w1_d6_S)' using Shift Registers.
INFO: [RTMG 210-285] Implementing FIFO 'pass_c9_U(ntt_2_24_fifo_w1_d6_S)' using Shift Registers.
INFO: [RTMG 210-285] Implementing FIFO 'pass_c10_U(ntt_2_24_fifo_w1_d6_S)' using Shift Registers.
INFO: [RTMG 210-285] Implementing FIFO 'pass_c11_U(ntt_2_24_fifo_w1_d6_S)' using Shift Registers.
INFO: [RTMG 210-285] Implementing FIFO 'pass_c12_U(ntt_2_24_fifo_w1_d6_S)' using Shift Registers.
INFO: [RTMG 210-285] Implementing FIFO 'pass_c13_U(ntt_2_24_fifo_w1_d6_S)' using Shift Registers.
INFO: [RTMG 210-285] Implementing FIFO 'pass_c14_U(ntt_2_24_fifo_w1_d6_S)' using Shift Registers.
INFO: [RTMG 210-285] Implementing FIFO 'pass_c15_U(ntt_2_24_fifo_w1_d6_S)' using Shift Registers.
INFO: [RTMG 210-285] Implementing FIFO 'pass_c16_U(ntt_2_24_fifo_w1_d6_S)' using Shift Registers.
INFO: [RTMG 210-285] Implementing FIFO 'cmp_loc_channel_U(ntt_2_24_fifo_w1_d2_S)' using Shift Registers.
INFO: [RTMG 210-285] Implementing FIFO 'cmp54_loc_c17_channel_U(ntt_2_24_fifo_w1_d4_S)' using Shift Registers.
INFO: [RTMG 210-285] Implementing FIFO 's0_U(ntt_2_24_fifo_w64_d2_S)' using Shift Registers.
INFO: [RTMG 210-285] Implementing FIFO 's0_1_U(ntt_2_24_fifo_w64_d2_S)' using Shift Registers.
INFO: [RTMG 210-285] Implementing FIFO 's0_2_U(ntt_2_24_fifo_w64_d2_S)' using Shift Registers.
INFO: [RTMG 210-285] Implementing FIFO 's0_3_U(ntt_2_24_fifo_w64_d2_S)' using Shift Registers.
INFO: [RTMG 210-285] Implementing FIFO 's0_4_U(ntt_2_24_fifo_w64_d2_S)' using Shift Registers.
INFO: [RTMG 210-285] Implementing FIFO 's0_5_U(ntt_2_24_fifo_w64_d2_S)' using Shift Registers.
INFO: [RTMG 210-285] Implementing FIFO 's0_6_U(ntt_2_24_fifo_w64_d2_S)' using Shift Registers.
INFO: [RTMG 210-285] Implementing FIFO 's0_7_U(ntt_2_24_fifo_w64_d2_S)' using Shift Registers.
INFO: [RTMG 210-285] Implementing FIFO 's0_8_U(ntt_2_24_fifo_w64_d2_S)' using Shift Registers.
INFO: [RTMG 210-285] Implementing FIFO 's0_9_U(ntt_2_24_fifo_w64_d2_S)' using Shift Registers.
INFO: [RTMG 210-285] Implementing FIFO 's0_10_U(ntt_2_24_fifo_w64_d2_S)' using Shift Registers.
INFO: [RTMG 210-285] Implementing FIFO 's0_11_U(ntt_2_24_fifo_w64_d2_S)' using Shift Registers.
INFO: [RTMG 210-285] Implementing FIFO 's0_12_U(ntt_2_24_fifo_w64_d2_S)' using Shift Registers.
INFO: [RTMG 210-285] Implementing FIFO 's0_13_U(ntt_2_24_fifo_w64_d2_S)' using Shift Registers.
INFO: [RTMG 210-285] Implementing FIFO 's0_14_U(ntt_2_24_fifo_w64_d2_S)' using Shift Registers.
INFO: [RTMG 210-285] Implementing FIFO 's0_15_U(ntt_2_24_fifo_w64_d2_S)' using Shift Registers.
INFO: [RTMG 210-285] Implementing FIFO 's0_16_U(ntt_2_24_fifo_w64_d2_S)' using Shift Registers.
INFO: [RTMG 210-285] Implementing FIFO 's0_17_U(ntt_2_24_fifo_w64_d2_S)' using Shift Registers.
INFO: [RTMG 210-285] Implementing FIFO 's0_18_U(ntt_2_24_fifo_w64_d2_S)' using Shift Registers.
INFO: [RTMG 210-285] Implementing FIFO 's0_19_U(ntt_2_24_fifo_w64_d2_S)' using Shift Registers.
INFO: [RTMG 210-285] Implementing FIFO 's0_20_U(ntt_2_24_fifo_w64_d2_S)' using Shift Registers.
INFO: [RTMG 210-285] Implementing FIFO 's0_21_U(ntt_2_24_fifo_w64_d2_S)' using Shift Registers.
INFO: [RTMG 210-285] Implementing FIFO 's0_22_U(ntt_2_24_fifo_w64_d2_S)' using Shift Registers.
INFO: [RTMG 210-285] Implementing FIFO 's0_23_U(ntt_2_24_fifo_w64_d2_S)' using Shift Registers.
INFO: [RTMG 210-285] Implementing FIFO 's0_24_U(ntt_2_24_fifo_w64_d2_S)' using Shift Registers.
INFO: [RTMG 210-285] Implementing FIFO 's0_25_U(ntt_2_24_fifo_w64_d2_S)' using Shift Registers.
INFO: [RTMG 210-285] Implementing FIFO 's0_26_U(ntt_2_24_fifo_w64_d2_S)' using Shift Registers.
INFO: [RTMG 210-285] Implementing FIFO 's0_27_U(ntt_2_24_fifo_w64_d2_S)' using Shift Registers.
INFO: [RTMG 210-285] Implementing FIFO 's0_28_U(ntt_2_24_fifo_w64_d2_S)' using Shift Registers.
INFO: [RTMG 210-285] Implementing FIFO 's0_29_U(ntt_2_24_fifo_w64_d2_S)' using Shift Registers.
INFO: [RTMG 210-285] Implementing FIFO 's0_30_U(ntt_2_24_fifo_w64_d2_S)' using Shift Registers.
INFO: [RTMG 210-285] Implementing FIFO 's0_31_U(ntt_2_24_fifo_w64_d2_S)' using Shift Registers.
INFO: [RTMG 210-285] Implementing FIFO 's0_32_U(ntt_2_24_fifo_w64_d2_S)' using Shift Registers.
INFO: [RTMG 210-285] Implementing FIFO 's0_33_U(ntt_2_24_fifo_w64_d2_S)' using Shift Registers.
INFO: [RTMG 210-285] Implementing FIFO 's0_34_U(ntt_2_24_fifo_w64_d2_S)' using Shift Registers.
INFO: [RTMG 210-285] Implementing FIFO 's0_35_U(ntt_2_24_fifo_w64_d2_S)' using Shift Registers.
INFO: [RTMG 210-285] Implementing FIFO 's0_36_U(ntt_2_24_fifo_w64_d2_S)' using Shift Registers.
INFO: [RTMG 210-285] Implementing FIFO 's0_37_U(ntt_2_24_fifo_w64_d2_S)' using Shift Registers.
INFO: [RTMG 210-285] Implementing FIFO 's0_38_U(ntt_2_24_fifo_w64_d2_S)' using Shift Registers.
INFO: [RTMG 210-285] Implementing FIFO 's0_39_U(ntt_2_24_fifo_w64_d2_S)' using Shift Registers.
INFO: [RTMG 210-285] Implementing FIFO 's0_40_U(ntt_2_24_fifo_w64_d2_S)' using Shift Registers.
INFO: [RTMG 210-285] Implementing FIFO 's0_41_U(ntt_2_24_fifo_w64_d2_S)' using Shift Registers.
INFO: [RTMG 210-285] Implementing FIFO 's0_42_U(ntt_2_24_fifo_w64_d2_S)' using Shift Registers.
INFO: [RTMG 210-285] Implementing FIFO 's0_43_U(ntt_2_24_fifo_w64_d2_S)' using Shift Registers.
INFO: [RTMG 210-285] Implementing FIFO 's0_44_U(ntt_2_24_fifo_w64_d2_S)' using Shift Registers.
INFO: [RTMG 210-285] Implementing FIFO 's0_45_U(ntt_2_24_fifo_w64_d2_S)' using Shift Registers.
INFO: [RTMG 210-285] Implementing FIFO 's0_46_U(ntt_2_24_fifo_w64_d2_S)' using Shift Registers.
INFO: [RTMG 210-285] Implementing FIFO 's0_47_U(ntt_2_24_fifo_w64_d2_S)' using Shift Registers.
INFO: [RTMG 210-285] Implementing FIFO 's0_48_U(ntt_2_24_fifo_w64_d2_S)' using Shift Registers.
INFO: [RTMG 210-285] Implementing FIFO 's0_49_U(ntt_2_24_fifo_w64_d2_S)' using Shift Registers.
INFO: [RTMG 210-285] Implementing FIFO 's0_50_U(ntt_2_24_fifo_w64_d2_S)' using Shift Registers.
INFO: [RTMG 210-285] Implementing FIFO 's0_51_U(ntt_2_24_fifo_w64_d2_S)' using Shift Registers.
INFO: [RTMG 210-285] Implementing FIFO 's0_52_U(ntt_2_24_fifo_w64_d2_S)' using Shift Registers.
INFO: [RTMG 210-285] Implementing FIFO 's0_53_U(ntt_2_24_fifo_w64_d2_S)' using Shift Registers.
INFO: [RTMG 210-285] Implementing FIFO 's0_54_U(ntt_2_24_fifo_w64_d2_S)' using Shift Registers.
INFO: [RTMG 210-285] Implementing FIFO 's0_55_U(ntt_2_24_fifo_w64_d2_S)' using Shift Registers.
INFO: [RTMG 210-285] Implementing FIFO 's0_56_U(ntt_2_24_fifo_w64_d2_S)' using Shift Registers.
INFO: [RTMG 210-285] Implementing FIFO 's0_57_U(ntt_2_24_fifo_w64_d2_S)' using Shift Registers.
INFO: [RTMG 210-285] Implementing FIFO 's0_58_U(ntt_2_24_fifo_w64_d2_S)' using Shift Registers.
INFO: [RTMG 210-285] Implementing FIFO 's0_59_U(ntt_2_24_fifo_w64_d2_S)' using Shift Registers.
INFO: [RTMG 210-285] Implementing FIFO 's0_60_U(ntt_2_24_fifo_w64_d2_S)' using Shift Registers.
INFO: [RTMG 210-285] Implementing FIFO 's0_61_U(ntt_2_24_fifo_w64_d2_S)' using Shift Registers.
INFO: [RTMG 210-285] Implementing FIFO 's0_62_U(ntt_2_24_fifo_w64_d2_S)' using Shift Registers.
INFO: [RTMG 210-285] Implementing FIFO 's0_63_U(ntt_2_24_fifo_w64_d2_S)' using Shift Registers.
INFO: [RTMG 210-285] Implementing FIFO 's_0_U(ntt_2_24_fifo_w4096_d2_S)' using Shift Registers.
INFO: [RTMG 210-285] Implementing FIFO 's_1_U(ntt_2_24_fifo_w4096_d2_S)' using Shift Registers.
INFO: [RTMG 210-285] Implementing FIFO 's1_U(ntt_2_24_fifo_w64_d2_S)' using Shift Registers.
INFO: [RTMG 210-285] Implementing FIFO 's1_1_U(ntt_2_24_fifo_w64_d2_S)' using Shift Registers.
INFO: [RTMG 210-285] Implementing FIFO 's1_2_U(ntt_2_24_fifo_w64_d2_S)' using Shift Registers.
INFO: [RTMG 210-285] Implementing FIFO 's1_3_U(ntt_2_24_fifo_w64_d2_S)' using Shift Registers.
INFO: [RTMG 210-285] Implementing FIFO 's1_4_U(ntt_2_24_fifo_w64_d2_S)' using Shift Registers.
INFO: [RTMG 210-285] Implementing FIFO 's1_5_U(ntt_2_24_fifo_w64_d2_S)' using Shift Registers.
INFO: [RTMG 210-285] Implementing FIFO 's1_6_U(ntt_2_24_fifo_w64_d2_S)' using Shift Registers.
INFO: [RTMG 210-285] Implementing FIFO 's1_7_U(ntt_2_24_fifo_w64_d2_S)' using Shift Registers.
INFO: [RTMG 210-285] Implementing FIFO 's1_8_U(ntt_2_24_fifo_w64_d2_S)' using Shift Registers.
INFO: [RTMG 210-285] Implementing FIFO 's1_9_U(ntt_2_24_fifo_w64_d2_S)' using Shift Registers.
INFO: [RTMG 210-285] Implementing FIFO 's1_10_U(ntt_2_24_fifo_w64_d2_S)' using Shift Registers.
INFO: [RTMG 210-285] Implementing FIFO 's1_11_U(ntt_2_24_fifo_w64_d2_S)' using Shift Registers.
INFO: [RTMG 210-285] Implementing FIFO 's1_12_U(ntt_2_24_fifo_w64_d2_S)' using Shift Registers.
INFO: [RTMG 210-285] Implementing FIFO 's1_13_U(ntt_2_24_fifo_w64_d2_S)' using Shift Registers.
INFO: [RTMG 210-285] Implementing FIFO 's1_14_U(ntt_2_24_fifo_w64_d2_S)' using Shift Registers.
INFO: [RTMG 210-285] Implementing FIFO 's1_15_U(ntt_2_24_fifo_w64_d2_S)' using Shift Registers.
INFO: [RTMG 210-285] Implementing FIFO 's1_16_U(ntt_2_24_fifo_w64_d2_S)' using Shift Registers.
INFO: [RTMG 210-285] Implementing FIFO 's1_17_U(ntt_2_24_fifo_w64_d2_S)' using Shift Registers.
INFO: [RTMG 210-285] Implementing FIFO 's1_18_U(ntt_2_24_fifo_w64_d2_S)' using Shift Registers.
INFO: [RTMG 210-285] Implementing FIFO 's1_19_U(ntt_2_24_fifo_w64_d2_S)' using Shift Registers.
INFO: [RTMG 210-285] Implementing FIFO 's1_20_U(ntt_2_24_fifo_w64_d2_S)' using Shift Registers.
INFO: [RTMG 210-285] Implementing FIFO 's1_21_U(ntt_2_24_fifo_w64_d2_S)' using Shift Registers.
INFO: [RTMG 210-285] Implementing FIFO 's1_22_U(ntt_2_24_fifo_w64_d2_S)' using Shift Registers.
INFO: [RTMG 210-285] Implementing FIFO 's1_23_U(ntt_2_24_fifo_w64_d2_S)' using Shift Registers.
INFO: [RTMG 210-285] Implementing FIFO 's1_24_U(ntt_2_24_fifo_w64_d2_S)' using Shift Registers.
INFO: [RTMG 210-285] Implementing FIFO 's1_25_U(ntt_2_24_fifo_w64_d2_S)' using Shift Registers.
INFO: [RTMG 210-285] Implementing FIFO 's1_26_U(ntt_2_24_fifo_w64_d2_S)' using Shift Registers.
INFO: [RTMG 210-285] Implementing FIFO 's1_27_U(ntt_2_24_fifo_w64_d2_S)' using Shift Registers.
INFO: [RTMG 210-285] Implementing FIFO 's1_28_U(ntt_2_24_fifo_w64_d2_S)' using Shift Registers.
INFO: [RTMG 210-285] Implementing FIFO 's1_29_U(ntt_2_24_fifo_w64_d2_S)' using Shift Registers.
INFO: [RTMG 210-285] Implementing FIFO 's1_30_U(ntt_2_24_fifo_w64_d2_S)' using Shift Registers.
INFO: [RTMG 210-285] Implementing FIFO 's1_31_U(ntt_2_24_fifo_w64_d2_S)' using Shift Registers.
INFO: [RTMG 210-285] Implementing FIFO 's1_32_U(ntt_2_24_fifo_w64_d2_S)' using Shift Registers.
INFO: [RTMG 210-285] Implementing FIFO 's1_33_U(ntt_2_24_fifo_w64_d2_S)' using Shift Registers.
INFO: [RTMG 210-285] Implementing FIFO 's1_34_U(ntt_2_24_fifo_w64_d2_S)' using Shift Registers.
INFO: [RTMG 210-285] Implementing FIFO 's1_35_U(ntt_2_24_fifo_w64_d2_S)' using Shift Registers.
INFO: [RTMG 210-285] Implementing FIFO 's1_36_U(ntt_2_24_fifo_w64_d2_S)' using Shift Registers.
INFO: [RTMG 210-285] Implementing FIFO 's1_37_U(ntt_2_24_fifo_w64_d2_S)' using Shift Registers.
INFO: [RTMG 210-285] Implementing FIFO 's1_38_U(ntt_2_24_fifo_w64_d2_S)' using Shift Registers.
INFO: [RTMG 210-285] Implementing FIFO 's1_39_U(ntt_2_24_fifo_w64_d2_S)' using Shift Registers.
INFO: [RTMG 210-285] Implementing FIFO 's1_40_U(ntt_2_24_fifo_w64_d2_S)' using Shift Registers.
INFO: [RTMG 210-285] Implementing FIFO 's1_41_U(ntt_2_24_fifo_w64_d2_S)' using Shift Registers.
INFO: [RTMG 210-285] Implementing FIFO 's1_42_U(ntt_2_24_fifo_w64_d2_S)' using Shift Registers.
INFO: [RTMG 210-285] Implementing FIFO 's1_43_U(ntt_2_24_fifo_w64_d2_S)' using Shift Registers.
INFO: [RTMG 210-285] Implementing FIFO 's1_44_U(ntt_2_24_fifo_w64_d2_S)' using Shift Registers.
INFO: [RTMG 210-285] Implementing FIFO 's1_45_U(ntt_2_24_fifo_w64_d2_S)' using Shift Registers.
INFO: [RTMG 210-285] Implementing FIFO 's1_46_U(ntt_2_24_fifo_w64_d2_S)' using Shift Registers.
INFO: [RTMG 210-285] Implementing FIFO 's1_47_U(ntt_2_24_fifo_w64_d2_S)' using Shift Registers.
INFO: [RTMG 210-285] Implementing FIFO 's1_48_U(ntt_2_24_fifo_w64_d2_S)' using Shift Registers.
INFO: [RTMG 210-285] Implementing FIFO 's1_49_U(ntt_2_24_fifo_w64_d2_S)' using Shift Registers.
INFO: [RTMG 210-285] Implementing FIFO 's1_50_U(ntt_2_24_fifo_w64_d2_S)' using Shift Registers.
INFO: [RTMG 210-285] Implementing FIFO 's1_51_U(ntt_2_24_fifo_w64_d2_S)' using Shift Registers.
INFO: [RTMG 210-285] Implementing FIFO 's1_52_U(ntt_2_24_fifo_w64_d2_S)' using Shift Registers.
INFO: [RTMG 210-285] Implementing FIFO 's1_53_U(ntt_2_24_fifo_w64_d2_S)' using Shift Registers.
INFO: [RTMG 210-285] Implementing FIFO 's1_54_U(ntt_2_24_fifo_w64_d2_S)' using Shift Registers.
INFO: [RTMG 210-285] Implementing FIFO 's1_55_U(ntt_2_24_fifo_w64_d2_S)' using Shift Registers.
INFO: [RTMG 210-285] Implementing FIFO 's1_56_U(ntt_2_24_fifo_w64_d2_S)' using Shift Registers.
INFO: [RTMG 210-285] Implementing FIFO 's1_57_U(ntt_2_24_fifo_w64_d2_S)' using Shift Registers.
INFO: [RTMG 210-285] Implementing FIFO 's1_58_U(ntt_2_24_fifo_w64_d2_S)' using Shift Registers.
INFO: [RTMG 210-285] Implementing FIFO 's1_59_U(ntt_2_24_fifo_w64_d2_S)' using Shift Registers.
INFO: [RTMG 210-285] Implementing FIFO 's1_60_U(ntt_2_24_fifo_w64_d2_S)' using Shift Registers.
INFO: [RTMG 210-285] Implementing FIFO 's1_61_U(ntt_2_24_fifo_w64_d2_S)' using Shift Registers.
INFO: [RTMG 210-285] Implementing FIFO 's1_62_U(ntt_2_24_fifo_w64_d2_S)' using Shift Registers.
INFO: [RTMG 210-285] Implementing FIFO 's1_63_U(ntt_2_24_fifo_w64_d2_S)' using Shift Registers.
INFO: [RTMG 210-285] Implementing FIFO 'cmp54_loc_c_U(ntt_2_24_fifo_w1_d2_S)' using Shift Registers.
INFO: [RTMG 210-285] Implementing FIFO 's2_U(ntt_2_24_fifo_w64_d2_S)' using Shift Registers.
INFO: [RTMG 210-285] Implementing FIFO 's2_1_U(ntt_2_24_fifo_w64_d2_S)' using Shift Registers.
INFO: [RTMG 210-285] Implementing FIFO 's2_2_U(ntt_2_24_fifo_w64_d2_S)' using Shift Registers.
INFO: [RTMG 210-285] Implementing FIFO 's2_3_U(ntt_2_24_fifo_w64_d2_S)' using Shift Registers.
INFO: [RTMG 210-285] Implementing FIFO 's2_4_U(ntt_2_24_fifo_w64_d2_S)' using Shift Registers.
INFO: [RTMG 210-285] Implementing FIFO 's2_5_U(ntt_2_24_fifo_w64_d2_S)' using Shift Registers.
INFO: [RTMG 210-285] Implementing FIFO 's2_6_U(ntt_2_24_fifo_w64_d2_S)' using Shift Registers.
INFO: [RTMG 210-285] Implementing FIFO 's2_7_U(ntt_2_24_fifo_w64_d2_S)' using Shift Registers.
INFO: [RTMG 210-285] Implementing FIFO 's2_8_U(ntt_2_24_fifo_w64_d2_S)' using Shift Registers.
INFO: [RTMG 210-285] Implementing FIFO 's2_9_U(ntt_2_24_fifo_w64_d2_S)' using Shift Registers.
INFO: [RTMG 210-285] Implementing FIFO 's2_10_U(ntt_2_24_fifo_w64_d2_S)' using Shift Registers.
INFO: [RTMG 210-285] Implementing FIFO 's2_11_U(ntt_2_24_fifo_w64_d2_S)' using Shift Registers.
INFO: [RTMG 210-285] Implementing FIFO 's2_12_U(ntt_2_24_fifo_w64_d2_S)' using Shift Registers.
INFO: [RTMG 210-285] Implementing FIFO 's2_13_U(ntt_2_24_fifo_w64_d2_S)' using Shift Registers.
INFO: [RTMG 210-285] Implementing FIFO 's2_14_U(ntt_2_24_fifo_w64_d2_S)' using Shift Registers.
INFO: [RTMG 210-285] Implementing FIFO 's2_15_U(ntt_2_24_fifo_w64_d2_S)' using Shift Registers.
INFO: [RTMG 210-285] Implementing FIFO 's2_16_U(ntt_2_24_fifo_w64_d2_S)' using Shift Registers.
INFO: [RTMG 210-285] Implementing FIFO 's2_17_U(ntt_2_24_fifo_w64_d2_S)' using Shift Registers.
INFO: [RTMG 210-285] Implementing FIFO 's2_18_U(ntt_2_24_fifo_w64_d2_S)' using Shift Registers.
INFO: [RTMG 210-285] Implementing FIFO 's2_19_U(ntt_2_24_fifo_w64_d2_S)' using Shift Registers.
INFO: [RTMG 210-285] Implementing FIFO 's2_20_U(ntt_2_24_fifo_w64_d2_S)' using Shift Registers.
INFO: [RTMG 210-285] Implementing FIFO 's2_21_U(ntt_2_24_fifo_w64_d2_S)' using Shift Registers.
INFO: [RTMG 210-285] Implementing FIFO 's2_22_U(ntt_2_24_fifo_w64_d2_S)' using Shift Registers.
INFO: [RTMG 210-285] Implementing FIFO 's2_23_U(ntt_2_24_fifo_w64_d2_S)' using Shift Registers.
INFO: [RTMG 210-285] Implementing FIFO 's2_24_U(ntt_2_24_fifo_w64_d2_S)' using Shift Registers.
INFO: [RTMG 210-285] Implementing FIFO 's2_25_U(ntt_2_24_fifo_w64_d2_S)' using Shift Registers.
INFO: [RTMG 210-285] Implementing FIFO 's2_26_U(ntt_2_24_fifo_w64_d2_S)' using Shift Registers.
INFO: [RTMG 210-285] Implementing FIFO 's2_27_U(ntt_2_24_fifo_w64_d2_S)' using Shift Registers.
INFO: [RTMG 210-285] Implementing FIFO 's2_28_U(ntt_2_24_fifo_w64_d2_S)' using Shift Registers.
INFO: [RTMG 210-285] Implementing FIFO 's2_29_U(ntt_2_24_fifo_w64_d2_S)' using Shift Registers.
INFO: [RTMG 210-285] Implementing FIFO 's2_30_U(ntt_2_24_fifo_w64_d2_S)' using Shift Registers.
INFO: [RTMG 210-285] Implementing FIFO 's2_31_U(ntt_2_24_fifo_w64_d2_S)' using Shift Registers.
INFO: [RTMG 210-285] Implementing FIFO 's2_32_U(ntt_2_24_fifo_w64_d2_S)' using Shift Registers.
INFO: [RTMG 210-285] Implementing FIFO 's2_33_U(ntt_2_24_fifo_w64_d2_S)' using Shift Registers.
INFO: [RTMG 210-285] Implementing FIFO 's2_34_U(ntt_2_24_fifo_w64_d2_S)' using Shift Registers.
INFO: [RTMG 210-285] Implementing FIFO 's2_35_U(ntt_2_24_fifo_w64_d2_S)' using Shift Registers.
INFO: [RTMG 210-285] Implementing FIFO 's2_36_U(ntt_2_24_fifo_w64_d2_S)' using Shift Registers.
INFO: [RTMG 210-285] Implementing FIFO 's2_37_U(ntt_2_24_fifo_w64_d2_S)' using Shift Registers.
INFO: [RTMG 210-285] Implementing FIFO 's2_38_U(ntt_2_24_fifo_w64_d2_S)' using Shift Registers.
INFO: [RTMG 210-285] Implementing FIFO 's2_39_U(ntt_2_24_fifo_w64_d2_S)' using Shift Registers.
INFO: [RTMG 210-285] Implementing FIFO 's2_40_U(ntt_2_24_fifo_w64_d2_S)' using Shift Registers.
INFO: [RTMG 210-285] Implementing FIFO 's2_41_U(ntt_2_24_fifo_w64_d2_S)' using Shift Registers.
INFO: [RTMG 210-285] Implementing FIFO 's2_42_U(ntt_2_24_fifo_w64_d2_S)' using Shift Registers.
INFO: [RTMG 210-285] Implementing FIFO 's2_43_U(ntt_2_24_fifo_w64_d2_S)' using Shift Registers.
INFO: [RTMG 210-285] Implementing FIFO 's2_44_U(ntt_2_24_fifo_w64_d2_S)' using Shift Registers.
INFO: [RTMG 210-285] Implementing FIFO 's2_45_U(ntt_2_24_fifo_w64_d2_S)' using Shift Registers.
INFO: [RTMG 210-285] Implementing FIFO 's2_46_U(ntt_2_24_fifo_w64_d2_S)' using Shift Registers.
INFO: [RTMG 210-285] Implementing FIFO 's2_47_U(ntt_2_24_fifo_w64_d2_S)' using Shift Registers.
INFO: [RTMG 210-285] Implementing FIFO 's2_48_U(ntt_2_24_fifo_w64_d2_S)' using Shift Registers.
INFO: [RTMG 210-285] Implementing FIFO 's2_49_U(ntt_2_24_fifo_w64_d2_S)' using Shift Registers.
INFO: [RTMG 210-285] Implementing FIFO 's2_50_U(ntt_2_24_fifo_w64_d2_S)' using Shift Registers.
INFO: [RTMG 210-285] Implementing FIFO 's2_51_U(ntt_2_24_fifo_w64_d2_S)' using Shift Registers.
INFO: [RTMG 210-285] Implementing FIFO 's2_52_U(ntt_2_24_fifo_w64_d2_S)' using Shift Registers.
INFO: [RTMG 210-285] Implementing FIFO 's2_53_U(ntt_2_24_fifo_w64_d2_S)' using Shift Registers.
INFO: [RTMG 210-285] Implementing FIFO 's2_54_U(ntt_2_24_fifo_w64_d2_S)' using Shift Registers.
INFO: [RTMG 210-285] Implementing FIFO 's2_55_U(ntt_2_24_fifo_w64_d2_S)' using Shift Registers.
INFO: [RTMG 210-285] Implementing FIFO 's2_56_U(ntt_2_24_fifo_w64_d2_S)' using Shift Registers.
INFO: [RTMG 210-285] Implementing FIFO 's2_57_U(ntt_2_24_fifo_w64_d2_S)' using Shift Registers.
INFO: [RTMG 210-285] Implementing FIFO 's2_58_U(ntt_2_24_fifo_w64_d2_S)' using Shift Registers.
INFO: [RTMG 210-285] Implementing FIFO 's2_59_U(ntt_2_24_fifo_w64_d2_S)' using Shift Registers.
INFO: [RTMG 210-285] Implementing FIFO 's2_60_U(ntt_2_24_fifo_w64_d2_S)' using Shift Registers.
INFO: [RTMG 210-285] Implementing FIFO 's2_61_U(ntt_2_24_fifo_w64_d2_S)' using Shift Registers.
INFO: [RTMG 210-285] Implementing FIFO 's2_62_U(ntt_2_24_fifo_w64_d2_S)' using Shift Registers.
INFO: [RTMG 210-285] Implementing FIFO 's2_63_U(ntt_2_24_fifo_w64_d2_S)' using Shift Registers.
INFO: [RTMG 210-285] Implementing FIFO 'start_for_s2mm_U0_U(ntt_2_24_start_for_s2mm_U0)' using Shift Registers.
INFO: [RTMG 210-285] Implementing FIFO 'start_for_s2mm_17_U0_U(ntt_2_24_start_for_s2mm_17_U0)' using Shift Registers.
INFO: [RTMG 210-285] Implementing FIFO 'start_for_s2mm_18_U0_U(ntt_2_24_start_for_s2mm_18_U0)' using Shift Registers.
INFO: [RTMG 210-285] Implementing FIFO 'start_for_s2mm_19_U0_U(ntt_2_24_start_for_s2mm_19_U0)' using Shift Registers.
INFO: [RTMG 210-285] Implementing FIFO 'start_for_s2mm_20_U0_U(ntt_2_24_start_for_s2mm_20_U0)' using Shift Registers.
INFO: [RTMG 210-285] Implementing FIFO 'start_for_s2mm_21_U0_U(ntt_2_24_start_for_s2mm_21_U0)' using Shift Registers.
INFO: [RTMG 210-285] Implementing FIFO 'start_for_s2mm_22_U0_U(ntt_2_24_start_for_s2mm_22_U0)' using Shift Registers.
INFO: [RTMG 210-285] Implementing FIFO 'start_for_s2mm_23_U0_U(ntt_2_24_start_for_s2mm_23_U0)' using Shift Registers.
INFO: [RTMG 210-285] Implementing FIFO 'start_for_s2mm_24_U0_U(ntt_2_24_start_for_s2mm_24_U0)' using Shift Registers.
INFO: [RTMG 210-285] Implementing FIFO 'start_for_s2mm_25_U0_U(ntt_2_24_start_for_s2mm_25_U0)' using Shift Registers.
INFO: [RTMG 210-285] Implementing FIFO 'start_for_s2mm_26_U0_U(ntt_2_24_start_for_s2mm_26_U0)' using Shift Registers.
INFO: [RTMG 210-285] Implementing FIFO 'start_for_s2mm_27_U0_U(ntt_2_24_start_for_s2mm_27_U0)' using Shift Registers.
INFO: [RTMG 210-285] Implementing FIFO 'start_for_s2mm_28_U0_U(ntt_2_24_start_for_s2mm_28_U0)' using Shift Registers.
INFO: [RTMG 210-285] Implementing FIFO 'start_for_s2mm_29_U0_U(ntt_2_24_start_for_s2mm_29_U0)' using Shift Registers.
INFO: [RTMG 210-285] Implementing FIFO 'start_for_s2mm_30_U0_U(ntt_2_24_start_for_s2mm_30_U0)' using Shift Registers.
INFO: [RTMG 210-285] Implementing FIFO 'start_for_s2mm_31_U0_U(ntt_2_24_start_for_s2mm_31_U0)' using Shift Registers.
INFO: [RTMG 210-285] Implementing FIFO 'start_for_ntt_2_12_4096x4096_U0_U(ntt_2_24_start_for_ntt_2_12_4096x4096_U0)' using Shift Registers.
INFO: [RTMG 210-285] Implementing FIFO 'start_for_xor_permute_spatial_4096x4096_1_U0_U(ntt_2_24_start_for_xor_permute_spatial_4096x4096_1_U0)' using Shift Registers.
INFO: [HLS 200-111] Finished Creating RTL model: CPU user time: 4.45 seconds. CPU system time: 0.2 seconds. Elapsed time: 4.68 seconds; current allocated memory: 1.608 GB.
INFO: [HLS 200-10] ----------------------------------------------------------------
INFO: [HLS 200-10] -- Generating RTL for module 'ntt_2_24' 
INFO: [HLS 200-10] ----------------------------------------------------------------
WARNING: [RTGEN 206-101] Design contains AXI ports. Reset is fixed to synchronous and active low.
INFO: [RTGEN 206-500] Setting interface mode on port 'ntt_2_24/gmem0' to 'm_axi'.
INFO: [RTGEN 206-500] Setting interface mode on port 'ntt_2_24/gmem1' to 'm_axi'.
INFO: [RTGEN 206-500] Setting interface mode on port 'ntt_2_24/gmem2' to 'm_axi'.
INFO: [RTGEN 206-500] Setting interface mode on port 'ntt_2_24/gmem3' to 'm_axi'.
INFO: [RTGEN 206-500] Setting interface mode on port 'ntt_2_24/gmem4' to 'm_axi'.
INFO: [RTGEN 206-500] Setting interface mode on port 'ntt_2_24/gmem5' to 'm_axi'.
INFO: [RTGEN 206-500] Setting interface mode on port 'ntt_2_24/gmem6' to 'm_axi'.
INFO: [RTGEN 206-500] Setting interface mode on port 'ntt_2_24/gmem7' to 'm_axi'.
INFO: [RTGEN 206-500] Setting interface mode on port 'ntt_2_24/gmem8' to 'm_axi'.
INFO: [RTGEN 206-500] Setting interface mode on port 'ntt_2_24/gmem9' to 'm_axi'.
INFO: [RTGEN 206-500] Setting interface mode on port 'ntt_2_24/gmem10' to 'm_axi'.
INFO: [RTGEN 206-500] Setting interface mode on port 'ntt_2_24/gmem11' to 'm_axi'.
INFO: [RTGEN 206-500] Setting interface mode on port 'ntt_2_24/gmem12' to 'm_axi'.
INFO: [RTGEN 206-500] Setting interface mode on port 'ntt_2_24/gmem13' to 'm_axi'.
INFO: [RTGEN 206-500] Setting interface mode on port 'ntt_2_24/gmem14' to 'm_axi'.
INFO: [RTGEN 206-500] Setting interface mode on port 'ntt_2_24/gmem15' to 'm_axi'.
INFO: [RTGEN 206-500] Setting interface mode on port 'ntt_2_24/out0' to 's_axilite & ap_none'.
INFO: [RTGEN 206-500] Setting interface mode on port 'ntt_2_24/out1' to 's_axilite & ap_none'.
INFO: [RTGEN 206-500] Setting interface mode on port 'ntt_2_24/out2' to 's_axilite & ap_none'.
INFO: [RTGEN 206-500] Setting interface mode on port 'ntt_2_24/out3' to 's_axilite & ap_none'.
INFO: [RTGEN 206-500] Setting interface mode on port 'ntt_2_24/out4' to 's_axilite & ap_none'.
INFO: [RTGEN 206-500] Setting interface mode on port 'ntt_2_24/out5' to 's_axilite & ap_none'.
INFO: [RTGEN 206-500] Setting interface mode on port 'ntt_2_24/out6' to 's_axilite & ap_none'.
INFO: [RTGEN 206-500] Setting interface mode on port 'ntt_2_24/out7' to 's_axilite & ap_none'.
INFO: [RTGEN 206-500] Setting interface mode on port 'ntt_2_24/out8' to 's_axilite & ap_none'.
INFO: [RTGEN 206-500] Setting interface mode on port 'ntt_2_24/out9' to 's_axilite & ap_none'.
INFO: [RTGEN 206-500] Setting interface mode on port 'ntt_2_24/out10' to 's_axilite & ap_none'.
INFO: [RTGEN 206-500] Setting interface mode on port 'ntt_2_24/out11' to 's_axilite & ap_none'.
INFO: [RTGEN 206-500] Setting interface mode on port 'ntt_2_24/out12' to 's_axilite & ap_none'.
INFO: [RTGEN 206-500] Setting interface mode on port 'ntt_2_24/out13' to 's_axilite & ap_none'.
INFO: [RTGEN 206-500] Setting interface mode on port 'ntt_2_24/out14' to 's_axilite & ap_none'.
INFO: [RTGEN 206-500] Setting interface mode on port 'ntt_2_24/out15' to 's_axilite & ap_none'.
INFO: [RTGEN 206-500] Setting interface mode on port 'ntt_2_24/in0' to 's_axilite & ap_none'.
INFO: [RTGEN 206-500] Setting interface mode on port 'ntt_2_24/in1' to 's_axilite & ap_none'.
INFO: [RTGEN 206-500] Setting interface mode on port 'ntt_2_24/in2' to 's_axilite & ap_none'.
INFO: [RTGEN 206-500] Setting interface mode on port 'ntt_2_24/in3' to 's_axilite & ap_none'.
INFO: [RTGEN 206-500] Setting interface mode on port 'ntt_2_24/in4' to 's_axilite & ap_none'.
INFO: [RTGEN 206-500] Setting interface mode on port 'ntt_2_24/in5' to 's_axilite & ap_none'.
INFO: [RTGEN 206-500] Setting interface mode on port 'ntt_2_24/in6' to 's_axilite & ap_none'.
INFO: [RTGEN 206-500] Setting interface mode on port 'ntt_2_24/in7' to 's_axilite & ap_none'.
INFO: [RTGEN 206-500] Setting interface mode on port 'ntt_2_24/in8' to 's_axilite & ap_none'.
INFO: [RTGEN 206-500] Setting interface mode on port 'ntt_2_24/in9' to 's_axilite & ap_none'.
INFO: [RTGEN 206-500] Setting interface mode on port 'ntt_2_24/in10' to 's_axilite & ap_none'.
INFO: [RTGEN 206-500] Setting interface mode on port 'ntt_2_24/in11' to 's_axilite & ap_none'.
INFO: [RTGEN 206-500] Setting interface mode on port 'ntt_2_24/in12' to 's_axilite & ap_none'.
INFO: [RTGEN 206-500] Setting interface mode on port 'ntt_2_24/in13' to 's_axilite & ap_none'.
INFO: [RTGEN 206-500] Setting interface mode on port 'ntt_2_24/in14' to 's_axilite & ap_none'.
INFO: [RTGEN 206-500] Setting interface mode on port 'ntt_2_24/in15' to 's_axilite & ap_none'.
INFO: [RTGEN 206-500] Setting interface mode on function 'ntt_2_24' to 's_axilite & ap_ctrl_chain'.
INFO: [RTGEN 206-100] Bundling port 'out0', 'out1', 'out2', 'out3', 'out4', 'out5', 'out6', 'out7', 'out8', 'out9', 'out10', 'out11', 'out12', 'out13', 'out14', 'out15', 'in0', 'in1', 'in2', 'in3', 'in4', 'in5', 'in6', 'in7', 'in8', 'in9', 'in10', 'in11', 'in12', 'in13', 'in14', 'in15' to AXI-Lite port control.
INFO: [RTGEN 206-100] Finished creating RTL model for 'ntt_2_24'.
INFO: [HLS 200-111] Finished Creating RTL model: CPU user time: 1.42 seconds. CPU system time: 0.06 seconds. Elapsed time: 1.47 seconds; current allocated memory: 1.629 GB.
INFO: [HLS 200-111] Finished Generating all RTL models: CPU user time: 1.11 seconds. CPU system time: 0.1 seconds. Elapsed time: 1.2 seconds; current allocated memory: 1.647 GB.
INFO: [HLS 200-111] Finished Updating report files: CPU user time: 12.19 seconds. CPU system time: 0.06 seconds. Elapsed time: 12.26 seconds; current allocated memory: 1.714 GB.
INFO: [VHDL 208-304] Generating VHDL RTL for ntt_2_24.
INFO: [VLOG 209-307] Generating Verilog RTL for ntt_2_24.
INFO: [HLS 200-789] **** Estimated Fmax: 302.66 MHz
INFO: [HLS 200-2161] Finished Command csynth_design Elapsed time: 00:02:58; Allocated memory: 1.356 GB.
INFO: [HLS 200-112] Total CPU user time: 187.49 seconds. Total CPU system time: 5.38 seconds. Total elapsed time: 181.36 seconds; peak allocated memory: 1.716 GB.
