
****** Vitis HLS - High-Level Synthesis from C, C++ and OpenCL v2024.2 (64-bit)
  **** SW Build 5238294 on Nov  8 2024
  **** IP Build 5239520 on Sun Nov 10 16:12:51 MST 2024
  **** SharedData Build 5239561 on Fri Nov 08 14:39:27 MST 2024
  **** Start of session at: Tue Apr 29 06:10:21 2025
    ** Copyright 1986-2022 Xilinx, Inc. All Rights Reserved.
    ** Copyright 2022-2024 Advanced Micro Devices, Inc. All Rights Reserved.

source /tools/Xilinx/Vitis/2024.2/scripts/vitis_hls/hls.tcl -notrace
INFO: [HLS 200-10] For user 'terryadavis' on host 'terryadavis' (Linux_x86_64 version 6.12.20-amd64) on Tue Apr 29 06:10:22 IST 2025
INFO: [HLS 200-10] On os Kali GNU/Linux Rolling
INFO: [HLS 200-10] In directory '/home/terryadavis/utkarsh/zkml-fpga/hls/msm/ccs'
WARNING: [HLS 200-2053] The vitis_hls executable is deprecated. Consider using vitis-run --mode hls --tcl
Sourcing Tcl script 'run_hls.tcl'
INFO: [HLS 200-1510] Running: open_project msm_2 
INFO: [HLS 200-10] Opening project '/home/terryadavis/utkarsh/zkml-fpga/hls/msm/ccs/msm_2'.
INFO: [HLS 200-1510] Running: set_top msm 
INFO: [HLS 200-1510] Running: add_files ../src/msm.cpp 
INFO: [HLS 200-10] Adding design file '../src/msm.cpp' to the project
INFO: [HLS 200-1510] Running: add_files ../src/msm.hpp 
INFO: [HLS 200-10] Adding design file '../src/msm.hpp' to the project
INFO: [HLS 200-1510] Running: add_files -tb ../dat/out.gold.dat -cflags -Wno-unknown-pragmas -csimflags -Wno-unknown-pragmas 
INFO: [HLS 200-10] Adding test bench file '../dat/out.gold.dat' to the project
INFO: [HLS 200-1510] Running: add_files -tb ../dat/input.dat -cflags -Wno-unknown-pragmas -csimflags -Wno-unknown-pragmas 
INFO: [HLS 200-10] Adding test bench file '../dat/input.dat' to the project
INFO: [HLS 200-1510] Running: add_files -tb ../src/tb_msm.cpp -cflags -Wno-unknown-pragmas -csimflags -Wno-unknown-pragmas 
INFO: [HLS 200-10] Adding test bench file '../src/tb_msm.cpp' to the project
INFO: [HLS 200-1510] Running: open_solution solution1 -flow_target vivado 
INFO: [HLS 200-10] Opening solution '/home/terryadavis/utkarsh/zkml-fpga/hls/msm/ccs/msm_2/solution1'.
INFO: [SYN 201-201] Setting up clock 'default' with a period of 4ns.
INFO: [HLS 200-1611] Setting target device to 'xczu7ev-ffvc1156-2-e'
INFO: [HLS 200-1505] Using flow_target 'vivado'
Resolution: For help on HLS 200-1505 see docs.xilinx.com/access/sources/dita/topic?Doc_Version=2024.2%20English&url=ug1448-hls-guidance&resourceid=200-1505.html
INFO: [HLS 200-1510] Running: set_part xczu7ev-ffvc1156-2-e 
INFO: [HLS 200-1510] Running: create_clock -period 4 -name default 
INFO: [HLS 200-1510] Running: csim_design 
INFO: [SIM 211-2] *************** CSIM start ***************
INFO: [SIM 211-4] CSIM will launch CLANG as the compiler.
INFO: [HLS 200-2036] Building debug C Simulation binaries
   Compiling ../../../../../src/tb_msm.cpp in debug mode
   Compiling ../../../../../src/msm.cpp in debug mode
   Generating csim.exe
Number of points: 100
Processed point 1 of 100
Processed point 51 of 100
Processed point 100 of 100
Scalar: 1
Scalar: 1024
Scalar: 1048576
Scalar: 1073741824
Scalar: 1099511627776
Scalar: 1125899906842624
Scalar: 1152921504606846976
Scalar: 1180591620717411303424
Scalar: 1208925819614629174706176
Scalar: 1237940039285380274899124224
Scalar: 1267650600228229401496703205376
Scalar: 1298074214633706907132624082305024
Scalar: 1329227995784915872903807060280344576
Scalar: 1361129467683753853853498429727072845824
Scalar: 1393796574908163946345982392040522594123776
Scalar: 1427247692705959881058285969449495136382746624
Scalar: 1461501637330902918203684832716283019655932542976
Scalar: 1496577676626844588240573268701473812127674924007424
Scalar: 1532495540865888858358347027150309183618739122183602176
Scalar: 1569275433846670190958947355801916604025588861116008628224
Scalar: 1606938044258990275541962092341162602522202993782792835301376
Scalar: 1645504557321206042154969182557350504982735865633579863348609024
Scalar: 1684996666696914987166688442938726917102321526408785780068975640576
Scalar: 1725436586697640946858688965569256363112777243042596638790631055949824
Scalar: 1766847064778384329583297500742918515827483896875618958121606201292619776
Scalar: 1809251394333065553493296640760748560207343510400633813116524750123642650624
65662475955559207588325683623076571458338374135113413897059907708146742760679
25310188546660209199898747447418815005514466652098948975115073558821014009028
x: 0644D6E58B408FD1BEB9981F0C9CC1672BCDACE6884A7DE37D8D09FDA9E0CA68
y: 21882923E1DEA036F37E6CC1D2E51625E90C0BD84FE81A80A6F9F35C81FAFD00
INFO [HLS SIM]: The maximum depth reached by any hls::stream() instance in the design is 6800
INFO: [SIM 211-1] CSim done with 0 errors.
INFO: [SIM 211-3] *************** CSIM finish ***************
INFO: [HLS 200-2161] Finished Command csim_design Elapsed time: 00:00:10; Allocated memory: 0.000 MB.
INFO: [HLS 200-1510] Running: csynth_design 
INFO: [HLS 200-111] Finished File checks and directory preparation: CPU user time: 0.07 seconds. CPU system time: 0 seconds. Elapsed time: 0.07 seconds; current allocated memory: 368.398 MB.
INFO: [HLS 200-10] Analyzing design file '../src/msm.cpp' ... 
WARNING: [HLS 207-5569] unexpected pragma parameter 'bundle' (../src/msm.cpp:561:63)
WARNING: [HLS 207-5569] unexpected pragma parameter 'bundle' (../src/msm.cpp:562:63)
WARNING: [HLS 207-5569] unexpected pragma parameter 'bundle' (../src/msm.cpp:563:63)
WARNING: [HLS 207-5569] unexpected pragma parameter 'bundle' (../src/msm.cpp:564:63)
WARNING: [HLS 207-5569] unexpected pragma parameter 'bundle' (../src/msm.cpp:565:68)
WARNING: [HLS 207-5569] unexpected pragma parameter 'bundle' (../src/msm.cpp:566:65)
WARNING: [HLS 207-5292] unused parameter 'T1' (../src/msm.cpp:243:15)
INFO: [HLS 200-111] Finished Source Code Analysis and Preprocessing: CPU user time: 3.72 seconds. CPU system time: 0.38 seconds. Elapsed time: 4.11 seconds; current allocated memory: 371.609 MB.
INFO: [HLS 200-777] Using interface defaults for 'Vivado' flow target.
INFO: [HLS 200-1995] There were 7,905 instructions in the design after the 'Compile/Link' phase of compilation. See the Design Size Report for more details: /home/terryadavis/utkarsh/zkml-fpga/hls/msm/ccs/msm_2/solution1/syn/report/csynth_design_size.rpt
INFO: [HLS 200-1995] There were 13,860 instructions in the design after the 'Unroll/Inline (step 1)' phase of compilation. See the Design Size Report for more details: /home/terryadavis/utkarsh/zkml-fpga/hls/msm/ccs/msm_2/solution1/syn/report/csynth_design_size.rpt
INFO: [HLS 200-1995] There were 13,616 instructions in the design after the 'Unroll/Inline (step 2)' phase of compilation. See the Design Size Report for more details: /home/terryadavis/utkarsh/zkml-fpga/hls/msm/ccs/msm_2/solution1/syn/report/csynth_design_size.rpt
INFO: [HLS 200-1995] There were 13,611 instructions in the design after the 'Unroll/Inline (step 3)' phase of compilation. See the Design Size Report for more details: /home/terryadavis/utkarsh/zkml-fpga/hls/msm/ccs/msm_2/solution1/syn/report/csynth_design_size.rpt
INFO: [HLS 200-1995] There were 13,605 instructions in the design after the 'Unroll/Inline (step 4)' phase of compilation. See the Design Size Report for more details: /home/terryadavis/utkarsh/zkml-fpga/hls/msm/ccs/msm_2/solution1/syn/report/csynth_design_size.rpt
INFO: [HLS 200-1995] There were 17,843 instructions in the design after the 'Array/Struct (step 1)' phase of compilation. See the Design Size Report for more details: /home/terryadavis/utkarsh/zkml-fpga/hls/msm/ccs/msm_2/solution1/syn/report/csynth_design_size.rpt
INFO: [HLS 200-1995] There were 13,695 instructions in the design after the 'Array/Struct (step 2)' phase of compilation. See the Design Size Report for more details: /home/terryadavis/utkarsh/zkml-fpga/hls/msm/ccs/msm_2/solution1/syn/report/csynth_design_size.rpt
INFO: [HLS 200-1995] There were 13,699 instructions in the design after the 'Array/Struct (step 3)' phase of compilation. See the Design Size Report for more details: /home/terryadavis/utkarsh/zkml-fpga/hls/msm/ccs/msm_2/solution1/syn/report/csynth_design_size.rpt
INFO: [HLS 200-1995] There were 13,703 instructions in the design after the 'Array/Struct (step 4)' phase of compilation. See the Design Size Report for more details: /home/terryadavis/utkarsh/zkml-fpga/hls/msm/ccs/msm_2/solution1/syn/report/csynth_design_size.rpt
INFO: [HLS 200-1995] There were 13,718 instructions in the design after the 'Array/Struct (step 5)' phase of compilation. See the Design Size Report for more details: /home/terryadavis/utkarsh/zkml-fpga/hls/msm/ccs/msm_2/solution1/syn/report/csynth_design_size.rpt
INFO: [HLS 200-1995] There were 13,710 instructions in the design after the 'Performance' phase of compilation. See the Design Size Report for more details: /home/terryadavis/utkarsh/zkml-fpga/hls/msm/ccs/msm_2/solution1/syn/report/csynth_design_size.rpt
INFO: [HLS 200-1995] There were 13,710 instructions in the design after the 'Performance (step 2)' phase of compilation. See the Design Size Report for more details: /home/terryadavis/utkarsh/zkml-fpga/hls/msm/ccs/msm_2/solution1/syn/report/csynth_design_size.rpt
INFO: [HLS 200-1995] There were 13,710 instructions in the design after the 'Performance (step 3)' phase of compilation. See the Design Size Report for more details: /home/terryadavis/utkarsh/zkml-fpga/hls/msm/ccs/msm_2/solution1/syn/report/csynth_design_size.rpt
INFO: [HLS 200-1995] There were 13,710 instructions in the design after the 'Performance (step 4)' phase of compilation. See the Design Size Report for more details: /home/terryadavis/utkarsh/zkml-fpga/hls/msm/ccs/msm_2/solution1/syn/report/csynth_design_size.rpt
INFO: [HLS 200-1995] There were 14,759 instructions in the design after the 'HW Transforms (step 1)' phase of compilation. See the Design Size Report for more details: /home/terryadavis/utkarsh/zkml-fpga/hls/msm/ccs/msm_2/solution1/syn/report/csynth_design_size.rpt
INFO: [HLS 200-1995] There were 21,948 instructions in the design after the 'HW Transforms (step 2)' phase of compilation. See the Design Size Report for more details: /home/terryadavis/utkarsh/zkml-fpga/hls/msm/ccs/msm_2/solution1/syn/report/csynth_design_size.rpt
INFO: [HLS 214-291] Loop 'VITIS_LOOP_545_1' is marked as complete unroll implied by the pipeline pragma (../src/msm.cpp:545:20)
INFO: [HLS 214-186] Unrolling loop 'VITIS_LOOP_545_1' (../src/msm.cpp:545:20) in function 'aggregate_and_output_results' completely with a factor of 1024 (../src/msm.cpp:539:0)
WARNING: [HLS 214-189] Pipeline directive for loop 'VITIS_LOOP_545_1' (../src/msm.cpp:545:20) in function 'aggregate_and_output_results' has been removed because the loop is unrolled completely (../src/msm.cpp:539:0)
INFO: [HLS 214-178] Inlining function 'partition_scalar(hls::stream<ap_uint<256>, 0>&, int*)' into 'process_points(hls::stream<ap_uint<256>, 0>&, hls::stream<ap_uint<256>, 0>&, hls::stream<ap_uint<256>, 0>&, hls::stream<ap_uint<256>, 0>&, hls::stream<ap_uint<256>, 0>&, EdwardsPoint (&) [26][1024])' (../src/msm.cpp:510:0)
INFO: [HLS 214-178] Inlining function 'add_point_to_bucket(EdwardsPoint&, ap_uint<256>, ap_uint<256>, ap_uint<256>, ap_uint<256>)' into 'process_points(hls::stream<ap_uint<256>, 0>&, hls::stream<ap_uint<256>, 0>&, hls::stream<ap_uint<256>, 0>&, hls::stream<ap_uint<256>, 0>&, hls::stream<ap_uint<256>, 0>&, EdwardsPoint (&) [26][1024])' (../src/msm.cpp:510:0)
INFO: [HLS 214-178] Inlining function 'process_points(hls::stream<ap_uint<256>, 0>&, hls::stream<ap_uint<256>, 0>&, hls::stream<ap_uint<256>, 0>&, hls::stream<ap_uint<256>, 0>&, hls::stream<ap_uint<256>, 0>&, EdwardsPoint (&) [26][1024])' into 'pippenger_control(hls::stream<ap_uint<256>, 0>&, hls::stream<ap_uint<256>, 0>&, hls::stream<ap_uint<256>, 0>&, hls::stream<ap_uint<256>, 0>&, hls::stream<ap_uint<256>, 0>&, hls::stream<EdwardsPoint, 0>&)' (../src/msm.cpp:560:0)
WARNING: [HLS 214-450] Ignore address on register port 'scalar_array' (../src/msm.cpp:406:19)
INFO: [HLS 214-248] Applying array_partition to 'scalar_partition_buffer.i': Cyclic partitioning with factor 2 on dimension 1. (../src/msm.cpp:512:7)
INFO: [HLS 214-248] Applying array_partition to 'buckets.x': Cyclic partitioning with factor 2 on dimension 2. (../src/msm.cpp:568:15)
INFO: [HLS 214-248] Applying array_partition to 'buckets.y': Cyclic partitioning with factor 2 on dimension 2. (../src/msm.cpp:568:15)
INFO: [HLS 214-248] Applying array_partition to 'buckets.z': Cyclic partitioning with factor 2 on dimension 2. (../src/msm.cpp:568:15)
INFO: [HLS 214-248] Applying array_partition to 'buckets.t': Cyclic partitioning with factor 2 on dimension 2. (../src/msm.cpp:568:15)
INFO: [HLS 214-241] Aggregating maxi variable 'result_t' with compact=none mode in 256-bits
INFO: [HLS 214-241] Aggregating maxi variable 'result_z' with compact=none mode in 256-bits
INFO: [HLS 214-241] Aggregating maxi variable 'result_y' with compact=none mode in 256-bits
INFO: [HLS 214-241] Aggregating maxi variable 'result_x' with compact=none mode in 256-bits
INFO: [HLS 214-376] automatically set the pipeline for Loop< VITIS_LOOP_588_2> at ../src/msm.cpp:588:23 
INFO: [HLS 214-115] Multiple burst reads of variable length and bit width 256 in loop 'DATA_LOAD_LOOP'(../src/msm.cpp:399:3) has been inferred on bundle 'gmem0'. These burst requests might be further partitioned into multiple requests during RTL generation, based on max_read_burst_length or max_write_burst_length settings. (../src/msm.cpp:399:3)
INFO: [HLS 214-115] Multiple burst reads of variable length and bit width 256 in loop 'DATA_LOAD_LOOP'(../src/msm.cpp:399:3) has been inferred on bundle 'gmem1'. These burst requests might be further partitioned into multiple requests during RTL generation, based on max_read_burst_length or max_write_burst_length settings. (../src/msm.cpp:399:3)
INFO: [HLS 214-115] Multiple burst reads of variable length and bit width 256 in loop 'DATA_LOAD_LOOP'(../src/msm.cpp:399:3) has been inferred on bundle 'gmem2'. These burst requests might be further partitioned into multiple requests during RTL generation, based on max_read_burst_length or max_write_burst_length settings. (../src/msm.cpp:399:3)
INFO: [HLS 214-115] Multiple burst reads of variable length and bit width 256 in loop 'DATA_LOAD_LOOP'(../src/msm.cpp:399:3) has been inferred on bundle 'gmem3'. These burst requests might be further partitioned into multiple requests during RTL generation, based on max_read_burst_length or max_write_burst_length settings. (../src/msm.cpp:399:3)
INFO: [HLS 214-115] Multiple burst writes of length 26624 and bit width 256 in loop 'VITIS_LOOP_586_1'(../src/msm.cpp:586:21) has been inferred on bundle 'gmem0'. These burst requests might be further partitioned into multiple requests during RTL generation, based on max_read_burst_length or max_write_burst_length settings. (../src/msm.cpp:586:21)
INFO: [HLS 214-115] Multiple burst writes of length 26624 and bit width 256 in loop 'VITIS_LOOP_586_1'(../src/msm.cpp:586:21) has been inferred on bundle 'gmem1'. These burst requests might be further partitioned into multiple requests during RTL generation, based on max_read_burst_length or max_write_burst_length settings. (../src/msm.cpp:586:21)
INFO: [HLS 214-115] Multiple burst writes of length 26624 and bit width 256 in loop 'VITIS_LOOP_586_1'(../src/msm.cpp:586:21) has been inferred on bundle 'gmem2'. These burst requests might be further partitioned into multiple requests during RTL generation, based on max_read_burst_length or max_write_burst_length settings. (../src/msm.cpp:586:21)
INFO: [HLS 214-115] Multiple burst writes of length 26624 and bit width 256 in loop 'VITIS_LOOP_586_1'(../src/msm.cpp:586:21) has been inferred on bundle 'gmem3'. These burst requests might be further partitioned into multiple requests during RTL generation, based on max_read_burst_length or max_write_burst_length settings. (../src/msm.cpp:586:21)
INFO: [HLS 200-111] Finished Compiling Optimization and Transform: CPU user time: 46.25 seconds. CPU system time: 0.34 seconds. Elapsed time: 47.31 seconds; current allocated memory: 381.840 MB.
INFO: [HLS 200-111] Finished Checking Pragmas: CPU user time: 0 seconds. CPU system time: 0 seconds. Elapsed time: 0 seconds; current allocated memory: 381.840 MB.
INFO: [HLS 200-10] Starting code transformations ...
INFO: [HLS 200-111] Finished Standard Transforms: CPU user time: 1.73 seconds. CPU system time: 0.01 seconds. Elapsed time: 1.73 seconds; current allocated memory: 413.055 MB.
INFO: [HLS 200-10] Checking synthesizability ...
WARNING: [SYNCHK 200-23] ../src/msm.cpp:468: variable-indexed range selection may cause suboptimal QoR.
INFO: [SYNCHK 200-10] 0 error(s), 1 warning(s).
INFO: [HLS 200-111] Finished Checking Synthesizability: CPU user time: 4.89 seconds. CPU system time: 0 seconds. Elapsed time: 4.9 seconds; current allocated memory: 421.336 MB.
WARNING: [HLS 200-805] An internal stream 't_point_stream' with default size can result in deadlock. Please consider resizing the stream using the directive 'set_directive_stream' or the 'HLS stream' pragma.
INFO: [XFORM 203-712] Applying dataflow to function 'msm' (../src/msm.cpp:602:3), detected/extracted 4 process function(s): 
	 'entry_proc'
	 'data_loader'
	 'pippenger_control'
	 'WriteBack'.
INFO: [HLS 200-111] Finished Loop, function and other optimizations: CPU user time: 12.08 seconds. CPU system time: 0.01 seconds. Elapsed time: 12.1 seconds; current allocated memory: 436.359 MB.
INFO: [XFORM 203-541] Flattening a loop nest 'VITIS_LOOP_586_1' (../src/msm.cpp:586:21) in function 'WriteBack'.
INFO: [HLS 200-111] Finished Architecture Synthesis: CPU user time: 27.52 seconds. CPU system time: 0.21 seconds. Elapsed time: 27.76 seconds; current allocated memory: 869.793 MB.
INFO: [HLS 200-10] Starting hardware synthesis ...
INFO: [HLS 200-10] Synthesizing 'msm' ...
INFO: [HLS 200-10] ----------------------------------------------------------------
INFO: [HLS 200-42] -- Implementing module 'entry_proc' 
INFO: [HLS 200-10] ----------------------------------------------------------------
INFO: [SCHED 204-11] Starting scheduling ...
INFO: [SCHED 204-11] Finished scheduling.
INFO: [HLS 200-111] Finished Scheduling: CPU user time: 2.6 seconds. CPU system time: 0.02 seconds. Elapsed time: 2.64 seconds; current allocated memory: 869.793 MB.
INFO: [BIND 205-100] Starting micro-architecture generation ...
INFO: [BIND 205-101] Performing variable lifetime analysis.
INFO: [BIND 205-101] Exploring resource sharing.
INFO: [BIND 205-101] Binding ...
INFO: [BIND 205-100] Finished micro-architecture generation.
INFO: [HLS 200-111] Finished Binding: CPU user time: 0.01 seconds. CPU system time: 0.01 seconds. Elapsed time: 0.01 seconds; current allocated memory: 869.793 MB.
INFO: [HLS 200-10] ----------------------------------------------------------------
INFO: [HLS 200-42] -- Implementing module 'data_loader' 
INFO: [HLS 200-10] ----------------------------------------------------------------
INFO: [SCHED 204-11] Starting scheduling ...
INFO: [SCHED 204-61] Pipelining loop 'DATA_LOAD_LOOP'.
INFO: [HLS 200-876] Unable to schedule the whole 8 cycles bus request operation ('empty_50', ../src/msm.cpp:399) on port 'gmem0' (../src/msm.cpp:399) within the first cycle (II = 1). Simulation mismatch may occur if the input data is modified before this operation completes.
Resolution: For help on HLS 200-876 see docs.xilinx.com/access/sources/dita/topic?Doc_Version=2024.2%20English&url=ug1448-hls-guidance&resourceid=200-876.html
INFO: [HLS 200-1470] Pipelining result : Target II = 1, Final II = 1, Depth = 11, loop 'DATA_LOAD_LOOP'
INFO: [SCHED 204-11] Finished scheduling.
INFO: [HLS 200-111] Finished Scheduling: CPU user time: 0.03 seconds. CPU system time: 0 seconds. Elapsed time: 0.03 seconds; current allocated memory: 869.793 MB.
INFO: [BIND 205-100] Starting micro-architecture generation ...
INFO: [BIND 205-101] Performing variable lifetime analysis.
INFO: [BIND 205-101] Exploring resource sharing.
INFO: [BIND 205-101] Binding ...
INFO: [BIND 205-100] Finished micro-architecture generation.
INFO: [HLS 200-111] Finished Binding: CPU user time: 0.02 seconds. CPU system time: 0 seconds. Elapsed time: 0.02 seconds; current allocated memory: 869.793 MB.
INFO: [HLS 200-10] ----------------------------------------------------------------
INFO: [HLS 200-42] -- Implementing module 'pippenger_control_Pipeline_PARTITION_SCALAR' 
INFO: [HLS 200-10] ----------------------------------------------------------------
INFO: [SCHED 204-11] Starting scheduling ...
INFO: [SCHED 204-61] Pipelining loop 'PARTITION_SCALAR'.
INFO: [HLS 200-1470] Pipelining result : Target II = 1, Final II = 1, Depth = 3, loop 'PARTITION_SCALAR'
INFO: [SCHED 204-11] Finished scheduling.
INFO: [HLS 200-111] Finished Scheduling: CPU user time: 0.05 seconds. CPU system time: 0 seconds. Elapsed time: 0.05 seconds; current allocated memory: 869.793 MB.
INFO: [BIND 205-100] Starting micro-architecture generation ...
INFO: [BIND 205-101] Performing variable lifetime analysis.
INFO: [BIND 205-101] Exploring resource sharing.
INFO: [BIND 205-101] Binding ...
INFO: [BIND 205-100] Finished micro-architecture generation.
INFO: [HLS 200-111] Finished Binding: CPU user time: 0.01 seconds. CPU system time: 0 seconds. Elapsed time: 0.02 seconds; current allocated memory: 869.793 MB.
INFO: [HLS 200-10] ----------------------------------------------------------------
INFO: [HLS 200-42] -- Implementing module 'edwards_point_add' 
INFO: [HLS 200-10] ----------------------------------------------------------------
INFO: [SCHED 204-11] Starting scheduling ...
INFO: [SCHED 204-61] Pipelining function 'edwards_point_add'.
INFO: [HLS 200-1470] Pipelining result : Target II = 1, Final II = 1, Depth = 22, function 'edwards_point_add'
INFO: [SCHED 204-11] Finished scheduling.
INFO: [HLS 200-111] Finished Scheduling: CPU user time: 0.09 seconds. CPU system time: 0 seconds. Elapsed time: 0.09 seconds; current allocated memory: 869.793 MB.
INFO: [BIND 205-100] Starting micro-architecture generation ...
INFO: [BIND 205-101] Performing variable lifetime analysis.
INFO: [BIND 205-101] Exploring resource sharing.
INFO: [BIND 205-101] Binding ...
INFO: [BIND 205-100] Finished micro-architecture generation.
INFO: [HLS 200-111] Finished Binding: CPU user time: 0.02 seconds. CPU system time: 0 seconds. Elapsed time: 0.02 seconds; current allocated memory: 869.793 MB.
INFO: [HLS 200-10] ----------------------------------------------------------------
INFO: [HLS 200-42] -- Implementing module 'pippenger_control_Pipeline_PUT_INTO_BUCKETS_LOOP' 
INFO: [HLS 200-10] ----------------------------------------------------------------
INFO: [SCHED 204-11] Starting scheduling ...
WARNING: [HLS 200-2042] Usage of URAM can potentially cause worse II as Vitis HLS does not exploit read-first mode for URAMs. Consider using BRAMs instead.
WARNING: [HLS 200-2042] Usage of URAM can potentially cause worse II as Vitis HLS does not exploit read-first mode for URAMs. Consider using BRAMs instead.
WARNING: [HLS 200-2042] Usage of URAM can potentially cause worse II as Vitis HLS does not exploit read-first mode for URAMs. Consider using BRAMs instead.
WARNING: [HLS 200-2042] Usage of URAM can potentially cause worse II as Vitis HLS does not exploit read-first mode for URAMs. Consider using BRAMs instead.
WARNING: [HLS 200-2042] Usage of URAM can potentially cause worse II as Vitis HLS does not exploit read-first mode for URAMs. Consider using BRAMs instead.
WARNING: [HLS 200-2042] Usage of URAM can potentially cause worse II as Vitis HLS does not exploit read-first mode for URAMs. Consider using BRAMs instead.
WARNING: [HLS 200-2042] Usage of URAM can potentially cause worse II as Vitis HLS does not exploit read-first mode for URAMs. Consider using BRAMs instead.
WARNING: [HLS 200-2042] Usage of URAM can potentially cause worse II as Vitis HLS does not exploit read-first mode for URAMs. Consider using BRAMs instead.
WARNING: [HLS 200-2042] Usage of URAM can potentially cause worse II as Vitis HLS does not exploit read-first mode for URAMs. Consider using BRAMs instead.
WARNING: [HLS 200-2042] Usage of URAM can potentially cause worse II as Vitis HLS does not exploit read-first mode for URAMs. Consider using BRAMs instead.
WARNING: [HLS 200-2042] Usage of URAM can potentially cause worse II as Vitis HLS does not exploit read-first mode for URAMs. Consider using BRAMs instead.
WARNING: [HLS 200-2042] Usage of URAM can potentially cause worse II as Vitis HLS does not exploit read-first mode for URAMs. Consider using BRAMs instead.
WARNING: [HLS 200-2042] Usage of URAM can potentially cause worse II as Vitis HLS does not exploit read-first mode for URAMs. Consider using BRAMs instead.
WARNING: [HLS 200-2042] Usage of URAM can potentially cause worse II as Vitis HLS does not exploit read-first mode for URAMs. Consider using BRAMs instead.
WARNING: [HLS 200-2042] Usage of URAM can potentially cause worse II as Vitis HLS does not exploit read-first mode for URAMs. Consider using BRAMs instead.
WARNING: [HLS 200-2042] Usage of URAM can potentially cause worse II as Vitis HLS does not exploit read-first mode for URAMs. Consider using BRAMs instead.
WARNING: [HLS 200-2042] Usage of URAM can potentially cause worse II as Vitis HLS does not exploit read-first mode for URAMs. Consider using BRAMs instead.
WARNING: [HLS 200-2042] Usage of URAM can potentially cause worse II as Vitis HLS does not exploit read-first mode for URAMs. Consider using BRAMs instead.
WARNING: [HLS 200-2042] Usage of URAM can potentially cause worse II as Vitis HLS does not exploit read-first mode for URAMs. Consider using BRAMs instead.
WARNING: [HLS 200-2042] Usage of URAM can potentially cause worse II as Vitis HLS does not exploit read-first mode for URAMs. Consider using BRAMs instead.
WARNING: [HLS 200-2042] Usage of URAM can potentially cause worse II as Vitis HLS does not exploit read-first mode for URAMs. Consider using BRAMs instead.
WARNING: [HLS 200-2042] Usage of URAM can potentially cause worse II as Vitis HLS does not exploit read-first mode for URAMs. Consider using BRAMs instead.
WARNING: [HLS 200-2042] Usage of URAM can potentially cause worse II as Vitis HLS does not exploit read-first mode for URAMs. Consider using BRAMs instead.
WARNING: [HLS 200-2042] Usage of URAM can potentially cause worse II as Vitis HLS does not exploit read-first mode for URAMs. Consider using BRAMs instead.
INFO: [SCHED 204-61] Pipelining loop 'PUT_INTO_BUCKETS_LOOP'.
WARNING: [HLS 200-885] The II Violation in module 'pippenger_control_Pipeline_PUT_INTO_BUCKETS_LOOP' (loop 'PUT_INTO_BUCKETS_LOOP'): Unable to schedule 'store' operation 0 bit ('buckets_x_addr_write_ln485', ../src/msm.cpp:485->../src/msm.cpp:532->../src/msm.cpp:573) of constant 0 on array 'buckets_x' due to limited memory ports (II = 1). Please consider using a memory core with more ports or partitioning the array 'buckets_x'.
Resolution: For help on HLS 200-885 see docs.xilinx.com/access/sources/dita/topic?Doc_Version=2024.2%20English&url=ug1448-hls-guidance&resourceid=200-885.html
INFO: [HLS 200-1470] Pipelining result : Target II = 1, Final II = 2, Depth = 32, loop 'PUT_INTO_BUCKETS_LOOP'
INFO: [SCHED 204-11] Finished scheduling.
INFO: [HLS 200-111] Finished Scheduling: CPU user time: 0.08 seconds. CPU system time: 0.01 seconds. Elapsed time: 0.08 seconds; current allocated memory: 869.793 MB.
INFO: [BIND 205-100] Starting micro-architecture generation ...
INFO: [BIND 205-101] Performing variable lifetime analysis.
INFO: [BIND 205-101] Exploring resource sharing.
INFO: [BIND 205-101] Binding ...
INFO: [BIND 205-100] Finished micro-architecture generation.
INFO: [HLS 200-111] Finished Binding: CPU user time: 0.02 seconds. CPU system time: 0 seconds. Elapsed time: 0.01 seconds; current allocated memory: 869.793 MB.
INFO: [HLS 200-10] ----------------------------------------------------------------
INFO: [HLS 200-42] -- Implementing module 'aggregate_and_output_results' 
INFO: [HLS 200-10] ----------------------------------------------------------------
INFO: [SCHED 204-11] Starting scheduling ...
WARNING: [HLS 200-2042] Usage of URAM can potentially cause worse II as Vitis HLS does not exploit read-first mode for URAMs. Consider using BRAMs instead.
WARNING: [HLS 200-2042] Usage of URAM can potentially cause worse II as Vitis HLS does not exploit read-first mode for URAMs. Consider using BRAMs instead.
WARNING: [HLS 200-2042] Usage of URAM can potentially cause worse II as Vitis HLS does not exploit read-first mode for URAMs. Consider using BRAMs instead.
WARNING: [HLS 200-2042] Usage of URAM can potentially cause worse II as Vitis HLS does not exploit read-first mode for URAMs. Consider using BRAMs instead.
WARNING: [HLS 200-2042] Usage of URAM can potentially cause worse II as Vitis HLS does not exploit read-first mode for URAMs. Consider using BRAMs instead.
WARNING: [HLS 200-2042] Usage of URAM can potentially cause worse II as Vitis HLS does not exploit read-first mode for URAMs. Consider using BRAMs instead.
WARNING: [HLS 200-2042] Usage of URAM can potentially cause worse II as Vitis HLS does not exploit read-first mode for URAMs. Consider using BRAMs instead.
WARNING: [HLS 200-2042] Usage of URAM can potentially cause worse II as Vitis HLS does not exploit read-first mode for URAMs. Consider using BRAMs instead.
WARNING: [HLS 200-2042] Usage of URAM can potentially cause worse II as Vitis HLS does not exploit read-first mode for URAMs. Consider using BRAMs instead.
WARNING: [HLS 200-2042] Usage of URAM can potentially cause worse II as Vitis HLS does not exploit read-first mode for URAMs. Consider using BRAMs instead.
WARNING: [HLS 200-2042] Usage of URAM can potentially cause worse II as Vitis HLS does not exploit read-first mode for URAMs. Consider using BRAMs instead.
WARNING: [HLS 200-2042] Usage of URAM can potentially cause worse II as Vitis HLS does not exploit read-first mode for URAMs. Consider using BRAMs instead.
WARNING: [HLS 200-2042] Usage of URAM can potentially cause worse II as Vitis HLS does not exploit read-first mode for URAMs. Consider using BRAMs instead.
WARNING: [HLS 200-2042] Usage of URAM can potentially cause worse II as Vitis HLS does not exploit read-first mode for URAMs. Consider using BRAMs instead.
WARNING: [HLS 200-2042] Usage of URAM can potentially cause worse II as Vitis HLS does not exploit read-first mode for URAMs. Consider using BRAMs instead.
WARNING: [HLS 200-2042] Usage of URAM can potentially cause worse II as Vitis HLS does not exploit read-first mode for URAMs. Consider using BRAMs instead.
WARNING: [HLS 200-2042] Usage of URAM can potentially cause worse II as Vitis HLS does not exploit read-first mode for URAMs. Consider using BRAMs instead.
WARNING: [HLS 200-2042] Usage of URAM can potentially cause worse II as Vitis HLS does not exploit read-first mode for URAMs. Consider using BRAMs instead.
WARNING: [HLS 200-2042] Usage of URAM can potentially cause worse II as Vitis HLS does not exploit read-first mode for URAMs. Consider using BRAMs instead.
WARNING: [HLS 200-2042] Usage of URAM can potentially cause worse II as Vitis HLS does not exploit read-first mode for URAMs. Consider using BRAMs instead.
WARNING: [HLS 200-2042] Usage of URAM can potentially cause worse II as Vitis HLS does not exploit read-first mode for URAMs. Consider using BRAMs instead.
WARNING: [HLS 200-2042] Usage of URAM can potentially cause worse II as Vitis HLS does not exploit read-first mode for URAMs. Consider using BRAMs instead.
WARNING: [HLS 200-2042] Usage of URAM can potentially cause worse II as Vitis HLS does not exploit read-first mode for URAMs. Consider using BRAMs instead.
WARNING: [HLS 200-2042] Usage of URAM can potentially cause worse II as Vitis HLS does not exploit read-first mode for URAMs. Consider using BRAMs instead.
WARNING: [HLS 200-2042] Usage of URAM can potentially cause worse II as Vitis HLS does not exploit read-first mode for URAMs. Consider using BRAMs instead.
WARNING: [HLS 200-2042] Usage of URAM can potentially cause worse II as Vitis HLS does not exploit read-first mode for URAMs. Consider using BRAMs instead.
WARNING: [HLS 200-2042] Usage of URAM can potentially cause worse II as Vitis HLS does not exploit read-first mode for URAMs. Consider using BRAMs instead.
WARNING: [HLS 200-2042] Usage of URAM can potentially cause worse II as Vitis HLS does not exploit read-first mode for URAMs. Consider using BRAMs instead.
WARNING: [HLS 200-2042] Usage of URAM can potentially cause worse II as Vitis HLS does not exploit read-first mode for URAMs. Consider using BRAMs instead.
WARNING: [HLS 200-2042] Usage of URAM can potentially cause worse II as Vitis HLS does not exploit read-first mode for URAMs. Consider using BRAMs instead.
WARNING: [HLS 200-2042] Usage of URAM can potentially cause worse II as Vitis HLS does not exploit read-first mode for URAMs. Consider using BRAMs instead.
WARNING: [HLS 200-2042] Usage of URAM can potentially cause worse II as Vitis HLS does not exploit read-first mode for URAMs. Consider using BRAMs instead.
WARNING: [HLS 200-2042] Usage of URAM can potentially cause worse II as Vitis HLS does not exploit read-first mode for URAMs. Consider using BRAMs instead.
WARNING: [HLS 200-2042] Usage of URAM can potentially cause worse II as Vitis HLS does not exploit read-first mode for URAMs. Consider using BRAMs instead.
WARNING: [HLS 200-2042] Usage of URAM can potentially cause worse II as Vitis HLS does not exploit read-first mode for URAMs. Consider using BRAMs instead.
WARNING: [HLS 200-2042] Usage of URAM can potentially cause worse II as Vitis HLS does not exploit read-first mode for URAMs. Consider using BRAMs instead.
WARNING: [HLS 200-2042] Usage of URAM can potentially cause worse II as Vitis HLS does not exploit read-first mode for URAMs. Consider using BRAMs instead.
WARNING: [HLS 200-2042] Usage of URAM can potentially cause worse II as Vitis HLS does not exploit read-first mode for URAMs. Consider using BRAMs instead.
WARNING: [HLS 200-2042] Usage of URAM can potentially cause worse II as Vitis HLS does not exploit read-first mode for URAMs. Consider using BRAMs instead.
WARNING: [HLS 200-2042] Usage of URAM can potentially cause worse II as Vitis HLS does not exploit read-first mode for URAMs. Consider using BRAMs instead.
WARNING: [HLS 200-2042] Usage of URAM can potentially cause worse II as Vitis HLS does not exploit read-first mode for URAMs. Consider using BRAMs instead.
WARNING: [HLS 200-2042] Usage of URAM can potentially cause worse II as Vitis HLS does not exploit read-first mode for URAMs. Consider using BRAMs instead.
WARNING: [HLS 200-2042] Usage of URAM can potentially cause worse II as Vitis HLS does not exploit read-first mode for URAMs. Consider using BRAMs instead.
WARNING: [HLS 200-2042] Usage of URAM can potentially cause worse II as Vitis HLS does not exploit read-first mode for URAMs. Consider using BRAMs instead.
WARNING: [HLS 200-2042] Usage of URAM can potentially cause worse II as Vitis HLS does not exploit read-first mode for URAMs. Consider using BRAMs instead.
WARNING: [HLS 200-2042] Usage of URAM can potentially cause worse II as Vitis HLS does not exploit read-first mode for URAMs. Consider using BRAMs instead.
WARNING: [HLS 200-2042] Usage of URAM can potentially cause worse II as Vitis HLS does not exploit read-first mode for URAMs. Consider using BRAMs instead.
WARNING: [HLS 200-2042] Usage of URAM can potentially cause worse II as Vitis HLS does not exploit read-first mode for URAMs. Consider using BRAMs instead.
WARNING: [HLS 200-2042] Usage of URAM can potentially cause worse II as Vitis HLS does not exploit read-first mode for URAMs. Consider using BRAMs instead.
WARNING: [HLS 200-2042] Usage of URAM can potentially cause worse II as Vitis HLS does not exploit read-first mode for URAMs. Consider using BRAMs instead.
WARNING: [HLS 200-2042] Usage of URAM can potentially cause worse II as Vitis HLS does not exploit read-first mode for URAMs. Consider using BRAMs instead.
WARNING: [HLS 200-2042] Usage of URAM can potentially cause worse II as Vitis HLS does not exploit read-first mode for URAMs. Consider using BRAMs instead.
WARNING: [HLS 200-2042] Usage of URAM can potentially cause worse II as Vitis HLS does not exploit read-first mode for URAMs. Consider using BRAMs instead.
WARNING: [HLS 200-2042] Usage of URAM can potentially cause worse II as Vitis HLS does not exploit read-first mode for URAMs. Consider using BRAMs instead.
WARNING: [HLS 200-2042] Usage of URAM can potentially cause worse II as Vitis HLS does not exploit read-first mode for URAMs. Consider using BRAMs instead.
WARNING: [HLS 200-2042] Usage of URAM can potentially cause worse II as Vitis HLS does not exploit read-first mode for URAMs. Consider using BRAMs instead.
WARNING: [HLS 200-2042] Usage of URAM can potentially cause worse II as Vitis HLS does not exploit read-first mode for URAMs. Consider using BRAMs instead.
WARNING: [HLS 200-2042] Usage of URAM can potentially cause worse II as Vitis HLS does not exploit read-first mode for URAMs. Consider using BRAMs instead.
WARNING: [HLS 200-2042] Usage of URAM can potentially cause worse II as Vitis HLS does not exploit read-first mode for URAMs. Consider using BRAMs instead.
WARNING: [HLS 200-2042] Usage of URAM can potentially cause worse II as Vitis HLS does not exploit read-first mode for URAMs. Consider using BRAMs instead.
WARNING: [HLS 200-2042] Usage of URAM can potentially cause worse II as Vitis HLS does not exploit read-first mode for URAMs. Consider using BRAMs instead.
WARNING: [HLS 200-2042] Usage of URAM can potentially cause worse II as Vitis HLS does not exploit read-first mode for URAMs. Consider using BRAMs instead.
WARNING: [HLS 200-2042] Usage of URAM can potentially cause worse II as Vitis HLS does not exploit read-first mode for URAMs. Consider using BRAMs instead.
WARNING: [HLS 200-2042] Usage of URAM can potentially cause worse II as Vitis HLS does not exploit read-first mode for URAMs. Consider using BRAMs instead.
WARNING: [HLS 200-2042] Usage of URAM can potentially cause worse II as Vitis HLS does not exploit read-first mode for URAMs. Consider using BRAMs instead.
WARNING: [HLS 200-2042] Usage of URAM can potentially cause worse II as Vitis HLS does not exploit read-first mode for URAMs. Consider using BRAMs instead.
WARNING: [HLS 200-2042] Usage of URAM can potentially cause worse II as Vitis HLS does not exploit read-first mode for URAMs. Consider using BRAMs instead.
WARNING: [HLS 200-2042] Usage of URAM can potentially cause worse II as Vitis HLS does not exploit read-first mode for URAMs. Consider using BRAMs instead.
WARNING: [HLS 200-2042] Usage of URAM can potentially cause worse II as Vitis HLS does not exploit read-first mode for URAMs. Consider using BRAMs instead.
WARNING: [HLS 200-2042] Usage of URAM can potentially cause worse II as Vitis HLS does not exploit read-first mode for URAMs. Consider using BRAMs instead.
WARNING: [HLS 200-2042] Usage of URAM can potentially cause worse II as Vitis HLS does not exploit read-first mode for URAMs. Consider using BRAMs instead.
WARNING: [HLS 200-2042] Usage of URAM can potentially cause worse II as Vitis HLS does not exploit read-first mode for URAMs. Consider using BRAMs instead.
WARNING: [HLS 200-2042] Usage of URAM can potentially cause worse II as Vitis HLS does not exploit read-first mode for URAMs. Consider using BRAMs instead.
WARNING: [HLS 200-2042] Usage of URAM can potentially cause worse II as Vitis HLS does not exploit read-first mode for URAMs. Consider using BRAMs instead.
WARNING: [HLS 200-2042] Usage of URAM can potentially cause worse II as Vitis HLS does not exploit read-first mode for URAMs. Consider using BRAMs instead.
WARNING: [HLS 200-2042] Usage of URAM can potentially cause worse II as Vitis HLS does not exploit read-first mode for URAMs. Consider using BRAMs instead.
WARNING: [HLS 200-2042] Usage of URAM can potentially cause worse II as Vitis HLS does not exploit read-first mode for URAMs. Consider using BRAMs instead.
WARNING: [HLS 200-2042] Usage of URAM can potentially cause worse II as Vitis HLS does not exploit read-first mode for URAMs. Consider using BRAMs instead.
WARNING: [HLS 200-2042] Usage of URAM can potentially cause worse II as Vitis HLS does not exploit read-first mode for URAMs. Consider using BRAMs instead.
WARNING: [HLS 200-2042] Usage of URAM can potentially cause worse II as Vitis HLS does not exploit read-first mode for URAMs. Consider using BRAMs instead.
WARNING: [HLS 200-2042] Usage of URAM can potentially cause worse II as Vitis HLS does not exploit read-first mode for URAMs. Consider using BRAMs instead.
WARNING: [HLS 200-2042] Usage of URAM can potentially cause worse II as Vitis HLS does not exploit read-first mode for URAMs. Consider using BRAMs instead.
WARNING: [HLS 200-2042] Usage of URAM can potentially cause worse II as Vitis HLS does not exploit read-first mode for URAMs. Consider using BRAMs instead.
WARNING: [HLS 200-2042] Usage of URAM can potentially cause worse II as Vitis HLS does not exploit read-first mode for URAMs. Consider using BRAMs instead.
WARNING: [HLS 200-2042] Usage of URAM can potentially cause worse II as Vitis HLS does not exploit read-first mode for URAMs. Consider using BRAMs instead.
WARNING: [HLS 200-2042] Usage of URAM can potentially cause worse II as Vitis HLS does not exploit read-first mode for URAMs. Consider using BRAMs instead.
WARNING: [HLS 200-2042] Usage of URAM can potentially cause worse II as Vitis HLS does not exploit read-first mode for URAMs. Consider using BRAMs instead.
WARNING: [HLS 200-2042] Usage of URAM can potentially cause worse II as Vitis HLS does not exploit read-first mode for URAMs. Consider using BRAMs instead.
WARNING: [HLS 200-2042] Usage of URAM can potentially cause worse II as Vitis HLS does not exploit read-first mode for URAMs. Consider using BRAMs instead.
WARNING: [HLS 200-2042] Usage of URAM can potentially cause worse II as Vitis HLS does not exploit read-first mode for URAMs. Consider using BRAMs instead.
WARNING: [HLS 200-2042] Usage of URAM can potentially cause worse II as Vitis HLS does not exploit read-first mode for URAMs. Consider using BRAMs instead.
WARNING: [HLS 200-2042] Usage of URAM can potentially cause worse II as Vitis HLS does not exploit read-first mode for URAMs. Consider using BRAMs instead.
WARNING: [HLS 200-2042] Usage of URAM can potentially cause worse II as Vitis HLS does not exploit read-first mode for URAMs. Consider using BRAMs instead.
WARNING: [HLS 200-2042] Usage of URAM can potentially cause worse II as Vitis HLS does not exploit read-first mode for URAMs. Consider using BRAMs instead.
WARNING: [HLS 200-2042] Usage of URAM can potentially cause worse II as Vitis HLS does not exploit read-first mode for URAMs. Consider using BRAMs instead.
WARNING: [HLS 200-2042] Usage of URAM can potentially cause worse II as Vitis HLS does not exploit read-first mode for URAMs. Consider using BRAMs instead.
WARNING: [HLS 200-2042] Usage of URAM can potentially cause worse II as Vitis HLS does not exploit read-first mode for URAMs. Consider using BRAMs instead.
WARNING: [HLS 200-2042] Usage of URAM can potentially cause worse II as Vitis HLS does not exploit read-first mode for URAMs. Consider using BRAMs instead.
WARNING: [HLS 200-2042] Usage of URAM can potentially cause worse II as Vitis HLS does not exploit read-first mode for URAMs. Consider using BRAMs instead.
WARNING: [HLS 200-2042] Usage of URAM can potentially cause worse II as Vitis HLS does not exploit read-first mode for URAMs. Consider using BRAMs instead.
WARNING: [HLS 200-2042] Usage of URAM can potentially cause worse II as Vitis HLS does not exploit read-first mode for URAMs. Consider using BRAMs instead.
WARNING: [HLS 200-2042] Usage of URAM can potentially cause worse II as Vitis HLS does not exploit read-first mode for URAMs. Consider using BRAMs instead.
WARNING: [HLS 200-2042] Usage of URAM can potentially cause worse II as Vitis HLS does not exploit read-first mode for URAMs. Consider using BRAMs instead.
WARNING: [HLS 200-2042] Usage of URAM can potentially cause worse II as Vitis HLS does not exploit read-first mode for URAMs. Consider using BRAMs instead.
WARNING: [HLS 200-2042] Usage of URAM can potentially cause worse II as Vitis HLS does not exploit read-first mode for URAMs. Consider using BRAMs instead.
WARNING: [HLS 200-2042] Usage of URAM can potentially cause worse II as Vitis HLS does not exploit read-first mode for URAMs. Consider using BRAMs instead.
WARNING: [HLS 200-2042] Usage of URAM can potentially cause worse II as Vitis HLS does not exploit read-first mode for URAMs. Consider using BRAMs instead.
WARNING: [HLS 200-2042] Usage of URAM can potentially cause worse II as Vitis HLS does not exploit read-first mode for URAMs. Consider using BRAMs instead.
WARNING: [HLS 200-2042] Usage of URAM can potentially cause worse II as Vitis HLS does not exploit read-first mode for URAMs. Consider using BRAMs instead.
WARNING: [HLS 200-2042] Usage of URAM can potentially cause worse II as Vitis HLS does not exploit read-first mode for URAMs. Consider using BRAMs instead.
WARNING: [HLS 200-2042] Usage of URAM can potentially cause worse II as Vitis HLS does not exploit read-first mode for URAMs. Consider using BRAMs instead.
WARNING: [HLS 200-2042] Usage of URAM can potentially cause worse II as Vitis HLS does not exploit read-first mode for URAMs. Consider using BRAMs instead.
WARNING: [HLS 200-2042] Usage of URAM can potentially cause worse II as Vitis HLS does not exploit read-first mode for URAMs. Consider using BRAMs instead.
WARNING: [HLS 200-2042] Usage of URAM can potentially cause worse II as Vitis HLS does not exploit read-first mode for URAMs. Consider using BRAMs instead.
WARNING: [HLS 200-2042] Usage of URAM can potentially cause worse II as Vitis HLS does not exploit read-first mode for URAMs. Consider using BRAMs instead.
WARNING: [HLS 200-2042] Usage of URAM can potentially cause worse II as Vitis HLS does not exploit read-first mode for URAMs. Consider using BRAMs instead.
WARNING: [HLS 200-2042] Usage of URAM can potentially cause worse II as Vitis HLS does not exploit read-first mode for URAMs. Consider using BRAMs instead.
WARNING: [HLS 200-2042] Usage of URAM can potentially cause worse II as Vitis HLS does not exploit read-first mode for URAMs. Consider using BRAMs instead.
WARNING: [HLS 200-2042] Usage of URAM can potentially cause worse II as Vitis HLS does not exploit read-first mode for URAMs. Consider using BRAMs instead.
WARNING: [HLS 200-2042] Usage of URAM can potentially cause worse II as Vitis HLS does not exploit read-first mode for URAMs. Consider using BRAMs instead.
WARNING: [HLS 200-2042] Usage of URAM can potentially cause worse II as Vitis HLS does not exploit read-first mode for URAMs. Consider using BRAMs instead.
WARNING: [HLS 200-2042] Usage of URAM can potentially cause worse II as Vitis HLS does not exploit read-first mode for URAMs. Consider using BRAMs instead.
WARNING: [HLS 200-2042] Usage of URAM can potentially cause worse II as Vitis HLS does not exploit read-first mode for URAMs. Consider using BRAMs instead.
WARNING: [HLS 200-2042] Usage of URAM can potentially cause worse II as Vitis HLS does not exploit read-first mode for URAMs. Consider using BRAMs instead.
WARNING: [HLS 200-2042] Usage of URAM can potentially cause worse II as Vitis HLS does not exploit read-first mode for URAMs. Consider using BRAMs instead.
WARNING: [HLS 200-2042] Usage of URAM can potentially cause worse II as Vitis HLS does not exploit read-first mode for URAMs. Consider using BRAMs instead.
WARNING: [HLS 200-2042] Usage of URAM can potentially cause worse II as Vitis HLS does not exploit read-first mode for URAMs. Consider using BRAMs instead.
WARNING: [HLS 200-2042] Usage of URAM can potentially cause worse II as Vitis HLS does not exploit read-first mode for URAMs. Consider using BRAMs instead.
WARNING: [HLS 200-2042] Usage of URAM can potentially cause worse II as Vitis HLS does not exploit read-first mode for URAMs. Consider using BRAMs instead.
WARNING: [HLS 200-2042] Usage of URAM can potentially cause worse II as Vitis HLS does not exploit read-first mode for URAMs. Consider using BRAMs instead.
WARNING: [HLS 200-2042] Usage of URAM can potentially cause worse II as Vitis HLS does not exploit read-first mode for URAMs. Consider using BRAMs instead.
WARNING: [HLS 200-2042] Usage of URAM can potentially cause worse II as Vitis HLS does not exploit read-first mode for URAMs. Consider using BRAMs instead.
WARNING: [HLS 200-2042] Usage of URAM can potentially cause worse II as Vitis HLS does not exploit read-first mode for URAMs. Consider using BRAMs instead.
WARNING: [HLS 200-2042] Usage of URAM can potentially cause worse II as Vitis HLS does not exploit read-first mode for URAMs. Consider using BRAMs instead.
WARNING: [HLS 200-2042] Usage of URAM can potentially cause worse II as Vitis HLS does not exploit read-first mode for URAMs. Consider using BRAMs instead.
WARNING: [HLS 200-2042] Usage of URAM can potentially cause worse II as Vitis HLS does not exploit read-first mode for URAMs. Consider using BRAMs instead.
WARNING: [HLS 200-2042] Usage of URAM can potentially cause worse II as Vitis HLS does not exploit read-first mode for URAMs. Consider using BRAMs instead.
WARNING: [HLS 200-2042] Usage of URAM can potentially cause worse II as Vitis HLS does not exploit read-first mode for URAMs. Consider using BRAMs instead.
WARNING: [HLS 200-2042] Usage of URAM can potentially cause worse II as Vitis HLS does not exploit read-first mode for URAMs. Consider using BRAMs instead.
WARNING: [HLS 200-2042] Usage of URAM can potentially cause worse II as Vitis HLS does not exploit read-first mode for URAMs. Consider using BRAMs instead.
WARNING: [HLS 200-2042] Usage of URAM can potentially cause worse II as Vitis HLS does not exploit read-first mode for URAMs. Consider using BRAMs instead.
WARNING: [HLS 200-2042] Usage of URAM can potentially cause worse II as Vitis HLS does not exploit read-first mode for URAMs. Consider using BRAMs instead.
WARNING: [HLS 200-2042] Usage of URAM can potentially cause worse II as Vitis HLS does not exploit read-first mode for URAMs. Consider using BRAMs instead.
WARNING: [HLS 200-2042] Usage of URAM can potentially cause worse II as Vitis HLS does not exploit read-first mode for URAMs. Consider using BRAMs instead.
WARNING: [HLS 200-2042] Usage of URAM can potentially cause worse II as Vitis HLS does not exploit read-first mode for URAMs. Consider using BRAMs instead.
WARNING: [HLS 200-2042] Usage of URAM can potentially cause worse II as Vitis HLS does not exploit read-first mode for URAMs. Consider using BRAMs instead.
WARNING: [HLS 200-2042] Usage of URAM can potentially cause worse II as Vitis HLS does not exploit read-first mode for URAMs. Consider using BRAMs instead.
WARNING: [HLS 200-2042] Usage of URAM can potentially cause worse II as Vitis HLS does not exploit read-first mode for URAMs. Consider using BRAMs instead.
WARNING: [HLS 200-2042] Usage of URAM can potentially cause worse II as Vitis HLS does not exploit read-first mode for URAMs. Consider using BRAMs instead.
WARNING: [HLS 200-2042] Usage of URAM can potentially cause worse II as Vitis HLS does not exploit read-first mode for URAMs. Consider using BRAMs instead.
WARNING: [HLS 200-2042] Usage of URAM can potentially cause worse II as Vitis HLS does not exploit read-first mode for URAMs. Consider using BRAMs instead.
WARNING: [HLS 200-2042] Usage of URAM can potentially cause worse II as Vitis HLS does not exploit read-first mode for URAMs. Consider using BRAMs instead.
WARNING: [HLS 200-2042] Usage of URAM can potentially cause worse II as Vitis HLS does not exploit read-first mode for URAMs. Consider using BRAMs instead.
WARNING: [HLS 200-2042] Usage of URAM can potentially cause worse II as Vitis HLS does not exploit read-first mode for URAMs. Consider using BRAMs instead.
WARNING: [HLS 200-2042] Usage of URAM can potentially cause worse II as Vitis HLS does not exploit read-first mode for URAMs. Consider using BRAMs instead.
WARNING: [HLS 200-2042] Usage of URAM can potentially cause worse II as Vitis HLS does not exploit read-first mode for URAMs. Consider using BRAMs instead.
WARNING: [HLS 200-2042] Usage of URAM can potentially cause worse II as Vitis HLS does not exploit read-first mode for URAMs. Consider using BRAMs instead.
WARNING: [HLS 200-2042] Usage of URAM can potentially cause worse II as Vitis HLS does not exploit read-first mode for URAMs. Consider using BRAMs instead.
WARNING: [HLS 200-2042] Usage of URAM can potentially cause worse II as Vitis HLS does not exploit read-first mode for URAMs. Consider using BRAMs instead.
WARNING: [HLS 200-2042] Usage of URAM can potentially cause worse II as Vitis HLS does not exploit read-first mode for URAMs. Consider using BRAMs instead.
WARNING: [HLS 200-2042] Usage of URAM can potentially cause worse II as Vitis HLS does not exploit read-first mode for URAMs. Consider using BRAMs instead.
WARNING: [HLS 200-2042] Usage of URAM can potentially cause worse II as Vitis HLS does not exploit read-first mode for URAMs. Consider using BRAMs instead.
WARNING: [HLS 200-2042] Usage of URAM can potentially cause worse II as Vitis HLS does not exploit read-first mode for URAMs. Consider using BRAMs instead.
WARNING: [HLS 200-2042] Usage of URAM can potentially cause worse II as Vitis HLS does not exploit read-first mode for URAMs. Consider using BRAMs instead.
WARNING: [HLS 200-2042] Usage of URAM can potentially cause worse II as Vitis HLS does not exploit read-first mode for URAMs. Consider using BRAMs instead.
WARNING: [HLS 200-2042] Usage of URAM can potentially cause worse II as Vitis HLS does not exploit read-first mode for URAMs. Consider using BRAMs instead.
WARNING: [HLS 200-2042] Usage of URAM can potentially cause worse II as Vitis HLS does not exploit read-first mode for URAMs. Consider using BRAMs instead.
WARNING: [HLS 200-2042] Usage of URAM can potentially cause worse II as Vitis HLS does not exploit read-first mode for URAMs. Consider using BRAMs instead.
WARNING: [HLS 200-2042] Usage of URAM can potentially cause worse II as Vitis HLS does not exploit read-first mode for URAMs. Consider using BRAMs instead.
WARNING: [HLS 200-2042] Usage of URAM can potentially cause worse II as Vitis HLS does not exploit read-first mode for URAMs. Consider using BRAMs instead.
WARNING: [HLS 200-2042] Usage of URAM can potentially cause worse II as Vitis HLS does not exploit read-first mode for URAMs. Consider using BRAMs instead.
WARNING: [HLS 200-2042] Usage of URAM can potentially cause worse II as Vitis HLS does not exploit read-first mode for URAMs. Consider using BRAMs instead.
WARNING: [HLS 200-2042] Usage of URAM can potentially cause worse II as Vitis HLS does not exploit read-first mode for URAMs. Consider using BRAMs instead.
WARNING: [HLS 200-2042] Usage of URAM can potentially cause worse II as Vitis HLS does not exploit read-first mode for URAMs. Consider using BRAMs instead.
WARNING: [HLS 200-2042] Usage of URAM can potentially cause worse II as Vitis HLS does not exploit read-first mode for URAMs. Consider using BRAMs instead.
WARNING: [HLS 200-2042] Usage of URAM can potentially cause worse II as Vitis HLS does not exploit read-first mode for URAMs. Consider using BRAMs instead.
WARNING: [HLS 200-2042] Usage of URAM can potentially cause worse II as Vitis HLS does not exploit read-first mode for URAMs. Consider using BRAMs instead.
WARNING: [HLS 200-2042] Usage of URAM can potentially cause worse II as Vitis HLS does not exploit read-first mode for URAMs. Consider using BRAMs instead.
WARNING: [HLS 200-2042] Usage of URAM can potentially cause worse II as Vitis HLS does not exploit read-first mode for URAMs. Consider using BRAMs instead.
WARNING: [HLS 200-2042] Usage of URAM can potentially cause worse II as Vitis HLS does not exploit read-first mode for URAMs. Consider using BRAMs instead.
WARNING: [HLS 200-2042] Usage of URAM can potentially cause worse II as Vitis HLS does not exploit read-first mode for URAMs. Consider using BRAMs instead.
WARNING: [HLS 200-2042] Usage of URAM can potentially cause worse II as Vitis HLS does not exploit read-first mode for URAMs. Consider using BRAMs instead.
WARNING: [HLS 200-2042] Usage of URAM can potentially cause worse II as Vitis HLS does not exploit read-first mode for URAMs. Consider using BRAMs instead.
WARNING: [HLS 200-2042] Usage of URAM can potentially cause worse II as Vitis HLS does not exploit read-first mode for URAMs. Consider using BRAMs instead.
WARNING: [HLS 200-2042] Usage of URAM can potentially cause worse II as Vitis HLS does not exploit read-first mode for URAMs. Consider using BRAMs instead.
WARNING: [HLS 200-2042] Usage of URAM can potentially cause worse II as Vitis HLS does not exploit read-first mode for URAMs. Consider using BRAMs instead.
WARNING: [HLS 200-2042] Usage of URAM can potentially cause worse II as Vitis HLS does not exploit read-first mode for URAMs. Consider using BRAMs instead.
WARNING: [HLS 200-2042] Usage of URAM can potentially cause worse II as Vitis HLS does not exploit read-first mode for URAMs. Consider using BRAMs instead.
WARNING: [HLS 200-2042] Usage of URAM can potentially cause worse II as Vitis HLS does not exploit read-first mode for URAMs. Consider using BRAMs instead.
WARNING: [HLS 200-2042] Usage of URAM can potentially cause worse II as Vitis HLS does not exploit read-first mode for URAMs. Consider using BRAMs instead.
WARNING: [HLS 200-2042] Usage of URAM can potentially cause worse II as Vitis HLS does not exploit read-first mode for URAMs. Consider using BRAMs instead.
WARNING: [HLS 200-2042] Usage of URAM can potentially cause worse II as Vitis HLS does not exploit read-first mode for URAMs. Consider using BRAMs instead.
WARNING: [HLS 200-2042] Usage of URAM can potentially cause worse II as Vitis HLS does not exploit read-first mode for URAMs. Consider using BRAMs instead.
WARNING: [HLS 200-2042] Usage of URAM can potentially cause worse II as Vitis HLS does not exploit read-first mode for URAMs. Consider using BRAMs instead.
WARNING: [HLS 200-2042] Usage of URAM can potentially cause worse II as Vitis HLS does not exploit read-first mode for URAMs. Consider using BRAMs instead.
WARNING: [HLS 200-2042] Usage of URAM can potentially cause worse II as Vitis HLS does not exploit read-first mode for URAMs. Consider using BRAMs instead.
WARNING: [HLS 200-2042] Usage of URAM can potentially cause worse II as Vitis HLS does not exploit read-first mode for URAMs. Consider using BRAMs instead.
WARNING: [HLS 200-2042] Usage of URAM can potentially cause worse II as Vitis HLS does not exploit read-first mode for URAMs. Consider using BRAMs instead.
WARNING: [HLS 200-2042] Usage of URAM can potentially cause worse II as Vitis HLS does not exploit read-first mode for URAMs. Consider using BRAMs instead.
WARNING: [HLS 200-2042] Usage of URAM can potentially cause worse II as Vitis HLS does not exploit read-first mode for URAMs. Consider using BRAMs instead.
WARNING: [HLS 200-2042] Usage of URAM can potentially cause worse II as Vitis HLS does not exploit read-first mode for URAMs. Consider using BRAMs instead.
WARNING: [HLS 200-2042] Usage of URAM can potentially cause worse II as Vitis HLS does not exploit read-first mode for URAMs. Consider using BRAMs instead.
WARNING: [HLS 200-2042] Usage of URAM can potentially cause worse II as Vitis HLS does not exploit read-first mode for URAMs. Consider using BRAMs instead.
WARNING: [HLS 200-2042] Usage of URAM can potentially cause worse II as Vitis HLS does not exploit read-first mode for URAMs. Consider using BRAMs instead.
WARNING: [HLS 200-2042] Usage of URAM can potentially cause worse II as Vitis HLS does not exploit read-first mode for URAMs. Consider using BRAMs instead.
WARNING: [HLS 200-2042] Usage of URAM can potentially cause worse II as Vitis HLS does not exploit read-first mode for URAMs. Consider using BRAMs instead.
WARNING: [HLS 200-2042] Usage of URAM can potentially cause worse II as Vitis HLS does not exploit read-first mode for URAMs. Consider using BRAMs instead.
WARNING: [HLS 200-2042] Usage of URAM can potentially cause worse II as Vitis HLS does not exploit read-first mode for URAMs. Consider using BRAMs instead.
WARNING: [HLS 200-2042] Usage of URAM can potentially cause worse II as Vitis HLS does not exploit read-first mode for URAMs. Consider using BRAMs instead.
WARNING: [HLS 200-2042] Usage of URAM can potentially cause worse II as Vitis HLS does not exploit read-first mode for URAMs. Consider using BRAMs instead.
WARNING: [HLS 200-2042] Usage of URAM can potentially cause worse II as Vitis HLS does not exploit read-first mode for URAMs. Consider using BRAMs instead.
WARNING: [HLS 200-2042] Usage of URAM can potentially cause worse II as Vitis HLS does not exploit read-first mode for URAMs. Consider using BRAMs instead.
WARNING: [HLS 200-2042] Usage of URAM can potentially cause worse II as Vitis HLS does not exploit read-first mode for URAMs. Consider using BRAMs instead.
WARNING: [HLS 200-2042] Usage of URAM can potentially cause worse II as Vitis HLS does not exploit read-first mode for URAMs. Consider using BRAMs instead.
WARNING: [HLS 200-2042] Usage of URAM can potentially cause worse II as Vitis HLS does not exploit read-first mode for URAMs. Consider using BRAMs instead.
WARNING: [HLS 200-2042] Usage of URAM can potentially cause worse II as Vitis HLS does not exploit read-first mode for URAMs. Consider using BRAMs instead.
WARNING: [HLS 200-2042] Usage of URAM can potentially cause worse II as Vitis HLS does not exploit read-first mode for URAMs. Consider using BRAMs instead.
WARNING: [HLS 200-2042] Usage of URAM can potentially cause worse II as Vitis HLS does not exploit read-first mode for URAMs. Consider using BRAMs instead.
WARNING: [HLS 200-2042] Usage of URAM can potentially cause worse II as Vitis HLS does not exploit read-first mode for URAMs. Consider using BRAMs instead.
WARNING: [HLS 200-2042] Usage of URAM can potentially cause worse II as Vitis HLS does not exploit read-first mode for URAMs. Consider using BRAMs instead.
WARNING: [HLS 200-2042] Usage of URAM can potentially cause worse II as Vitis HLS does not exploit read-first mode for URAMs. Consider using BRAMs instead.
WARNING: [HLS 200-2042] Usage of URAM can potentially cause worse II as Vitis HLS does not exploit read-first mode for URAMs. Consider using BRAMs instead.
WARNING: [HLS 200-2042] Usage of URAM can potentially cause worse II as Vitis HLS does not exploit read-first mode for URAMs. Consider using BRAMs instead.
WARNING: [HLS 200-2042] Usage of URAM can potentially cause worse II as Vitis HLS does not exploit read-first mode for URAMs. Consider using BRAMs instead.
WARNING: [HLS 200-2042] Usage of URAM can potentially cause worse II as Vitis HLS does not exploit read-first mode for URAMs. Consider using BRAMs instead.
WARNING: [HLS 200-2042] Usage of URAM can potentially cause worse II as Vitis HLS does not exploit read-first mode for URAMs. Consider using BRAMs instead.
WARNING: [HLS 200-2042] Usage of URAM can potentially cause worse II as Vitis HLS does not exploit read-first mode for URAMs. Consider using BRAMs instead.
WARNING: [HLS 200-2042] Usage of URAM can potentially cause worse II as Vitis HLS does not exploit read-first mode for URAMs. Consider using BRAMs instead.
WARNING: [HLS 200-2042] Usage of URAM can potentially cause worse II as Vitis HLS does not exploit read-first mode for URAMs. Consider using BRAMs instead.
WARNING: [HLS 200-2042] Usage of URAM can potentially cause worse II as Vitis HLS does not exploit read-first mode for URAMs. Consider using BRAMs instead.
WARNING: [HLS 200-2042] Usage of URAM can potentially cause worse II as Vitis HLS does not exploit read-first mode for URAMs. Consider using BRAMs instead.
WARNING: [HLS 200-2042] Usage of URAM can potentially cause worse II as Vitis HLS does not exploit read-first mode for URAMs. Consider using BRAMs instead.
WARNING: [HLS 200-2042] Usage of URAM can potentially cause worse II as Vitis HLS does not exploit read-first mode for URAMs. Consider using BRAMs instead.
WARNING: [HLS 200-2042] Usage of URAM can potentially cause worse II as Vitis HLS does not exploit read-first mode for URAMs. Consider using BRAMs instead.
WARNING: [HLS 200-2042] Usage of URAM can potentially cause worse II as Vitis HLS does not exploit read-first mode for URAMs. Consider using BRAMs instead.
WARNING: [HLS 200-2042] Usage of URAM can potentially cause worse II as Vitis HLS does not exploit read-first mode for URAMs. Consider using BRAMs instead.
WARNING: [HLS 200-2042] Usage of URAM can potentially cause worse II as Vitis HLS does not exploit read-first mode for URAMs. Consider using BRAMs instead.
WARNING: [HLS 200-2042] Usage of URAM can potentially cause worse II as Vitis HLS does not exploit read-first mode for URAMs. Consider using BRAMs instead.
WARNING: [HLS 200-2042] Usage of URAM can potentially cause worse II as Vitis HLS does not exploit read-first mode for URAMs. Consider using BRAMs instead.
WARNING: [HLS 200-2042] Usage of URAM can potentially cause worse II as Vitis HLS does not exploit read-first mode for URAMs. Consider using BRAMs instead.
WARNING: [HLS 200-2042] Usage of URAM can potentially cause worse II as Vitis HLS does not exploit read-first mode for URAMs. Consider using BRAMs instead.
WARNING: [HLS 200-2042] Usage of URAM can potentially cause worse II as Vitis HLS does not exploit read-first mode for URAMs. Consider using BRAMs instead.
WARNING: [HLS 200-2042] Usage of URAM can potentially cause worse II as Vitis HLS does not exploit read-first mode for URAMs. Consider using BRAMs instead.
WARNING: [HLS 200-2042] Usage of URAM can potentially cause worse II as Vitis HLS does not exploit read-first mode for URAMs. Consider using BRAMs instead.
WARNING: [HLS 200-2042] Usage of URAM can potentially cause worse II as Vitis HLS does not exploit read-first mode for URAMs. Consider using BRAMs instead.
WARNING: [HLS 200-2042] Usage of URAM can potentially cause worse II as Vitis HLS does not exploit read-first mode for URAMs. Consider using BRAMs instead.
WARNING: [HLS 200-2042] Usage of URAM can potentially cause worse II as Vitis HLS does not exploit read-first mode for URAMs. Consider using BRAMs instead.
WARNING: [HLS 200-2042] Usage of URAM can potentially cause worse II as Vitis HLS does not exploit read-first mode for URAMs. Consider using BRAMs instead.
WARNING: [HLS 200-2042] Usage of URAM can potentially cause worse II as Vitis HLS does not exploit read-first mode for URAMs. Consider using BRAMs instead.
WARNING: [HLS 200-2042] Usage of URAM can potentially cause worse II as Vitis HLS does not exploit read-first mode for URAMs. Consider using BRAMs instead.
WARNING: [HLS 200-2042] Usage of URAM can potentially cause worse II as Vitis HLS does not exploit read-first mode for URAMs. Consider using BRAMs instead.
WARNING: [HLS 200-2042] Usage of URAM can potentially cause worse II as Vitis HLS does not exploit read-first mode for URAMs. Consider using BRAMs instead.
WARNING: [HLS 200-2042] Usage of URAM can potentially cause worse II as Vitis HLS does not exploit read-first mode for URAMs. Consider using BRAMs instead.
WARNING: [HLS 200-2042] Usage of URAM can potentially cause worse II as Vitis HLS does not exploit read-first mode for URAMs. Consider using BRAMs instead.
WARNING: [HLS 200-2042] Usage of URAM can potentially cause worse II as Vitis HLS does not exploit read-first mode for URAMs. Consider using BRAMs instead.
WARNING: [HLS 200-2042] Usage of URAM can potentially cause worse II as Vitis HLS does not exploit read-first mode for URAMs. Consider using BRAMs instead.
WARNING: [HLS 200-2042] Usage of URAM can potentially cause worse II as Vitis HLS does not exploit read-first mode for URAMs. Consider using BRAMs instead.
WARNING: [HLS 200-2042] Usage of URAM can potentially cause worse II as Vitis HLS does not exploit read-first mode for URAMs. Consider using BRAMs instead.
WARNING: [HLS 200-2042] Usage of URAM can potentially cause worse II as Vitis HLS does not exploit read-first mode for URAMs. Consider using BRAMs instead.
WARNING: [HLS 200-2042] Usage of URAM can potentially cause worse II as Vitis HLS does not exploit read-first mode for URAMs. Consider using BRAMs instead.
WARNING: [HLS 200-2042] Usage of URAM can potentially cause worse II as Vitis HLS does not exploit read-first mode for URAMs. Consider using BRAMs instead.
WARNING: [HLS 200-2042] Usage of URAM can potentially cause worse II as Vitis HLS does not exploit read-first mode for URAMs. Consider using BRAMs instead.
WARNING: [HLS 200-2042] Usage of URAM can potentially cause worse II as Vitis HLS does not exploit read-first mode for URAMs. Consider using BRAMs instead.
WARNING: [HLS 200-2042] Usage of URAM can potentially cause worse II as Vitis HLS does not exploit read-first mode for URAMs. Consider using BRAMs instead.
WARNING: [HLS 200-2042] Usage of URAM can potentially cause worse II as Vitis HLS does not exploit read-first mode for URAMs. Consider using BRAMs instead.
WARNING: [HLS 200-2042] Usage of URAM can potentially cause worse II as Vitis HLS does not exploit read-first mode for URAMs. Consider using BRAMs instead.
WARNING: [HLS 200-2042] Usage of URAM can potentially cause worse II as Vitis HLS does not exploit read-first mode for URAMs. Consider using BRAMs instead.
WARNING: [HLS 200-2042] Usage of URAM can potentially cause worse II as Vitis HLS does not exploit read-first mode for URAMs. Consider using BRAMs instead.
WARNING: [HLS 200-2042] Usage of URAM can potentially cause worse II as Vitis HLS does not exploit read-first mode for URAMs. Consider using BRAMs instead.
WARNING: [HLS 200-2042] Usage of URAM can potentially cause worse II as Vitis HLS does not exploit read-first mode for URAMs. Consider using BRAMs instead.
WARNING: [HLS 200-2042] Usage of URAM can potentially cause worse II as Vitis HLS does not exploit read-first mode for URAMs. Consider using BRAMs instead.
WARNING: [HLS 200-2042] Usage of URAM can potentially cause worse II as Vitis HLS does not exploit read-first mode for URAMs. Consider using BRAMs instead.
WARNING: [HLS 200-2042] Usage of URAM can potentially cause worse II as Vitis HLS does not exploit read-first mode for URAMs. Consider using BRAMs instead.
WARNING: [HLS 200-2042] Usage of URAM can potentially cause worse II as Vitis HLS does not exploit read-first mode for URAMs. Consider using BRAMs instead.
WARNING: [HLS 200-2042] Usage of URAM can potentially cause worse II as Vitis HLS does not exploit read-first mode for URAMs. Consider using BRAMs instead.
WARNING: [HLS 200-2042] Usage of URAM can potentially cause worse II as Vitis HLS does not exploit read-first mode for URAMs. Consider using BRAMs instead.
WARNING: [HLS 200-2042] Usage of URAM can potentially cause worse II as Vitis HLS does not exploit read-first mode for URAMs. Consider using BRAMs instead.
WARNING: [HLS 200-2042] Usage of URAM can potentially cause worse II as Vitis HLS does not exploit read-first mode for URAMs. Consider using BRAMs instead.
WARNING: [HLS 200-2042] Usage of URAM can potentially cause worse II as Vitis HLS does not exploit read-first mode for URAMs. Consider using BRAMs instead.
WARNING: [HLS 200-2042] Usage of URAM can potentially cause worse II as Vitis HLS does not exploit read-first mode for URAMs. Consider using BRAMs instead.
WARNING: [HLS 200-2042] Usage of URAM can potentially cause worse II as Vitis HLS does not exploit read-first mode for URAMs. Consider using BRAMs instead.
WARNING: [HLS 200-2042] Usage of URAM can potentially cause worse II as Vitis HLS does not exploit read-first mode for URAMs. Consider using BRAMs instead.
WARNING: [HLS 200-2042] Usage of URAM can potentially cause worse II as Vitis HLS does not exploit read-first mode for URAMs. Consider using BRAMs instead.
WARNING: [HLS 200-2042] Usage of URAM can potentially cause worse II as Vitis HLS does not exploit read-first mode for URAMs. Consider using BRAMs instead.
WARNING: [HLS 200-2042] Usage of URAM can potentially cause worse II as Vitis HLS does not exploit read-first mode for URAMs. Consider using BRAMs instead.
WARNING: [HLS 200-2042] Usage of URAM can potentially cause worse II as Vitis HLS does not exploit read-first mode for URAMs. Consider using BRAMs instead.
WARNING: [HLS 200-2042] Usage of URAM can potentially cause worse II as Vitis HLS does not exploit read-first mode for URAMs. Consider using BRAMs instead.
WARNING: [HLS 200-2042] Usage of URAM can potentially cause worse II as Vitis HLS does not exploit read-first mode for URAMs. Consider using BRAMs instead.
WARNING: [HLS 200-2042] Usage of URAM can potentially cause worse II as Vitis HLS does not exploit read-first mode for URAMs. Consider using BRAMs instead.
WARNING: [HLS 200-2042] Usage of URAM can potentially cause worse II as Vitis HLS does not exploit read-first mode for URAMs. Consider using BRAMs instead.
WARNING: [HLS 200-2042] Usage of URAM can potentially cause worse II as Vitis HLS does not exploit read-first mode for URAMs. Consider using BRAMs instead.
WARNING: [HLS 200-2042] Usage of URAM can potentially cause worse II as Vitis HLS does not exploit read-first mode for URAMs. Consider using BRAMs instead.
WARNING: [HLS 200-2042] Usage of URAM can potentially cause worse II as Vitis HLS does not exploit read-first mode for URAMs. Consider using BRAMs instead.
WARNING: [HLS 200-2042] Usage of URAM can potentially cause worse II as Vitis HLS does not exploit read-first mode for URAMs. Consider using BRAMs instead.
WARNING: [HLS 200-2042] Usage of URAM can potentially cause worse II as Vitis HLS does not exploit read-first mode for URAMs. Consider using BRAMs instead.
WARNING: [HLS 200-2042] Usage of URAM can potentially cause worse II as Vitis HLS does not exploit read-first mode for URAMs. Consider using BRAMs instead.
WARNING: [HLS 200-2042] Usage of URAM can potentially cause worse II as Vitis HLS does not exploit read-first mode for URAMs. Consider using BRAMs instead.
WARNING: [HLS 200-2042] Usage of URAM can potentially cause worse II as Vitis HLS does not exploit read-first mode for URAMs. Consider using BRAMs instead.
WARNING: [HLS 200-2042] Usage of URAM can potentially cause worse II as Vitis HLS does not exploit read-first mode for URAMs. Consider using BRAMs instead.
WARNING: [HLS 200-2042] Usage of URAM can potentially cause worse II as Vitis HLS does not exploit read-first mode for URAMs. Consider using BRAMs instead.
WARNING: [HLS 200-2042] Usage of URAM can potentially cause worse II as Vitis HLS does not exploit read-first mode for URAMs. Consider using BRAMs instead.
WARNING: [HLS 200-2042] Usage of URAM can potentially cause worse II as Vitis HLS does not exploit read-first mode for URAMs. Consider using BRAMs instead.
WARNING: [HLS 200-2042] Usage of URAM can potentially cause worse II as Vitis HLS does not exploit read-first mode for URAMs. Consider using BRAMs instead.
WARNING: [HLS 200-2042] Usage of URAM can potentially cause worse II as Vitis HLS does not exploit read-first mode for URAMs. Consider using BRAMs instead.
WARNING: [HLS 200-2042] Usage of URAM can potentially cause worse II as Vitis HLS does not exploit read-first mode for URAMs. Consider using BRAMs instead.
WARNING: [HLS 200-2042] Usage of URAM can potentially cause worse II as Vitis HLS does not exploit read-first mode for URAMs. Consider using BRAMs instead.
WARNING: [HLS 200-2042] Usage of URAM can potentially cause worse II as Vitis HLS does not exploit read-first mode for URAMs. Consider using BRAMs instead.
WARNING: [HLS 200-2042] Usage of URAM can potentially cause worse II as Vitis HLS does not exploit read-first mode for URAMs. Consider using BRAMs instead.
WARNING: [HLS 200-2042] Usage of URAM can potentially cause worse II as Vitis HLS does not exploit read-first mode for URAMs. Consider using BRAMs instead.
WARNING: [HLS 200-2042] Usage of URAM can potentially cause worse II as Vitis HLS does not exploit read-first mode for URAMs. Consider using BRAMs instead.
WARNING: [HLS 200-2042] Usage of URAM can potentially cause worse II as Vitis HLS does not exploit read-first mode for URAMs. Consider using BRAMs instead.
WARNING: [HLS 200-2042] Usage of URAM can potentially cause worse II as Vitis HLS does not exploit read-first mode for URAMs. Consider using BRAMs instead.
WARNING: [HLS 200-2042] Usage of URAM can potentially cause worse II as Vitis HLS does not exploit read-first mode for URAMs. Consider using BRAMs instead.
WARNING: [HLS 200-2042] Usage of URAM can potentially cause worse II as Vitis HLS does not exploit read-first mode for URAMs. Consider using BRAMs instead.
WARNING: [HLS 200-2042] Usage of URAM can potentially cause worse II as Vitis HLS does not exploit read-first mode for URAMs. Consider using BRAMs instead.
WARNING: [HLS 200-2042] Usage of URAM can potentially cause worse II as Vitis HLS does not exploit read-first mode for URAMs. Consider using BRAMs instead.
WARNING: [HLS 200-2042] Usage of URAM can potentially cause worse II as Vitis HLS does not exploit read-first mode for URAMs. Consider using BRAMs instead.
WARNING: [HLS 200-2042] Usage of URAM can potentially cause worse II as Vitis HLS does not exploit read-first mode for URAMs. Consider using BRAMs instead.
WARNING: [HLS 200-2042] Usage of URAM can potentially cause worse II as Vitis HLS does not exploit read-first mode for URAMs. Consider using BRAMs instead.
WARNING: [HLS 200-2042] Usage of URAM can potentially cause worse II as Vitis HLS does not exploit read-first mode for URAMs. Consider using BRAMs instead.
WARNING: [HLS 200-2042] Usage of URAM can potentially cause worse II as Vitis HLS does not exploit read-first mode for URAMs. Consider using BRAMs instead.
WARNING: [HLS 200-2042] Usage of URAM can potentially cause worse II as Vitis HLS does not exploit read-first mode for URAMs. Consider using BRAMs instead.
WARNING: [HLS 200-2042] Usage of URAM can potentially cause worse II as Vitis HLS does not exploit read-first mode for URAMs. Consider using BRAMs instead.
WARNING: [HLS 200-2042] Usage of URAM can potentially cause worse II as Vitis HLS does not exploit read-first mode for URAMs. Consider using BRAMs instead.
WARNING: [HLS 200-2042] Usage of URAM can potentially cause worse II as Vitis HLS does not exploit read-first mode for URAMs. Consider using BRAMs instead.
WARNING: [HLS 200-2042] Usage of URAM can potentially cause worse II as Vitis HLS does not exploit read-first mode for URAMs. Consider using BRAMs instead.
WARNING: [HLS 200-2042] Usage of URAM can potentially cause worse II as Vitis HLS does not exploit read-first mode for URAMs. Consider using BRAMs instead.
WARNING: [HLS 200-2042] Usage of URAM can potentially cause worse II as Vitis HLS does not exploit read-first mode for URAMs. Consider using BRAMs instead.
WARNING: [HLS 200-2042] Usage of URAM can potentially cause worse II as Vitis HLS does not exploit read-first mode for URAMs. Consider using BRAMs instead.
WARNING: [HLS 200-2042] Usage of URAM can potentially cause worse II as Vitis HLS does not exploit read-first mode for URAMs. Consider using BRAMs instead.
WARNING: [HLS 200-2042] Usage of URAM can potentially cause worse II as Vitis HLS does not exploit read-first mode for URAMs. Consider using BRAMs instead.
WARNING: [HLS 200-2042] Usage of URAM can potentially cause worse II as Vitis HLS does not exploit read-first mode for URAMs. Consider using BRAMs instead.
WARNING: [HLS 200-2042] Usage of URAM can potentially cause worse II as Vitis HLS does not exploit read-first mode for URAMs. Consider using BRAMs instead.
WARNING: [HLS 200-2042] Usage of URAM can potentially cause worse II as Vitis HLS does not exploit read-first mode for URAMs. Consider using BRAMs instead.
WARNING: [HLS 200-2042] Usage of URAM can potentially cause worse II as Vitis HLS does not exploit read-first mode for URAMs. Consider using BRAMs instead.
WARNING: [HLS 200-2042] Usage of URAM can potentially cause worse II as Vitis HLS does not exploit read-first mode for URAMs. Consider using BRAMs instead.
WARNING: [HLS 200-2042] Usage of URAM can potentially cause worse II as Vitis HLS does not exploit read-first mode for URAMs. Consider using BRAMs instead.
WARNING: [HLS 200-2042] Usage of URAM can potentially cause worse II as Vitis HLS does not exploit read-first mode for URAMs. Consider using BRAMs instead.
WARNING: [HLS 200-2042] Usage of URAM can potentially cause worse II as Vitis HLS does not exploit read-first mode for URAMs. Consider using BRAMs instead.
WARNING: [HLS 200-2042] Usage of URAM can potentially cause worse II as Vitis HLS does not exploit read-first mode for URAMs. Consider using BRAMs instead.
WARNING: [HLS 200-2042] Usage of URAM can potentially cause worse II as Vitis HLS does not exploit read-first mode for URAMs. Consider using BRAMs instead.
WARNING: [HLS 200-2042] Usage of URAM can potentially cause worse II as Vitis HLS does not exploit read-first mode for URAMs. Consider using BRAMs instead.
WARNING: [HLS 200-2042] Usage of URAM can potentially cause worse II as Vitis HLS does not exploit read-first mode for URAMs. Consider using BRAMs instead.
WARNING: [HLS 200-2042] Usage of URAM can potentially cause worse II as Vitis HLS does not exploit read-first mode for URAMs. Consider using BRAMs instead.
WARNING: [HLS 200-2042] Usage of URAM can potentially cause worse II as Vitis HLS does not exploit read-first mode for URAMs. Consider using BRAMs instead.
WARNING: [HLS 200-2042] Usage of URAM can potentially cause worse II as Vitis HLS does not exploit read-first mode for URAMs. Consider using BRAMs instead.
WARNING: [HLS 200-2042] Usage of URAM can potentially cause worse II as Vitis HLS does not exploit read-first mode for URAMs. Consider using BRAMs instead.
WARNING: [HLS 200-2042] Usage of URAM can potentially cause worse II as Vitis HLS does not exploit read-first mode for URAMs. Consider using BRAMs instead.
WARNING: [HLS 200-2042] Usage of URAM can potentially cause worse II as Vitis HLS does not exploit read-first mode for URAMs. Consider using BRAMs instead.
WARNING: [HLS 200-2042] Usage of URAM can potentially cause worse II as Vitis HLS does not exploit read-first mode for URAMs. Consider using BRAMs instead.
WARNING: [HLS 200-2042] Usage of URAM can potentially cause worse II as Vitis HLS does not exploit read-first mode for URAMs. Consider using BRAMs instead.
WARNING: [HLS 200-2042] Usage of URAM can potentially cause worse II as Vitis HLS does not exploit read-first mode for URAMs. Consider using BRAMs instead.
WARNING: [HLS 200-2042] Usage of URAM can potentially cause worse II as Vitis HLS does not exploit read-first mode for URAMs. Consider using BRAMs instead.
WARNING: [HLS 200-2042] Usage of URAM can potentially cause worse II as Vitis HLS does not exploit read-first mode for URAMs. Consider using BRAMs instead.
WARNING: [HLS 200-2042] Usage of URAM can potentially cause worse II as Vitis HLS does not exploit read-first mode for URAMs. Consider using BRAMs instead.
WARNING: [HLS 200-2042] Usage of URAM can potentially cause worse II as Vitis HLS does not exploit read-first mode for URAMs. Consider using BRAMs instead.
WARNING: [HLS 200-2042] Usage of URAM can potentially cause worse II as Vitis HLS does not exploit read-first mode for URAMs. Consider using BRAMs instead.
WARNING: [HLS 200-2042] Usage of URAM can potentially cause worse II as Vitis HLS does not exploit read-first mode for URAMs. Consider using BRAMs instead.
WARNING: [HLS 200-2042] Usage of URAM can potentially cause worse II as Vitis HLS does not exploit read-first mode for URAMs. Consider using BRAMs instead.
WARNING: [HLS 200-2042] Usage of URAM can potentially cause worse II as Vitis HLS does not exploit read-first mode for URAMs. Consider using BRAMs instead.
WARNING: [HLS 200-2042] Usage of URAM can potentially cause worse II as Vitis HLS does not exploit read-first mode for URAMs. Consider using BRAMs instead.
WARNING: [HLS 200-2042] Usage of URAM can potentially cause worse II as Vitis HLS does not exploit read-first mode for URAMs. Consider using BRAMs instead.
WARNING: [HLS 200-2042] Usage of URAM can potentially cause worse II as Vitis HLS does not exploit read-first mode for URAMs. Consider using BRAMs instead.
WARNING: [HLS 200-2042] Usage of URAM can potentially cause worse II as Vitis HLS does not exploit read-first mode for URAMs. Consider using BRAMs instead.
WARNING: [HLS 200-2042] Usage of URAM can potentially cause worse II as Vitis HLS does not exploit read-first mode for URAMs. Consider using BRAMs instead.
WARNING: [HLS 200-2042] Usage of URAM can potentially cause worse II as Vitis HLS does not exploit read-first mode for URAMs. Consider using BRAMs instead.
WARNING: [HLS 200-2042] Usage of URAM can potentially cause worse II as Vitis HLS does not exploit read-first mode for URAMs. Consider using BRAMs instead.
WARNING: [HLS 200-2042] Usage of URAM can potentially cause worse II as Vitis HLS does not exploit read-first mode for URAMs. Consider using BRAMs instead.
WARNING: [HLS 200-2042] Usage of URAM can potentially cause worse II as Vitis HLS does not exploit read-first mode for URAMs. Consider using BRAMs instead.
WARNING: [HLS 200-2042] Usage of URAM can potentially cause worse II as Vitis HLS does not exploit read-first mode for URAMs. Consider using BRAMs instead.
WARNING: [HLS 200-2042] Usage of URAM can potentially cause worse II as Vitis HLS does not exploit read-first mode for URAMs. Consider using BRAMs instead.
WARNING: [HLS 200-2042] Usage of URAM can potentially cause worse II as Vitis HLS does not exploit read-first mode for URAMs. Consider using BRAMs instead.
WARNING: [HLS 200-2042] Usage of URAM can potentially cause worse II as Vitis HLS does not exploit read-first mode for URAMs. Consider using BRAMs instead.
WARNING: [HLS 200-2042] Usage of URAM can potentially cause worse II as Vitis HLS does not exploit read-first mode for URAMs. Consider using BRAMs instead.
WARNING: [HLS 200-2042] Usage of URAM can potentially cause worse II as Vitis HLS does not exploit read-first mode for URAMs. Consider using BRAMs instead.
WARNING: [HLS 200-2042] Usage of URAM can potentially cause worse II as Vitis HLS does not exploit read-first mode for URAMs. Consider using BRAMs instead.
WARNING: [HLS 200-2042] Usage of URAM can potentially cause worse II as Vitis HLS does not exploit read-first mode for URAMs. Consider using BRAMs instead.
WARNING: [HLS 200-2042] Usage of URAM can potentially cause worse II as Vitis HLS does not exploit read-first mode for URAMs. Consider using BRAMs instead.
WARNING: [HLS 200-2042] Usage of URAM can potentially cause worse II as Vitis HLS does not exploit read-first mode for URAMs. Consider using BRAMs instead.
WARNING: [HLS 200-2042] Usage of URAM can potentially cause worse II as Vitis HLS does not exploit read-first mode for URAMs. Consider using BRAMs instead.
WARNING: [HLS 200-2042] Usage of URAM can potentially cause worse II as Vitis HLS does not exploit read-first mode for URAMs. Consider using BRAMs instead.
WARNING: [HLS 200-2042] Usage of URAM can potentially cause worse II as Vitis HLS does not exploit read-first mode for URAMs. Consider using BRAMs instead.
WARNING: [HLS 200-2042] Usage of URAM can potentially cause worse II as Vitis HLS does not exploit read-first mode for URAMs. Consider using BRAMs instead.
WARNING: [HLS 200-2042] Usage of URAM can potentially cause worse II as Vitis HLS does not exploit read-first mode for URAMs. Consider using BRAMs instead.
WARNING: [HLS 200-2042] Usage of URAM can potentially cause worse II as Vitis HLS does not exploit read-first mode for URAMs. Consider using BRAMs instead.
WARNING: [HLS 200-2042] Usage of URAM can potentially cause worse II as Vitis HLS does not exploit read-first mode for URAMs. Consider using BRAMs instead.
WARNING: [HLS 200-2042] Usage of URAM can potentially cause worse II as Vitis HLS does not exploit read-first mode for URAMs. Consider using BRAMs instead.
WARNING: [HLS 200-2042] Usage of URAM can potentially cause worse II as Vitis HLS does not exploit read-first mode for URAMs. Consider using BRAMs instead.
WARNING: [HLS 200-2042] Usage of URAM can potentially cause worse II as Vitis HLS does not exploit read-first mode for URAMs. Consider using BRAMs instead.
WARNING: [HLS 200-2042] Usage of URAM can potentially cause worse II as Vitis HLS does not exploit read-first mode for URAMs. Consider using BRAMs instead.
WARNING: [HLS 200-2042] Usage of URAM can potentially cause worse II as Vitis HLS does not exploit read-first mode for URAMs. Consider using BRAMs instead.
WARNING: [HLS 200-2042] Usage of URAM can potentially cause worse II as Vitis HLS does not exploit read-first mode for URAMs. Consider using BRAMs instead.
WARNING: [HLS 200-2042] Usage of URAM can potentially cause worse II as Vitis HLS does not exploit read-first mode for URAMs. Consider using BRAMs instead.
WARNING: [HLS 200-2042] Usage of URAM can potentially cause worse II as Vitis HLS does not exploit read-first mode for URAMs. Consider using BRAMs instead.
WARNING: [HLS 200-2042] Usage of URAM can potentially cause worse II as Vitis HLS does not exploit read-first mode for URAMs. Consider using BRAMs instead.
WARNING: [HLS 200-2042] Usage of URAM can potentially cause worse II as Vitis HLS does not exploit read-first mode for URAMs. Consider using BRAMs instead.
WARNING: [HLS 200-2042] Usage of URAM can potentially cause worse II as Vitis HLS does not exploit read-first mode for URAMs. Consider using BRAMs instead.
WARNING: [HLS 200-2042] Usage of URAM can potentially cause worse II as Vitis HLS does not exploit read-first mode for URAMs. Consider using BRAMs instead.
WARNING: [HLS 200-2042] Usage of URAM can potentially cause worse II as Vitis HLS does not exploit read-first mode for URAMs. Consider using BRAMs instead.
WARNING: [HLS 200-2042] Usage of URAM can potentially cause worse II as Vitis HLS does not exploit read-first mode for URAMs. Consider using BRAMs instead.
WARNING: [HLS 200-2042] Usage of URAM can potentially cause worse II as Vitis HLS does not exploit read-first mode for URAMs. Consider using BRAMs instead.
WARNING: [HLS 200-2042] Usage of URAM can potentially cause worse II as Vitis HLS does not exploit read-first mode for URAMs. Consider using BRAMs instead.
WARNING: [HLS 200-2042] Usage of URAM can potentially cause worse II as Vitis HLS does not exploit read-first mode for URAMs. Consider using BRAMs instead.
WARNING: [HLS 200-2042] Usage of URAM can potentially cause worse II as Vitis HLS does not exploit read-first mode for URAMs. Consider using BRAMs instead.
WARNING: [HLS 200-2042] Usage of URAM can potentially cause worse II as Vitis HLS does not exploit read-first mode for URAMs. Consider using BRAMs instead.
WARNING: [HLS 200-2042] Usage of URAM can potentially cause worse II as Vitis HLS does not exploit read-first mode for URAMs. Consider using BRAMs instead.
WARNING: [HLS 200-2042] Usage of URAM can potentially cause worse II as Vitis HLS does not exploit read-first mode for URAMs. Consider using BRAMs instead.
WARNING: [HLS 200-2042] Usage of URAM can potentially cause worse II as Vitis HLS does not exploit read-first mode for URAMs. Consider using BRAMs instead.
WARNING: [HLS 200-2042] Usage of URAM can potentially cause worse II as Vitis HLS does not exploit read-first mode for URAMs. Consider using BRAMs instead.
WARNING: [HLS 200-2042] Usage of URAM can potentially cause worse II as Vitis HLS does not exploit read-first mode for URAMs. Consider using BRAMs instead.
WARNING: [HLS 200-2042] Usage of URAM can potentially cause worse II as Vitis HLS does not exploit read-first mode for URAMs. Consider using BRAMs instead.
WARNING: [HLS 200-2042] Usage of URAM can potentially cause worse II as Vitis HLS does not exploit read-first mode for URAMs. Consider using BRAMs instead.
WARNING: [HLS 200-2042] Usage of URAM can potentially cause worse II as Vitis HLS does not exploit read-first mode for URAMs. Consider using BRAMs instead.
WARNING: [HLS 200-2042] Usage of URAM can potentially cause worse II as Vitis HLS does not exploit read-first mode for URAMs. Consider using BRAMs instead.
WARNING: [HLS 200-2042] Usage of URAM can potentially cause worse II as Vitis HLS does not exploit read-first mode for URAMs. Consider using BRAMs instead.
WARNING: [HLS 200-2042] Usage of URAM can potentially cause worse II as Vitis HLS does not exploit read-first mode for URAMs. Consider using BRAMs instead.
WARNING: [HLS 200-2042] Usage of URAM can potentially cause worse II as Vitis HLS does not exploit read-first mode for URAMs. Consider using BRAMs instead.
WARNING: [HLS 200-2042] Usage of URAM can potentially cause worse II as Vitis HLS does not exploit read-first mode for URAMs. Consider using BRAMs instead.
WARNING: [HLS 200-2042] Usage of URAM can potentially cause worse II as Vitis HLS does not exploit read-first mode for URAMs. Consider using BRAMs instead.
WARNING: [HLS 200-2042] Usage of URAM can potentially cause worse II as Vitis HLS does not exploit read-first mode for URAMs. Consider using BRAMs instead.
WARNING: [HLS 200-2042] Usage of URAM can potentially cause worse II as Vitis HLS does not exploit read-first mode for URAMs. Consider using BRAMs instead.
WARNING: [HLS 200-2042] Usage of URAM can potentially cause worse II as Vitis HLS does not exploit read-first mode for URAMs. Consider using BRAMs instead.
WARNING: [HLS 200-2042] Usage of URAM can potentially cause worse II as Vitis HLS does not exploit read-first mode for URAMs. Consider using BRAMs instead.
WARNING: [HLS 200-2042] Usage of URAM can potentially cause worse II as Vitis HLS does not exploit read-first mode for URAMs. Consider using BRAMs instead.
WARNING: [HLS 200-2042] Usage of URAM can potentially cause worse II as Vitis HLS does not exploit read-first mode for URAMs. Consider using BRAMs instead.
WARNING: [HLS 200-2042] Usage of URAM can potentially cause worse II as Vitis HLS does not exploit read-first mode for URAMs. Consider using BRAMs instead.
WARNING: [HLS 200-2042] Usage of URAM can potentially cause worse II as Vitis HLS does not exploit read-first mode for URAMs. Consider using BRAMs instead.
WARNING: [HLS 200-2042] Usage of URAM can potentially cause worse II as Vitis HLS does not exploit read-first mode for URAMs. Consider using BRAMs instead.
WARNING: [HLS 200-2042] Usage of URAM can potentially cause worse II as Vitis HLS does not exploit read-first mode for URAMs. Consider using BRAMs instead.
WARNING: [HLS 200-2042] Usage of URAM can potentially cause worse II as Vitis HLS does not exploit read-first mode for URAMs. Consider using BRAMs instead.
WARNING: [HLS 200-2042] Usage of URAM can potentially cause worse II as Vitis HLS does not exploit read-first mode for URAMs. Consider using BRAMs instead.
WARNING: [HLS 200-2042] Usage of URAM can potentially cause worse II as Vitis HLS does not exploit read-first mode for URAMs. Consider using BRAMs instead.
WARNING: [HLS 200-2042] Usage of URAM can potentially cause worse II as Vitis HLS does not exploit read-first mode for URAMs. Consider using BRAMs instead.
WARNING: [HLS 200-2042] Usage of URAM can potentially cause worse II as Vitis HLS does not exploit read-first mode for URAMs. Consider using BRAMs instead.
WARNING: [HLS 200-2042] Usage of URAM can potentially cause worse II as Vitis HLS does not exploit read-first mode for URAMs. Consider using BRAMs instead.
WARNING: [HLS 200-2042] Usage of URAM can potentially cause worse II as Vitis HLS does not exploit read-first mode for URAMs. Consider using BRAMs instead.
WARNING: [HLS 200-2042] Usage of URAM can potentially cause worse II as Vitis HLS does not exploit read-first mode for URAMs. Consider using BRAMs instead.
WARNING: [HLS 200-2042] Usage of URAM can potentially cause worse II as Vitis HLS does not exploit read-first mode for URAMs. Consider using BRAMs instead.
WARNING: [HLS 200-2042] Usage of URAM can potentially cause worse II as Vitis HLS does not exploit read-first mode for URAMs. Consider using BRAMs instead.
WARNING: [HLS 200-2042] Usage of URAM can potentially cause worse II as Vitis HLS does not exploit read-first mode for URAMs. Consider using BRAMs instead.
WARNING: [HLS 200-2042] Usage of URAM can potentially cause worse II as Vitis HLS does not exploit read-first mode for URAMs. Consider using BRAMs instead.
WARNING: [HLS 200-2042] Usage of URAM can potentially cause worse II as Vitis HLS does not exploit read-first mode for URAMs. Consider using BRAMs instead.
WARNING: [HLS 200-2042] Usage of URAM can potentially cause worse II as Vitis HLS does not exploit read-first mode for URAMs. Consider using BRAMs instead.
WARNING: [HLS 200-2042] Usage of URAM can potentially cause worse II as Vitis HLS does not exploit read-first mode for URAMs. Consider using BRAMs instead.
WARNING: [HLS 200-2042] Usage of URAM can potentially cause worse II as Vitis HLS does not exploit read-first mode for URAMs. Consider using BRAMs instead.
WARNING: [HLS 200-2042] Usage of URAM can potentially cause worse II as Vitis HLS does not exploit read-first mode for URAMs. Consider using BRAMs instead.
WARNING: [HLS 200-2042] Usage of URAM can potentially cause worse II as Vitis HLS does not exploit read-first mode for URAMs. Consider using BRAMs instead.
WARNING: [HLS 200-2042] Usage of URAM can potentially cause worse II as Vitis HLS does not exploit read-first mode for URAMs. Consider using BRAMs instead.
WARNING: [HLS 200-2042] Usage of URAM can potentially cause worse II as Vitis HLS does not exploit read-first mode for URAMs. Consider using BRAMs instead.
WARNING: [HLS 200-2042] Usage of URAM can potentially cause worse II as Vitis HLS does not exploit read-first mode for URAMs. Consider using BRAMs instead.
WARNING: [HLS 200-2042] Usage of URAM can potentially cause worse II as Vitis HLS does not exploit read-first mode for URAMs. Consider using BRAMs instead.
WARNING: [HLS 200-2042] Usage of URAM can potentially cause worse II as Vitis HLS does not exploit read-first mode for URAMs. Consider using BRAMs instead.
WARNING: [HLS 200-2042] Usage of URAM can potentially cause worse II as Vitis HLS does not exploit read-first mode for URAMs. Consider using BRAMs instead.
WARNING: [HLS 200-2042] Usage of URAM can potentially cause worse II as Vitis HLS does not exploit read-first mode for URAMs. Consider using BRAMs instead.
WARNING: [HLS 200-2042] Usage of URAM can potentially cause worse II as Vitis HLS does not exploit read-first mode for URAMs. Consider using BRAMs instead.
WARNING: [HLS 200-2042] Usage of URAM can potentially cause worse II as Vitis HLS does not exploit read-first mode for URAMs. Consider using BRAMs instead.
WARNING: [HLS 200-2042] Usage of URAM can potentially cause worse II as Vitis HLS does not exploit read-first mode for URAMs. Consider using BRAMs instead.
WARNING: [HLS 200-2042] Usage of URAM can potentially cause worse II as Vitis HLS does not exploit read-first mode for URAMs. Consider using BRAMs instead.
WARNING: [HLS 200-2042] Usage of URAM can potentially cause worse II as Vitis HLS does not exploit read-first mode for URAMs. Consider using BRAMs instead.
WARNING: [HLS 200-2042] Usage of URAM can potentially cause worse II as Vitis HLS does not exploit read-first mode for URAMs. Consider using BRAMs instead.
WARNING: [HLS 200-2042] Usage of URAM can potentially cause worse II as Vitis HLS does not exploit read-first mode for URAMs. Consider using BRAMs instead.
WARNING: [HLS 200-2042] Usage of URAM can potentially cause worse II as Vitis HLS does not exploit read-first mode for URAMs. Consider using BRAMs instead.
WARNING: [HLS 200-2042] Usage of URAM can potentially cause worse II as Vitis HLS does not exploit read-first mode for URAMs. Consider using BRAMs instead.
WARNING: [HLS 200-2042] Usage of URAM can potentially cause worse II as Vitis HLS does not exploit read-first mode for URAMs. Consider using BRAMs instead.
WARNING: [HLS 200-2042] Usage of URAM can potentially cause worse II as Vitis HLS does not exploit read-first mode for URAMs. Consider using BRAMs instead.
WARNING: [HLS 200-2042] Usage of URAM can potentially cause worse II as Vitis HLS does not exploit read-first mode for URAMs. Consider using BRAMs instead.
WARNING: [HLS 200-2042] Usage of URAM can potentially cause worse II as Vitis HLS does not exploit read-first mode for URAMs. Consider using BRAMs instead.
WARNING: [HLS 200-2042] Usage of URAM can potentially cause worse II as Vitis HLS does not exploit read-first mode for URAMs. Consider using BRAMs instead.
WARNING: [HLS 200-2042] Usage of URAM can potentially cause worse II as Vitis HLS does not exploit read-first mode for URAMs. Consider using BRAMs instead.
WARNING: [HLS 200-2042] Usage of URAM can potentially cause worse II as Vitis HLS does not exploit read-first mode for URAMs. Consider using BRAMs instead.
WARNING: [HLS 200-2042] Usage of URAM can potentially cause worse II as Vitis HLS does not exploit read-first mode for URAMs. Consider using BRAMs instead.
WARNING: [HLS 200-2042] Usage of URAM can potentially cause worse II as Vitis HLS does not exploit read-first mode for URAMs. Consider using BRAMs instead.
WARNING: [HLS 200-2042] Usage of URAM can potentially cause worse II as Vitis HLS does not exploit read-first mode for URAMs. Consider using BRAMs instead.
WARNING: [HLS 200-2042] Usage of URAM can potentially cause worse II as Vitis HLS does not exploit read-first mode for URAMs. Consider using BRAMs instead.
WARNING: [HLS 200-2042] Usage of URAM can potentially cause worse II as Vitis HLS does not exploit read-first mode for URAMs. Consider using BRAMs instead.
WARNING: [HLS 200-2042] Usage of URAM can potentially cause worse II as Vitis HLS does not exploit read-first mode for URAMs. Consider using BRAMs instead.
WARNING: [HLS 200-2042] Usage of URAM can potentially cause worse II as Vitis HLS does not exploit read-first mode for URAMs. Consider using BRAMs instead.
WARNING: [HLS 200-2042] Usage of URAM can potentially cause worse II as Vitis HLS does not exploit read-first mode for URAMs. Consider using BRAMs instead.
WARNING: [HLS 200-2042] Usage of URAM can potentially cause worse II as Vitis HLS does not exploit read-first mode for URAMs. Consider using BRAMs instead.
WARNING: [HLS 200-2042] Usage of URAM can potentially cause worse II as Vitis HLS does not exploit read-first mode for URAMs. Consider using BRAMs instead.
WARNING: [HLS 200-2042] Usage of URAM can potentially cause worse II as Vitis HLS does not exploit read-first mode for URAMs. Consider using BRAMs instead.
WARNING: [HLS 200-2042] Usage of URAM can potentially cause worse II as Vitis HLS does not exploit read-first mode for URAMs. Consider using BRAMs instead.
WARNING: [HLS 200-2042] Usage of URAM can potentially cause worse II as Vitis HLS does not exploit read-first mode for URAMs. Consider using BRAMs instead.
WARNING: [HLS 200-2042] Usage of URAM can potentially cause worse II as Vitis HLS does not exploit read-first mode for URAMs. Consider using BRAMs instead.
WARNING: [HLS 200-2042] Usage of URAM can potentially cause worse II as Vitis HLS does not exploit read-first mode for URAMs. Consider using BRAMs instead.
WARNING: [HLS 200-2042] Usage of URAM can potentially cause worse II as Vitis HLS does not exploit read-first mode for URAMs. Consider using BRAMs instead.
WARNING: [HLS 200-2042] Usage of URAM can potentially cause worse II as Vitis HLS does not exploit read-first mode for URAMs. Consider using BRAMs instead.
WARNING: [HLS 200-2042] Usage of URAM can potentially cause worse II as Vitis HLS does not exploit read-first mode for URAMs. Consider using BRAMs instead.
WARNING: [HLS 200-2042] Usage of URAM can potentially cause worse II as Vitis HLS does not exploit read-first mode for URAMs. Consider using BRAMs instead.
WARNING: [HLS 200-2042] Usage of URAM can potentially cause worse II as Vitis HLS does not exploit read-first mode for URAMs. Consider using BRAMs instead.
WARNING: [HLS 200-2042] Usage of URAM can potentially cause worse II as Vitis HLS does not exploit read-first mode for URAMs. Consider using BRAMs instead.
WARNING: [HLS 200-2042] Usage of URAM can potentially cause worse II as Vitis HLS does not exploit read-first mode for URAMs. Consider using BRAMs instead.
WARNING: [HLS 200-2042] Usage of URAM can potentially cause worse II as Vitis HLS does not exploit read-first mode for URAMs. Consider using BRAMs instead.
WARNING: [HLS 200-2042] Usage of URAM can potentially cause worse II as Vitis HLS does not exploit read-first mode for URAMs. Consider using BRAMs instead.
WARNING: [HLS 200-2042] Usage of URAM can potentially cause worse II as Vitis HLS does not exploit read-first mode for URAMs. Consider using BRAMs instead.
WARNING: [HLS 200-2042] Usage of URAM can potentially cause worse II as Vitis HLS does not exploit read-first mode for URAMs. Consider using BRAMs instead.
WARNING: [HLS 200-2042] Usage of URAM can potentially cause worse II as Vitis HLS does not exploit read-first mode for URAMs. Consider using BRAMs instead.
WARNING: [HLS 200-2042] Usage of URAM can potentially cause worse II as Vitis HLS does not exploit read-first mode for URAMs. Consider using BRAMs instead.
WARNING: [HLS 200-2042] Usage of URAM can potentially cause worse II as Vitis HLS does not exploit read-first mode for URAMs. Consider using BRAMs instead.
WARNING: [HLS 200-2042] Usage of URAM can potentially cause worse II as Vitis HLS does not exploit read-first mode for URAMs. Consider using BRAMs instead.
WARNING: [HLS 200-2042] Usage of URAM can potentially cause worse II as Vitis HLS does not exploit read-first mode for URAMs. Consider using BRAMs instead.
WARNING: [HLS 200-2042] Usage of URAM can potentially cause worse II as Vitis HLS does not exploit read-first mode for URAMs. Consider using BRAMs instead.
WARNING: [HLS 200-2042] Usage of URAM can potentially cause worse II as Vitis HLS does not exploit read-first mode for URAMs. Consider using BRAMs instead.
WARNING: [HLS 200-2042] Usage of URAM can potentially cause worse II as Vitis HLS does not exploit read-first mode for URAMs. Consider using BRAMs instead.
WARNING: [HLS 200-2042] Usage of URAM can potentially cause worse II as Vitis HLS does not exploit read-first mode for URAMs. Consider using BRAMs instead.
WARNING: [HLS 200-2042] Usage of URAM can potentially cause worse II as Vitis HLS does not exploit read-first mode for URAMs. Consider using BRAMs instead.
WARNING: [HLS 200-2042] Usage of URAM can potentially cause worse II as Vitis HLS does not exploit read-first mode for URAMs. Consider using BRAMs instead.
WARNING: [HLS 200-2042] Usage of URAM can potentially cause worse II as Vitis HLS does not exploit read-first mode for URAMs. Consider using BRAMs instead.
WARNING: [HLS 200-2042] Usage of URAM can potentially cause worse II as Vitis HLS does not exploit read-first mode for URAMs. Consider using BRAMs instead.
WARNING: [HLS 200-2042] Usage of URAM can potentially cause worse II as Vitis HLS does not exploit read-first mode for URAMs. Consider using BRAMs instead.
WARNING: [HLS 200-2042] Usage of URAM can potentially cause worse II as Vitis HLS does not exploit read-first mode for URAMs. Consider using BRAMs instead.
WARNING: [HLS 200-2042] Usage of URAM can potentially cause worse II as Vitis HLS does not exploit read-first mode for URAMs. Consider using BRAMs instead.
WARNING: [HLS 200-2042] Usage of URAM can potentially cause worse II as Vitis HLS does not exploit read-first mode for URAMs. Consider using BRAMs instead.
WARNING: [HLS 200-2042] Usage of URAM can potentially cause worse II as Vitis HLS does not exploit read-first mode for URAMs. Consider using BRAMs instead.
WARNING: [HLS 200-2042] Usage of URAM can potentially cause worse II as Vitis HLS does not exploit read-first mode for URAMs. Consider using BRAMs instead.
WARNING: [HLS 200-2042] Usage of URAM can potentially cause worse II as Vitis HLS does not exploit read-first mode for URAMs. Consider using BRAMs instead.
WARNING: [HLS 200-2042] Usage of URAM can potentially cause worse II as Vitis HLS does not exploit read-first mode for URAMs. Consider using BRAMs instead.
WARNING: [HLS 200-2042] Usage of URAM can potentially cause worse II as Vitis HLS does not exploit read-first mode for URAMs. Consider using BRAMs instead.
WARNING: [HLS 200-2042] Usage of URAM can potentially cause worse II as Vitis HLS does not exploit read-first mode for URAMs. Consider using BRAMs instead.
WARNING: [HLS 200-2042] Usage of URAM can potentially cause worse II as Vitis HLS does not exploit read-first mode for URAMs. Consider using BRAMs instead.
WARNING: [HLS 200-2042] Usage of URAM can potentially cause worse II as Vitis HLS does not exploit read-first mode for URAMs. Consider using BRAMs instead.
WARNING: [HLS 200-2042] Usage of URAM can potentially cause worse II as Vitis HLS does not exploit read-first mode for URAMs. Consider using BRAMs instead.
WARNING: [HLS 200-2042] Usage of URAM can potentially cause worse II as Vitis HLS does not exploit read-first mode for URAMs. Consider using BRAMs instead.
WARNING: [HLS 200-2042] Usage of URAM can potentially cause worse II as Vitis HLS does not exploit read-first mode for URAMs. Consider using BRAMs instead.
WARNING: [HLS 200-2042] Usage of URAM can potentially cause worse II as Vitis HLS does not exploit read-first mode for URAMs. Consider using BRAMs instead.
WARNING: [HLS 200-2042] Usage of URAM can potentially cause worse II as Vitis HLS does not exploit read-first mode for URAMs. Consider using BRAMs instead.
WARNING: [HLS 200-2042] Usage of URAM can potentially cause worse II as Vitis HLS does not exploit read-first mode for URAMs. Consider using BRAMs instead.
WARNING: [HLS 200-2042] Usage of URAM can potentially cause worse II as Vitis HLS does not exploit read-first mode for URAMs. Consider using BRAMs instead.
WARNING: [HLS 200-2042] Usage of URAM can potentially cause worse II as Vitis HLS does not exploit read-first mode for URAMs. Consider using BRAMs instead.
WARNING: [HLS 200-2042] Usage of URAM can potentially cause worse II as Vitis HLS does not exploit read-first mode for URAMs. Consider using BRAMs instead.
WARNING: [HLS 200-2042] Usage of URAM can potentially cause worse II as Vitis HLS does not exploit read-first mode for URAMs. Consider using BRAMs instead.
WARNING: [HLS 200-2042] Usage of URAM can potentially cause worse II as Vitis HLS does not exploit read-first mode for URAMs. Consider using BRAMs instead.
WARNING: [HLS 200-2042] Usage of URAM can potentially cause worse II as Vitis HLS does not exploit read-first mode for URAMs. Consider using BRAMs instead.
WARNING: [HLS 200-2042] Usage of URAM can potentially cause worse II as Vitis HLS does not exploit read-first mode for URAMs. Consider using BRAMs instead.
WARNING: [HLS 200-2042] Usage of URAM can potentially cause worse II as Vitis HLS does not exploit read-first mode for URAMs. Consider using BRAMs instead.
WARNING: [HLS 200-2042] Usage of URAM can potentially cause worse II as Vitis HLS does not exploit read-first mode for URAMs. Consider using BRAMs instead.
WARNING: [HLS 200-2042] Usage of URAM can potentially cause worse II as Vitis HLS does not exploit read-first mode for URAMs. Consider using BRAMs instead.
WARNING: [HLS 200-2042] Usage of URAM can potentially cause worse II as Vitis HLS does not exploit read-first mode for URAMs. Consider using BRAMs instead.
WARNING: [HLS 200-2042] Usage of URAM can potentially cause worse II as Vitis HLS does not exploit read-first mode for URAMs. Consider using BRAMs instead.
WARNING: [HLS 200-2042] Usage of URAM can potentially cause worse II as Vitis HLS does not exploit read-first mode for URAMs. Consider using BRAMs instead.
WARNING: [HLS 200-2042] Usage of URAM can potentially cause worse II as Vitis HLS does not exploit read-first mode for URAMs. Consider using BRAMs instead.
WARNING: [HLS 200-2042] Usage of URAM can potentially cause worse II as Vitis HLS does not exploit read-first mode for URAMs. Consider using BRAMs instead.
WARNING: [HLS 200-2042] Usage of URAM can potentially cause worse II as Vitis HLS does not exploit read-first mode for URAMs. Consider using BRAMs instead.
WARNING: [HLS 200-2042] Usage of URAM can potentially cause worse II as Vitis HLS does not exploit read-first mode for URAMs. Consider using BRAMs instead.
WARNING: [HLS 200-2042] Usage of URAM can potentially cause worse II as Vitis HLS does not exploit read-first mode for URAMs. Consider using BRAMs instead.
WARNING: [HLS 200-2042] Usage of URAM can potentially cause worse II as Vitis HLS does not exploit read-first mode for URAMs. Consider using BRAMs instead.
WARNING: [HLS 200-2042] Usage of URAM can potentially cause worse II as Vitis HLS does not exploit read-first mode for URAMs. Consider using BRAMs instead.
WARNING: [HLS 200-2042] Usage of URAM can potentially cause worse II as Vitis HLS does not exploit read-first mode for URAMs. Consider using BRAMs instead.
WARNING: [HLS 200-2042] Usage of URAM can potentially cause worse II as Vitis HLS does not exploit read-first mode for URAMs. Consider using BRAMs instead.
WARNING: [HLS 200-2042] Usage of URAM can potentially cause worse II as Vitis HLS does not exploit read-first mode for URAMs. Consider using BRAMs instead.
WARNING: [HLS 200-2042] Usage of URAM can potentially cause worse II as Vitis HLS does not exploit read-first mode for URAMs. Consider using BRAMs instead.
WARNING: [HLS 200-2042] Usage of URAM can potentially cause worse II as Vitis HLS does not exploit read-first mode for URAMs. Consider using BRAMs instead.
WARNING: [HLS 200-2042] Usage of URAM can potentially cause worse II as Vitis HLS does not exploit read-first mode for URAMs. Consider using BRAMs instead.
WARNING: [HLS 200-2042] Usage of URAM can potentially cause worse II as Vitis HLS does not exploit read-first mode for URAMs. Consider using BRAMs instead.
WARNING: [HLS 200-2042] Usage of URAM can potentially cause worse II as Vitis HLS does not exploit read-first mode for URAMs. Consider using BRAMs instead.
WARNING: [HLS 200-2042] Usage of URAM can potentially cause worse II as Vitis HLS does not exploit read-first mode for URAMs. Consider using BRAMs instead.
WARNING: [HLS 200-2042] Usage of URAM can potentially cause worse II as Vitis HLS does not exploit read-first mode for URAMs. Consider using BRAMs instead.
WARNING: [HLS 200-2042] Usage of URAM can potentially cause worse II as Vitis HLS does not exploit read-first mode for URAMs. Consider using BRAMs instead.
WARNING: [HLS 200-2042] Usage of URAM can potentially cause worse II as Vitis HLS does not exploit read-first mode for URAMs. Consider using BRAMs instead.
WARNING: [HLS 200-2042] Usage of URAM can potentially cause worse II as Vitis HLS does not exploit read-first mode for URAMs. Consider using BRAMs instead.
WARNING: [HLS 200-2042] Usage of URAM can potentially cause worse II as Vitis HLS does not exploit read-first mode for URAMs. Consider using BRAMs instead.
WARNING: [HLS 200-2042] Usage of URAM can potentially cause worse II as Vitis HLS does not exploit read-first mode for URAMs. Consider using BRAMs instead.
WARNING: [HLS 200-2042] Usage of URAM can potentially cause worse II as Vitis HLS does not exploit read-first mode for URAMs. Consider using BRAMs instead.
WARNING: [HLS 200-2042] Usage of URAM can potentially cause worse II as Vitis HLS does not exploit read-first mode for URAMs. Consider using BRAMs instead.
WARNING: [HLS 200-2042] Usage of URAM can potentially cause worse II as Vitis HLS does not exploit read-first mode for URAMs. Consider using BRAMs instead.
WARNING: [HLS 200-2042] Usage of URAM can potentially cause worse II as Vitis HLS does not exploit read-first mode for URAMs. Consider using BRAMs instead.
WARNING: [HLS 200-2042] Usage of URAM can potentially cause worse II as Vitis HLS does not exploit read-first mode for URAMs. Consider using BRAMs instead.
WARNING: [HLS 200-2042] Usage of URAM can potentially cause worse II as Vitis HLS does not exploit read-first mode for URAMs. Consider using BRAMs instead.
WARNING: [HLS 200-2042] Usage of URAM can potentially cause worse II as Vitis HLS does not exploit read-first mode for URAMs. Consider using BRAMs instead.
WARNING: [HLS 200-2042] Usage of URAM can potentially cause worse II as Vitis HLS does not exploit read-first mode for URAMs. Consider using BRAMs instead.
WARNING: [HLS 200-2042] Usage of URAM can potentially cause worse II as Vitis HLS does not exploit read-first mode for URAMs. Consider using BRAMs instead.
WARNING: [HLS 200-2042] Usage of URAM can potentially cause worse II as Vitis HLS does not exploit read-first mode for URAMs. Consider using BRAMs instead.
WARNING: [HLS 200-2042] Usage of URAM can potentially cause worse II as Vitis HLS does not exploit read-first mode for URAMs. Consider using BRAMs instead.
WARNING: [HLS 200-2042] Usage of URAM can potentially cause worse II as Vitis HLS does not exploit read-first mode for URAMs. Consider using BRAMs instead.
WARNING: [HLS 200-2042] Usage of URAM can potentially cause worse II as Vitis HLS does not exploit read-first mode for URAMs. Consider using BRAMs instead.
WARNING: [HLS 200-2042] Usage of URAM can potentially cause worse II as Vitis HLS does not exploit read-first mode for URAMs. Consider using BRAMs instead.
WARNING: [HLS 200-2042] Usage of URAM can potentially cause worse II as Vitis HLS does not exploit read-first mode for URAMs. Consider using BRAMs instead.
WARNING: [HLS 200-2042] Usage of URAM can potentially cause worse II as Vitis HLS does not exploit read-first mode for URAMs. Consider using BRAMs instead.
WARNING: [HLS 200-2042] Usage of URAM can potentially cause worse II as Vitis HLS does not exploit read-first mode for URAMs. Consider using BRAMs instead.
WARNING: [HLS 200-2042] Usage of URAM can potentially cause worse II as Vitis HLS does not exploit read-first mode for URAMs. Consider using BRAMs instead.
WARNING: [HLS 200-2042] Usage of URAM can potentially cause worse II as Vitis HLS does not exploit read-first mode for URAMs. Consider using BRAMs instead.
WARNING: [HLS 200-2042] Usage of URAM can potentially cause worse II as Vitis HLS does not exploit read-first mode for URAMs. Consider using BRAMs instead.
WARNING: [HLS 200-2042] Usage of URAM can potentially cause worse II as Vitis HLS does not exploit read-first mode for URAMs. Consider using BRAMs instead.
WARNING: [HLS 200-2042] Usage of URAM can potentially cause worse II as Vitis HLS does not exploit read-first mode for URAMs. Consider using BRAMs instead.
WARNING: [HLS 200-2042] Usage of URAM can potentially cause worse II as Vitis HLS does not exploit read-first mode for URAMs. Consider using BRAMs instead.
WARNING: [HLS 200-2042] Usage of URAM can potentially cause worse II as Vitis HLS does not exploit read-first mode for URAMs. Consider using BRAMs instead.
WARNING: [HLS 200-2042] Usage of URAM can potentially cause worse II as Vitis HLS does not exploit read-first mode for URAMs. Consider using BRAMs instead.
WARNING: [HLS 200-2042] Usage of URAM can potentially cause worse II as Vitis HLS does not exploit read-first mode for URAMs. Consider using BRAMs instead.
WARNING: [HLS 200-2042] Usage of URAM can potentially cause worse II as Vitis HLS does not exploit read-first mode for URAMs. Consider using BRAMs instead.
WARNING: [HLS 200-2042] Usage of URAM can potentially cause worse II as Vitis HLS does not exploit read-first mode for URAMs. Consider using BRAMs instead.
WARNING: [HLS 200-2042] Usage of URAM can potentially cause worse II as Vitis HLS does not exploit read-first mode for URAMs. Consider using BRAMs instead.
WARNING: [HLS 200-2042] Usage of URAM can potentially cause worse II as Vitis HLS does not exploit read-first mode for URAMs. Consider using BRAMs instead.
WARNING: [HLS 200-2042] Usage of URAM can potentially cause worse II as Vitis HLS does not exploit read-first mode for URAMs. Consider using BRAMs instead.
WARNING: [HLS 200-2042] Usage of URAM can potentially cause worse II as Vitis HLS does not exploit read-first mode for URAMs. Consider using BRAMs instead.
WARNING: [HLS 200-2042] Usage of URAM can potentially cause worse II as Vitis HLS does not exploit read-first mode for URAMs. Consider using BRAMs instead.
WARNING: [HLS 200-2042] Usage of URAM can potentially cause worse II as Vitis HLS does not exploit read-first mode for URAMs. Consider using BRAMs instead.
WARNING: [HLS 200-2042] Usage of URAM can potentially cause worse II as Vitis HLS does not exploit read-first mode for URAMs. Consider using BRAMs instead.
WARNING: [HLS 200-2042] Usage of URAM can potentially cause worse II as Vitis HLS does not exploit read-first mode for URAMs. Consider using BRAMs instead.
WARNING: [HLS 200-2042] Usage of URAM can potentially cause worse II as Vitis HLS does not exploit read-first mode for URAMs. Consider using BRAMs instead.
WARNING: [HLS 200-2042] Usage of URAM can potentially cause worse II as Vitis HLS does not exploit read-first mode for URAMs. Consider using BRAMs instead.
WARNING: [HLS 200-2042] Usage of URAM can potentially cause worse II as Vitis HLS does not exploit read-first mode for URAMs. Consider using BRAMs instead.
WARNING: [HLS 200-2042] Usage of URAM can potentially cause worse II as Vitis HLS does not exploit read-first mode for URAMs. Consider using BRAMs instead.
WARNING: [HLS 200-2042] Usage of URAM can potentially cause worse II as Vitis HLS does not exploit read-first mode for URAMs. Consider using BRAMs instead.
WARNING: [HLS 200-2042] Usage of URAM can potentially cause worse II as Vitis HLS does not exploit read-first mode for URAMs. Consider using BRAMs instead.
WARNING: [HLS 200-2042] Usage of URAM can potentially cause worse II as Vitis HLS does not exploit read-first mode for URAMs. Consider using BRAMs instead.
WARNING: [HLS 200-2042] Usage of URAM can potentially cause worse II as Vitis HLS does not exploit read-first mode for URAMs. Consider using BRAMs instead.
WARNING: [HLS 200-2042] Usage of URAM can potentially cause worse II as Vitis HLS does not exploit read-first mode for URAMs. Consider using BRAMs instead.
WARNING: [HLS 200-2042] Usage of URAM can potentially cause worse II as Vitis HLS does not exploit read-first mode for URAMs. Consider using BRAMs instead.
WARNING: [HLS 200-2042] Usage of URAM can potentially cause worse II as Vitis HLS does not exploit read-first mode for URAMs. Consider using BRAMs instead.
WARNING: [HLS 200-2042] Usage of URAM can potentially cause worse II as Vitis HLS does not exploit read-first mode for URAMs. Consider using BRAMs instead.
WARNING: [HLS 200-2042] Usage of URAM can potentially cause worse II as Vitis HLS does not exploit read-first mode for URAMs. Consider using BRAMs instead.
WARNING: [HLS 200-2042] Usage of URAM can potentially cause worse II as Vitis HLS does not exploit read-first mode for URAMs. Consider using BRAMs instead.
WARNING: [HLS 200-2042] Usage of URAM can potentially cause worse II as Vitis HLS does not exploit read-first mode for URAMs. Consider using BRAMs instead.
WARNING: [HLS 200-2042] Usage of URAM can potentially cause worse II as Vitis HLS does not exploit read-first mode for URAMs. Consider using BRAMs instead.
WARNING: [HLS 200-2042] Usage of URAM can potentially cause worse II as Vitis HLS does not exploit read-first mode for URAMs. Consider using BRAMs instead.
WARNING: [HLS 200-2042] Usage of URAM can potentially cause worse II as Vitis HLS does not exploit read-first mode for URAMs. Consider using BRAMs instead.
WARNING: [HLS 200-2042] Usage of URAM can potentially cause worse II as Vitis HLS does not exploit read-first mode for URAMs. Consider using BRAMs instead.
WARNING: [HLS 200-2042] Usage of URAM can potentially cause worse II as Vitis HLS does not exploit read-first mode for URAMs. Consider using BRAMs instead.
WARNING: [HLS 200-2042] Usage of URAM can potentially cause worse II as Vitis HLS does not exploit read-first mode for URAMs. Consider using BRAMs instead.
WARNING: [HLS 200-2042] Usage of URAM can potentially cause worse II as Vitis HLS does not exploit read-first mode for URAMs. Consider using BRAMs instead.
WARNING: [HLS 200-2042] Usage of URAM can potentially cause worse II as Vitis HLS does not exploit read-first mode for URAMs. Consider using BRAMs instead.
WARNING: [HLS 200-2042] Usage of URAM can potentially cause worse II as Vitis HLS does not exploit read-first mode for URAMs. Consider using BRAMs instead.
WARNING: [HLS 200-2042] Usage of URAM can potentially cause worse II as Vitis HLS does not exploit read-first mode for URAMs. Consider using BRAMs instead.
WARNING: [HLS 200-2042] Usage of URAM can potentially cause worse II as Vitis HLS does not exploit read-first mode for URAMs. Consider using BRAMs instead.
WARNING: [HLS 200-2042] Usage of URAM can potentially cause worse II as Vitis HLS does not exploit read-first mode for URAMs. Consider using BRAMs instead.
WARNING: [HLS 200-2042] Usage of URAM can potentially cause worse II as Vitis HLS does not exploit read-first mode for URAMs. Consider using BRAMs instead.
WARNING: [HLS 200-2042] Usage of URAM can potentially cause worse II as Vitis HLS does not exploit read-first mode for URAMs. Consider using BRAMs instead.
WARNING: [HLS 200-2042] Usage of URAM can potentially cause worse II as Vitis HLS does not exploit read-first mode for URAMs. Consider using BRAMs instead.
WARNING: [HLS 200-2042] Usage of URAM can potentially cause worse II as Vitis HLS does not exploit read-first mode for URAMs. Consider using BRAMs instead.
WARNING: [HLS 200-2042] Usage of URAM can potentially cause worse II as Vitis HLS does not exploit read-first mode for URAMs. Consider using BRAMs instead.
WARNING: [HLS 200-2042] Usage of URAM can potentially cause worse II as Vitis HLS does not exploit read-first mode for URAMs. Consider using BRAMs instead.
WARNING: [HLS 200-2042] Usage of URAM can potentially cause worse II as Vitis HLS does not exploit read-first mode for URAMs. Consider using BRAMs instead.
WARNING: [HLS 200-2042] Usage of URAM can potentially cause worse II as Vitis HLS does not exploit read-first mode for URAMs. Consider using BRAMs instead.
WARNING: [HLS 200-2042] Usage of URAM can potentially cause worse II as Vitis HLS does not exploit read-first mode for URAMs. Consider using BRAMs instead.
WARNING: [HLS 200-2042] Usage of URAM can potentially cause worse II as Vitis HLS does not exploit read-first mode for URAMs. Consider using BRAMs instead.
WARNING: [HLS 200-2042] Usage of URAM can potentially cause worse II as Vitis HLS does not exploit read-first mode for URAMs. Consider using BRAMs instead.
WARNING: [HLS 200-2042] Usage of URAM can potentially cause worse II as Vitis HLS does not exploit read-first mode for URAMs. Consider using BRAMs instead.
WARNING: [HLS 200-2042] Usage of URAM can potentially cause worse II as Vitis HLS does not exploit read-first mode for URAMs. Consider using BRAMs instead.
WARNING: [HLS 200-2042] Usage of URAM can potentially cause worse II as Vitis HLS does not exploit read-first mode for URAMs. Consider using BRAMs instead.
WARNING: [HLS 200-2042] Usage of URAM can potentially cause worse II as Vitis HLS does not exploit read-first mode for URAMs. Consider using BRAMs instead.
WARNING: [HLS 200-2042] Usage of URAM can potentially cause worse II as Vitis HLS does not exploit read-first mode for URAMs. Consider using BRAMs instead.
WARNING: [HLS 200-2042] Usage of URAM can potentially cause worse II as Vitis HLS does not exploit read-first mode for URAMs. Consider using BRAMs instead.
WARNING: [HLS 200-2042] Usage of URAM can potentially cause worse II as Vitis HLS does not exploit read-first mode for URAMs. Consider using BRAMs instead.
WARNING: [HLS 200-2042] Usage of URAM can potentially cause worse II as Vitis HLS does not exploit read-first mode for URAMs. Consider using BRAMs instead.
WARNING: [HLS 200-2042] Usage of URAM can potentially cause worse II as Vitis HLS does not exploit read-first mode for URAMs. Consider using BRAMs instead.
WARNING: [HLS 200-2042] Usage of URAM can potentially cause worse II as Vitis HLS does not exploit read-first mode for URAMs. Consider using BRAMs instead.
WARNING: [HLS 200-2042] Usage of URAM can potentially cause worse II as Vitis HLS does not exploit read-first mode for URAMs. Consider using BRAMs instead.
WARNING: [HLS 200-2042] Usage of URAM can potentially cause worse II as Vitis HLS does not exploit read-first mode for URAMs. Consider using BRAMs instead.
WARNING: [HLS 200-2042] Usage of URAM can potentially cause worse II as Vitis HLS does not exploit read-first mode for URAMs. Consider using BRAMs instead.
WARNING: [HLS 200-2042] Usage of URAM can potentially cause worse II as Vitis HLS does not exploit read-first mode for URAMs. Consider using BRAMs instead.
WARNING: [HLS 200-2042] Usage of URAM can potentially cause worse II as Vitis HLS does not exploit read-first mode for URAMs. Consider using BRAMs instead.
WARNING: [HLS 200-2042] Usage of URAM can potentially cause worse II as Vitis HLS does not exploit read-first mode for URAMs. Consider using BRAMs instead.
WARNING: [HLS 200-2042] Usage of URAM can potentially cause worse II as Vitis HLS does not exploit read-first mode for URAMs. Consider using BRAMs instead.
WARNING: [HLS 200-2042] Usage of URAM can potentially cause worse II as Vitis HLS does not exploit read-first mode for URAMs. Consider using BRAMs instead.
WARNING: [HLS 200-2042] Usage of URAM can potentially cause worse II as Vitis HLS does not exploit read-first mode for URAMs. Consider using BRAMs instead.
WARNING: [HLS 200-2042] Usage of URAM can potentially cause worse II as Vitis HLS does not exploit read-first mode for URAMs. Consider using BRAMs instead.
WARNING: [HLS 200-2042] Usage of URAM can potentially cause worse II as Vitis HLS does not exploit read-first mode for URAMs. Consider using BRAMs instead.
WARNING: [HLS 200-2042] Usage of URAM can potentially cause worse II as Vitis HLS does not exploit read-first mode for URAMs. Consider using BRAMs instead.
WARNING: [HLS 200-2042] Usage of URAM can potentially cause worse II as Vitis HLS does not exploit read-first mode for URAMs. Consider using BRAMs instead.
WARNING: [HLS 200-2042] Usage of URAM can potentially cause worse II as Vitis HLS does not exploit read-first mode for URAMs. Consider using BRAMs instead.
WARNING: [HLS 200-2042] Usage of URAM can potentially cause worse II as Vitis HLS does not exploit read-first mode for URAMs. Consider using BRAMs instead.
WARNING: [HLS 200-2042] Usage of URAM can potentially cause worse II as Vitis HLS does not exploit read-first mode for URAMs. Consider using BRAMs instead.
WARNING: [HLS 200-2042] Usage of URAM can potentially cause worse II as Vitis HLS does not exploit read-first mode for URAMs. Consider using BRAMs instead.
WARNING: [HLS 200-2042] Usage of URAM can potentially cause worse II as Vitis HLS does not exploit read-first mode for URAMs. Consider using BRAMs instead.
WARNING: [HLS 200-2042] Usage of URAM can potentially cause worse II as Vitis HLS does not exploit read-first mode for URAMs. Consider using BRAMs instead.
WARNING: [HLS 200-2042] Usage of URAM can potentially cause worse II as Vitis HLS does not exploit read-first mode for URAMs. Consider using BRAMs instead.
WARNING: [HLS 200-2042] Usage of URAM can potentially cause worse II as Vitis HLS does not exploit read-first mode for URAMs. Consider using BRAMs instead.
WARNING: [HLS 200-2042] Usage of URAM can potentially cause worse II as Vitis HLS does not exploit read-first mode for URAMs. Consider using BRAMs instead.
WARNING: [HLS 200-2042] Usage of URAM can potentially cause worse II as Vitis HLS does not exploit read-first mode for URAMs. Consider using BRAMs instead.
WARNING: [HLS 200-2042] Usage of URAM can potentially cause worse II as Vitis HLS does not exploit read-first mode for URAMs. Consider using BRAMs instead.
WARNING: [HLS 200-2042] Usage of URAM can potentially cause worse II as Vitis HLS does not exploit read-first mode for URAMs. Consider using BRAMs instead.
WARNING: [HLS 200-2042] Usage of URAM can potentially cause worse II as Vitis HLS does not exploit read-first mode for URAMs. Consider using BRAMs instead.
WARNING: [HLS 200-2042] Usage of URAM can potentially cause worse II as Vitis HLS does not exploit read-first mode for URAMs. Consider using BRAMs instead.
WARNING: [HLS 200-2042] Usage of URAM can potentially cause worse II as Vitis HLS does not exploit read-first mode for URAMs. Consider using BRAMs instead.
WARNING: [HLS 200-2042] Usage of URAM can potentially cause worse II as Vitis HLS does not exploit read-first mode for URAMs. Consider using BRAMs instead.
WARNING: [HLS 200-2042] Usage of URAM can potentially cause worse II as Vitis HLS does not exploit read-first mode for URAMs. Consider using BRAMs instead.
WARNING: [HLS 200-2042] Usage of URAM can potentially cause worse II as Vitis HLS does not exploit read-first mode for URAMs. Consider using BRAMs instead.
WARNING: [HLS 200-2042] Usage of URAM can potentially cause worse II as Vitis HLS does not exploit read-first mode for URAMs. Consider using BRAMs instead.
WARNING: [HLS 200-2042] Usage of URAM can potentially cause worse II as Vitis HLS does not exploit read-first mode for URAMs. Consider using BRAMs instead.
WARNING: [HLS 200-2042] Usage of URAM can potentially cause worse II as Vitis HLS does not exploit read-first mode for URAMs. Consider using BRAMs instead.
WARNING: [HLS 200-2042] Usage of URAM can potentially cause worse II as Vitis HLS does not exploit read-first mode for URAMs. Consider using BRAMs instead.
WARNING: [HLS 200-2042] Usage of URAM can potentially cause worse II as Vitis HLS does not exploit read-first mode for URAMs. Consider using BRAMs instead.
WARNING: [HLS 200-2042] Usage of URAM can potentially cause worse II as Vitis HLS does not exploit read-first mode for URAMs. Consider using BRAMs instead.
WARNING: [HLS 200-2042] Usage of URAM can potentially cause worse II as Vitis HLS does not exploit read-first mode for URAMs. Consider using BRAMs instead.
WARNING: [HLS 200-2042] Usage of URAM can potentially cause worse II as Vitis HLS does not exploit read-first mode for URAMs. Consider using BRAMs instead.
WARNING: [HLS 200-2042] Usage of URAM can potentially cause worse II as Vitis HLS does not exploit read-first mode for URAMs. Consider using BRAMs instead.
WARNING: [HLS 200-2042] Usage of URAM can potentially cause worse II as Vitis HLS does not exploit read-first mode for URAMs. Consider using BRAMs instead.
WARNING: [HLS 200-2042] Usage of URAM can potentially cause worse II as Vitis HLS does not exploit read-first mode for URAMs. Consider using BRAMs instead.
WARNING: [HLS 200-2042] Usage of URAM can potentially cause worse II as Vitis HLS does not exploit read-first mode for URAMs. Consider using BRAMs instead.
WARNING: [HLS 200-2042] Usage of URAM can potentially cause worse II as Vitis HLS does not exploit read-first mode for URAMs. Consider using BRAMs instead.
WARNING: [HLS 200-2042] Usage of URAM can potentially cause worse II as Vitis HLS does not exploit read-first mode for URAMs. Consider using BRAMs instead.
WARNING: [HLS 200-2042] Usage of URAM can potentially cause worse II as Vitis HLS does not exploit read-first mode for URAMs. Consider using BRAMs instead.
WARNING: [HLS 200-2042] Usage of URAM can potentially cause worse II as Vitis HLS does not exploit read-first mode for URAMs. Consider using BRAMs instead.
WARNING: [HLS 200-2042] Usage of URAM can potentially cause worse II as Vitis HLS does not exploit read-first mode for URAMs. Consider using BRAMs instead.
WARNING: [HLS 200-2042] Usage of URAM can potentially cause worse II as Vitis HLS does not exploit read-first mode for URAMs. Consider using BRAMs instead.
WARNING: [HLS 200-2042] Usage of URAM can potentially cause worse II as Vitis HLS does not exploit read-first mode for URAMs. Consider using BRAMs instead.
WARNING: [HLS 200-2042] Usage of URAM can potentially cause worse II as Vitis HLS does not exploit read-first mode for URAMs. Consider using BRAMs instead.
WARNING: [HLS 200-2042] Usage of URAM can potentially cause worse II as Vitis HLS does not exploit read-first mode for URAMs. Consider using BRAMs instead.
WARNING: [HLS 200-2042] Usage of URAM can potentially cause worse II as Vitis HLS does not exploit read-first mode for URAMs. Consider using BRAMs instead.
WARNING: [HLS 200-2042] Usage of URAM can potentially cause worse II as Vitis HLS does not exploit read-first mode for URAMs. Consider using BRAMs instead.
WARNING: [HLS 200-2042] Usage of URAM can potentially cause worse II as Vitis HLS does not exploit read-first mode for URAMs. Consider using BRAMs instead.
WARNING: [HLS 200-2042] Usage of URAM can potentially cause worse II as Vitis HLS does not exploit read-first mode for URAMs. Consider using BRAMs instead.
WARNING: [HLS 200-2042] Usage of URAM can potentially cause worse II as Vitis HLS does not exploit read-first mode for URAMs. Consider using BRAMs instead.
WARNING: [HLS 200-2042] Usage of URAM can potentially cause worse II as Vitis HLS does not exploit read-first mode for URAMs. Consider using BRAMs instead.
WARNING: [HLS 200-2042] Usage of URAM can potentially cause worse II as Vitis HLS does not exploit read-first mode for URAMs. Consider using BRAMs instead.
WARNING: [HLS 200-2042] Usage of URAM can potentially cause worse II as Vitis HLS does not exploit read-first mode for URAMs. Consider using BRAMs instead.
WARNING: [HLS 200-2042] Usage of URAM can potentially cause worse II as Vitis HLS does not exploit read-first mode for URAMs. Consider using BRAMs instead.
WARNING: [HLS 200-2042] Usage of URAM can potentially cause worse II as Vitis HLS does not exploit read-first mode for URAMs. Consider using BRAMs instead.
WARNING: [HLS 200-2042] Usage of URAM can potentially cause worse II as Vitis HLS does not exploit read-first mode for URAMs. Consider using BRAMs instead.
WARNING: [HLS 200-2042] Usage of URAM can potentially cause worse II as Vitis HLS does not exploit read-first mode for URAMs. Consider using BRAMs instead.
WARNING: [HLS 200-2042] Usage of URAM can potentially cause worse II as Vitis HLS does not exploit read-first mode for URAMs. Consider using BRAMs instead.
WARNING: [HLS 200-2042] Usage of URAM can potentially cause worse II as Vitis HLS does not exploit read-first mode for URAMs. Consider using BRAMs instead.
WARNING: [HLS 200-2042] Usage of URAM can potentially cause worse II as Vitis HLS does not exploit read-first mode for URAMs. Consider using BRAMs instead.
WARNING: [HLS 200-2042] Usage of URAM can potentially cause worse II as Vitis HLS does not exploit read-first mode for URAMs. Consider using BRAMs instead.
WARNING: [HLS 200-2042] Usage of URAM can potentially cause worse II as Vitis HLS does not exploit read-first mode for URAMs. Consider using BRAMs instead.
WARNING: [HLS 200-2042] Usage of URAM can potentially cause worse II as Vitis HLS does not exploit read-first mode for URAMs. Consider using BRAMs instead.
WARNING: [HLS 200-2042] Usage of URAM can potentially cause worse II as Vitis HLS does not exploit read-first mode for URAMs. Consider using BRAMs instead.
WARNING: [HLS 200-2042] Usage of URAM can potentially cause worse II as Vitis HLS does not exploit read-first mode for URAMs. Consider using BRAMs instead.
WARNING: [HLS 200-2042] Usage of URAM can potentially cause worse II as Vitis HLS does not exploit read-first mode for URAMs. Consider using BRAMs instead.
WARNING: [HLS 200-2042] Usage of URAM can potentially cause worse II as Vitis HLS does not exploit read-first mode for URAMs. Consider using BRAMs instead.
WARNING: [HLS 200-2042] Usage of URAM can potentially cause worse II as Vitis HLS does not exploit read-first mode for URAMs. Consider using BRAMs instead.
WARNING: [HLS 200-2042] Usage of URAM can potentially cause worse II as Vitis HLS does not exploit read-first mode for URAMs. Consider using BRAMs instead.
WARNING: [HLS 200-2042] Usage of URAM can potentially cause worse II as Vitis HLS does not exploit read-first mode for URAMs. Consider using BRAMs instead.
WARNING: [HLS 200-2042] Usage of URAM can potentially cause worse II as Vitis HLS does not exploit read-first mode for URAMs. Consider using BRAMs instead.
WARNING: [HLS 200-2042] Usage of URAM can potentially cause worse II as Vitis HLS does not exploit read-first mode for URAMs. Consider using BRAMs instead.
WARNING: [HLS 200-2042] Usage of URAM can potentially cause worse II as Vitis HLS does not exploit read-first mode for URAMs. Consider using BRAMs instead.
WARNING: [HLS 200-2042] Usage of URAM can potentially cause worse II as Vitis HLS does not exploit read-first mode for URAMs. Consider using BRAMs instead.
WARNING: [HLS 200-2042] Usage of URAM can potentially cause worse II as Vitis HLS does not exploit read-first mode for URAMs. Consider using BRAMs instead.
WARNING: [HLS 200-2042] Usage of URAM can potentially cause worse II as Vitis HLS does not exploit read-first mode for URAMs. Consider using BRAMs instead.
WARNING: [HLS 200-2042] Usage of URAM can potentially cause worse II as Vitis HLS does not exploit read-first mode for URAMs. Consider using BRAMs instead.
WARNING: [HLS 200-2042] Usage of URAM can potentially cause worse II as Vitis HLS does not exploit read-first mode for URAMs. Consider using BRAMs instead.
WARNING: [HLS 200-2042] Usage of URAM can potentially cause worse II as Vitis HLS does not exploit read-first mode for URAMs. Consider using BRAMs instead.
WARNING: [HLS 200-2042] Usage of URAM can potentially cause worse II as Vitis HLS does not exploit read-first mode for URAMs. Consider using BRAMs instead.
WARNING: [HLS 200-2042] Usage of URAM can potentially cause worse II as Vitis HLS does not exploit read-first mode for URAMs. Consider using BRAMs instead.
WARNING: [HLS 200-2042] Usage of URAM can potentially cause worse II as Vitis HLS does not exploit read-first mode for URAMs. Consider using BRAMs instead.
WARNING: [HLS 200-2042] Usage of URAM can potentially cause worse II as Vitis HLS does not exploit read-first mode for URAMs. Consider using BRAMs instead.
WARNING: [HLS 200-2042] Usage of URAM can potentially cause worse II as Vitis HLS does not exploit read-first mode for URAMs. Consider using BRAMs instead.
WARNING: [HLS 200-2042] Usage of URAM can potentially cause worse II as Vitis HLS does not exploit read-first mode for URAMs. Consider using BRAMs instead.
WARNING: [HLS 200-2042] Usage of URAM can potentially cause worse II as Vitis HLS does not exploit read-first mode for URAMs. Consider using BRAMs instead.
WARNING: [HLS 200-2042] Usage of URAM can potentially cause worse II as Vitis HLS does not exploit read-first mode for URAMs. Consider using BRAMs instead.
WARNING: [HLS 200-2042] Usage of URAM can potentially cause worse II as Vitis HLS does not exploit read-first mode for URAMs. Consider using BRAMs instead.
WARNING: [HLS 200-2042] Usage of URAM can potentially cause worse II as Vitis HLS does not exploit read-first mode for URAMs. Consider using BRAMs instead.
WARNING: [HLS 200-2042] Usage of URAM can potentially cause worse II as Vitis HLS does not exploit read-first mode for URAMs. Consider using BRAMs instead.
WARNING: [HLS 200-2042] Usage of URAM can potentially cause worse II as Vitis HLS does not exploit read-first mode for URAMs. Consider using BRAMs instead.
WARNING: [HLS 200-2042] Usage of URAM can potentially cause worse II as Vitis HLS does not exploit read-first mode for URAMs. Consider using BRAMs instead.
WARNING: [HLS 200-2042] Usage of URAM can potentially cause worse II as Vitis HLS does not exploit read-first mode for URAMs. Consider using BRAMs instead.
WARNING: [HLS 200-2042] Usage of URAM can potentially cause worse II as Vitis HLS does not exploit read-first mode for URAMs. Consider using BRAMs instead.
WARNING: [HLS 200-2042] Usage of URAM can potentially cause worse II as Vitis HLS does not exploit read-first mode for URAMs. Consider using BRAMs instead.
WARNING: [HLS 200-2042] Usage of URAM can potentially cause worse II as Vitis HLS does not exploit read-first mode for URAMs. Consider using BRAMs instead.
WARNING: [HLS 200-2042] Usage of URAM can potentially cause worse II as Vitis HLS does not exploit read-first mode for URAMs. Consider using BRAMs instead.
WARNING: [HLS 200-2042] Usage of URAM can potentially cause worse II as Vitis HLS does not exploit read-first mode for URAMs. Consider using BRAMs instead.
WARNING: [HLS 200-2042] Usage of URAM can potentially cause worse II as Vitis HLS does not exploit read-first mode for URAMs. Consider using BRAMs instead.
WARNING: [HLS 200-2042] Usage of URAM can potentially cause worse II as Vitis HLS does not exploit read-first mode for URAMs. Consider using BRAMs instead.
WARNING: [HLS 200-2042] Usage of URAM can potentially cause worse II as Vitis HLS does not exploit read-first mode for URAMs. Consider using BRAMs instead.
WARNING: [HLS 200-2042] Usage of URAM can potentially cause worse II as Vitis HLS does not exploit read-first mode for URAMs. Consider using BRAMs instead.
WARNING: [HLS 200-2042] Usage of URAM can potentially cause worse II as Vitis HLS does not exploit read-first mode for URAMs. Consider using BRAMs instead.
WARNING: [HLS 200-2042] Usage of URAM can potentially cause worse II as Vitis HLS does not exploit read-first mode for URAMs. Consider using BRAMs instead.
WARNING: [HLS 200-2042] Usage of URAM can potentially cause worse II as Vitis HLS does not exploit read-first mode for URAMs. Consider using BRAMs instead.
WARNING: [HLS 200-2042] Usage of URAM can potentially cause worse II as Vitis HLS does not exploit read-first mode for URAMs. Consider using BRAMs instead.
WARNING: [HLS 200-2042] Usage of URAM can potentially cause worse II as Vitis HLS does not exploit read-first mode for URAMs. Consider using BRAMs instead.
WARNING: [HLS 200-2042] Usage of URAM can potentially cause worse II as Vitis HLS does not exploit read-first mode for URAMs. Consider using BRAMs instead.
WARNING: [HLS 200-2042] Usage of URAM can potentially cause worse II as Vitis HLS does not exploit read-first mode for URAMs. Consider using BRAMs instead.
WARNING: [HLS 200-2042] Usage of URAM can potentially cause worse II as Vitis HLS does not exploit read-first mode for URAMs. Consider using BRAMs instead.
WARNING: [HLS 200-2042] Usage of URAM can potentially cause worse II as Vitis HLS does not exploit read-first mode for URAMs. Consider using BRAMs instead.
WARNING: [HLS 200-2042] Usage of URAM can potentially cause worse II as Vitis HLS does not exploit read-first mode for URAMs. Consider using BRAMs instead.
WARNING: [HLS 200-2042] Usage of URAM can potentially cause worse II as Vitis HLS does not exploit read-first mode for URAMs. Consider using BRAMs instead.
WARNING: [HLS 200-2042] Usage of URAM can potentially cause worse II as Vitis HLS does not exploit read-first mode for URAMs. Consider using BRAMs instead.
WARNING: [HLS 200-2042] Usage of URAM can potentially cause worse II as Vitis HLS does not exploit read-first mode for URAMs. Consider using BRAMs instead.
WARNING: [HLS 200-2042] Usage of URAM can potentially cause worse II as Vitis HLS does not exploit read-first mode for URAMs. Consider using BRAMs instead.
WARNING: [HLS 200-2042] Usage of URAM can potentially cause worse II as Vitis HLS does not exploit read-first mode for URAMs. Consider using BRAMs instead.
WARNING: [HLS 200-2042] Usage of URAM can potentially cause worse II as Vitis HLS does not exploit read-first mode for URAMs. Consider using BRAMs instead.
WARNING: [HLS 200-2042] Usage of URAM can potentially cause worse II as Vitis HLS does not exploit read-first mode for URAMs. Consider using BRAMs instead.
WARNING: [HLS 200-2042] Usage of URAM can potentially cause worse II as Vitis HLS does not exploit read-first mode for URAMs. Consider using BRAMs instead.
WARNING: [HLS 200-2042] Usage of URAM can potentially cause worse II as Vitis HLS does not exploit read-first mode for URAMs. Consider using BRAMs instead.
WARNING: [HLS 200-2042] Usage of URAM can potentially cause worse II as Vitis HLS does not exploit read-first mode for URAMs. Consider using BRAMs instead.
WARNING: [HLS 200-2042] Usage of URAM can potentially cause worse II as Vitis HLS does not exploit read-first mode for URAMs. Consider using BRAMs instead.
WARNING: [HLS 200-2042] Usage of URAM can potentially cause worse II as Vitis HLS does not exploit read-first mode for URAMs. Consider using BRAMs instead.
WARNING: [HLS 200-2042] Usage of URAM can potentially cause worse II as Vitis HLS does not exploit read-first mode for URAMs. Consider using BRAMs instead.
WARNING: [HLS 200-2042] Usage of URAM can potentially cause worse II as Vitis HLS does not exploit read-first mode for URAMs. Consider using BRAMs instead.
WARNING: [HLS 200-2042] Usage of URAM can potentially cause worse II as Vitis HLS does not exploit read-first mode for URAMs. Consider using BRAMs instead.
WARNING: [HLS 200-2042] Usage of URAM can potentially cause worse II as Vitis HLS does not exploit read-first mode for URAMs. Consider using BRAMs instead.
WARNING: [HLS 200-2042] Usage of URAM can potentially cause worse II as Vitis HLS does not exploit read-first mode for URAMs. Consider using BRAMs instead.
WARNING: [HLS 200-2042] Usage of URAM can potentially cause worse II as Vitis HLS does not exploit read-first mode for URAMs. Consider using BRAMs instead.
WARNING: [HLS 200-2042] Usage of URAM can potentially cause worse II as Vitis HLS does not exploit read-first mode for URAMs. Consider using BRAMs instead.
WARNING: [HLS 200-2042] Usage of URAM can potentially cause worse II as Vitis HLS does not exploit read-first mode for URAMs. Consider using BRAMs instead.
WARNING: [HLS 200-2042] Usage of URAM can potentially cause worse II as Vitis HLS does not exploit read-first mode for URAMs. Consider using BRAMs instead.
WARNING: [HLS 200-2042] Usage of URAM can potentially cause worse II as Vitis HLS does not exploit read-first mode for URAMs. Consider using BRAMs instead.
WARNING: [HLS 200-2042] Usage of URAM can potentially cause worse II as Vitis HLS does not exploit read-first mode for URAMs. Consider using BRAMs instead.
WARNING: [HLS 200-2042] Usage of URAM can potentially cause worse II as Vitis HLS does not exploit read-first mode for URAMs. Consider using BRAMs instead.
WARNING: [HLS 200-2042] Usage of URAM can potentially cause worse II as Vitis HLS does not exploit read-first mode for URAMs. Consider using BRAMs instead.
WARNING: [HLS 200-2042] Usage of URAM can potentially cause worse II as Vitis HLS does not exploit read-first mode for URAMs. Consider using BRAMs instead.
WARNING: [HLS 200-2042] Usage of URAM can potentially cause worse II as Vitis HLS does not exploit read-first mode for URAMs. Consider using BRAMs instead.
WARNING: [HLS 200-2042] Usage of URAM can potentially cause worse II as Vitis HLS does not exploit read-first mode for URAMs. Consider using BRAMs instead.
WARNING: [HLS 200-2042] Usage of URAM can potentially cause worse II as Vitis HLS does not exploit read-first mode for URAMs. Consider using BRAMs instead.
WARNING: [HLS 200-2042] Usage of URAM can potentially cause worse II as Vitis HLS does not exploit read-first mode for URAMs. Consider using BRAMs instead.
WARNING: [HLS 200-2042] Usage of URAM can potentially cause worse II as Vitis HLS does not exploit read-first mode for URAMs. Consider using BRAMs instead.
WARNING: [HLS 200-2042] Usage of URAM can potentially cause worse II as Vitis HLS does not exploit read-first mode for URAMs. Consider using BRAMs instead.
WARNING: [HLS 200-2042] Usage of URAM can potentially cause worse II as Vitis HLS does not exploit read-first mode for URAMs. Consider using BRAMs instead.
WARNING: [HLS 200-2042] Usage of URAM can potentially cause worse II as Vitis HLS does not exploit read-first mode for URAMs. Consider using BRAMs instead.
WARNING: [HLS 200-2042] Usage of URAM can potentially cause worse II as Vitis HLS does not exploit read-first mode for URAMs. Consider using BRAMs instead.
WARNING: [HLS 200-2042] Usage of URAM can potentially cause worse II as Vitis HLS does not exploit read-first mode for URAMs. Consider using BRAMs instead.
WARNING: [HLS 200-2042] Usage of URAM can potentially cause worse II as Vitis HLS does not exploit read-first mode for URAMs. Consider using BRAMs instead.
WARNING: [HLS 200-2042] Usage of URAM can potentially cause worse II as Vitis HLS does not exploit read-first mode for URAMs. Consider using BRAMs instead.
WARNING: [HLS 200-2042] Usage of URAM can potentially cause worse II as Vitis HLS does not exploit read-first mode for URAMs. Consider using BRAMs instead.
WARNING: [HLS 200-2042] Usage of URAM can potentially cause worse II as Vitis HLS does not exploit read-first mode for URAMs. Consider using BRAMs instead.
WARNING: [HLS 200-2042] Usage of URAM can potentially cause worse II as Vitis HLS does not exploit read-first mode for URAMs. Consider using BRAMs instead.
WARNING: [HLS 200-2042] Usage of URAM can potentially cause worse II as Vitis HLS does not exploit read-first mode for URAMs. Consider using BRAMs instead.
WARNING: [HLS 200-2042] Usage of URAM can potentially cause worse II as Vitis HLS does not exploit read-first mode for URAMs. Consider using BRAMs instead.
WARNING: [HLS 200-2042] Usage of URAM can potentially cause worse II as Vitis HLS does not exploit read-first mode for URAMs. Consider using BRAMs instead.
WARNING: [HLS 200-2042] Usage of URAM can potentially cause worse II as Vitis HLS does not exploit read-first mode for URAMs. Consider using BRAMs instead.
WARNING: [HLS 200-2042] Usage of URAM can potentially cause worse II as Vitis HLS does not exploit read-first mode for URAMs. Consider using BRAMs instead.
WARNING: [HLS 200-2042] Usage of URAM can potentially cause worse II as Vitis HLS does not exploit read-first mode for URAMs. Consider using BRAMs instead.
WARNING: [HLS 200-2042] Usage of URAM can potentially cause worse II as Vitis HLS does not exploit read-first mode for URAMs. Consider using BRAMs instead.
WARNING: [HLS 200-2042] Usage of URAM can potentially cause worse II as Vitis HLS does not exploit read-first mode for URAMs. Consider using BRAMs instead.
WARNING: [HLS 200-2042] Usage of URAM can potentially cause worse II as Vitis HLS does not exploit read-first mode for URAMs. Consider using BRAMs instead.
WARNING: [HLS 200-2042] Usage of URAM can potentially cause worse II as Vitis HLS does not exploit read-first mode for URAMs. Consider using BRAMs instead.
WARNING: [HLS 200-2042] Usage of URAM can potentially cause worse II as Vitis HLS does not exploit read-first mode for URAMs. Consider using BRAMs instead.
WARNING: [HLS 200-2042] Usage of URAM can potentially cause worse II as Vitis HLS does not exploit read-first mode for URAMs. Consider using BRAMs instead.
WARNING: [HLS 200-2042] Usage of URAM can potentially cause worse II as Vitis HLS does not exploit read-first mode for URAMs. Consider using BRAMs instead.
WARNING: [HLS 200-2042] Usage of URAM can potentially cause worse II as Vitis HLS does not exploit read-first mode for URAMs. Consider using BRAMs instead.
WARNING: [HLS 200-2042] Usage of URAM can potentially cause worse II as Vitis HLS does not exploit read-first mode for URAMs. Consider using BRAMs instead.
WARNING: [HLS 200-2042] Usage of URAM can potentially cause worse II as Vitis HLS does not exploit read-first mode for URAMs. Consider using BRAMs instead.
WARNING: [HLS 200-2042] Usage of URAM can potentially cause worse II as Vitis HLS does not exploit read-first mode for URAMs. Consider using BRAMs instead.
WARNING: [HLS 200-2042] Usage of URAM can potentially cause worse II as Vitis HLS does not exploit read-first mode for URAMs. Consider using BRAMs instead.
WARNING: [HLS 200-2042] Usage of URAM can potentially cause worse II as Vitis HLS does not exploit read-first mode for URAMs. Consider using BRAMs instead.
WARNING: [HLS 200-2042] Usage of URAM can potentially cause worse II as Vitis HLS does not exploit read-first mode for URAMs. Consider using BRAMs instead.
WARNING: [HLS 200-2042] Usage of URAM can potentially cause worse II as Vitis HLS does not exploit read-first mode for URAMs. Consider using BRAMs instead.
WARNING: [HLS 200-2042] Usage of URAM can potentially cause worse II as Vitis HLS does not exploit read-first mode for URAMs. Consider using BRAMs instead.
WARNING: [HLS 200-2042] Usage of URAM can potentially cause worse II as Vitis HLS does not exploit read-first mode for URAMs. Consider using BRAMs instead.
WARNING: [HLS 200-2042] Usage of URAM can potentially cause worse II as Vitis HLS does not exploit read-first mode for URAMs. Consider using BRAMs instead.
WARNING: [HLS 200-2042] Usage of URAM can potentially cause worse II as Vitis HLS does not exploit read-first mode for URAMs. Consider using BRAMs instead.
WARNING: [HLS 200-2042] Usage of URAM can potentially cause worse II as Vitis HLS does not exploit read-first mode for URAMs. Consider using BRAMs instead.
WARNING: [HLS 200-2042] Usage of URAM can potentially cause worse II as Vitis HLS does not exploit read-first mode for URAMs. Consider using BRAMs instead.
WARNING: [HLS 200-2042] Usage of URAM can potentially cause worse II as Vitis HLS does not exploit read-first mode for URAMs. Consider using BRAMs instead.
WARNING: [HLS 200-2042] Usage of URAM can potentially cause worse II as Vitis HLS does not exploit read-first mode for URAMs. Consider using BRAMs instead.
WARNING: [HLS 200-2042] Usage of URAM can potentially cause worse II as Vitis HLS does not exploit read-first mode for URAMs. Consider using BRAMs instead.
WARNING: [HLS 200-2042] Usage of URAM can potentially cause worse II as Vitis HLS does not exploit read-first mode for URAMs. Consider using BRAMs instead.
WARNING: [HLS 200-2042] Usage of URAM can potentially cause worse II as Vitis HLS does not exploit read-first mode for URAMs. Consider using BRAMs instead.
WARNING: [HLS 200-2042] Usage of URAM can potentially cause worse II as Vitis HLS does not exploit read-first mode for URAMs. Consider using BRAMs instead.
WARNING: [HLS 200-2042] Usage of URAM can potentially cause worse II as Vitis HLS does not exploit read-first mode for URAMs. Consider using BRAMs instead.
WARNING: [HLS 200-2042] Usage of URAM can potentially cause worse II as Vitis HLS does not exploit read-first mode for URAMs. Consider using BRAMs instead.
WARNING: [HLS 200-2042] Usage of URAM can potentially cause worse II as Vitis HLS does not exploit read-first mode for URAMs. Consider using BRAMs instead.
WARNING: [HLS 200-2042] Usage of URAM can potentially cause worse II as Vitis HLS does not exploit read-first mode for URAMs. Consider using BRAMs instead.
WARNING: [HLS 200-2042] Usage of URAM can potentially cause worse II as Vitis HLS does not exploit read-first mode for URAMs. Consider using BRAMs instead.
WARNING: [HLS 200-2042] Usage of URAM can potentially cause worse II as Vitis HLS does not exploit read-first mode for URAMs. Consider using BRAMs instead.
WARNING: [HLS 200-2042] Usage of URAM can potentially cause worse II as Vitis HLS does not exploit read-first mode for URAMs. Consider using BRAMs instead.
WARNING: [HLS 200-2042] Usage of URAM can potentially cause worse II as Vitis HLS does not exploit read-first mode for URAMs. Consider using BRAMs instead.
WARNING: [HLS 200-2042] Usage of URAM can potentially cause worse II as Vitis HLS does not exploit read-first mode for URAMs. Consider using BRAMs instead.
WARNING: [HLS 200-2042] Usage of URAM can potentially cause worse II as Vitis HLS does not exploit read-first mode for URAMs. Consider using BRAMs instead.
WARNING: [HLS 200-2042] Usage of URAM can potentially cause worse II as Vitis HLS does not exploit read-first mode for URAMs. Consider using BRAMs instead.
WARNING: [HLS 200-2042] Usage of URAM can potentially cause worse II as Vitis HLS does not exploit read-first mode for URAMs. Consider using BRAMs instead.
WARNING: [HLS 200-2042] Usage of URAM can potentially cause worse II as Vitis HLS does not exploit read-first mode for URAMs. Consider using BRAMs instead.
WARNING: [HLS 200-2042] Usage of URAM can potentially cause worse II as Vitis HLS does not exploit read-first mode for URAMs. Consider using BRAMs instead.
WARNING: [HLS 200-2042] Usage of URAM can potentially cause worse II as Vitis HLS does not exploit read-first mode for URAMs. Consider using BRAMs instead.
WARNING: [HLS 200-2042] Usage of URAM can potentially cause worse II as Vitis HLS does not exploit read-first mode for URAMs. Consider using BRAMs instead.
WARNING: [HLS 200-2042] Usage of URAM can potentially cause worse II as Vitis HLS does not exploit read-first mode for URAMs. Consider using BRAMs instead.
WARNING: [HLS 200-2042] Usage of URAM can potentially cause worse II as Vitis HLS does not exploit read-first mode for URAMs. Consider using BRAMs instead.
WARNING: [HLS 200-2042] Usage of URAM can potentially cause worse II as Vitis HLS does not exploit read-first mode for URAMs. Consider using BRAMs instead.
WARNING: [HLS 200-2042] Usage of URAM can potentially cause worse II as Vitis HLS does not exploit read-first mode for URAMs. Consider using BRAMs instead.
WARNING: [HLS 200-2042] Usage of URAM can potentially cause worse II as Vitis HLS does not exploit read-first mode for URAMs. Consider using BRAMs instead.
WARNING: [HLS 200-2042] Usage of URAM can potentially cause worse II as Vitis HLS does not exploit read-first mode for URAMs. Consider using BRAMs instead.
WARNING: [HLS 200-2042] Usage of URAM can potentially cause worse II as Vitis HLS does not exploit read-first mode for URAMs. Consider using BRAMs instead.
WARNING: [HLS 200-2042] Usage of URAM can potentially cause worse II as Vitis HLS does not exploit read-first mode for URAMs. Consider using BRAMs instead.
WARNING: [HLS 200-2042] Usage of URAM can potentially cause worse II as Vitis HLS does not exploit read-first mode for URAMs. Consider using BRAMs instead.
WARNING: [HLS 200-2042] Usage of URAM can potentially cause worse II as Vitis HLS does not exploit read-first mode for URAMs. Consider using BRAMs instead.
WARNING: [HLS 200-2042] Usage of URAM can potentially cause worse II as Vitis HLS does not exploit read-first mode for URAMs. Consider using BRAMs instead.
WARNING: [HLS 200-2042] Usage of URAM can potentially cause worse II as Vitis HLS does not exploit read-first mode for URAMs. Consider using BRAMs instead.
WARNING: [HLS 200-2042] Usage of URAM can potentially cause worse II as Vitis HLS does not exploit read-first mode for URAMs. Consider using BRAMs instead.
WARNING: [HLS 200-2042] Usage of URAM can potentially cause worse II as Vitis HLS does not exploit read-first mode for URAMs. Consider using BRAMs instead.
WARNING: [HLS 200-2042] Usage of URAM can potentially cause worse II as Vitis HLS does not exploit read-first mode for URAMs. Consider using BRAMs instead.
WARNING: [HLS 200-2042] Usage of URAM can potentially cause worse II as Vitis HLS does not exploit read-first mode for URAMs. Consider using BRAMs instead.
WARNING: [HLS 200-2042] Usage of URAM can potentially cause worse II as Vitis HLS does not exploit read-first mode for URAMs. Consider using BRAMs instead.
WARNING: [HLS 200-2042] Usage of URAM can potentially cause worse II as Vitis HLS does not exploit read-first mode for URAMs. Consider using BRAMs instead.
WARNING: [HLS 200-2042] Usage of URAM can potentially cause worse II as Vitis HLS does not exploit read-first mode for URAMs. Consider using BRAMs instead.
WARNING: [HLS 200-2042] Usage of URAM can potentially cause worse II as Vitis HLS does not exploit read-first mode for URAMs. Consider using BRAMs instead.
WARNING: [HLS 200-2042] Usage of URAM can potentially cause worse II as Vitis HLS does not exploit read-first mode for URAMs. Consider using BRAMs instead.
WARNING: [HLS 200-2042] Usage of URAM can potentially cause worse II as Vitis HLS does not exploit read-first mode for URAMs. Consider using BRAMs instead.
WARNING: [HLS 200-2042] Usage of URAM can potentially cause worse II as Vitis HLS does not exploit read-first mode for URAMs. Consider using BRAMs instead.
WARNING: [HLS 200-2042] Usage of URAM can potentially cause worse II as Vitis HLS does not exploit read-first mode for URAMs. Consider using BRAMs instead.
WARNING: [HLS 200-2042] Usage of URAM can potentially cause worse II as Vitis HLS does not exploit read-first mode for URAMs. Consider using BRAMs instead.
WARNING: [HLS 200-2042] Usage of URAM can potentially cause worse II as Vitis HLS does not exploit read-first mode for URAMs. Consider using BRAMs instead.
WARNING: [HLS 200-2042] Usage of URAM can potentially cause worse II as Vitis HLS does not exploit read-first mode for URAMs. Consider using BRAMs instead.
WARNING: [HLS 200-2042] Usage of URAM can potentially cause worse II as Vitis HLS does not exploit read-first mode for URAMs. Consider using BRAMs instead.
WARNING: [HLS 200-2042] Usage of URAM can potentially cause worse II as Vitis HLS does not exploit read-first mode for URAMs. Consider using BRAMs instead.
WARNING: [HLS 200-2042] Usage of URAM can potentially cause worse II as Vitis HLS does not exploit read-first mode for URAMs. Consider using BRAMs instead.
WARNING: [HLS 200-2042] Usage of URAM can potentially cause worse II as Vitis HLS does not exploit read-first mode for URAMs. Consider using BRAMs instead.
WARNING: [HLS 200-2042] Usage of URAM can potentially cause worse II as Vitis HLS does not exploit read-first mode for URAMs. Consider using BRAMs instead.
WARNING: [HLS 200-2042] Usage of URAM can potentially cause worse II as Vitis HLS does not exploit read-first mode for URAMs. Consider using BRAMs instead.
WARNING: [HLS 200-2042] Usage of URAM can potentially cause worse II as Vitis HLS does not exploit read-first mode for URAMs. Consider using BRAMs instead.
WARNING: [HLS 200-2042] Usage of URAM can potentially cause worse II as Vitis HLS does not exploit read-first mode for URAMs. Consider using BRAMs instead.
WARNING: [HLS 200-2042] Usage of URAM can potentially cause worse II as Vitis HLS does not exploit read-first mode for URAMs. Consider using BRAMs instead.
WARNING: [HLS 200-2042] Usage of URAM can potentially cause worse II as Vitis HLS does not exploit read-first mode for URAMs. Consider using BRAMs instead.
WARNING: [HLS 200-2042] Usage of URAM can potentially cause worse II as Vitis HLS does not exploit read-first mode for URAMs. Consider using BRAMs instead.
WARNING: [HLS 200-2042] Usage of URAM can potentially cause worse II as Vitis HLS does not exploit read-first mode for URAMs. Consider using BRAMs instead.
WARNING: [HLS 200-2042] Usage of URAM can potentially cause worse II as Vitis HLS does not exploit read-first mode for URAMs. Consider using BRAMs instead.
WARNING: [HLS 200-2042] Usage of URAM can potentially cause worse II as Vitis HLS does not exploit read-first mode for URAMs. Consider using BRAMs instead.
WARNING: [HLS 200-2042] Usage of URAM can potentially cause worse II as Vitis HLS does not exploit read-first mode for URAMs. Consider using BRAMs instead.
WARNING: [HLS 200-2042] Usage of URAM can potentially cause worse II as Vitis HLS does not exploit read-first mode for URAMs. Consider using BRAMs instead.
WARNING: [HLS 200-2042] Usage of URAM can potentially cause worse II as Vitis HLS does not exploit read-first mode for URAMs. Consider using BRAMs instead.
WARNING: [HLS 200-2042] Usage of URAM can potentially cause worse II as Vitis HLS does not exploit read-first mode for URAMs. Consider using BRAMs instead.
WARNING: [HLS 200-2042] Usage of URAM can potentially cause worse II as Vitis HLS does not exploit read-first mode for URAMs. Consider using BRAMs instead.
WARNING: [HLS 200-2042] Usage of URAM can potentially cause worse II as Vitis HLS does not exploit read-first mode for URAMs. Consider using BRAMs instead.
WARNING: [HLS 200-2042] Usage of URAM can potentially cause worse II as Vitis HLS does not exploit read-first mode for URAMs. Consider using BRAMs instead.
WARNING: [HLS 200-2042] Usage of URAM can potentially cause worse II as Vitis HLS does not exploit read-first mode for URAMs. Consider using BRAMs instead.
WARNING: [HLS 200-2042] Usage of URAM can potentially cause worse II as Vitis HLS does not exploit read-first mode for URAMs. Consider using BRAMs instead.
WARNING: [HLS 200-2042] Usage of URAM can potentially cause worse II as Vitis HLS does not exploit read-first mode for URAMs. Consider using BRAMs instead.
WARNING: [HLS 200-2042] Usage of URAM can potentially cause worse II as Vitis HLS does not exploit read-first mode for URAMs. Consider using BRAMs instead.
WARNING: [HLS 200-2042] Usage of URAM can potentially cause worse II as Vitis HLS does not exploit read-first mode for URAMs. Consider using BRAMs instead.
WARNING: [HLS 200-2042] Usage of URAM can potentially cause worse II as Vitis HLS does not exploit read-first mode for URAMs. Consider using BRAMs instead.
WARNING: [HLS 200-2042] Usage of URAM can potentially cause worse II as Vitis HLS does not exploit read-first mode for URAMs. Consider using BRAMs instead.
WARNING: [HLS 200-2042] Usage of URAM can potentially cause worse II as Vitis HLS does not exploit read-first mode for URAMs. Consider using BRAMs instead.
WARNING: [HLS 200-2042] Usage of URAM can potentially cause worse II as Vitis HLS does not exploit read-first mode for URAMs. Consider using BRAMs instead.
WARNING: [HLS 200-2042] Usage of URAM can potentially cause worse II as Vitis HLS does not exploit read-first mode for URAMs. Consider using BRAMs instead.
WARNING: [HLS 200-2042] Usage of URAM can potentially cause worse II as Vitis HLS does not exploit read-first mode for URAMs. Consider using BRAMs instead.
WARNING: [HLS 200-2042] Usage of URAM can potentially cause worse II as Vitis HLS does not exploit read-first mode for URAMs. Consider using BRAMs instead.
WARNING: [HLS 200-2042] Usage of URAM can potentially cause worse II as Vitis HLS does not exploit read-first mode for URAMs. Consider using BRAMs instead.
WARNING: [HLS 200-2042] Usage of URAM can potentially cause worse II as Vitis HLS does not exploit read-first mode for URAMs. Consider using BRAMs instead.
WARNING: [HLS 200-2042] Usage of URAM can potentially cause worse II as Vitis HLS does not exploit read-first mode for URAMs. Consider using BRAMs instead.
WARNING: [HLS 200-2042] Usage of URAM can potentially cause worse II as Vitis HLS does not exploit read-first mode for URAMs. Consider using BRAMs instead.
WARNING: [HLS 200-2042] Usage of URAM can potentially cause worse II as Vitis HLS does not exploit read-first mode for URAMs. Consider using BRAMs instead.
WARNING: [HLS 200-2042] Usage of URAM can potentially cause worse II as Vitis HLS does not exploit read-first mode for URAMs. Consider using BRAMs instead.
WARNING: [HLS 200-2042] Usage of URAM can potentially cause worse II as Vitis HLS does not exploit read-first mode for URAMs. Consider using BRAMs instead.
WARNING: [HLS 200-2042] Usage of URAM can potentially cause worse II as Vitis HLS does not exploit read-first mode for URAMs. Consider using BRAMs instead.
WARNING: [HLS 200-2042] Usage of URAM can potentially cause worse II as Vitis HLS does not exploit read-first mode for URAMs. Consider using BRAMs instead.
WARNING: [HLS 200-2042] Usage of URAM can potentially cause worse II as Vitis HLS does not exploit read-first mode for URAMs. Consider using BRAMs instead.
WARNING: [HLS 200-2042] Usage of URAM can potentially cause worse II as Vitis HLS does not exploit read-first mode for URAMs. Consider using BRAMs instead.
WARNING: [HLS 200-2042] Usage of URAM can potentially cause worse II as Vitis HLS does not exploit read-first mode for URAMs. Consider using BRAMs instead.
WARNING: [HLS 200-2042] Usage of URAM can potentially cause worse II as Vitis HLS does not exploit read-first mode for URAMs. Consider using BRAMs instead.
WARNING: [HLS 200-2042] Usage of URAM can potentially cause worse II as Vitis HLS does not exploit read-first mode for URAMs. Consider using BRAMs instead.
WARNING: [HLS 200-2042] Usage of URAM can potentially cause worse II as Vitis HLS does not exploit read-first mode for URAMs. Consider using BRAMs instead.
WARNING: [HLS 200-2042] Usage of URAM can potentially cause worse II as Vitis HLS does not exploit read-first mode for URAMs. Consider using BRAMs instead.
WARNING: [HLS 200-2042] Usage of URAM can potentially cause worse II as Vitis HLS does not exploit read-first mode for URAMs. Consider using BRAMs instead.
WARNING: [HLS 200-2042] Usage of URAM can potentially cause worse II as Vitis HLS does not exploit read-first mode for URAMs. Consider using BRAMs instead.
WARNING: [HLS 200-2042] Usage of URAM can potentially cause worse II as Vitis HLS does not exploit read-first mode for URAMs. Consider using BRAMs instead.
WARNING: [HLS 200-2042] Usage of URAM can potentially cause worse II as Vitis HLS does not exploit read-first mode for URAMs. Consider using BRAMs instead.
WARNING: [HLS 200-2042] Usage of URAM can potentially cause worse II as Vitis HLS does not exploit read-first mode for URAMs. Consider using BRAMs instead.
WARNING: [HLS 200-2042] Usage of URAM can potentially cause worse II as Vitis HLS does not exploit read-first mode for URAMs. Consider using BRAMs instead.
WARNING: [HLS 200-2042] Usage of URAM can potentially cause worse II as Vitis HLS does not exploit read-first mode for URAMs. Consider using BRAMs instead.
WARNING: [HLS 200-2042] Usage of URAM can potentially cause worse II as Vitis HLS does not exploit read-first mode for URAMs. Consider using BRAMs instead.
WARNING: [HLS 200-2042] Usage of URAM can potentially cause worse II as Vitis HLS does not exploit read-first mode for URAMs. Consider using BRAMs instead.
WARNING: [HLS 200-2042] Usage of URAM can potentially cause worse II as Vitis HLS does not exploit read-first mode for URAMs. Consider using BRAMs instead.
WARNING: [HLS 200-2042] Usage of URAM can potentially cause worse II as Vitis HLS does not exploit read-first mode for URAMs. Consider using BRAMs instead.
WARNING: [HLS 200-2042] Usage of URAM can potentially cause worse II as Vitis HLS does not exploit read-first mode for URAMs. Consider using BRAMs instead.
WARNING: [HLS 200-2042] Usage of URAM can potentially cause worse II as Vitis HLS does not exploit read-first mode for URAMs. Consider using BRAMs instead.
WARNING: [HLS 200-2042] Usage of URAM can potentially cause worse II as Vitis HLS does not exploit read-first mode for URAMs. Consider using BRAMs instead.
WARNING: [HLS 200-2042] Usage of URAM can potentially cause worse II as Vitis HLS does not exploit read-first mode for URAMs. Consider using BRAMs instead.
WARNING: [HLS 200-2042] Usage of URAM can potentially cause worse II as Vitis HLS does not exploit read-first mode for URAMs. Consider using BRAMs instead.
WARNING: [HLS 200-2042] Usage of URAM can potentially cause worse II as Vitis HLS does not exploit read-first mode for URAMs. Consider using BRAMs instead.
WARNING: [HLS 200-2042] Usage of URAM can potentially cause worse II as Vitis HLS does not exploit read-first mode for URAMs. Consider using BRAMs instead.
WARNING: [HLS 200-2042] Usage of URAM can potentially cause worse II as Vitis HLS does not exploit read-first mode for URAMs. Consider using BRAMs instead.
WARNING: [HLS 200-2042] Usage of URAM can potentially cause worse II as Vitis HLS does not exploit read-first mode for URAMs. Consider using BRAMs instead.
WARNING: [HLS 200-2042] Usage of URAM can potentially cause worse II as Vitis HLS does not exploit read-first mode for URAMs. Consider using BRAMs instead.
WARNING: [HLS 200-2042] Usage of URAM can potentially cause worse II as Vitis HLS does not exploit read-first mode for URAMs. Consider using BRAMs instead.
WARNING: [HLS 200-2042] Usage of URAM can potentially cause worse II as Vitis HLS does not exploit read-first mode for URAMs. Consider using BRAMs instead.
WARNING: [HLS 200-2042] Usage of URAM can potentially cause worse II as Vitis HLS does not exploit read-first mode for URAMs. Consider using BRAMs instead.
WARNING: [HLS 200-2042] Usage of URAM can potentially cause worse II as Vitis HLS does not exploit read-first mode for URAMs. Consider using BRAMs instead.
WARNING: [HLS 200-2042] Usage of URAM can potentially cause worse II as Vitis HLS does not exploit read-first mode for URAMs. Consider using BRAMs instead.
WARNING: [HLS 200-2042] Usage of URAM can potentially cause worse II as Vitis HLS does not exploit read-first mode for URAMs. Consider using BRAMs instead.
WARNING: [HLS 200-2042] Usage of URAM can potentially cause worse II as Vitis HLS does not exploit read-first mode for URAMs. Consider using BRAMs instead.
WARNING: [HLS 200-2042] Usage of URAM can potentially cause worse II as Vitis HLS does not exploit read-first mode for URAMs. Consider using BRAMs instead.
WARNING: [HLS 200-2042] Usage of URAM can potentially cause worse II as Vitis HLS does not exploit read-first mode for URAMs. Consider using BRAMs instead.
WARNING: [HLS 200-2042] Usage of URAM can potentially cause worse II as Vitis HLS does not exploit read-first mode for URAMs. Consider using BRAMs instead.
WARNING: [HLS 200-2042] Usage of URAM can potentially cause worse II as Vitis HLS does not exploit read-first mode for URAMs. Consider using BRAMs instead.
WARNING: [HLS 200-2042] Usage of URAM can potentially cause worse II as Vitis HLS does not exploit read-first mode for URAMs. Consider using BRAMs instead.
WARNING: [HLS 200-2042] Usage of URAM can potentially cause worse II as Vitis HLS does not exploit read-first mode for URAMs. Consider using BRAMs instead.
WARNING: [HLS 200-2042] Usage of URAM can potentially cause worse II as Vitis HLS does not exploit read-first mode for URAMs. Consider using BRAMs instead.
WARNING: [HLS 200-2042] Usage of URAM can potentially cause worse II as Vitis HLS does not exploit read-first mode for URAMs. Consider using BRAMs instead.
WARNING: [HLS 200-2042] Usage of URAM can potentially cause worse II as Vitis HLS does not exploit read-first mode for URAMs. Consider using BRAMs instead.
WARNING: [HLS 200-2042] Usage of URAM can potentially cause worse II as Vitis HLS does not exploit read-first mode for URAMs. Consider using BRAMs instead.
WARNING: [HLS 200-2042] Usage of URAM can potentially cause worse II as Vitis HLS does not exploit read-first mode for URAMs. Consider using BRAMs instead.
WARNING: [HLS 200-2042] Usage of URAM can potentially cause worse II as Vitis HLS does not exploit read-first mode for URAMs. Consider using BRAMs instead.
WARNING: [HLS 200-2042] Usage of URAM can potentially cause worse II as Vitis HLS does not exploit read-first mode for URAMs. Consider using BRAMs instead.
WARNING: [HLS 200-2042] Usage of URAM can potentially cause worse II as Vitis HLS does not exploit read-first mode for URAMs. Consider using BRAMs instead.
WARNING: [HLS 200-2042] Usage of URAM can potentially cause worse II as Vitis HLS does not exploit read-first mode for URAMs. Consider using BRAMs instead.
WARNING: [HLS 200-2042] Usage of URAM can potentially cause worse II as Vitis HLS does not exploit read-first mode for URAMs. Consider using BRAMs instead.
WARNING: [HLS 200-2042] Usage of URAM can potentially cause worse II as Vitis HLS does not exploit read-first mode for URAMs. Consider using BRAMs instead.
WARNING: [HLS 200-2042] Usage of URAM can potentially cause worse II as Vitis HLS does not exploit read-first mode for URAMs. Consider using BRAMs instead.
WARNING: [HLS 200-2042] Usage of URAM can potentially cause worse II as Vitis HLS does not exploit read-first mode for URAMs. Consider using BRAMs instead.
WARNING: [HLS 200-2042] Usage of URAM can potentially cause worse II as Vitis HLS does not exploit read-first mode for URAMs. Consider using BRAMs instead.
WARNING: [HLS 200-2042] Usage of URAM can potentially cause worse II as Vitis HLS does not exploit read-first mode for URAMs. Consider using BRAMs instead.
WARNING: [HLS 200-2042] Usage of URAM can potentially cause worse II as Vitis HLS does not exploit read-first mode for URAMs. Consider using BRAMs instead.
WARNING: [HLS 200-2042] Usage of URAM can potentially cause worse II as Vitis HLS does not exploit read-first mode for URAMs. Consider using BRAMs instead.
WARNING: [HLS 200-2042] Usage of URAM can potentially cause worse II as Vitis HLS does not exploit read-first mode for URAMs. Consider using BRAMs instead.
WARNING: [HLS 200-2042] Usage of URAM can potentially cause worse II as Vitis HLS does not exploit read-first mode for URAMs. Consider using BRAMs instead.
WARNING: [HLS 200-2042] Usage of URAM can potentially cause worse II as Vitis HLS does not exploit read-first mode for URAMs. Consider using BRAMs instead.
WARNING: [HLS 200-2042] Usage of URAM can potentially cause worse II as Vitis HLS does not exploit read-first mode for URAMs. Consider using BRAMs instead.
WARNING: [HLS 200-2042] Usage of URAM can potentially cause worse II as Vitis HLS does not exploit read-first mode for URAMs. Consider using BRAMs instead.
WARNING: [HLS 200-2042] Usage of URAM can potentially cause worse II as Vitis HLS does not exploit read-first mode for URAMs. Consider using BRAMs instead.
WARNING: [HLS 200-2042] Usage of URAM can potentially cause worse II as Vitis HLS does not exploit read-first mode for URAMs. Consider using BRAMs instead.
WARNING: [HLS 200-2042] Usage of URAM can potentially cause worse II as Vitis HLS does not exploit read-first mode for URAMs. Consider using BRAMs instead.
WARNING: [HLS 200-2042] Usage of URAM can potentially cause worse II as Vitis HLS does not exploit read-first mode for URAMs. Consider using BRAMs instead.
WARNING: [HLS 200-2042] Usage of URAM can potentially cause worse II as Vitis HLS does not exploit read-first mode for URAMs. Consider using BRAMs instead.
WARNING: [HLS 200-2042] Usage of URAM can potentially cause worse II as Vitis HLS does not exploit read-first mode for URAMs. Consider using BRAMs instead.
WARNING: [HLS 200-2042] Usage of URAM can potentially cause worse II as Vitis HLS does not exploit read-first mode for URAMs. Consider using BRAMs instead.
WARNING: [HLS 200-2042] Usage of URAM can potentially cause worse II as Vitis HLS does not exploit read-first mode for URAMs. Consider using BRAMs instead.
WARNING: [HLS 200-2042] Usage of URAM can potentially cause worse II as Vitis HLS does not exploit read-first mode for URAMs. Consider using BRAMs instead.
WARNING: [HLS 200-2042] Usage of URAM can potentially cause worse II as Vitis HLS does not exploit read-first mode for URAMs. Consider using BRAMs instead.
WARNING: [HLS 200-2042] Usage of URAM can potentially cause worse II as Vitis HLS does not exploit read-first mode for URAMs. Consider using BRAMs instead.
WARNING: [HLS 200-2042] Usage of URAM can potentially cause worse II as Vitis HLS does not exploit read-first mode for URAMs. Consider using BRAMs instead.
WARNING: [HLS 200-2042] Usage of URAM can potentially cause worse II as Vitis HLS does not exploit read-first mode for URAMs. Consider using BRAMs instead.
WARNING: [HLS 200-2042] Usage of URAM can potentially cause worse II as Vitis HLS does not exploit read-first mode for URAMs. Consider using BRAMs instead.
WARNING: [HLS 200-2042] Usage of URAM can potentially cause worse II as Vitis HLS does not exploit read-first mode for URAMs. Consider using BRAMs instead.
WARNING: [HLS 200-2042] Usage of URAM can potentially cause worse II as Vitis HLS does not exploit read-first mode for URAMs. Consider using BRAMs instead.
WARNING: [HLS 200-2042] Usage of URAM can potentially cause worse II as Vitis HLS does not exploit read-first mode for URAMs. Consider using BRAMs instead.
WARNING: [HLS 200-2042] Usage of URAM can potentially cause worse II as Vitis HLS does not exploit read-first mode for URAMs. Consider using BRAMs instead.
WARNING: [HLS 200-2042] Usage of URAM can potentially cause worse II as Vitis HLS does not exploit read-first mode for URAMs. Consider using BRAMs instead.
WARNING: [HLS 200-2042] Usage of URAM can potentially cause worse II as Vitis HLS does not exploit read-first mode for URAMs. Consider using BRAMs instead.
WARNING: [HLS 200-2042] Usage of URAM can potentially cause worse II as Vitis HLS does not exploit read-first mode for URAMs. Consider using BRAMs instead.
WARNING: [HLS 200-2042] Usage of URAM can potentially cause worse II as Vitis HLS does not exploit read-first mode for URAMs. Consider using BRAMs instead.
WARNING: [HLS 200-2042] Usage of URAM can potentially cause worse II as Vitis HLS does not exploit read-first mode for URAMs. Consider using BRAMs instead.
WARNING: [HLS 200-2042] Usage of URAM can potentially cause worse II as Vitis HLS does not exploit read-first mode for URAMs. Consider using BRAMs instead.
WARNING: [HLS 200-2042] Usage of URAM can potentially cause worse II as Vitis HLS does not exploit read-first mode for URAMs. Consider using BRAMs instead.
WARNING: [HLS 200-2042] Usage of URAM can potentially cause worse II as Vitis HLS does not exploit read-first mode for URAMs. Consider using BRAMs instead.
WARNING: [HLS 200-2042] Usage of URAM can potentially cause worse II as Vitis HLS does not exploit read-first mode for URAMs. Consider using BRAMs instead.
WARNING: [HLS 200-2042] Usage of URAM can potentially cause worse II as Vitis HLS does not exploit read-first mode for URAMs. Consider using BRAMs instead.
WARNING: [HLS 200-2042] Usage of URAM can potentially cause worse II as Vitis HLS does not exploit read-first mode for URAMs. Consider using BRAMs instead.
WARNING: [HLS 200-2042] Usage of URAM can potentially cause worse II as Vitis HLS does not exploit read-first mode for URAMs. Consider using BRAMs instead.
WARNING: [HLS 200-2042] Usage of URAM can potentially cause worse II as Vitis HLS does not exploit read-first mode for URAMs. Consider using BRAMs instead.
WARNING: [HLS 200-2042] Usage of URAM can potentially cause worse II as Vitis HLS does not exploit read-first mode for URAMs. Consider using BRAMs instead.
WARNING: [HLS 200-2042] Usage of URAM can potentially cause worse II as Vitis HLS does not exploit read-first mode for URAMs. Consider using BRAMs instead.
WARNING: [HLS 200-2042] Usage of URAM can potentially cause worse II as Vitis HLS does not exploit read-first mode for URAMs. Consider using BRAMs instead.
WARNING: [HLS 200-2042] Usage of URAM can potentially cause worse II as Vitis HLS does not exploit read-first mode for URAMs. Consider using BRAMs instead.
WARNING: [HLS 200-2042] Usage of URAM can potentially cause worse II as Vitis HLS does not exploit read-first mode for URAMs. Consider using BRAMs instead.
WARNING: [HLS 200-2042] Usage of URAM can potentially cause worse II as Vitis HLS does not exploit read-first mode for URAMs. Consider using BRAMs instead.
WARNING: [HLS 200-2042] Usage of URAM can potentially cause worse II as Vitis HLS does not exploit read-first mode for URAMs. Consider using BRAMs instead.
WARNING: [HLS 200-2042] Usage of URAM can potentially cause worse II as Vitis HLS does not exploit read-first mode for URAMs. Consider using BRAMs instead.
WARNING: [HLS 200-2042] Usage of URAM can potentially cause worse II as Vitis HLS does not exploit read-first mode for URAMs. Consider using BRAMs instead.
WARNING: [HLS 200-2042] Usage of URAM can potentially cause worse II as Vitis HLS does not exploit read-first mode for URAMs. Consider using BRAMs instead.
WARNING: [HLS 200-2042] Usage of URAM can potentially cause worse II as Vitis HLS does not exploit read-first mode for URAMs. Consider using BRAMs instead.
WARNING: [HLS 200-2042] Usage of URAM can potentially cause worse II as Vitis HLS does not exploit read-first mode for URAMs. Consider using BRAMs instead.
WARNING: [HLS 200-2042] Usage of URAM can potentially cause worse II as Vitis HLS does not exploit read-first mode for URAMs. Consider using BRAMs instead.
WARNING: [HLS 200-2042] Usage of URAM can potentially cause worse II as Vitis HLS does not exploit read-first mode for URAMs. Consider using BRAMs instead.
WARNING: [HLS 200-2042] Usage of URAM can potentially cause worse II as Vitis HLS does not exploit read-first mode for URAMs. Consider using BRAMs instead.
WARNING: [HLS 200-2042] Usage of URAM can potentially cause worse II as Vitis HLS does not exploit read-first mode for URAMs. Consider using BRAMs instead.
WARNING: [HLS 200-2042] Usage of URAM can potentially cause worse II as Vitis HLS does not exploit read-first mode for URAMs. Consider using BRAMs instead.
WARNING: [HLS 200-2042] Usage of URAM can potentially cause worse II as Vitis HLS does not exploit read-first mode for URAMs. Consider using BRAMs instead.
WARNING: [HLS 200-2042] Usage of URAM can potentially cause worse II as Vitis HLS does not exploit read-first mode for URAMs. Consider using BRAMs instead.
WARNING: [HLS 200-2042] Usage of URAM can potentially cause worse II as Vitis HLS does not exploit read-first mode for URAMs. Consider using BRAMs instead.
WARNING: [HLS 200-2042] Usage of URAM can potentially cause worse II as Vitis HLS does not exploit read-first mode for URAMs. Consider using BRAMs instead.
WARNING: [HLS 200-2042] Usage of URAM can potentially cause worse II as Vitis HLS does not exploit read-first mode for URAMs. Consider using BRAMs instead.
WARNING: [HLS 200-2042] Usage of URAM can potentially cause worse II as Vitis HLS does not exploit read-first mode for URAMs. Consider using BRAMs instead.
WARNING: [HLS 200-2042] Usage of URAM can potentially cause worse II as Vitis HLS does not exploit read-first mode for URAMs. Consider using BRAMs instead.
WARNING: [HLS 200-2042] Usage of URAM can potentially cause worse II as Vitis HLS does not exploit read-first mode for URAMs. Consider using BRAMs instead.
WARNING: [HLS 200-2042] Usage of URAM can potentially cause worse II as Vitis HLS does not exploit read-first mode for URAMs. Consider using BRAMs instead.
WARNING: [HLS 200-2042] Usage of URAM can potentially cause worse II as Vitis HLS does not exploit read-first mode for URAMs. Consider using BRAMs instead.
WARNING: [HLS 200-2042] Usage of URAM can potentially cause worse II as Vitis HLS does not exploit read-first mode for URAMs. Consider using BRAMs instead.
WARNING: [HLS 200-2042] Usage of URAM can potentially cause worse II as Vitis HLS does not exploit read-first mode for URAMs. Consider using BRAMs instead.
WARNING: [HLS 200-2042] Usage of URAM can potentially cause worse II as Vitis HLS does not exploit read-first mode for URAMs. Consider using BRAMs instead.
WARNING: [HLS 200-2042] Usage of URAM can potentially cause worse II as Vitis HLS does not exploit read-first mode for URAMs. Consider using BRAMs instead.
WARNING: [HLS 200-2042] Usage of URAM can potentially cause worse II as Vitis HLS does not exploit read-first mode for URAMs. Consider using BRAMs instead.
WARNING: [HLS 200-2042] Usage of URAM can potentially cause worse II as Vitis HLS does not exploit read-first mode for URAMs. Consider using BRAMs instead.
WARNING: [HLS 200-2042] Usage of URAM can potentially cause worse II as Vitis HLS does not exploit read-first mode for URAMs. Consider using BRAMs instead.
WARNING: [HLS 200-2042] Usage of URAM can potentially cause worse II as Vitis HLS does not exploit read-first mode for URAMs. Consider using BRAMs instead.
WARNING: [HLS 200-2042] Usage of URAM can potentially cause worse II as Vitis HLS does not exploit read-first mode for URAMs. Consider using BRAMs instead.
WARNING: [HLS 200-2042] Usage of URAM can potentially cause worse II as Vitis HLS does not exploit read-first mode for URAMs. Consider using BRAMs instead.
WARNING: [HLS 200-2042] Usage of URAM can potentially cause worse II as Vitis HLS does not exploit read-first mode for URAMs. Consider using BRAMs instead.
WARNING: [HLS 200-2042] Usage of URAM can potentially cause worse II as Vitis HLS does not exploit read-first mode for URAMs. Consider using BRAMs instead.
WARNING: [HLS 200-2042] Usage of URAM can potentially cause worse II as Vitis HLS does not exploit read-first mode for URAMs. Consider using BRAMs instead.
WARNING: [HLS 200-2042] Usage of URAM can potentially cause worse II as Vitis HLS does not exploit read-first mode for URAMs. Consider using BRAMs instead.
WARNING: [HLS 200-2042] Usage of URAM can potentially cause worse II as Vitis HLS does not exploit read-first mode for URAMs. Consider using BRAMs instead.
WARNING: [HLS 200-2042] Usage of URAM can potentially cause worse II as Vitis HLS does not exploit read-first mode for URAMs. Consider using BRAMs instead.
WARNING: [HLS 200-2042] Usage of URAM can potentially cause worse II as Vitis HLS does not exploit read-first mode for URAMs. Consider using BRAMs instead.
WARNING: [HLS 200-2042] Usage of URAM can potentially cause worse II as Vitis HLS does not exploit read-first mode for URAMs. Consider using BRAMs instead.
WARNING: [HLS 200-2042] Usage of URAM can potentially cause worse II as Vitis HLS does not exploit read-first mode for URAMs. Consider using BRAMs instead.
WARNING: [HLS 200-2042] Usage of URAM can potentially cause worse II as Vitis HLS does not exploit read-first mode for URAMs. Consider using BRAMs instead.
WARNING: [HLS 200-2042] Usage of URAM can potentially cause worse II as Vitis HLS does not exploit read-first mode for URAMs. Consider using BRAMs instead.
WARNING: [HLS 200-2042] Usage of URAM can potentially cause worse II as Vitis HLS does not exploit read-first mode for URAMs. Consider using BRAMs instead.
WARNING: [HLS 200-2042] Usage of URAM can potentially cause worse II as Vitis HLS does not exploit read-first mode for URAMs. Consider using BRAMs instead.
WARNING: [HLS 200-2042] Usage of URAM can potentially cause worse II as Vitis HLS does not exploit read-first mode for URAMs. Consider using BRAMs instead.
WARNING: [HLS 200-2042] Usage of URAM can potentially cause worse II as Vitis HLS does not exploit read-first mode for URAMs. Consider using BRAMs instead.
WARNING: [HLS 200-2042] Usage of URAM can potentially cause worse II as Vitis HLS does not exploit read-first mode for URAMs. Consider using BRAMs instead.
WARNING: [HLS 200-2042] Usage of URAM can potentially cause worse II as Vitis HLS does not exploit read-first mode for URAMs. Consider using BRAMs instead.
WARNING: [HLS 200-2042] Usage of URAM can potentially cause worse II as Vitis HLS does not exploit read-first mode for URAMs. Consider using BRAMs instead.
WARNING: [HLS 200-2042] Usage of URAM can potentially cause worse II as Vitis HLS does not exploit read-first mode for URAMs. Consider using BRAMs instead.
WARNING: [HLS 200-2042] Usage of URAM can potentially cause worse II as Vitis HLS does not exploit read-first mode for URAMs. Consider using BRAMs instead.
WARNING: [HLS 200-2042] Usage of URAM can potentially cause worse II as Vitis HLS does not exploit read-first mode for URAMs. Consider using BRAMs instead.
WARNING: [HLS 200-2042] Usage of URAM can potentially cause worse II as Vitis HLS does not exploit read-first mode for URAMs. Consider using BRAMs instead.
WARNING: [HLS 200-2042] Usage of URAM can potentially cause worse II as Vitis HLS does not exploit read-first mode for URAMs. Consider using BRAMs instead.
WARNING: [HLS 200-2042] Usage of URAM can potentially cause worse II as Vitis HLS does not exploit read-first mode for URAMs. Consider using BRAMs instead.
WARNING: [HLS 200-2042] Usage of URAM can potentially cause worse II as Vitis HLS does not exploit read-first mode for URAMs. Consider using BRAMs instead.
WARNING: [HLS 200-2042] Usage of URAM can potentially cause worse II as Vitis HLS does not exploit read-first mode for URAMs. Consider using BRAMs instead.
WARNING: [HLS 200-2042] Usage of URAM can potentially cause worse II as Vitis HLS does not exploit read-first mode for URAMs. Consider using BRAMs instead.
WARNING: [HLS 200-2042] Usage of URAM can potentially cause worse II as Vitis HLS does not exploit read-first mode for URAMs. Consider using BRAMs instead.
WARNING: [HLS 200-2042] Usage of URAM can potentially cause worse II as Vitis HLS does not exploit read-first mode for URAMs. Consider using BRAMs instead.
WARNING: [HLS 200-2042] Usage of URAM can potentially cause worse II as Vitis HLS does not exploit read-first mode for URAMs. Consider using BRAMs instead.
WARNING: [HLS 200-2042] Usage of URAM can potentially cause worse II as Vitis HLS does not exploit read-first mode for URAMs. Consider using BRAMs instead.
WARNING: [HLS 200-2042] Usage of URAM can potentially cause worse II as Vitis HLS does not exploit read-first mode for URAMs. Consider using BRAMs instead.
WARNING: [HLS 200-2042] Usage of URAM can potentially cause worse II as Vitis HLS does not exploit read-first mode for URAMs. Consider using BRAMs instead.
WARNING: [HLS 200-2042] Usage of URAM can potentially cause worse II as Vitis HLS does not exploit read-first mode for URAMs. Consider using BRAMs instead.
WARNING: [HLS 200-2042] Usage of URAM can potentially cause worse II as Vitis HLS does not exploit read-first mode for URAMs. Consider using BRAMs instead.
WARNING: [HLS 200-2042] Usage of URAM can potentially cause worse II as Vitis HLS does not exploit read-first mode for URAMs. Consider using BRAMs instead.
WARNING: [HLS 200-2042] Usage of URAM can potentially cause worse II as Vitis HLS does not exploit read-first mode for URAMs. Consider using BRAMs instead.
WARNING: [HLS 200-2042] Usage of URAM can potentially cause worse II as Vitis HLS does not exploit read-first mode for URAMs. Consider using BRAMs instead.
WARNING: [HLS 200-2042] Usage of URAM can potentially cause worse II as Vitis HLS does not exploit read-first mode for URAMs. Consider using BRAMs instead.
WARNING: [HLS 200-2042] Usage of URAM can potentially cause worse II as Vitis HLS does not exploit read-first mode for URAMs. Consider using BRAMs instead.
WARNING: [HLS 200-2042] Usage of URAM can potentially cause worse II as Vitis HLS does not exploit read-first mode for URAMs. Consider using BRAMs instead.
WARNING: [HLS 200-2042] Usage of URAM can potentially cause worse II as Vitis HLS does not exploit read-first mode for URAMs. Consider using BRAMs instead.
WARNING: [HLS 200-2042] Usage of URAM can potentially cause worse II as Vitis HLS does not exploit read-first mode for URAMs. Consider using BRAMs instead.
WARNING: [HLS 200-2042] Usage of URAM can potentially cause worse II as Vitis HLS does not exploit read-first mode for URAMs. Consider using BRAMs instead.
WARNING: [HLS 200-2042] Usage of URAM can potentially cause worse II as Vitis HLS does not exploit read-first mode for URAMs. Consider using BRAMs instead.
WARNING: [HLS 200-2042] Usage of URAM can potentially cause worse II as Vitis HLS does not exploit read-first mode for URAMs. Consider using BRAMs instead.
WARNING: [HLS 200-2042] Usage of URAM can potentially cause worse II as Vitis HLS does not exploit read-first mode for URAMs. Consider using BRAMs instead.
WARNING: [HLS 200-2042] Usage of URAM can potentially cause worse II as Vitis HLS does not exploit read-first mode for URAMs. Consider using BRAMs instead.
WARNING: [HLS 200-2042] Usage of URAM can potentially cause worse II as Vitis HLS does not exploit read-first mode for URAMs. Consider using BRAMs instead.
WARNING: [HLS 200-2042] Usage of URAM can potentially cause worse II as Vitis HLS does not exploit read-first mode for URAMs. Consider using BRAMs instead.
WARNING: [HLS 200-2042] Usage of URAM can potentially cause worse II as Vitis HLS does not exploit read-first mode for URAMs. Consider using BRAMs instead.
WARNING: [HLS 200-2042] Usage of URAM can potentially cause worse II as Vitis HLS does not exploit read-first mode for URAMs. Consider using BRAMs instead.
WARNING: [HLS 200-2042] Usage of URAM can potentially cause worse II as Vitis HLS does not exploit read-first mode for URAMs. Consider using BRAMs instead.
WARNING: [HLS 200-2042] Usage of URAM can potentially cause worse II as Vitis HLS does not exploit read-first mode for URAMs. Consider using BRAMs instead.
WARNING: [HLS 200-2042] Usage of URAM can potentially cause worse II as Vitis HLS does not exploit read-first mode for URAMs. Consider using BRAMs instead.
WARNING: [HLS 200-2042] Usage of URAM can potentially cause worse II as Vitis HLS does not exploit read-first mode for URAMs. Consider using BRAMs instead.
WARNING: [HLS 200-2042] Usage of URAM can potentially cause worse II as Vitis HLS does not exploit read-first mode for URAMs. Consider using BRAMs instead.
WARNING: [HLS 200-2042] Usage of URAM can potentially cause worse II as Vitis HLS does not exploit read-first mode for URAMs. Consider using BRAMs instead.
WARNING: [HLS 200-2042] Usage of URAM can potentially cause worse II as Vitis HLS does not exploit read-first mode for URAMs. Consider using BRAMs instead.
WARNING: [HLS 200-2042] Usage of URAM can potentially cause worse II as Vitis HLS does not exploit read-first mode for URAMs. Consider using BRAMs instead.
WARNING: [HLS 200-2042] Usage of URAM can potentially cause worse II as Vitis HLS does not exploit read-first mode for URAMs. Consider using BRAMs instead.
WARNING: [HLS 200-2042] Usage of URAM can potentially cause worse II as Vitis HLS does not exploit read-first mode for URAMs. Consider using BRAMs instead.
WARNING: [HLS 200-2042] Usage of URAM can potentially cause worse II as Vitis HLS does not exploit read-first mode for URAMs. Consider using BRAMs instead.
WARNING: [HLS 200-2042] Usage of URAM can potentially cause worse II as Vitis HLS does not exploit read-first mode for URAMs. Consider using BRAMs instead.
WARNING: [HLS 200-2042] Usage of URAM can potentially cause worse II as Vitis HLS does not exploit read-first mode for URAMs. Consider using BRAMs instead.
WARNING: [HLS 200-2042] Usage of URAM can potentially cause worse II as Vitis HLS does not exploit read-first mode for URAMs. Consider using BRAMs instead.
WARNING: [HLS 200-2042] Usage of URAM can potentially cause worse II as Vitis HLS does not exploit read-first mode for URAMs. Consider using BRAMs instead.
WARNING: [HLS 200-2042] Usage of URAM can potentially cause worse II as Vitis HLS does not exploit read-first mode for URAMs. Consider using BRAMs instead.
WARNING: [HLS 200-2042] Usage of URAM can potentially cause worse II as Vitis HLS does not exploit read-first mode for URAMs. Consider using BRAMs instead.
WARNING: [HLS 200-2042] Usage of URAM can potentially cause worse II as Vitis HLS does not exploit read-first mode for URAMs. Consider using BRAMs instead.
WARNING: [HLS 200-2042] Usage of URAM can potentially cause worse II as Vitis HLS does not exploit read-first mode for URAMs. Consider using BRAMs instead.
WARNING: [HLS 200-2042] Usage of URAM can potentially cause worse II as Vitis HLS does not exploit read-first mode for URAMs. Consider using BRAMs instead.
WARNING: [HLS 200-2042] Usage of URAM can potentially cause worse II as Vitis HLS does not exploit read-first mode for URAMs. Consider using BRAMs instead.
WARNING: [HLS 200-2042] Usage of URAM can potentially cause worse II as Vitis HLS does not exploit read-first mode for URAMs. Consider using BRAMs instead.
WARNING: [HLS 200-2042] Usage of URAM can potentially cause worse II as Vitis HLS does not exploit read-first mode for URAMs. Consider using BRAMs instead.
WARNING: [HLS 200-2042] Usage of URAM can potentially cause worse II as Vitis HLS does not exploit read-first mode for URAMs. Consider using BRAMs instead.
WARNING: [HLS 200-2042] Usage of URAM can potentially cause worse II as Vitis HLS does not exploit read-first mode for URAMs. Consider using BRAMs instead.
WARNING: [HLS 200-2042] Usage of URAM can potentially cause worse II as Vitis HLS does not exploit read-first mode for URAMs. Consider using BRAMs instead.
WARNING: [HLS 200-2042] Usage of URAM can potentially cause worse II as Vitis HLS does not exploit read-first mode for URAMs. Consider using BRAMs instead.
WARNING: [HLS 200-2042] Usage of URAM can potentially cause worse II as Vitis HLS does not exploit read-first mode for URAMs. Consider using BRAMs instead.
WARNING: [HLS 200-2042] Usage of URAM can potentially cause worse II as Vitis HLS does not exploit read-first mode for URAMs. Consider using BRAMs instead.
WARNING: [HLS 200-2042] Usage of URAM can potentially cause worse II as Vitis HLS does not exploit read-first mode for URAMs. Consider using BRAMs instead.
WARNING: [HLS 200-2042] Usage of URAM can potentially cause worse II as Vitis HLS does not exploit read-first mode for URAMs. Consider using BRAMs instead.
WARNING: [HLS 200-2042] Usage of URAM can potentially cause worse II as Vitis HLS does not exploit read-first mode for URAMs. Consider using BRAMs instead.
WARNING: [HLS 200-2042] Usage of URAM can potentially cause worse II as Vitis HLS does not exploit read-first mode for URAMs. Consider using BRAMs instead.
WARNING: [HLS 200-2042] Usage of URAM can potentially cause worse II as Vitis HLS does not exploit read-first mode for URAMs. Consider using BRAMs instead.
WARNING: [HLS 200-2042] Usage of URAM can potentially cause worse II as Vitis HLS does not exploit read-first mode for URAMs. Consider using BRAMs instead.
WARNING: [HLS 200-2042] Usage of URAM can potentially cause worse II as Vitis HLS does not exploit read-first mode for URAMs. Consider using BRAMs instead.
WARNING: [HLS 200-2042] Usage of URAM can potentially cause worse II as Vitis HLS does not exploit read-first mode for URAMs. Consider using BRAMs instead.
WARNING: [HLS 200-2042] Usage of URAM can potentially cause worse II as Vitis HLS does not exploit read-first mode for URAMs. Consider using BRAMs instead.
WARNING: [HLS 200-2042] Usage of URAM can potentially cause worse II as Vitis HLS does not exploit read-first mode for URAMs. Consider using BRAMs instead.
WARNING: [HLS 200-2042] Usage of URAM can potentially cause worse II as Vitis HLS does not exploit read-first mode for URAMs. Consider using BRAMs instead.
WARNING: [HLS 200-2042] Usage of URAM can potentially cause worse II as Vitis HLS does not exploit read-first mode for URAMs. Consider using BRAMs instead.
WARNING: [HLS 200-2042] Usage of URAM can potentially cause worse II as Vitis HLS does not exploit read-first mode for URAMs. Consider using BRAMs instead.
WARNING: [HLS 200-2042] Usage of URAM can potentially cause worse II as Vitis HLS does not exploit read-first mode for URAMs. Consider using BRAMs instead.
WARNING: [HLS 200-2042] Usage of URAM can potentially cause worse II as Vitis HLS does not exploit read-first mode for URAMs. Consider using BRAMs instead.
WARNING: [HLS 200-2042] Usage of URAM can potentially cause worse II as Vitis HLS does not exploit read-first mode for URAMs. Consider using BRAMs instead.
WARNING: [HLS 200-2042] Usage of URAM can potentially cause worse II as Vitis HLS does not exploit read-first mode for URAMs. Consider using BRAMs instead.
WARNING: [HLS 200-2042] Usage of URAM can potentially cause worse II as Vitis HLS does not exploit read-first mode for URAMs. Consider using BRAMs instead.
WARNING: [HLS 200-2042] Usage of URAM can potentially cause worse II as Vitis HLS does not exploit read-first mode for URAMs. Consider using BRAMs instead.
WARNING: [HLS 200-2042] Usage of URAM can potentially cause worse II as Vitis HLS does not exploit read-first mode for URAMs. Consider using BRAMs instead.
WARNING: [HLS 200-2042] Usage of URAM can potentially cause worse II as Vitis HLS does not exploit read-first mode for URAMs. Consider using BRAMs instead.
WARNING: [HLS 200-2042] Usage of URAM can potentially cause worse II as Vitis HLS does not exploit read-first mode for URAMs. Consider using BRAMs instead.
WARNING: [HLS 200-2042] Usage of URAM can potentially cause worse II as Vitis HLS does not exploit read-first mode for URAMs. Consider using BRAMs instead.
WARNING: [HLS 200-2042] Usage of URAM can potentially cause worse II as Vitis HLS does not exploit read-first mode for URAMs. Consider using BRAMs instead.
WARNING: [HLS 200-2042] Usage of URAM can potentially cause worse II as Vitis HLS does not exploit read-first mode for URAMs. Consider using BRAMs instead.
WARNING: [HLS 200-2042] Usage of URAM can potentially cause worse II as Vitis HLS does not exploit read-first mode for URAMs. Consider using BRAMs instead.
WARNING: [HLS 200-2042] Usage of URAM can potentially cause worse II as Vitis HLS does not exploit read-first mode for URAMs. Consider using BRAMs instead.
WARNING: [HLS 200-2042] Usage of URAM can potentially cause worse II as Vitis HLS does not exploit read-first mode for URAMs. Consider using BRAMs instead.
WARNING: [HLS 200-2042] Usage of URAM can potentially cause worse II as Vitis HLS does not exploit read-first mode for URAMs. Consider using BRAMs instead.
WARNING: [HLS 200-2042] Usage of URAM can potentially cause worse II as Vitis HLS does not exploit read-first mode for URAMs. Consider using BRAMs instead.
WARNING: [HLS 200-2042] Usage of URAM can potentially cause worse II as Vitis HLS does not exploit read-first mode for URAMs. Consider using BRAMs instead.
WARNING: [HLS 200-2042] Usage of URAM can potentially cause worse II as Vitis HLS does not exploit read-first mode for URAMs. Consider using BRAMs instead.
WARNING: [HLS 200-2042] Usage of URAM can potentially cause worse II as Vitis HLS does not exploit read-first mode for URAMs. Consider using BRAMs instead.
WARNING: [HLS 200-2042] Usage of URAM can potentially cause worse II as Vitis HLS does not exploit read-first mode for URAMs. Consider using BRAMs instead.
WARNING: [HLS 200-2042] Usage of URAM can potentially cause worse II as Vitis HLS does not exploit read-first mode for URAMs. Consider using BRAMs instead.
WARNING: [HLS 200-2042] Usage of URAM can potentially cause worse II as Vitis HLS does not exploit read-first mode for URAMs. Consider using BRAMs instead.
WARNING: [HLS 200-2042] Usage of URAM can potentially cause worse II as Vitis HLS does not exploit read-first mode for URAMs. Consider using BRAMs instead.
WARNING: [HLS 200-2042] Usage of URAM can potentially cause worse II as Vitis HLS does not exploit read-first mode for URAMs. Consider using BRAMs instead.
WARNING: [HLS 200-2042] Usage of URAM can potentially cause worse II as Vitis HLS does not exploit read-first mode for URAMs. Consider using BRAMs instead.
WARNING: [HLS 200-2042] Usage of URAM can potentially cause worse II as Vitis HLS does not exploit read-first mode for URAMs. Consider using BRAMs instead.
WARNING: [HLS 200-2042] Usage of URAM can potentially cause worse II as Vitis HLS does not exploit read-first mode for URAMs. Consider using BRAMs instead.
WARNING: [HLS 200-2042] Usage of URAM can potentially cause worse II as Vitis HLS does not exploit read-first mode for URAMs. Consider using BRAMs instead.
WARNING: [HLS 200-2042] Usage of URAM can potentially cause worse II as Vitis HLS does not exploit read-first mode for URAMs. Consider using BRAMs instead.
WARNING: [HLS 200-2042] Usage of URAM can potentially cause worse II as Vitis HLS does not exploit read-first mode for URAMs. Consider using BRAMs instead.
WARNING: [HLS 200-2042] Usage of URAM can potentially cause worse II as Vitis HLS does not exploit read-first mode for URAMs. Consider using BRAMs instead.
WARNING: [HLS 200-2042] Usage of URAM can potentially cause worse II as Vitis HLS does not exploit read-first mode for URAMs. Consider using BRAMs instead.
WARNING: [HLS 200-2042] Usage of URAM can potentially cause worse II as Vitis HLS does not exploit read-first mode for URAMs. Consider using BRAMs instead.
WARNING: [HLS 200-2042] Usage of URAM can potentially cause worse II as Vitis HLS does not exploit read-first mode for URAMs. Consider using BRAMs instead.
WARNING: [HLS 200-2042] Usage of URAM can potentially cause worse II as Vitis HLS does not exploit read-first mode for URAMs. Consider using BRAMs instead.
WARNING: [HLS 200-2042] Usage of URAM can potentially cause worse II as Vitis HLS does not exploit read-first mode for URAMs. Consider using BRAMs instead.
WARNING: [HLS 200-2042] Usage of URAM can potentially cause worse II as Vitis HLS does not exploit read-first mode for URAMs. Consider using BRAMs instead.
WARNING: [HLS 200-2042] Usage of URAM can potentially cause worse II as Vitis HLS does not exploit read-first mode for URAMs. Consider using BRAMs instead.
WARNING: [HLS 200-2042] Usage of URAM can potentially cause worse II as Vitis HLS does not exploit read-first mode for URAMs. Consider using BRAMs instead.
WARNING: [HLS 200-2042] Usage of URAM can potentially cause worse II as Vitis HLS does not exploit read-first mode for URAMs. Consider using BRAMs instead.
WARNING: [HLS 200-2042] Usage of URAM can potentially cause worse II as Vitis HLS does not exploit read-first mode for URAMs. Consider using BRAMs instead.
WARNING: [HLS 200-2042] Usage of URAM can potentially cause worse II as Vitis HLS does not exploit read-first mode for URAMs. Consider using BRAMs instead.
WARNING: [HLS 200-2042] Usage of URAM can potentially cause worse II as Vitis HLS does not exploit read-first mode for URAMs. Consider using BRAMs instead.
WARNING: [HLS 200-2042] Usage of URAM can potentially cause worse II as Vitis HLS does not exploit read-first mode for URAMs. Consider using BRAMs instead.
WARNING: [HLS 200-2042] Usage of URAM can potentially cause worse II as Vitis HLS does not exploit read-first mode for URAMs. Consider using BRAMs instead.
WARNING: [HLS 200-2042] Usage of URAM can potentially cause worse II as Vitis HLS does not exploit read-first mode for URAMs. Consider using BRAMs instead.
WARNING: [HLS 200-2042] Usage of URAM can potentially cause worse II as Vitis HLS does not exploit read-first mode for URAMs. Consider using BRAMs instead.
WARNING: [HLS 200-2042] Usage of URAM can potentially cause worse II as Vitis HLS does not exploit read-first mode for URAMs. Consider using BRAMs instead.
WARNING: [HLS 200-2042] Usage of URAM can potentially cause worse II as Vitis HLS does not exploit read-first mode for URAMs. Consider using BRAMs instead.
WARNING: [HLS 200-2042] Usage of URAM can potentially cause worse II as Vitis HLS does not exploit read-first mode for URAMs. Consider using BRAMs instead.
WARNING: [HLS 200-2042] Usage of URAM can potentially cause worse II as Vitis HLS does not exploit read-first mode for URAMs. Consider using BRAMs instead.
WARNING: [HLS 200-2042] Usage of URAM can potentially cause worse II as Vitis HLS does not exploit read-first mode for URAMs. Consider using BRAMs instead.
WARNING: [HLS 200-2042] Usage of URAM can potentially cause worse II as Vitis HLS does not exploit read-first mode for URAMs. Consider using BRAMs instead.
WARNING: [HLS 200-2042] Usage of URAM can potentially cause worse II as Vitis HLS does not exploit read-first mode for URAMs. Consider using BRAMs instead.
WARNING: [HLS 200-2042] Usage of URAM can potentially cause worse II as Vitis HLS does not exploit read-first mode for URAMs. Consider using BRAMs instead.
WARNING: [HLS 200-2042] Usage of URAM can potentially cause worse II as Vitis HLS does not exploit read-first mode for URAMs. Consider using BRAMs instead.
WARNING: [HLS 200-2042] Usage of URAM can potentially cause worse II as Vitis HLS does not exploit read-first mode for URAMs. Consider using BRAMs instead.
WARNING: [HLS 200-2042] Usage of URAM can potentially cause worse II as Vitis HLS does not exploit read-first mode for URAMs. Consider using BRAMs instead.
WARNING: [HLS 200-2042] Usage of URAM can potentially cause worse II as Vitis HLS does not exploit read-first mode for URAMs. Consider using BRAMs instead.
WARNING: [HLS 200-2042] Usage of URAM can potentially cause worse II as Vitis HLS does not exploit read-first mode for URAMs. Consider using BRAMs instead.
WARNING: [HLS 200-2042] Usage of URAM can potentially cause worse II as Vitis HLS does not exploit read-first mode for URAMs. Consider using BRAMs instead.
WARNING: [HLS 200-2042] Usage of URAM can potentially cause worse II as Vitis HLS does not exploit read-first mode for URAMs. Consider using BRAMs instead.
WARNING: [HLS 200-2042] Usage of URAM can potentially cause worse II as Vitis HLS does not exploit read-first mode for URAMs. Consider using BRAMs instead.
WARNING: [HLS 200-2042] Usage of URAM can potentially cause worse II as Vitis HLS does not exploit read-first mode for URAMs. Consider using BRAMs instead.
WARNING: [HLS 200-2042] Usage of URAM can potentially cause worse II as Vitis HLS does not exploit read-first mode for URAMs. Consider using BRAMs instead.
WARNING: [HLS 200-2042] Usage of URAM can potentially cause worse II as Vitis HLS does not exploit read-first mode for URAMs. Consider using BRAMs instead.
WARNING: [HLS 200-2042] Usage of URAM can potentially cause worse II as Vitis HLS does not exploit read-first mode for URAMs. Consider using BRAMs instead.
WARNING: [HLS 200-2042] Usage of URAM can potentially cause worse II as Vitis HLS does not exploit read-first mode for URAMs. Consider using BRAMs instead.
WARNING: [HLS 200-2042] Usage of URAM can potentially cause worse II as Vitis HLS does not exploit read-first mode for URAMs. Consider using BRAMs instead.
WARNING: [HLS 200-2042] Usage of URAM can potentially cause worse II as Vitis HLS does not exploit read-first mode for URAMs. Consider using BRAMs instead.
WARNING: [HLS 200-2042] Usage of URAM can potentially cause worse II as Vitis HLS does not exploit read-first mode for URAMs. Consider using BRAMs instead.
WARNING: [HLS 200-2042] Usage of URAM can potentially cause worse II as Vitis HLS does not exploit read-first mode for URAMs. Consider using BRAMs instead.
WARNING: [HLS 200-2042] Usage of URAM can potentially cause worse II as Vitis HLS does not exploit read-first mode for URAMs. Consider using BRAMs instead.
WARNING: [HLS 200-2042] Usage of URAM can potentially cause worse II as Vitis HLS does not exploit read-first mode for URAMs. Consider using BRAMs instead.
WARNING: [HLS 200-2042] Usage of URAM can potentially cause worse II as Vitis HLS does not exploit read-first mode for URAMs. Consider using BRAMs instead.
WARNING: [HLS 200-2042] Usage of URAM can potentially cause worse II as Vitis HLS does not exploit read-first mode for URAMs. Consider using BRAMs instead.
WARNING: [HLS 200-2042] Usage of URAM can potentially cause worse II as Vitis HLS does not exploit read-first mode for URAMs. Consider using BRAMs instead.
WARNING: [HLS 200-2042] Usage of URAM can potentially cause worse II as Vitis HLS does not exploit read-first mode for URAMs. Consider using BRAMs instead.
WARNING: [HLS 200-2042] Usage of URAM can potentially cause worse II as Vitis HLS does not exploit read-first mode for URAMs. Consider using BRAMs instead.
WARNING: [HLS 200-2042] Usage of URAM can potentially cause worse II as Vitis HLS does not exploit read-first mode for URAMs. Consider using BRAMs instead.
WARNING: [HLS 200-2042] Usage of URAM can potentially cause worse II as Vitis HLS does not exploit read-first mode for URAMs. Consider using BRAMs instead.
WARNING: [HLS 200-2042] Usage of URAM can potentially cause worse II as Vitis HLS does not exploit read-first mode for URAMs. Consider using BRAMs instead.
WARNING: [HLS 200-2042] Usage of URAM can potentially cause worse II as Vitis HLS does not exploit read-first mode for URAMs. Consider using BRAMs instead.
WARNING: [HLS 200-2042] Usage of URAM can potentially cause worse II as Vitis HLS does not exploit read-first mode for URAMs. Consider using BRAMs instead.
WARNING: [HLS 200-2042] Usage of URAM can potentially cause worse II as Vitis HLS does not exploit read-first mode for URAMs. Consider using BRAMs instead.
WARNING: [HLS 200-2042] Usage of URAM can potentially cause worse II as Vitis HLS does not exploit read-first mode for URAMs. Consider using BRAMs instead.
WARNING: [HLS 200-2042] Usage of URAM can potentially cause worse II as Vitis HLS does not exploit read-first mode for URAMs. Consider using BRAMs instead.
WARNING: [HLS 200-2042] Usage of URAM can potentially cause worse II as Vitis HLS does not exploit read-first mode for URAMs. Consider using BRAMs instead.
WARNING: [HLS 200-2042] Usage of URAM can potentially cause worse II as Vitis HLS does not exploit read-first mode for URAMs. Consider using BRAMs instead.
WARNING: [HLS 200-2042] Usage of URAM can potentially cause worse II as Vitis HLS does not exploit read-first mode for URAMs. Consider using BRAMs instead.
WARNING: [HLS 200-2042] Usage of URAM can potentially cause worse II as Vitis HLS does not exploit read-first mode for URAMs. Consider using BRAMs instead.
WARNING: [HLS 200-2042] Usage of URAM can potentially cause worse II as Vitis HLS does not exploit read-first mode for URAMs. Consider using BRAMs instead.
WARNING: [HLS 200-2042] Usage of URAM can potentially cause worse II as Vitis HLS does not exploit read-first mode for URAMs. Consider using BRAMs instead.
WARNING: [HLS 200-2042] Usage of URAM can potentially cause worse II as Vitis HLS does not exploit read-first mode for URAMs. Consider using BRAMs instead.
WARNING: [HLS 200-2042] Usage of URAM can potentially cause worse II as Vitis HLS does not exploit read-first mode for URAMs. Consider using BRAMs instead.
WARNING: [HLS 200-2042] Usage of URAM can potentially cause worse II as Vitis HLS does not exploit read-first mode for URAMs. Consider using BRAMs instead.
WARNING: [HLS 200-2042] Usage of URAM can potentially cause worse II as Vitis HLS does not exploit read-first mode for URAMs. Consider using BRAMs instead.
WARNING: [HLS 200-2042] Usage of URAM can potentially cause worse II as Vitis HLS does not exploit read-first mode for URAMs. Consider using BRAMs instead.
WARNING: [HLS 200-2042] Usage of URAM can potentially cause worse II as Vitis HLS does not exploit read-first mode for URAMs. Consider using BRAMs instead.
WARNING: [HLS 200-2042] Usage of URAM can potentially cause worse II as Vitis HLS does not exploit read-first mode for URAMs. Consider using BRAMs instead.
WARNING: [HLS 200-2042] Usage of URAM can potentially cause worse II as Vitis HLS does not exploit read-first mode for URAMs. Consider using BRAMs instead.
WARNING: [HLS 200-2042] Usage of URAM can potentially cause worse II as Vitis HLS does not exploit read-first mode for URAMs. Consider using BRAMs instead.
WARNING: [HLS 200-2042] Usage of URAM can potentially cause worse II as Vitis HLS does not exploit read-first mode for URAMs. Consider using BRAMs instead.
WARNING: [HLS 200-2042] Usage of URAM can potentially cause worse II as Vitis HLS does not exploit read-first mode for URAMs. Consider using BRAMs instead.
WARNING: [HLS 200-2042] Usage of URAM can potentially cause worse II as Vitis HLS does not exploit read-first mode for URAMs. Consider using BRAMs instead.
WARNING: [HLS 200-2042] Usage of URAM can potentially cause worse II as Vitis HLS does not exploit read-first mode for URAMs. Consider using BRAMs instead.
WARNING: [HLS 200-2042] Usage of URAM can potentially cause worse II as Vitis HLS does not exploit read-first mode for URAMs. Consider using BRAMs instead.
WARNING: [HLS 200-2042] Usage of URAM can potentially cause worse II as Vitis HLS does not exploit read-first mode for URAMs. Consider using BRAMs instead.
WARNING: [HLS 200-2042] Usage of URAM can potentially cause worse II as Vitis HLS does not exploit read-first mode for URAMs. Consider using BRAMs instead.
WARNING: [HLS 200-2042] Usage of URAM can potentially cause worse II as Vitis HLS does not exploit read-first mode for URAMs. Consider using BRAMs instead.
WARNING: [HLS 200-2042] Usage of URAM can potentially cause worse II as Vitis HLS does not exploit read-first mode for URAMs. Consider using BRAMs instead.
WARNING: [HLS 200-2042] Usage of URAM can potentially cause worse II as Vitis HLS does not exploit read-first mode for URAMs. Consider using BRAMs instead.
WARNING: [HLS 200-2042] Usage of URAM can potentially cause worse II as Vitis HLS does not exploit read-first mode for URAMs. Consider using BRAMs instead.
WARNING: [HLS 200-2042] Usage of URAM can potentially cause worse II as Vitis HLS does not exploit read-first mode for URAMs. Consider using BRAMs instead.
WARNING: [HLS 200-2042] Usage of URAM can potentially cause worse II as Vitis HLS does not exploit read-first mode for URAMs. Consider using BRAMs instead.
WARNING: [HLS 200-2042] Usage of URAM can potentially cause worse II as Vitis HLS does not exploit read-first mode for URAMs. Consider using BRAMs instead.
WARNING: [HLS 200-2042] Usage of URAM can potentially cause worse II as Vitis HLS does not exploit read-first mode for URAMs. Consider using BRAMs instead.
WARNING: [HLS 200-2042] Usage of URAM can potentially cause worse II as Vitis HLS does not exploit read-first mode for URAMs. Consider using BRAMs instead.
WARNING: [HLS 200-2042] Usage of URAM can potentially cause worse II as Vitis HLS does not exploit read-first mode for URAMs. Consider using BRAMs instead.
WARNING: [HLS 200-2042] Usage of URAM can potentially cause worse II as Vitis HLS does not exploit read-first mode for URAMs. Consider using BRAMs instead.
WARNING: [HLS 200-2042] Usage of URAM can potentially cause worse II as Vitis HLS does not exploit read-first mode for URAMs. Consider using BRAMs instead.
WARNING: [HLS 200-2042] Usage of URAM can potentially cause worse II as Vitis HLS does not exploit read-first mode for URAMs. Consider using BRAMs instead.
WARNING: [HLS 200-2042] Usage of URAM can potentially cause worse II as Vitis HLS does not exploit read-first mode for URAMs. Consider using BRAMs instead.
WARNING: [HLS 200-2042] Usage of URAM can potentially cause worse II as Vitis HLS does not exploit read-first mode for URAMs. Consider using BRAMs instead.
WARNING: [HLS 200-2042] Usage of URAM can potentially cause worse II as Vitis HLS does not exploit read-first mode for URAMs. Consider using BRAMs instead.
WARNING: [HLS 200-2042] Usage of URAM can potentially cause worse II as Vitis HLS does not exploit read-first mode for URAMs. Consider using BRAMs instead.
WARNING: [HLS 200-2042] Usage of URAM can potentially cause worse II as Vitis HLS does not exploit read-first mode for URAMs. Consider using BRAMs instead.
WARNING: [HLS 200-2042] Usage of URAM can potentially cause worse II as Vitis HLS does not exploit read-first mode for URAMs. Consider using BRAMs instead.
WARNING: [HLS 200-2042] Usage of URAM can potentially cause worse II as Vitis HLS does not exploit read-first mode for URAMs. Consider using BRAMs instead.
WARNING: [HLS 200-2042] Usage of URAM can potentially cause worse II as Vitis HLS does not exploit read-first mode for URAMs. Consider using BRAMs instead.
WARNING: [HLS 200-2042] Usage of URAM can potentially cause worse II as Vitis HLS does not exploit read-first mode for URAMs. Consider using BRAMs instead.
WARNING: [HLS 200-2042] Usage of URAM can potentially cause worse II as Vitis HLS does not exploit read-first mode for URAMs. Consider using BRAMs instead.
WARNING: [HLS 200-2042] Usage of URAM can potentially cause worse II as Vitis HLS does not exploit read-first mode for URAMs. Consider using BRAMs instead.
WARNING: [HLS 200-2042] Usage of URAM can potentially cause worse II as Vitis HLS does not exploit read-first mode for URAMs. Consider using BRAMs instead.
WARNING: [HLS 200-2042] Usage of URAM can potentially cause worse II as Vitis HLS does not exploit read-first mode for URAMs. Consider using BRAMs instead.
WARNING: [HLS 200-2042] Usage of URAM can potentially cause worse II as Vitis HLS does not exploit read-first mode for URAMs. Consider using BRAMs instead.
WARNING: [HLS 200-2042] Usage of URAM can potentially cause worse II as Vitis HLS does not exploit read-first mode for URAMs. Consider using BRAMs instead.
WARNING: [HLS 200-2042] Usage of URAM can potentially cause worse II as Vitis HLS does not exploit read-first mode for URAMs. Consider using BRAMs instead.
WARNING: [HLS 200-2042] Usage of URAM can potentially cause worse II as Vitis HLS does not exploit read-first mode for URAMs. Consider using BRAMs instead.
WARNING: [HLS 200-2042] Usage of URAM can potentially cause worse II as Vitis HLS does not exploit read-first mode for URAMs. Consider using BRAMs instead.
WARNING: [HLS 200-2042] Usage of URAM can potentially cause worse II as Vitis HLS does not exploit read-first mode for URAMs. Consider using BRAMs instead.
WARNING: [HLS 200-2042] Usage of URAM can potentially cause worse II as Vitis HLS does not exploit read-first mode for URAMs. Consider using BRAMs instead.
WARNING: [HLS 200-2042] Usage of URAM can potentially cause worse II as Vitis HLS does not exploit read-first mode for URAMs. Consider using BRAMs instead.
WARNING: [HLS 200-2042] Usage of URAM can potentially cause worse II as Vitis HLS does not exploit read-first mode for URAMs. Consider using BRAMs instead.
WARNING: [HLS 200-2042] Usage of URAM can potentially cause worse II as Vitis HLS does not exploit read-first mode for URAMs. Consider using BRAMs instead.
WARNING: [HLS 200-2042] Usage of URAM can potentially cause worse II as Vitis HLS does not exploit read-first mode for URAMs. Consider using BRAMs instead.
WARNING: [HLS 200-2042] Usage of URAM can potentially cause worse II as Vitis HLS does not exploit read-first mode for URAMs. Consider using BRAMs instead.
WARNING: [HLS 200-2042] Usage of URAM can potentially cause worse II as Vitis HLS does not exploit read-first mode for URAMs. Consider using BRAMs instead.
WARNING: [HLS 200-2042] Usage of URAM can potentially cause worse II as Vitis HLS does not exploit read-first mode for URAMs. Consider using BRAMs instead.
WARNING: [HLS 200-2042] Usage of URAM can potentially cause worse II as Vitis HLS does not exploit read-first mode for URAMs. Consider using BRAMs instead.
WARNING: [HLS 200-2042] Usage of URAM can potentially cause worse II as Vitis HLS does not exploit read-first mode for URAMs. Consider using BRAMs instead.
WARNING: [HLS 200-2042] Usage of URAM can potentially cause worse II as Vitis HLS does not exploit read-first mode for URAMs. Consider using BRAMs instead.
WARNING: [HLS 200-2042] Usage of URAM can potentially cause worse II as Vitis HLS does not exploit read-first mode for URAMs. Consider using BRAMs instead.
WARNING: [HLS 200-2042] Usage of URAM can potentially cause worse II as Vitis HLS does not exploit read-first mode for URAMs. Consider using BRAMs instead.
WARNING: [HLS 200-2042] Usage of URAM can potentially cause worse II as Vitis HLS does not exploit read-first mode for URAMs. Consider using BRAMs instead.
WARNING: [HLS 200-2042] Usage of URAM can potentially cause worse II as Vitis HLS does not exploit read-first mode for URAMs. Consider using BRAMs instead.
WARNING: [HLS 200-2042] Usage of URAM can potentially cause worse II as Vitis HLS does not exploit read-first mode for URAMs. Consider using BRAMs instead.
WARNING: [HLS 200-2042] Usage of URAM can potentially cause worse II as Vitis HLS does not exploit read-first mode for URAMs. Consider using BRAMs instead.
WARNING: [HLS 200-2042] Usage of URAM can potentially cause worse II as Vitis HLS does not exploit read-first mode for URAMs. Consider using BRAMs instead.
WARNING: [HLS 200-2042] Usage of URAM can potentially cause worse II as Vitis HLS does not exploit read-first mode for URAMs. Consider using BRAMs instead.
WARNING: [HLS 200-2042] Usage of URAM can potentially cause worse II as Vitis HLS does not exploit read-first mode for URAMs. Consider using BRAMs instead.
WARNING: [HLS 200-2042] Usage of URAM can potentially cause worse II as Vitis HLS does not exploit read-first mode for URAMs. Consider using BRAMs instead.
WARNING: [HLS 200-2042] Usage of URAM can potentially cause worse II as Vitis HLS does not exploit read-first mode for URAMs. Consider using BRAMs instead.
WARNING: [HLS 200-2042] Usage of URAM can potentially cause worse II as Vitis HLS does not exploit read-first mode for URAMs. Consider using BRAMs instead.
WARNING: [HLS 200-2042] Usage of URAM can potentially cause worse II as Vitis HLS does not exploit read-first mode for URAMs. Consider using BRAMs instead.
WARNING: [HLS 200-2042] Usage of URAM can potentially cause worse II as Vitis HLS does not exploit read-first mode for URAMs. Consider using BRAMs instead.
WARNING: [HLS 200-2042] Usage of URAM can potentially cause worse II as Vitis HLS does not exploit read-first mode for URAMs. Consider using BRAMs instead.
WARNING: [HLS 200-2042] Usage of URAM can potentially cause worse II as Vitis HLS does not exploit read-first mode for URAMs. Consider using BRAMs instead.
WARNING: [HLS 200-2042] Usage of URAM can potentially cause worse II as Vitis HLS does not exploit read-first mode for URAMs. Consider using BRAMs instead.
WARNING: [HLS 200-2042] Usage of URAM can potentially cause worse II as Vitis HLS does not exploit read-first mode for URAMs. Consider using BRAMs instead.
WARNING: [HLS 200-2042] Usage of URAM can potentially cause worse II as Vitis HLS does not exploit read-first mode for URAMs. Consider using BRAMs instead.
WARNING: [HLS 200-2042] Usage of URAM can potentially cause worse II as Vitis HLS does not exploit read-first mode for URAMs. Consider using BRAMs instead.
WARNING: [HLS 200-2042] Usage of URAM can potentially cause worse II as Vitis HLS does not exploit read-first mode for URAMs. Consider using BRAMs instead.
WARNING: [HLS 200-2042] Usage of URAM can potentially cause worse II as Vitis HLS does not exploit read-first mode for URAMs. Consider using BRAMs instead.
WARNING: [HLS 200-2042] Usage of URAM can potentially cause worse II as Vitis HLS does not exploit read-first mode for URAMs. Consider using BRAMs instead.
WARNING: [HLS 200-2042] Usage of URAM can potentially cause worse II as Vitis HLS does not exploit read-first mode for URAMs. Consider using BRAMs instead.
WARNING: [HLS 200-2042] Usage of URAM can potentially cause worse II as Vitis HLS does not exploit read-first mode for URAMs. Consider using BRAMs instead.
WARNING: [HLS 200-2042] Usage of URAM can potentially cause worse II as Vitis HLS does not exploit read-first mode for URAMs. Consider using BRAMs instead.
WARNING: [HLS 200-2042] Usage of URAM can potentially cause worse II as Vitis HLS does not exploit read-first mode for URAMs. Consider using BRAMs instead.
WARNING: [HLS 200-2042] Usage of URAM can potentially cause worse II as Vitis HLS does not exploit read-first mode for URAMs. Consider using BRAMs instead.
WARNING: [HLS 200-2042] Usage of URAM can potentially cause worse II as Vitis HLS does not exploit read-first mode for URAMs. Consider using BRAMs instead.
WARNING: [HLS 200-2042] Usage of URAM can potentially cause worse II as Vitis HLS does not exploit read-first mode for URAMs. Consider using BRAMs instead.
WARNING: [HLS 200-2042] Usage of URAM can potentially cause worse II as Vitis HLS does not exploit read-first mode for URAMs. Consider using BRAMs instead.
WARNING: [HLS 200-2042] Usage of URAM can potentially cause worse II as Vitis HLS does not exploit read-first mode for URAMs. Consider using BRAMs instead.
WARNING: [HLS 200-2042] Usage of URAM can potentially cause worse II as Vitis HLS does not exploit read-first mode for URAMs. Consider using BRAMs instead.
WARNING: [HLS 200-2042] Usage of URAM can potentially cause worse II as Vitis HLS does not exploit read-first mode for URAMs. Consider using BRAMs instead.
WARNING: [HLS 200-2042] Usage of URAM can potentially cause worse II as Vitis HLS does not exploit read-first mode for URAMs. Consider using BRAMs instead.
WARNING: [HLS 200-2042] Usage of URAM can potentially cause worse II as Vitis HLS does not exploit read-first mode for URAMs. Consider using BRAMs instead.
WARNING: [HLS 200-2042] Usage of URAM can potentially cause worse II as Vitis HLS does not exploit read-first mode for URAMs. Consider using BRAMs instead.
WARNING: [HLS 200-2042] Usage of URAM can potentially cause worse II as Vitis HLS does not exploit read-first mode for URAMs. Consider using BRAMs instead.
WARNING: [HLS 200-2042] Usage of URAM can potentially cause worse II as Vitis HLS does not exploit read-first mode for URAMs. Consider using BRAMs instead.
WARNING: [HLS 200-2042] Usage of URAM can potentially cause worse II as Vitis HLS does not exploit read-first mode for URAMs. Consider using BRAMs instead.
WARNING: [HLS 200-2042] Usage of URAM can potentially cause worse II as Vitis HLS does not exploit read-first mode for URAMs. Consider using BRAMs instead.
WARNING: [HLS 200-2042] Usage of URAM can potentially cause worse II as Vitis HLS does not exploit read-first mode for URAMs. Consider using BRAMs instead.
WARNING: [HLS 200-2042] Usage of URAM can potentially cause worse II as Vitis HLS does not exploit read-first mode for URAMs. Consider using BRAMs instead.
WARNING: [HLS 200-2042] Usage of URAM can potentially cause worse II as Vitis HLS does not exploit read-first mode for URAMs. Consider using BRAMs instead.
WARNING: [HLS 200-2042] Usage of URAM can potentially cause worse II as Vitis HLS does not exploit read-first mode for URAMs. Consider using BRAMs instead.
WARNING: [HLS 200-2042] Usage of URAM can potentially cause worse II as Vitis HLS does not exploit read-first mode for URAMs. Consider using BRAMs instead.
WARNING: [HLS 200-2042] Usage of URAM can potentially cause worse II as Vitis HLS does not exploit read-first mode for URAMs. Consider using BRAMs instead.
WARNING: [HLS 200-2042] Usage of URAM can potentially cause worse II as Vitis HLS does not exploit read-first mode for URAMs. Consider using BRAMs instead.
WARNING: [HLS 200-2042] Usage of URAM can potentially cause worse II as Vitis HLS does not exploit read-first mode for URAMs. Consider using BRAMs instead.
WARNING: [HLS 200-2042] Usage of URAM can potentially cause worse II as Vitis HLS does not exploit read-first mode for URAMs. Consider using BRAMs instead.
WARNING: [HLS 200-2042] Usage of URAM can potentially cause worse II as Vitis HLS does not exploit read-first mode for URAMs. Consider using BRAMs instead.
WARNING: [HLS 200-2042] Usage of URAM can potentially cause worse II as Vitis HLS does not exploit read-first mode for URAMs. Consider using BRAMs instead.
WARNING: [HLS 200-2042] Usage of URAM can potentially cause worse II as Vitis HLS does not exploit read-first mode for URAMs. Consider using BRAMs instead.
WARNING: [HLS 200-2042] Usage of URAM can potentially cause worse II as Vitis HLS does not exploit read-first mode for URAMs. Consider using BRAMs instead.
WARNING: [HLS 200-2042] Usage of URAM can potentially cause worse II as Vitis HLS does not exploit read-first mode for URAMs. Consider using BRAMs instead.
WARNING: [HLS 200-2042] Usage of URAM can potentially cause worse II as Vitis HLS does not exploit read-first mode for URAMs. Consider using BRAMs instead.
WARNING: [HLS 200-2042] Usage of URAM can potentially cause worse II as Vitis HLS does not exploit read-first mode for URAMs. Consider using BRAMs instead.
WARNING: [HLS 200-2042] Usage of URAM can potentially cause worse II as Vitis HLS does not exploit read-first mode for URAMs. Consider using BRAMs instead.
WARNING: [HLS 200-2042] Usage of URAM can potentially cause worse II as Vitis HLS does not exploit read-first mode for URAMs. Consider using BRAMs instead.
WARNING: [HLS 200-2042] Usage of URAM can potentially cause worse II as Vitis HLS does not exploit read-first mode for URAMs. Consider using BRAMs instead.
WARNING: [HLS 200-2042] Usage of URAM can potentially cause worse II as Vitis HLS does not exploit read-first mode for URAMs. Consider using BRAMs instead.
WARNING: [HLS 200-2042] Usage of URAM can potentially cause worse II as Vitis HLS does not exploit read-first mode for URAMs. Consider using BRAMs instead.
WARNING: [HLS 200-2042] Usage of URAM can potentially cause worse II as Vitis HLS does not exploit read-first mode for URAMs. Consider using BRAMs instead.
WARNING: [HLS 200-2042] Usage of URAM can potentially cause worse II as Vitis HLS does not exploit read-first mode for URAMs. Consider using BRAMs instead.
WARNING: [HLS 200-2042] Usage of URAM can potentially cause worse II as Vitis HLS does not exploit read-first mode for URAMs. Consider using BRAMs instead.
WARNING: [HLS 200-2042] Usage of URAM can potentially cause worse II as Vitis HLS does not exploit read-first mode for URAMs. Consider using BRAMs instead.
WARNING: [HLS 200-2042] Usage of URAM can potentially cause worse II as Vitis HLS does not exploit read-first mode for URAMs. Consider using BRAMs instead.
WARNING: [HLS 200-2042] Usage of URAM can potentially cause worse II as Vitis HLS does not exploit read-first mode for URAMs. Consider using BRAMs instead.
WARNING: [HLS 200-2042] Usage of URAM can potentially cause worse II as Vitis HLS does not exploit read-first mode for URAMs. Consider using BRAMs instead.
WARNING: [HLS 200-2042] Usage of URAM can potentially cause worse II as Vitis HLS does not exploit read-first mode for URAMs. Consider using BRAMs instead.
WARNING: [HLS 200-2042] Usage of URAM can potentially cause worse II as Vitis HLS does not exploit read-first mode for URAMs. Consider using BRAMs instead.
WARNING: [HLS 200-2042] Usage of URAM can potentially cause worse II as Vitis HLS does not exploit read-first mode for URAMs. Consider using BRAMs instead.
WARNING: [HLS 200-2042] Usage of URAM can potentially cause worse II as Vitis HLS does not exploit read-first mode for URAMs. Consider using BRAMs instead.
WARNING: [HLS 200-2042] Usage of URAM can potentially cause worse II as Vitis HLS does not exploit read-first mode for URAMs. Consider using BRAMs instead.
WARNING: [HLS 200-2042] Usage of URAM can potentially cause worse II as Vitis HLS does not exploit read-first mode for URAMs. Consider using BRAMs instead.
WARNING: [HLS 200-2042] Usage of URAM can potentially cause worse II as Vitis HLS does not exploit read-first mode for URAMs. Consider using BRAMs instead.
WARNING: [HLS 200-2042] Usage of URAM can potentially cause worse II as Vitis HLS does not exploit read-first mode for URAMs. Consider using BRAMs instead.
WARNING: [HLS 200-2042] Usage of URAM can potentially cause worse II as Vitis HLS does not exploit read-first mode for URAMs. Consider using BRAMs instead.
WARNING: [HLS 200-2042] Usage of URAM can potentially cause worse II as Vitis HLS does not exploit read-first mode for URAMs. Consider using BRAMs instead.
WARNING: [HLS 200-2042] Usage of URAM can potentially cause worse II as Vitis HLS does not exploit read-first mode for URAMs. Consider using BRAMs instead.
WARNING: [HLS 200-2042] Usage of URAM can potentially cause worse II as Vitis HLS does not exploit read-first mode for URAMs. Consider using BRAMs instead.
WARNING: [HLS 200-2042] Usage of URAM can potentially cause worse II as Vitis HLS does not exploit read-first mode for URAMs. Consider using BRAMs instead.
WARNING: [HLS 200-2042] Usage of URAM can potentially cause worse II as Vitis HLS does not exploit read-first mode for URAMs. Consider using BRAMs instead.
WARNING: [HLS 200-2042] Usage of URAM can potentially cause worse II as Vitis HLS does not exploit read-first mode for URAMs. Consider using BRAMs instead.
WARNING: [HLS 200-2042] Usage of URAM can potentially cause worse II as Vitis HLS does not exploit read-first mode for URAMs. Consider using BRAMs instead.
WARNING: [HLS 200-2042] Usage of URAM can potentially cause worse II as Vitis HLS does not exploit read-first mode for URAMs. Consider using BRAMs instead.
WARNING: [HLS 200-2042] Usage of URAM can potentially cause worse II as Vitis HLS does not exploit read-first mode for URAMs. Consider using BRAMs instead.
WARNING: [HLS 200-2042] Usage of URAM can potentially cause worse II as Vitis HLS does not exploit read-first mode for URAMs. Consider using BRAMs instead.
WARNING: [HLS 200-2042] Usage of URAM can potentially cause worse II as Vitis HLS does not exploit read-first mode for URAMs. Consider using BRAMs instead.
WARNING: [HLS 200-2042] Usage of URAM can potentially cause worse II as Vitis HLS does not exploit read-first mode for URAMs. Consider using BRAMs instead.
WARNING: [HLS 200-2042] Usage of URAM can potentially cause worse II as Vitis HLS does not exploit read-first mode for URAMs. Consider using BRAMs instead.
WARNING: [HLS 200-2042] Usage of URAM can potentially cause worse II as Vitis HLS does not exploit read-first mode for URAMs. Consider using BRAMs instead.
WARNING: [HLS 200-2042] Usage of URAM can potentially cause worse II as Vitis HLS does not exploit read-first mode for URAMs. Consider using BRAMs instead.
WARNING: [HLS 200-2042] Usage of URAM can potentially cause worse II as Vitis HLS does not exploit read-first mode for URAMs. Consider using BRAMs instead.
WARNING: [HLS 200-2042] Usage of URAM can potentially cause worse II as Vitis HLS does not exploit read-first mode for URAMs. Consider using BRAMs instead.
WARNING: [HLS 200-2042] Usage of URAM can potentially cause worse II as Vitis HLS does not exploit read-first mode for URAMs. Consider using BRAMs instead.
WARNING: [HLS 200-2042] Usage of URAM can potentially cause worse II as Vitis HLS does not exploit read-first mode for URAMs. Consider using BRAMs instead.
WARNING: [HLS 200-2042] Usage of URAM can potentially cause worse II as Vitis HLS does not exploit read-first mode for URAMs. Consider using BRAMs instead.
WARNING: [HLS 200-2042] Usage of URAM can potentially cause worse II as Vitis HLS does not exploit read-first mode for URAMs. Consider using BRAMs instead.
WARNING: [HLS 200-2042] Usage of URAM can potentially cause worse II as Vitis HLS does not exploit read-first mode for URAMs. Consider using BRAMs instead.
WARNING: [HLS 200-2042] Usage of URAM can potentially cause worse II as Vitis HLS does not exploit read-first mode for URAMs. Consider using BRAMs instead.
WARNING: [HLS 200-2042] Usage of URAM can potentially cause worse II as Vitis HLS does not exploit read-first mode for URAMs. Consider using BRAMs instead.
WARNING: [HLS 200-2042] Usage of URAM can potentially cause worse II as Vitis HLS does not exploit read-first mode for URAMs. Consider using BRAMs instead.
WARNING: [HLS 200-2042] Usage of URAM can potentially cause worse II as Vitis HLS does not exploit read-first mode for URAMs. Consider using BRAMs instead.
WARNING: [HLS 200-2042] Usage of URAM can potentially cause worse II as Vitis HLS does not exploit read-first mode for URAMs. Consider using BRAMs instead.
WARNING: [HLS 200-2042] Usage of URAM can potentially cause worse II as Vitis HLS does not exploit read-first mode for URAMs. Consider using BRAMs instead.
WARNING: [HLS 200-2042] Usage of URAM can potentially cause worse II as Vitis HLS does not exploit read-first mode for URAMs. Consider using BRAMs instead.
WARNING: [HLS 200-2042] Usage of URAM can potentially cause worse II as Vitis HLS does not exploit read-first mode for URAMs. Consider using BRAMs instead.
WARNING: [HLS 200-2042] Usage of URAM can potentially cause worse II as Vitis HLS does not exploit read-first mode for URAMs. Consider using BRAMs instead.
WARNING: [HLS 200-2042] Usage of URAM can potentially cause worse II as Vitis HLS does not exploit read-first mode for URAMs. Consider using BRAMs instead.
WARNING: [HLS 200-2042] Usage of URAM can potentially cause worse II as Vitis HLS does not exploit read-first mode for URAMs. Consider using BRAMs instead.
WARNING: [HLS 200-2042] Usage of URAM can potentially cause worse II as Vitis HLS does not exploit read-first mode for URAMs. Consider using BRAMs instead.
WARNING: [HLS 200-2042] Usage of URAM can potentially cause worse II as Vitis HLS does not exploit read-first mode for URAMs. Consider using BRAMs instead.
WARNING: [HLS 200-2042] Usage of URAM can potentially cause worse II as Vitis HLS does not exploit read-first mode for URAMs. Consider using BRAMs instead.
WARNING: [HLS 200-2042] Usage of URAM can potentially cause worse II as Vitis HLS does not exploit read-first mode for URAMs. Consider using BRAMs instead.
WARNING: [HLS 200-2042] Usage of URAM can potentially cause worse II as Vitis HLS does not exploit read-first mode for URAMs. Consider using BRAMs instead.
WARNING: [HLS 200-2042] Usage of URAM can potentially cause worse II as Vitis HLS does not exploit read-first mode for URAMs. Consider using BRAMs instead.
WARNING: [HLS 200-2042] Usage of URAM can potentially cause worse II as Vitis HLS does not exploit read-first mode for URAMs. Consider using BRAMs instead.
WARNING: [HLS 200-2042] Usage of URAM can potentially cause worse II as Vitis HLS does not exploit read-first mode for URAMs. Consider using BRAMs instead.
WARNING: [HLS 200-2042] Usage of URAM can potentially cause worse II as Vitis HLS does not exploit read-first mode for URAMs. Consider using BRAMs instead.
WARNING: [HLS 200-2042] Usage of URAM can potentially cause worse II as Vitis HLS does not exploit read-first mode for URAMs. Consider using BRAMs instead.
WARNING: [HLS 200-2042] Usage of URAM can potentially cause worse II as Vitis HLS does not exploit read-first mode for URAMs. Consider using BRAMs instead.
WARNING: [HLS 200-2042] Usage of URAM can potentially cause worse II as Vitis HLS does not exploit read-first mode for URAMs. Consider using BRAMs instead.
WARNING: [HLS 200-2042] Usage of URAM can potentially cause worse II as Vitis HLS does not exploit read-first mode for URAMs. Consider using BRAMs instead.
WARNING: [HLS 200-2042] Usage of URAM can potentially cause worse II as Vitis HLS does not exploit read-first mode for URAMs. Consider using BRAMs instead.
WARNING: [HLS 200-2042] Usage of URAM can potentially cause worse II as Vitis HLS does not exploit read-first mode for URAMs. Consider using BRAMs instead.
WARNING: [HLS 200-2042] Usage of URAM can potentially cause worse II as Vitis HLS does not exploit read-first mode for URAMs. Consider using BRAMs instead.
WARNING: [HLS 200-2042] Usage of URAM can potentially cause worse II as Vitis HLS does not exploit read-first mode for URAMs. Consider using BRAMs instead.
WARNING: [HLS 200-2042] Usage of URAM can potentially cause worse II as Vitis HLS does not exploit read-first mode for URAMs. Consider using BRAMs instead.
WARNING: [HLS 200-2042] Usage of URAM can potentially cause worse II as Vitis HLS does not exploit read-first mode for URAMs. Consider using BRAMs instead.
WARNING: [HLS 200-2042] Usage of URAM can potentially cause worse II as Vitis HLS does not exploit read-first mode for URAMs. Consider using BRAMs instead.
WARNING: [HLS 200-2042] Usage of URAM can potentially cause worse II as Vitis HLS does not exploit read-first mode for URAMs. Consider using BRAMs instead.
WARNING: [HLS 200-2042] Usage of URAM can potentially cause worse II as Vitis HLS does not exploit read-first mode for URAMs. Consider using BRAMs instead.
WARNING: [HLS 200-2042] Usage of URAM can potentially cause worse II as Vitis HLS does not exploit read-first mode for URAMs. Consider using BRAMs instead.
WARNING: [HLS 200-2042] Usage of URAM can potentially cause worse II as Vitis HLS does not exploit read-first mode for URAMs. Consider using BRAMs instead.
WARNING: [HLS 200-2042] Usage of URAM can potentially cause worse II as Vitis HLS does not exploit read-first mode for URAMs. Consider using BRAMs instead.
WARNING: [HLS 200-2042] Usage of URAM can potentially cause worse II as Vitis HLS does not exploit read-first mode for URAMs. Consider using BRAMs instead.
WARNING: [HLS 200-2042] Usage of URAM can potentially cause worse II as Vitis HLS does not exploit read-first mode for URAMs. Consider using BRAMs instead.
WARNING: [HLS 200-2042] Usage of URAM can potentially cause worse II as Vitis HLS does not exploit read-first mode for URAMs. Consider using BRAMs instead.
WARNING: [HLS 200-2042] Usage of URAM can potentially cause worse II as Vitis HLS does not exploit read-first mode for URAMs. Consider using BRAMs instead.
WARNING: [HLS 200-2042] Usage of URAM can potentially cause worse II as Vitis HLS does not exploit read-first mode for URAMs. Consider using BRAMs instead.
WARNING: [HLS 200-2042] Usage of URAM can potentially cause worse II as Vitis HLS does not exploit read-first mode for URAMs. Consider using BRAMs instead.
WARNING: [HLS 200-2042] Usage of URAM can potentially cause worse II as Vitis HLS does not exploit read-first mode for URAMs. Consider using BRAMs instead.
WARNING: [HLS 200-2042] Usage of URAM can potentially cause worse II as Vitis HLS does not exploit read-first mode for URAMs. Consider using BRAMs instead.
WARNING: [HLS 200-2042] Usage of URAM can potentially cause worse II as Vitis HLS does not exploit read-first mode for URAMs. Consider using BRAMs instead.
WARNING: [HLS 200-2042] Usage of URAM can potentially cause worse II as Vitis HLS does not exploit read-first mode for URAMs. Consider using BRAMs instead.
WARNING: [HLS 200-2042] Usage of URAM can potentially cause worse II as Vitis HLS does not exploit read-first mode for URAMs. Consider using BRAMs instead.
WARNING: [HLS 200-2042] Usage of URAM can potentially cause worse II as Vitis HLS does not exploit read-first mode for URAMs. Consider using BRAMs instead.
WARNING: [HLS 200-2042] Usage of URAM can potentially cause worse II as Vitis HLS does not exploit read-first mode for URAMs. Consider using BRAMs instead.
WARNING: [HLS 200-2042] Usage of URAM can potentially cause worse II as Vitis HLS does not exploit read-first mode for URAMs. Consider using BRAMs instead.
WARNING: [HLS 200-2042] Usage of URAM can potentially cause worse II as Vitis HLS does not exploit read-first mode for URAMs. Consider using BRAMs instead.
WARNING: [HLS 200-2042] Usage of URAM can potentially cause worse II as Vitis HLS does not exploit read-first mode for URAMs. Consider using BRAMs instead.
WARNING: [HLS 200-2042] Usage of URAM can potentially cause worse II as Vitis HLS does not exploit read-first mode for URAMs. Consider using BRAMs instead.
WARNING: [HLS 200-2042] Usage of URAM can potentially cause worse II as Vitis HLS does not exploit read-first mode for URAMs. Consider using BRAMs instead.
WARNING: [HLS 200-2042] Usage of URAM can potentially cause worse II as Vitis HLS does not exploit read-first mode for URAMs. Consider using BRAMs instead.
WARNING: [HLS 200-2042] Usage of URAM can potentially cause worse II as Vitis HLS does not exploit read-first mode for URAMs. Consider using BRAMs instead.
WARNING: [HLS 200-2042] Usage of URAM can potentially cause worse II as Vitis HLS does not exploit read-first mode for URAMs. Consider using BRAMs instead.
WARNING: [HLS 200-2042] Usage of URAM can potentially cause worse II as Vitis HLS does not exploit read-first mode for URAMs. Consider using BRAMs instead.
WARNING: [HLS 200-2042] Usage of URAM can potentially cause worse II as Vitis HLS does not exploit read-first mode for URAMs. Consider using BRAMs instead.
WARNING: [HLS 200-2042] Usage of URAM can potentially cause worse II as Vitis HLS does not exploit read-first mode for URAMs. Consider using BRAMs instead.
WARNING: [HLS 200-2042] Usage of URAM can potentially cause worse II as Vitis HLS does not exploit read-first mode for URAMs. Consider using BRAMs instead.
WARNING: [HLS 200-2042] Usage of URAM can potentially cause worse II as Vitis HLS does not exploit read-first mode for URAMs. Consider using BRAMs instead.
WARNING: [HLS 200-2042] Usage of URAM can potentially cause worse II as Vitis HLS does not exploit read-first mode for URAMs. Consider using BRAMs instead.
WARNING: [HLS 200-2042] Usage of URAM can potentially cause worse II as Vitis HLS does not exploit read-first mode for URAMs. Consider using BRAMs instead.
WARNING: [HLS 200-2042] Usage of URAM can potentially cause worse II as Vitis HLS does not exploit read-first mode for URAMs. Consider using BRAMs instead.
WARNING: [HLS 200-2042] Usage of URAM can potentially cause worse II as Vitis HLS does not exploit read-first mode for URAMs. Consider using BRAMs instead.
WARNING: [HLS 200-2042] Usage of URAM can potentially cause worse II as Vitis HLS does not exploit read-first mode for URAMs. Consider using BRAMs instead.
WARNING: [HLS 200-2042] Usage of URAM can potentially cause worse II as Vitis HLS does not exploit read-first mode for URAMs. Consider using BRAMs instead.
WARNING: [HLS 200-2042] Usage of URAM can potentially cause worse II as Vitis HLS does not exploit read-first mode for URAMs. Consider using BRAMs instead.
WARNING: [HLS 200-2042] Usage of URAM can potentially cause worse II as Vitis HLS does not exploit read-first mode for URAMs. Consider using BRAMs instead.
WARNING: [HLS 200-2042] Usage of URAM can potentially cause worse II as Vitis HLS does not exploit read-first mode for URAMs. Consider using BRAMs instead.
WARNING: [HLS 200-2042] Usage of URAM can potentially cause worse II as Vitis HLS does not exploit read-first mode for URAMs. Consider using BRAMs instead.
WARNING: [HLS 200-2042] Usage of URAM can potentially cause worse II as Vitis HLS does not exploit read-first mode for URAMs. Consider using BRAMs instead.
WARNING: [HLS 200-2042] Usage of URAM can potentially cause worse II as Vitis HLS does not exploit read-first mode for URAMs. Consider using BRAMs instead.
WARNING: [HLS 200-2042] Usage of URAM can potentially cause worse II as Vitis HLS does not exploit read-first mode for URAMs. Consider using BRAMs instead.
WARNING: [HLS 200-2042] Usage of URAM can potentially cause worse II as Vitis HLS does not exploit read-first mode for URAMs. Consider using BRAMs instead.
WARNING: [HLS 200-2042] Usage of URAM can potentially cause worse II as Vitis HLS does not exploit read-first mode for URAMs. Consider using BRAMs instead.
WARNING: [HLS 200-2042] Usage of URAM can potentially cause worse II as Vitis HLS does not exploit read-first mode for URAMs. Consider using BRAMs instead.
WARNING: [HLS 200-2042] Usage of URAM can potentially cause worse II as Vitis HLS does not exploit read-first mode for URAMs. Consider using BRAMs instead.
WARNING: [HLS 200-2042] Usage of URAM can potentially cause worse II as Vitis HLS does not exploit read-first mode for URAMs. Consider using BRAMs instead.
WARNING: [HLS 200-2042] Usage of URAM can potentially cause worse II as Vitis HLS does not exploit read-first mode for URAMs. Consider using BRAMs instead.
WARNING: [HLS 200-2042] Usage of URAM can potentially cause worse II as Vitis HLS does not exploit read-first mode for URAMs. Consider using BRAMs instead.
WARNING: [HLS 200-2042] Usage of URAM can potentially cause worse II as Vitis HLS does not exploit read-first mode for URAMs. Consider using BRAMs instead.
WARNING: [HLS 200-2042] Usage of URAM can potentially cause worse II as Vitis HLS does not exploit read-first mode for URAMs. Consider using BRAMs instead.
WARNING: [HLS 200-2042] Usage of URAM can potentially cause worse II as Vitis HLS does not exploit read-first mode for URAMs. Consider using BRAMs instead.
WARNING: [HLS 200-2042] Usage of URAM can potentially cause worse II as Vitis HLS does not exploit read-first mode for URAMs. Consider using BRAMs instead.
WARNING: [HLS 200-2042] Usage of URAM can potentially cause worse II as Vitis HLS does not exploit read-first mode for URAMs. Consider using BRAMs instead.
WARNING: [HLS 200-2042] Usage of URAM can potentially cause worse II as Vitis HLS does not exploit read-first mode for URAMs. Consider using BRAMs instead.
WARNING: [HLS 200-2042] Usage of URAM can potentially cause worse II as Vitis HLS does not exploit read-first mode for URAMs. Consider using BRAMs instead.
WARNING: [HLS 200-2042] Usage of URAM can potentially cause worse II as Vitis HLS does not exploit read-first mode for URAMs. Consider using BRAMs instead.
WARNING: [HLS 200-2042] Usage of URAM can potentially cause worse II as Vitis HLS does not exploit read-first mode for URAMs. Consider using BRAMs instead.
WARNING: [HLS 200-2042] Usage of URAM can potentially cause worse II as Vitis HLS does not exploit read-first mode for URAMs. Consider using BRAMs instead.
WARNING: [HLS 200-2042] Usage of URAM can potentially cause worse II as Vitis HLS does not exploit read-first mode for URAMs. Consider using BRAMs instead.
WARNING: [HLS 200-2042] Usage of URAM can potentially cause worse II as Vitis HLS does not exploit read-first mode for URAMs. Consider using BRAMs instead.
WARNING: [HLS 200-2042] Usage of URAM can potentially cause worse II as Vitis HLS does not exploit read-first mode for URAMs. Consider using BRAMs instead.
WARNING: [HLS 200-2042] Usage of URAM can potentially cause worse II as Vitis HLS does not exploit read-first mode for URAMs. Consider using BRAMs instead.
WARNING: [HLS 200-2042] Usage of URAM can potentially cause worse II as Vitis HLS does not exploit read-first mode for URAMs. Consider using BRAMs instead.
WARNING: [HLS 200-2042] Usage of URAM can potentially cause worse II as Vitis HLS does not exploit read-first mode for URAMs. Consider using BRAMs instead.
WARNING: [HLS 200-2042] Usage of URAM can potentially cause worse II as Vitis HLS does not exploit read-first mode for URAMs. Consider using BRAMs instead.
WARNING: [HLS 200-2042] Usage of URAM can potentially cause worse II as Vitis HLS does not exploit read-first mode for URAMs. Consider using BRAMs instead.
WARNING: [HLS 200-2042] Usage of URAM can potentially cause worse II as Vitis HLS does not exploit read-first mode for URAMs. Consider using BRAMs instead.
WARNING: [HLS 200-2042] Usage of URAM can potentially cause worse II as Vitis HLS does not exploit read-first mode for URAMs. Consider using BRAMs instead.
WARNING: [HLS 200-2042] Usage of URAM can potentially cause worse II as Vitis HLS does not exploit read-first mode for URAMs. Consider using BRAMs instead.
WARNING: [HLS 200-2042] Usage of URAM can potentially cause worse II as Vitis HLS does not exploit read-first mode for URAMs. Consider using BRAMs instead.
WARNING: [HLS 200-2042] Usage of URAM can potentially cause worse II as Vitis HLS does not exploit read-first mode for URAMs. Consider using BRAMs instead.
WARNING: [HLS 200-2042] Usage of URAM can potentially cause worse II as Vitis HLS does not exploit read-first mode for URAMs. Consider using BRAMs instead.
WARNING: [HLS 200-2042] Usage of URAM can potentially cause worse II as Vitis HLS does not exploit read-first mode for URAMs. Consider using BRAMs instead.
WARNING: [HLS 200-2042] Usage of URAM can potentially cause worse II as Vitis HLS does not exploit read-first mode for URAMs. Consider using BRAMs instead.
WARNING: [HLS 200-2042] Usage of URAM can potentially cause worse II as Vitis HLS does not exploit read-first mode for URAMs. Consider using BRAMs instead.
WARNING: [HLS 200-2042] Usage of URAM can potentially cause worse II as Vitis HLS does not exploit read-first mode for URAMs. Consider using BRAMs instead.
WARNING: [HLS 200-2042] Usage of URAM can potentially cause worse II as Vitis HLS does not exploit read-first mode for URAMs. Consider using BRAMs instead.
WARNING: [HLS 200-2042] Usage of URAM can potentially cause worse II as Vitis HLS does not exploit read-first mode for URAMs. Consider using BRAMs instead.
WARNING: [HLS 200-2042] Usage of URAM can potentially cause worse II as Vitis HLS does not exploit read-first mode for URAMs. Consider using BRAMs instead.
WARNING: [HLS 200-2042] Usage of URAM can potentially cause worse II as Vitis HLS does not exploit read-first mode for URAMs. Consider using BRAMs instead.
WARNING: [HLS 200-2042] Usage of URAM can potentially cause worse II as Vitis HLS does not exploit read-first mode for URAMs. Consider using BRAMs instead.
WARNING: [HLS 200-2042] Usage of URAM can potentially cause worse II as Vitis HLS does not exploit read-first mode for URAMs. Consider using BRAMs instead.
WARNING: [HLS 200-2042] Usage of URAM can potentially cause worse II as Vitis HLS does not exploit read-first mode for URAMs. Consider using BRAMs instead.
WARNING: [HLS 200-2042] Usage of URAM can potentially cause worse II as Vitis HLS does not exploit read-first mode for URAMs. Consider using BRAMs instead.
WARNING: [HLS 200-2042] Usage of URAM can potentially cause worse II as Vitis HLS does not exploit read-first mode for URAMs. Consider using BRAMs instead.
WARNING: [HLS 200-2042] Usage of URAM can potentially cause worse II as Vitis HLS does not exploit read-first mode for URAMs. Consider using BRAMs instead.
WARNING: [HLS 200-2042] Usage of URAM can potentially cause worse II as Vitis HLS does not exploit read-first mode for URAMs. Consider using BRAMs instead.
WARNING: [HLS 200-2042] Usage of URAM can potentially cause worse II as Vitis HLS does not exploit read-first mode for URAMs. Consider using BRAMs instead.
WARNING: [HLS 200-2042] Usage of URAM can potentially cause worse II as Vitis HLS does not exploit read-first mode for URAMs. Consider using BRAMs instead.
WARNING: [HLS 200-2042] Usage of URAM can potentially cause worse II as Vitis HLS does not exploit read-first mode for URAMs. Consider using BRAMs instead.
WARNING: [HLS 200-2042] Usage of URAM can potentially cause worse II as Vitis HLS does not exploit read-first mode for URAMs. Consider using BRAMs instead.
WARNING: [HLS 200-2042] Usage of URAM can potentially cause worse II as Vitis HLS does not exploit read-first mode for URAMs. Consider using BRAMs instead.
WARNING: [HLS 200-2042] Usage of URAM can potentially cause worse II as Vitis HLS does not exploit read-first mode for URAMs. Consider using BRAMs instead.
WARNING: [HLS 200-2042] Usage of URAM can potentially cause worse II as Vitis HLS does not exploit read-first mode for URAMs. Consider using BRAMs instead.
WARNING: [HLS 200-2042] Usage of URAM can potentially cause worse II as Vitis HLS does not exploit read-first mode for URAMs. Consider using BRAMs instead.
WARNING: [HLS 200-2042] Usage of URAM can potentially cause worse II as Vitis HLS does not exploit read-first mode for URAMs. Consider using BRAMs instead.
WARNING: [HLS 200-2042] Usage of URAM can potentially cause worse II as Vitis HLS does not exploit read-first mode for URAMs. Consider using BRAMs instead.
WARNING: [HLS 200-2042] Usage of URAM can potentially cause worse II as Vitis HLS does not exploit read-first mode for URAMs. Consider using BRAMs instead.
WARNING: [HLS 200-2042] Usage of URAM can potentially cause worse II as Vitis HLS does not exploit read-first mode for URAMs. Consider using BRAMs instead.
WARNING: [HLS 200-2042] Usage of URAM can potentially cause worse II as Vitis HLS does not exploit read-first mode for URAMs. Consider using BRAMs instead.
WARNING: [HLS 200-2042] Usage of URAM can potentially cause worse II as Vitis HLS does not exploit read-first mode for URAMs. Consider using BRAMs instead.
WARNING: [HLS 200-2042] Usage of URAM can potentially cause worse II as Vitis HLS does not exploit read-first mode for URAMs. Consider using BRAMs instead.
WARNING: [HLS 200-2042] Usage of URAM can potentially cause worse II as Vitis HLS does not exploit read-first mode for URAMs. Consider using BRAMs instead.
WARNING: [HLS 200-2042] Usage of URAM can potentially cause worse II as Vitis HLS does not exploit read-first mode for URAMs. Consider using BRAMs instead.
WARNING: [HLS 200-2042] Usage of URAM can potentially cause worse II as Vitis HLS does not exploit read-first mode for URAMs. Consider using BRAMs instead.
WARNING: [HLS 200-2042] Usage of URAM can potentially cause worse II as Vitis HLS does not exploit read-first mode for URAMs. Consider using BRAMs instead.
WARNING: [HLS 200-2042] Usage of URAM can potentially cause worse II as Vitis HLS does not exploit read-first mode for URAMs. Consider using BRAMs instead.
WARNING: [HLS 200-2042] Usage of URAM can potentially cause worse II as Vitis HLS does not exploit read-first mode for URAMs. Consider using BRAMs instead.
WARNING: [HLS 200-2042] Usage of URAM can potentially cause worse II as Vitis HLS does not exploit read-first mode for URAMs. Consider using BRAMs instead.
WARNING: [HLS 200-2042] Usage of URAM can potentially cause worse II as Vitis HLS does not exploit read-first mode for URAMs. Consider using BRAMs instead.
WARNING: [HLS 200-2042] Usage of URAM can potentially cause worse II as Vitis HLS does not exploit read-first mode for URAMs. Consider using BRAMs instead.
WARNING: [HLS 200-2042] Usage of URAM can potentially cause worse II as Vitis HLS does not exploit read-first mode for URAMs. Consider using BRAMs instead.
WARNING: [HLS 200-2042] Usage of URAM can potentially cause worse II as Vitis HLS does not exploit read-first mode for URAMs. Consider using BRAMs instead.
WARNING: [HLS 200-2042] Usage of URAM can potentially cause worse II as Vitis HLS does not exploit read-first mode for URAMs. Consider using BRAMs instead.
WARNING: [HLS 200-2042] Usage of URAM can potentially cause worse II as Vitis HLS does not exploit read-first mode for URAMs. Consider using BRAMs instead.
WARNING: [HLS 200-2042] Usage of URAM can potentially cause worse II as Vitis HLS does not exploit read-first mode for URAMs. Consider using BRAMs instead.
WARNING: [HLS 200-2042] Usage of URAM can potentially cause worse II as Vitis HLS does not exploit read-first mode for URAMs. Consider using BRAMs instead.
WARNING: [HLS 200-2042] Usage of URAM can potentially cause worse II as Vitis HLS does not exploit read-first mode for URAMs. Consider using BRAMs instead.
WARNING: [HLS 200-2042] Usage of URAM can potentially cause worse II as Vitis HLS does not exploit read-first mode for URAMs. Consider using BRAMs instead.
WARNING: [HLS 200-2042] Usage of URAM can potentially cause worse II as Vitis HLS does not exploit read-first mode for URAMs. Consider using BRAMs instead.
WARNING: [HLS 200-2042] Usage of URAM can potentially cause worse II as Vitis HLS does not exploit read-first mode for URAMs. Consider using BRAMs instead.
WARNING: [HLS 200-2042] Usage of URAM can potentially cause worse II as Vitis HLS does not exploit read-first mode for URAMs. Consider using BRAMs instead.
WARNING: [HLS 200-2042] Usage of URAM can potentially cause worse II as Vitis HLS does not exploit read-first mode for URAMs. Consider using BRAMs instead.
WARNING: [HLS 200-2042] Usage of URAM can potentially cause worse II as Vitis HLS does not exploit read-first mode for URAMs. Consider using BRAMs instead.
WARNING: [HLS 200-2042] Usage of URAM can potentially cause worse II as Vitis HLS does not exploit read-first mode for URAMs. Consider using BRAMs instead.
WARNING: [HLS 200-2042] Usage of URAM can potentially cause worse II as Vitis HLS does not exploit read-first mode for URAMs. Consider using BRAMs instead.
WARNING: [HLS 200-2042] Usage of URAM can potentially cause worse II as Vitis HLS does not exploit read-first mode for URAMs. Consider using BRAMs instead.
WARNING: [HLS 200-2042] Usage of URAM can potentially cause worse II as Vitis HLS does not exploit read-first mode for URAMs. Consider using BRAMs instead.
WARNING: [HLS 200-2042] Usage of URAM can potentially cause worse II as Vitis HLS does not exploit read-first mode for URAMs. Consider using BRAMs instead.
WARNING: [HLS 200-2042] Usage of URAM can potentially cause worse II as Vitis HLS does not exploit read-first mode for URAMs. Consider using BRAMs instead.
WARNING: [HLS 200-2042] Usage of URAM can potentially cause worse II as Vitis HLS does not exploit read-first mode for URAMs. Consider using BRAMs instead.
WARNING: [HLS 200-2042] Usage of URAM can potentially cause worse II as Vitis HLS does not exploit read-first mode for URAMs. Consider using BRAMs instead.
WARNING: [HLS 200-2042] Usage of URAM can potentially cause worse II as Vitis HLS does not exploit read-first mode for URAMs. Consider using BRAMs instead.
WARNING: [HLS 200-2042] Usage of URAM can potentially cause worse II as Vitis HLS does not exploit read-first mode for URAMs. Consider using BRAMs instead.
WARNING: [HLS 200-2042] Usage of URAM can potentially cause worse II as Vitis HLS does not exploit read-first mode for URAMs. Consider using BRAMs instead.
WARNING: [HLS 200-2042] Usage of URAM can potentially cause worse II as Vitis HLS does not exploit read-first mode for URAMs. Consider using BRAMs instead.
WARNING: [HLS 200-2042] Usage of URAM can potentially cause worse II as Vitis HLS does not exploit read-first mode for URAMs. Consider using BRAMs instead.
WARNING: [HLS 200-2042] Usage of URAM can potentially cause worse II as Vitis HLS does not exploit read-first mode for URAMs. Consider using BRAMs instead.
WARNING: [HLS 200-2042] Usage of URAM can potentially cause worse II as Vitis HLS does not exploit read-first mode for URAMs. Consider using BRAMs instead.
WARNING: [HLS 200-2042] Usage of URAM can potentially cause worse II as Vitis HLS does not exploit read-first mode for URAMs. Consider using BRAMs instead.
WARNING: [HLS 200-2042] Usage of URAM can potentially cause worse II as Vitis HLS does not exploit read-first mode for URAMs. Consider using BRAMs instead.
WARNING: [HLS 200-2042] Usage of URAM can potentially cause worse II as Vitis HLS does not exploit read-first mode for URAMs. Consider using BRAMs instead.
WARNING: [HLS 200-2042] Usage of URAM can potentially cause worse II as Vitis HLS does not exploit read-first mode for URAMs. Consider using BRAMs instead.
WARNING: [HLS 200-2042] Usage of URAM can potentially cause worse II as Vitis HLS does not exploit read-first mode for URAMs. Consider using BRAMs instead.
WARNING: [HLS 200-2042] Usage of URAM can potentially cause worse II as Vitis HLS does not exploit read-first mode for URAMs. Consider using BRAMs instead.
WARNING: [HLS 200-2042] Usage of URAM can potentially cause worse II as Vitis HLS does not exploit read-first mode for URAMs. Consider using BRAMs instead.
WARNING: [HLS 200-2042] Usage of URAM can potentially cause worse II as Vitis HLS does not exploit read-first mode for URAMs. Consider using BRAMs instead.
WARNING: [HLS 200-2042] Usage of URAM can potentially cause worse II as Vitis HLS does not exploit read-first mode for URAMs. Consider using BRAMs instead.
WARNING: [HLS 200-2042] Usage of URAM can potentially cause worse II as Vitis HLS does not exploit read-first mode for URAMs. Consider using BRAMs instead.
WARNING: [HLS 200-2042] Usage of URAM can potentially cause worse II as Vitis HLS does not exploit read-first mode for URAMs. Consider using BRAMs instead.
WARNING: [HLS 200-2042] Usage of URAM can potentially cause worse II as Vitis HLS does not exploit read-first mode for URAMs. Consider using BRAMs instead.
WARNING: [HLS 200-2042] Usage of URAM can potentially cause worse II as Vitis HLS does not exploit read-first mode for URAMs. Consider using BRAMs instead.
WARNING: [HLS 200-2042] Usage of URAM can potentially cause worse II as Vitis HLS does not exploit read-first mode for URAMs. Consider using BRAMs instead.
WARNING: [HLS 200-2042] Usage of URAM can potentially cause worse II as Vitis HLS does not exploit read-first mode for URAMs. Consider using BRAMs instead.
WARNING: [HLS 200-2042] Usage of URAM can potentially cause worse II as Vitis HLS does not exploit read-first mode for URAMs. Consider using BRAMs instead.
WARNING: [HLS 200-2042] Usage of URAM can potentially cause worse II as Vitis HLS does not exploit read-first mode for URAMs. Consider using BRAMs instead.
WARNING: [HLS 200-2042] Usage of URAM can potentially cause worse II as Vitis HLS does not exploit read-first mode for URAMs. Consider using BRAMs instead.
WARNING: [HLS 200-2042] Usage of URAM can potentially cause worse II as Vitis HLS does not exploit read-first mode for URAMs. Consider using BRAMs instead.
WARNING: [HLS 200-2042] Usage of URAM can potentially cause worse II as Vitis HLS does not exploit read-first mode for URAMs. Consider using BRAMs instead.
WARNING: [HLS 200-2042] Usage of URAM can potentially cause worse II as Vitis HLS does not exploit read-first mode for URAMs. Consider using BRAMs instead.
WARNING: [HLS 200-2042] Usage of URAM can potentially cause worse II as Vitis HLS does not exploit read-first mode for URAMs. Consider using BRAMs instead.
WARNING: [HLS 200-2042] Usage of URAM can potentially cause worse II as Vitis HLS does not exploit read-first mode for URAMs. Consider using BRAMs instead.
WARNING: [HLS 200-2042] Usage of URAM can potentially cause worse II as Vitis HLS does not exploit read-first mode for URAMs. Consider using BRAMs instead.
WARNING: [HLS 200-2042] Usage of URAM can potentially cause worse II as Vitis HLS does not exploit read-first mode for URAMs. Consider using BRAMs instead.
WARNING: [HLS 200-2042] Usage of URAM can potentially cause worse II as Vitis HLS does not exploit read-first mode for URAMs. Consider using BRAMs instead.
WARNING: [HLS 200-2042] Usage of URAM can potentially cause worse II as Vitis HLS does not exploit read-first mode for URAMs. Consider using BRAMs instead.
WARNING: [HLS 200-2042] Usage of URAM can potentially cause worse II as Vitis HLS does not exploit read-first mode for URAMs. Consider using BRAMs instead.
WARNING: [HLS 200-2042] Usage of URAM can potentially cause worse II as Vitis HLS does not exploit read-first mode for URAMs. Consider using BRAMs instead.
WARNING: [HLS 200-2042] Usage of URAM can potentially cause worse II as Vitis HLS does not exploit read-first mode for URAMs. Consider using BRAMs instead.
WARNING: [HLS 200-2042] Usage of URAM can potentially cause worse II as Vitis HLS does not exploit read-first mode for URAMs. Consider using BRAMs instead.
WARNING: [HLS 200-2042] Usage of URAM can potentially cause worse II as Vitis HLS does not exploit read-first mode for URAMs. Consider using BRAMs instead.
WARNING: [HLS 200-2042] Usage of URAM can potentially cause worse II as Vitis HLS does not exploit read-first mode for URAMs. Consider using BRAMs instead.
WARNING: [HLS 200-2042] Usage of URAM can potentially cause worse II as Vitis HLS does not exploit read-first mode for URAMs. Consider using BRAMs instead.
WARNING: [HLS 200-2042] Usage of URAM can potentially cause worse II as Vitis HLS does not exploit read-first mode for URAMs. Consider using BRAMs instead.
WARNING: [HLS 200-2042] Usage of URAM can potentially cause worse II as Vitis HLS does not exploit read-first mode for URAMs. Consider using BRAMs instead.
WARNING: [HLS 200-2042] Usage of URAM can potentially cause worse II as Vitis HLS does not exploit read-first mode for URAMs. Consider using BRAMs instead.
WARNING: [HLS 200-2042] Usage of URAM can potentially cause worse II as Vitis HLS does not exploit read-first mode for URAMs. Consider using BRAMs instead.
WARNING: [HLS 200-2042] Usage of URAM can potentially cause worse II as Vitis HLS does not exploit read-first mode for URAMs. Consider using BRAMs instead.
WARNING: [HLS 200-2042] Usage of URAM can potentially cause worse II as Vitis HLS does not exploit read-first mode for URAMs. Consider using BRAMs instead.
WARNING: [HLS 200-2042] Usage of URAM can potentially cause worse II as Vitis HLS does not exploit read-first mode for URAMs. Consider using BRAMs instead.
WARNING: [HLS 200-2042] Usage of URAM can potentially cause worse II as Vitis HLS does not exploit read-first mode for URAMs. Consider using BRAMs instead.
WARNING: [HLS 200-2042] Usage of URAM can potentially cause worse II as Vitis HLS does not exploit read-first mode for URAMs. Consider using BRAMs instead.
WARNING: [HLS 200-2042] Usage of URAM can potentially cause worse II as Vitis HLS does not exploit read-first mode for URAMs. Consider using BRAMs instead.
WARNING: [HLS 200-2042] Usage of URAM can potentially cause worse II as Vitis HLS does not exploit read-first mode for URAMs. Consider using BRAMs instead.
WARNING: [HLS 200-2042] Usage of URAM can potentially cause worse II as Vitis HLS does not exploit read-first mode for URAMs. Consider using BRAMs instead.
WARNING: [HLS 200-2042] Usage of URAM can potentially cause worse II as Vitis HLS does not exploit read-first mode for URAMs. Consider using BRAMs instead.
WARNING: [HLS 200-2042] Usage of URAM can potentially cause worse II as Vitis HLS does not exploit read-first mode for URAMs. Consider using BRAMs instead.
WARNING: [HLS 200-2042] Usage of URAM can potentially cause worse II as Vitis HLS does not exploit read-first mode for URAMs. Consider using BRAMs instead.
WARNING: [HLS 200-2042] Usage of URAM can potentially cause worse II as Vitis HLS does not exploit read-first mode for URAMs. Consider using BRAMs instead.
WARNING: [HLS 200-2042] Usage of URAM can potentially cause worse II as Vitis HLS does not exploit read-first mode for URAMs. Consider using BRAMs instead.
WARNING: [HLS 200-2042] Usage of URAM can potentially cause worse II as Vitis HLS does not exploit read-first mode for URAMs. Consider using BRAMs instead.
WARNING: [HLS 200-2042] Usage of URAM can potentially cause worse II as Vitis HLS does not exploit read-first mode for URAMs. Consider using BRAMs instead.
WARNING: [HLS 200-2042] Usage of URAM can potentially cause worse II as Vitis HLS does not exploit read-first mode for URAMs. Consider using BRAMs instead.
WARNING: [HLS 200-2042] Usage of URAM can potentially cause worse II as Vitis HLS does not exploit read-first mode for URAMs. Consider using BRAMs instead.
WARNING: [HLS 200-2042] Usage of URAM can potentially cause worse II as Vitis HLS does not exploit read-first mode for URAMs. Consider using BRAMs instead.
WARNING: [HLS 200-2042] Usage of URAM can potentially cause worse II as Vitis HLS does not exploit read-first mode for URAMs. Consider using BRAMs instead.
WARNING: [HLS 200-2042] Usage of URAM can potentially cause worse II as Vitis HLS does not exploit read-first mode for URAMs. Consider using BRAMs instead.
WARNING: [HLS 200-2042] Usage of URAM can potentially cause worse II as Vitis HLS does not exploit read-first mode for URAMs. Consider using BRAMs instead.
WARNING: [HLS 200-2042] Usage of URAM can potentially cause worse II as Vitis HLS does not exploit read-first mode for URAMs. Consider using BRAMs instead.
WARNING: [HLS 200-2042] Usage of URAM can potentially cause worse II as Vitis HLS does not exploit read-first mode for URAMs. Consider using BRAMs instead.
WARNING: [HLS 200-2042] Usage of URAM can potentially cause worse II as Vitis HLS does not exploit read-first mode for URAMs. Consider using BRAMs instead.
WARNING: [HLS 200-2042] Usage of URAM can potentially cause worse II as Vitis HLS does not exploit read-first mode for URAMs. Consider using BRAMs instead.
WARNING: [HLS 200-2042] Usage of URAM can potentially cause worse II as Vitis HLS does not exploit read-first mode for URAMs. Consider using BRAMs instead.
WARNING: [HLS 200-2042] Usage of URAM can potentially cause worse II as Vitis HLS does not exploit read-first mode for URAMs. Consider using BRAMs instead.
WARNING: [HLS 200-2042] Usage of URAM can potentially cause worse II as Vitis HLS does not exploit read-first mode for URAMs. Consider using BRAMs instead.
WARNING: [HLS 200-2042] Usage of URAM can potentially cause worse II as Vitis HLS does not exploit read-first mode for URAMs. Consider using BRAMs instead.
WARNING: [HLS 200-2042] Usage of URAM can potentially cause worse II as Vitis HLS does not exploit read-first mode for URAMs. Consider using BRAMs instead.
WARNING: [HLS 200-2042] Usage of URAM can potentially cause worse II as Vitis HLS does not exploit read-first mode for URAMs. Consider using BRAMs instead.
WARNING: [HLS 200-2042] Usage of URAM can potentially cause worse II as Vitis HLS does not exploit read-first mode for URAMs. Consider using BRAMs instead.
WARNING: [HLS 200-2042] Usage of URAM can potentially cause worse II as Vitis HLS does not exploit read-first mode for URAMs. Consider using BRAMs instead.
WARNING: [HLS 200-2042] Usage of URAM can potentially cause worse II as Vitis HLS does not exploit read-first mode for URAMs. Consider using BRAMs instead.
WARNING: [HLS 200-2042] Usage of URAM can potentially cause worse II as Vitis HLS does not exploit read-first mode for URAMs. Consider using BRAMs instead.
WARNING: [HLS 200-2042] Usage of URAM can potentially cause worse II as Vitis HLS does not exploit read-first mode for URAMs. Consider using BRAMs instead.
WARNING: [HLS 200-2042] Usage of URAM can potentially cause worse II as Vitis HLS does not exploit read-first mode for URAMs. Consider using BRAMs instead.
WARNING: [HLS 200-2042] Usage of URAM can potentially cause worse II as Vitis HLS does not exploit read-first mode for URAMs. Consider using BRAMs instead.
WARNING: [HLS 200-2042] Usage of URAM can potentially cause worse II as Vitis HLS does not exploit read-first mode for URAMs. Consider using BRAMs instead.
WARNING: [HLS 200-2042] Usage of URAM can potentially cause worse II as Vitis HLS does not exploit read-first mode for URAMs. Consider using BRAMs instead.
WARNING: [HLS 200-2042] Usage of URAM can potentially cause worse II as Vitis HLS does not exploit read-first mode for URAMs. Consider using BRAMs instead.
WARNING: [HLS 200-2042] Usage of URAM can potentially cause worse II as Vitis HLS does not exploit read-first mode for URAMs. Consider using BRAMs instead.
WARNING: [HLS 200-2042] Usage of URAM can potentially cause worse II as Vitis HLS does not exploit read-first mode for URAMs. Consider using BRAMs instead.
WARNING: [HLS 200-2042] Usage of URAM can potentially cause worse II as Vitis HLS does not exploit read-first mode for URAMs. Consider using BRAMs instead.
WARNING: [HLS 200-2042] Usage of URAM can potentially cause worse II as Vitis HLS does not exploit read-first mode for URAMs. Consider using BRAMs instead.
WARNING: [HLS 200-2042] Usage of URAM can potentially cause worse II as Vitis HLS does not exploit read-first mode for URAMs. Consider using BRAMs instead.
WARNING: [HLS 200-2042] Usage of URAM can potentially cause worse II as Vitis HLS does not exploit read-first mode for URAMs. Consider using BRAMs instead.
WARNING: [HLS 200-2042] Usage of URAM can potentially cause worse II as Vitis HLS does not exploit read-first mode for URAMs. Consider using BRAMs instead.
WARNING: [HLS 200-2042] Usage of URAM can potentially cause worse II as Vitis HLS does not exploit read-first mode for URAMs. Consider using BRAMs instead.
WARNING: [HLS 200-2042] Usage of URAM can potentially cause worse II as Vitis HLS does not exploit read-first mode for URAMs. Consider using BRAMs instead.
WARNING: [HLS 200-2042] Usage of URAM can potentially cause worse II as Vitis HLS does not exploit read-first mode for URAMs. Consider using BRAMs instead.
WARNING: [HLS 200-2042] Usage of URAM can potentially cause worse II as Vitis HLS does not exploit read-first mode for URAMs. Consider using BRAMs instead.
WARNING: [HLS 200-2042] Usage of URAM can potentially cause worse II as Vitis HLS does not exploit read-first mode for URAMs. Consider using BRAMs instead.
WARNING: [HLS 200-2042] Usage of URAM can potentially cause worse II as Vitis HLS does not exploit read-first mode for URAMs. Consider using BRAMs instead.
WARNING: [HLS 200-2042] Usage of URAM can potentially cause worse II as Vitis HLS does not exploit read-first mode for URAMs. Consider using BRAMs instead.
WARNING: [HLS 200-2042] Usage of URAM can potentially cause worse II as Vitis HLS does not exploit read-first mode for URAMs. Consider using BRAMs instead.
WARNING: [HLS 200-2042] Usage of URAM can potentially cause worse II as Vitis HLS does not exploit read-first mode for URAMs. Consider using BRAMs instead.
WARNING: [HLS 200-2042] Usage of URAM can potentially cause worse II as Vitis HLS does not exploit read-first mode for URAMs. Consider using BRAMs instead.
WARNING: [HLS 200-2042] Usage of URAM can potentially cause worse II as Vitis HLS does not exploit read-first mode for URAMs. Consider using BRAMs instead.
WARNING: [HLS 200-2042] Usage of URAM can potentially cause worse II as Vitis HLS does not exploit read-first mode for URAMs. Consider using BRAMs instead.
WARNING: [HLS 200-2042] Usage of URAM can potentially cause worse II as Vitis HLS does not exploit read-first mode for URAMs. Consider using BRAMs instead.
WARNING: [HLS 200-2042] Usage of URAM can potentially cause worse II as Vitis HLS does not exploit read-first mode for URAMs. Consider using BRAMs instead.
WARNING: [HLS 200-2042] Usage of URAM can potentially cause worse II as Vitis HLS does not exploit read-first mode for URAMs. Consider using BRAMs instead.
WARNING: [HLS 200-2042] Usage of URAM can potentially cause worse II as Vitis HLS does not exploit read-first mode for URAMs. Consider using BRAMs instead.
WARNING: [HLS 200-2042] Usage of URAM can potentially cause worse II as Vitis HLS does not exploit read-first mode for URAMs. Consider using BRAMs instead.
WARNING: [HLS 200-2042] Usage of URAM can potentially cause worse II as Vitis HLS does not exploit read-first mode for URAMs. Consider using BRAMs instead.
WARNING: [HLS 200-2042] Usage of URAM can potentially cause worse II as Vitis HLS does not exploit read-first mode for URAMs. Consider using BRAMs instead.
WARNING: [HLS 200-2042] Usage of URAM can potentially cause worse II as Vitis HLS does not exploit read-first mode for URAMs. Consider using BRAMs instead.
WARNING: [HLS 200-2042] Usage of URAM can potentially cause worse II as Vitis HLS does not exploit read-first mode for URAMs. Consider using BRAMs instead.
WARNING: [HLS 200-2042] Usage of URAM can potentially cause worse II as Vitis HLS does not exploit read-first mode for URAMs. Consider using BRAMs instead.
WARNING: [HLS 200-2042] Usage of URAM can potentially cause worse II as Vitis HLS does not exploit read-first mode for URAMs. Consider using BRAMs instead.
WARNING: [HLS 200-2042] Usage of URAM can potentially cause worse II as Vitis HLS does not exploit read-first mode for URAMs. Consider using BRAMs instead.
WARNING: [HLS 200-2042] Usage of URAM can potentially cause worse II as Vitis HLS does not exploit read-first mode for URAMs. Consider using BRAMs instead.
WARNING: [HLS 200-2042] Usage of URAM can potentially cause worse II as Vitis HLS does not exploit read-first mode for URAMs. Consider using BRAMs instead.
WARNING: [HLS 200-2042] Usage of URAM can potentially cause worse II as Vitis HLS does not exploit read-first mode for URAMs. Consider using BRAMs instead.
WARNING: [HLS 200-2042] Usage of URAM can potentially cause worse II as Vitis HLS does not exploit read-first mode for URAMs. Consider using BRAMs instead.
WARNING: [HLS 200-2042] Usage of URAM can potentially cause worse II as Vitis HLS does not exploit read-first mode for URAMs. Consider using BRAMs instead.
WARNING: [HLS 200-2042] Usage of URAM can potentially cause worse II as Vitis HLS does not exploit read-first mode for URAMs. Consider using BRAMs instead.
WARNING: [HLS 200-2042] Usage of URAM can potentially cause worse II as Vitis HLS does not exploit read-first mode for URAMs. Consider using BRAMs instead.
WARNING: [HLS 200-2042] Usage of URAM can potentially cause worse II as Vitis HLS does not exploit read-first mode for URAMs. Consider using BRAMs instead.
WARNING: [HLS 200-2042] Usage of URAM can potentially cause worse II as Vitis HLS does not exploit read-first mode for URAMs. Consider using BRAMs instead.
WARNING: [HLS 200-2042] Usage of URAM can potentially cause worse II as Vitis HLS does not exploit read-first mode for URAMs. Consider using BRAMs instead.
WARNING: [HLS 200-2042] Usage of URAM can potentially cause worse II as Vitis HLS does not exploit read-first mode for URAMs. Consider using BRAMs instead.
WARNING: [HLS 200-2042] Usage of URAM can potentially cause worse II as Vitis HLS does not exploit read-first mode for URAMs. Consider using BRAMs instead.
WARNING: [HLS 200-2042] Usage of URAM can potentially cause worse II as Vitis HLS does not exploit read-first mode for URAMs. Consider using BRAMs instead.
WARNING: [HLS 200-2042] Usage of URAM can potentially cause worse II as Vitis HLS does not exploit read-first mode for URAMs. Consider using BRAMs instead.
WARNING: [HLS 200-2042] Usage of URAM can potentially cause worse II as Vitis HLS does not exploit read-first mode for URAMs. Consider using BRAMs instead.
WARNING: [HLS 200-2042] Usage of URAM can potentially cause worse II as Vitis HLS does not exploit read-first mode for URAMs. Consider using BRAMs instead.
WARNING: [HLS 200-2042] Usage of URAM can potentially cause worse II as Vitis HLS does not exploit read-first mode for URAMs. Consider using BRAMs instead.
WARNING: [HLS 200-2042] Usage of URAM can potentially cause worse II as Vitis HLS does not exploit read-first mode for URAMs. Consider using BRAMs instead.
WARNING: [HLS 200-2042] Usage of URAM can potentially cause worse II as Vitis HLS does not exploit read-first mode for URAMs. Consider using BRAMs instead.
WARNING: [HLS 200-2042] Usage of URAM can potentially cause worse II as Vitis HLS does not exploit read-first mode for URAMs. Consider using BRAMs instead.
WARNING: [HLS 200-2042] Usage of URAM can potentially cause worse II as Vitis HLS does not exploit read-first mode for URAMs. Consider using BRAMs instead.
WARNING: [HLS 200-2042] Usage of URAM can potentially cause worse II as Vitis HLS does not exploit read-first mode for URAMs. Consider using BRAMs instead.
WARNING: [HLS 200-2042] Usage of URAM can potentially cause worse II as Vitis HLS does not exploit read-first mode for URAMs. Consider using BRAMs instead.
WARNING: [HLS 200-2042] Usage of URAM can potentially cause worse II as Vitis HLS does not exploit read-first mode for URAMs. Consider using BRAMs instead.
WARNING: [HLS 200-2042] Usage of URAM can potentially cause worse II as Vitis HLS does not exploit read-first mode for URAMs. Consider using BRAMs instead.
WARNING: [HLS 200-2042] Usage of URAM can potentially cause worse II as Vitis HLS does not exploit read-first mode for URAMs. Consider using BRAMs instead.
WARNING: [HLS 200-2042] Usage of URAM can potentially cause worse II as Vitis HLS does not exploit read-first mode for URAMs. Consider using BRAMs instead.
WARNING: [HLS 200-2042] Usage of URAM can potentially cause worse II as Vitis HLS does not exploit read-first mode for URAMs. Consider using BRAMs instead.
WARNING: [HLS 200-2042] Usage of URAM can potentially cause worse II as Vitis HLS does not exploit read-first mode for URAMs. Consider using BRAMs instead.
WARNING: [HLS 200-2042] Usage of URAM can potentially cause worse II as Vitis HLS does not exploit read-first mode for URAMs. Consider using BRAMs instead.
WARNING: [HLS 200-2042] Usage of URAM can potentially cause worse II as Vitis HLS does not exploit read-first mode for URAMs. Consider using BRAMs instead.
WARNING: [HLS 200-2042] Usage of URAM can potentially cause worse II as Vitis HLS does not exploit read-first mode for URAMs. Consider using BRAMs instead.
WARNING: [HLS 200-2042] Usage of URAM can potentially cause worse II as Vitis HLS does not exploit read-first mode for URAMs. Consider using BRAMs instead.
WARNING: [HLS 200-2042] Usage of URAM can potentially cause worse II as Vitis HLS does not exploit read-first mode for URAMs. Consider using BRAMs instead.
WARNING: [HLS 200-2042] Usage of URAM can potentially cause worse II as Vitis HLS does not exploit read-first mode for URAMs. Consider using BRAMs instead.
WARNING: [HLS 200-2042] Usage of URAM can potentially cause worse II as Vitis HLS does not exploit read-first mode for URAMs. Consider using BRAMs instead.
WARNING: [HLS 200-2042] Usage of URAM can potentially cause worse II as Vitis HLS does not exploit read-first mode for URAMs. Consider using BRAMs instead.
WARNING: [HLS 200-2042] Usage of URAM can potentially cause worse II as Vitis HLS does not exploit read-first mode for URAMs. Consider using BRAMs instead.
WARNING: [HLS 200-2042] Usage of URAM can potentially cause worse II as Vitis HLS does not exploit read-first mode for URAMs. Consider using BRAMs instead.
WARNING: [HLS 200-2042] Usage of URAM can potentially cause worse II as Vitis HLS does not exploit read-first mode for URAMs. Consider using BRAMs instead.
WARNING: [HLS 200-2042] Usage of URAM can potentially cause worse II as Vitis HLS does not exploit read-first mode for URAMs. Consider using BRAMs instead.
WARNING: [HLS 200-2042] Usage of URAM can potentially cause worse II as Vitis HLS does not exploit read-first mode for URAMs. Consider using BRAMs instead.
WARNING: [HLS 200-2042] Usage of URAM can potentially cause worse II as Vitis HLS does not exploit read-first mode for URAMs. Consider using BRAMs instead.
WARNING: [HLS 200-2042] Usage of URAM can potentially cause worse II as Vitis HLS does not exploit read-first mode for URAMs. Consider using BRAMs instead.
WARNING: [HLS 200-2042] Usage of URAM can potentially cause worse II as Vitis HLS does not exploit read-first mode for URAMs. Consider using BRAMs instead.
WARNING: [HLS 200-2042] Usage of URAM can potentially cause worse II as Vitis HLS does not exploit read-first mode for URAMs. Consider using BRAMs instead.
WARNING: [HLS 200-2042] Usage of URAM can potentially cause worse II as Vitis HLS does not exploit read-first mode for URAMs. Consider using BRAMs instead.
WARNING: [HLS 200-2042] Usage of URAM can potentially cause worse II as Vitis HLS does not exploit read-first mode for URAMs. Consider using BRAMs instead.
WARNING: [HLS 200-2042] Usage of URAM can potentially cause worse II as Vitis HLS does not exploit read-first mode for URAMs. Consider using BRAMs instead.
WARNING: [HLS 200-2042] Usage of URAM can potentially cause worse II as Vitis HLS does not exploit read-first mode for URAMs. Consider using BRAMs instead.
WARNING: [HLS 200-2042] Usage of URAM can potentially cause worse II as Vitis HLS does not exploit read-first mode for URAMs. Consider using BRAMs instead.
WARNING: [HLS 200-2042] Usage of URAM can potentially cause worse II as Vitis HLS does not exploit read-first mode for URAMs. Consider using BRAMs instead.
WARNING: [HLS 200-2042] Usage of URAM can potentially cause worse II as Vitis HLS does not exploit read-first mode for URAMs. Consider using BRAMs instead.
WARNING: [HLS 200-2042] Usage of URAM can potentially cause worse II as Vitis HLS does not exploit read-first mode for URAMs. Consider using BRAMs instead.
WARNING: [HLS 200-2042] Usage of URAM can potentially cause worse II as Vitis HLS does not exploit read-first mode for URAMs. Consider using BRAMs instead.
WARNING: [HLS 200-2042] Usage of URAM can potentially cause worse II as Vitis HLS does not exploit read-first mode for URAMs. Consider using BRAMs instead.
WARNING: [HLS 200-2042] Usage of URAM can potentially cause worse II as Vitis HLS does not exploit read-first mode for URAMs. Consider using BRAMs instead.
WARNING: [HLS 200-2042] Usage of URAM can potentially cause worse II as Vitis HLS does not exploit read-first mode for URAMs. Consider using BRAMs instead.
WARNING: [HLS 200-2042] Usage of URAM can potentially cause worse II as Vitis HLS does not exploit read-first mode for URAMs. Consider using BRAMs instead.
WARNING: [HLS 200-2042] Usage of URAM can potentially cause worse II as Vitis HLS does not exploit read-first mode for URAMs. Consider using BRAMs instead.
WARNING: [HLS 200-2042] Usage of URAM can potentially cause worse II as Vitis HLS does not exploit read-first mode for URAMs. Consider using BRAMs instead.
WARNING: [HLS 200-2042] Usage of URAM can potentially cause worse II as Vitis HLS does not exploit read-first mode for URAMs. Consider using BRAMs instead.
WARNING: [HLS 200-2042] Usage of URAM can potentially cause worse II as Vitis HLS does not exploit read-first mode for URAMs. Consider using BRAMs instead.
WARNING: [HLS 200-2042] Usage of URAM can potentially cause worse II as Vitis HLS does not exploit read-first mode for URAMs. Consider using BRAMs instead.
WARNING: [HLS 200-2042] Usage of URAM can potentially cause worse II as Vitis HLS does not exploit read-first mode for URAMs. Consider using BRAMs instead.
WARNING: [HLS 200-2042] Usage of URAM can potentially cause worse II as Vitis HLS does not exploit read-first mode for URAMs. Consider using BRAMs instead.
WARNING: [HLS 200-2042] Usage of URAM can potentially cause worse II as Vitis HLS does not exploit read-first mode for URAMs. Consider using BRAMs instead.
WARNING: [HLS 200-2042] Usage of URAM can potentially cause worse II as Vitis HLS does not exploit read-first mode for URAMs. Consider using BRAMs instead.
WARNING: [HLS 200-2042] Usage of URAM can potentially cause worse II as Vitis HLS does not exploit read-first mode for URAMs. Consider using BRAMs instead.
WARNING: [HLS 200-2042] Usage of URAM can potentially cause worse II as Vitis HLS does not exploit read-first mode for URAMs. Consider using BRAMs instead.
WARNING: [HLS 200-2042] Usage of URAM can potentially cause worse II as Vitis HLS does not exploit read-first mode for URAMs. Consider using BRAMs instead.
WARNING: [HLS 200-2042] Usage of URAM can potentially cause worse II as Vitis HLS does not exploit read-first mode for URAMs. Consider using BRAMs instead.
WARNING: [HLS 200-2042] Usage of URAM can potentially cause worse II as Vitis HLS does not exploit read-first mode for URAMs. Consider using BRAMs instead.
WARNING: [HLS 200-2042] Usage of URAM can potentially cause worse II as Vitis HLS does not exploit read-first mode for URAMs. Consider using BRAMs instead.
WARNING: [HLS 200-2042] Usage of URAM can potentially cause worse II as Vitis HLS does not exploit read-first mode for URAMs. Consider using BRAMs instead.
WARNING: [HLS 200-2042] Usage of URAM can potentially cause worse II as Vitis HLS does not exploit read-first mode for URAMs. Consider using BRAMs instead.
WARNING: [HLS 200-2042] Usage of URAM can potentially cause worse II as Vitis HLS does not exploit read-first mode for URAMs. Consider using BRAMs instead.
WARNING: [HLS 200-2042] Usage of URAM can potentially cause worse II as Vitis HLS does not exploit read-first mode for URAMs. Consider using BRAMs instead.
WARNING: [HLS 200-2042] Usage of URAM can potentially cause worse II as Vitis HLS does not exploit read-first mode for URAMs. Consider using BRAMs instead.
WARNING: [HLS 200-2042] Usage of URAM can potentially cause worse II as Vitis HLS does not exploit read-first mode for URAMs. Consider using BRAMs instead.
WARNING: [HLS 200-2042] Usage of URAM can potentially cause worse II as Vitis HLS does not exploit read-first mode for URAMs. Consider using BRAMs instead.
WARNING: [HLS 200-2042] Usage of URAM can potentially cause worse II as Vitis HLS does not exploit read-first mode for URAMs. Consider using BRAMs instead.
WARNING: [HLS 200-2042] Usage of URAM can potentially cause worse II as Vitis HLS does not exploit read-first mode for URAMs. Consider using BRAMs instead.
WARNING: [HLS 200-2042] Usage of URAM can potentially cause worse II as Vitis HLS does not exploit read-first mode for URAMs. Consider using BRAMs instead.
WARNING: [HLS 200-2042] Usage of URAM can potentially cause worse II as Vitis HLS does not exploit read-first mode for URAMs. Consider using BRAMs instead.
WARNING: [HLS 200-2042] Usage of URAM can potentially cause worse II as Vitis HLS does not exploit read-first mode for URAMs. Consider using BRAMs instead.
WARNING: [HLS 200-2042] Usage of URAM can potentially cause worse II as Vitis HLS does not exploit read-first mode for URAMs. Consider using BRAMs instead.
WARNING: [HLS 200-2042] Usage of URAM can potentially cause worse II as Vitis HLS does not exploit read-first mode for URAMs. Consider using BRAMs instead.
WARNING: [HLS 200-2042] Usage of URAM can potentially cause worse II as Vitis HLS does not exploit read-first mode for URAMs. Consider using BRAMs instead.
WARNING: [HLS 200-2042] Usage of URAM can potentially cause worse II as Vitis HLS does not exploit read-first mode for URAMs. Consider using BRAMs instead.
WARNING: [HLS 200-2042] Usage of URAM can potentially cause worse II as Vitis HLS does not exploit read-first mode for URAMs. Consider using BRAMs instead.
WARNING: [HLS 200-2042] Usage of URAM can potentially cause worse II as Vitis HLS does not exploit read-first mode for URAMs. Consider using BRAMs instead.
WARNING: [HLS 200-2042] Usage of URAM can potentially cause worse II as Vitis HLS does not exploit read-first mode for URAMs. Consider using BRAMs instead.
WARNING: [HLS 200-2042] Usage of URAM can potentially cause worse II as Vitis HLS does not exploit read-first mode for URAMs. Consider using BRAMs instead.
WARNING: [HLS 200-2042] Usage of URAM can potentially cause worse II as Vitis HLS does not exploit read-first mode for URAMs. Consider using BRAMs instead.
WARNING: [HLS 200-2042] Usage of URAM can potentially cause worse II as Vitis HLS does not exploit read-first mode for URAMs. Consider using BRAMs instead.
WARNING: [HLS 200-2042] Usage of URAM can potentially cause worse II as Vitis HLS does not exploit read-first mode for URAMs. Consider using BRAMs instead.
WARNING: [HLS 200-2042] Usage of URAM can potentially cause worse II as Vitis HLS does not exploit read-first mode for URAMs. Consider using BRAMs instead.
WARNING: [HLS 200-2042] Usage of URAM can potentially cause worse II as Vitis HLS does not exploit read-first mode for URAMs. Consider using BRAMs instead.
WARNING: [HLS 200-2042] Usage of URAM can potentially cause worse II as Vitis HLS does not exploit read-first mode for URAMs. Consider using BRAMs instead.
WARNING: [HLS 200-2042] Usage of URAM can potentially cause worse II as Vitis HLS does not exploit read-first mode for URAMs. Consider using BRAMs instead.
WARNING: [HLS 200-2042] Usage of URAM can potentially cause worse II as Vitis HLS does not exploit read-first mode for URAMs. Consider using BRAMs instead.
WARNING: [HLS 200-2042] Usage of URAM can potentially cause worse II as Vitis HLS does not exploit read-first mode for URAMs. Consider using BRAMs instead.
WARNING: [HLS 200-2042] Usage of URAM can potentially cause worse II as Vitis HLS does not exploit read-first mode for URAMs. Consider using BRAMs instead.
WARNING: [HLS 200-2042] Usage of URAM can potentially cause worse II as Vitis HLS does not exploit read-first mode for URAMs. Consider using BRAMs instead.
WARNING: [HLS 200-2042] Usage of URAM can potentially cause worse II as Vitis HLS does not exploit read-first mode for URAMs. Consider using BRAMs instead.
WARNING: [HLS 200-2042] Usage of URAM can potentially cause worse II as Vitis HLS does not exploit read-first mode for URAMs. Consider using BRAMs instead.
WARNING: [HLS 200-2042] Usage of URAM can potentially cause worse II as Vitis HLS does not exploit read-first mode for URAMs. Consider using BRAMs instead.
WARNING: [HLS 200-2042] Usage of URAM can potentially cause worse II as Vitis HLS does not exploit read-first mode for URAMs. Consider using BRAMs instead.
WARNING: [HLS 200-2042] Usage of URAM can potentially cause worse II as Vitis HLS does not exploit read-first mode for URAMs. Consider using BRAMs instead.
WARNING: [HLS 200-2042] Usage of URAM can potentially cause worse II as Vitis HLS does not exploit read-first mode for URAMs. Consider using BRAMs instead.
WARNING: [HLS 200-2042] Usage of URAM can potentially cause worse II as Vitis HLS does not exploit read-first mode for URAMs. Consider using BRAMs instead.
WARNING: [HLS 200-2042] Usage of URAM can potentially cause worse II as Vitis HLS does not exploit read-first mode for URAMs. Consider using BRAMs instead.
WARNING: [HLS 200-2042] Usage of URAM can potentially cause worse II as Vitis HLS does not exploit read-first mode for URAMs. Consider using BRAMs instead.
WARNING: [HLS 200-2042] Usage of URAM can potentially cause worse II as Vitis HLS does not exploit read-first mode for URAMs. Consider using BRAMs instead.
WARNING: [HLS 200-2042] Usage of URAM can potentially cause worse II as Vitis HLS does not exploit read-first mode for URAMs. Consider using BRAMs instead.
WARNING: [HLS 200-2042] Usage of URAM can potentially cause worse II as Vitis HLS does not exploit read-first mode for URAMs. Consider using BRAMs instead.
WARNING: [HLS 200-2042] Usage of URAM can potentially cause worse II as Vitis HLS does not exploit read-first mode for URAMs. Consider using BRAMs instead.
WARNING: [HLS 200-2042] Usage of URAM can potentially cause worse II as Vitis HLS does not exploit read-first mode for URAMs. Consider using BRAMs instead.
WARNING: [HLS 200-2042] Usage of URAM can potentially cause worse II as Vitis HLS does not exploit read-first mode for URAMs. Consider using BRAMs instead.
WARNING: [HLS 200-2042] Usage of URAM can potentially cause worse II as Vitis HLS does not exploit read-first mode for URAMs. Consider using BRAMs instead.
WARNING: [HLS 200-2042] Usage of URAM can potentially cause worse II as Vitis HLS does not exploit read-first mode for URAMs. Consider using BRAMs instead.
WARNING: [HLS 200-2042] Usage of URAM can potentially cause worse II as Vitis HLS does not exploit read-first mode for URAMs. Consider using BRAMs instead.
WARNING: [HLS 200-2042] Usage of URAM can potentially cause worse II as Vitis HLS does not exploit read-first mode for URAMs. Consider using BRAMs instead.
WARNING: [HLS 200-2042] Usage of URAM can potentially cause worse II as Vitis HLS does not exploit read-first mode for URAMs. Consider using BRAMs instead.
WARNING: [HLS 200-2042] Usage of URAM can potentially cause worse II as Vitis HLS does not exploit read-first mode for URAMs. Consider using BRAMs instead.
WARNING: [HLS 200-2042] Usage of URAM can potentially cause worse II as Vitis HLS does not exploit read-first mode for URAMs. Consider using BRAMs instead.
WARNING: [HLS 200-2042] Usage of URAM can potentially cause worse II as Vitis HLS does not exploit read-first mode for URAMs. Consider using BRAMs instead.
WARNING: [HLS 200-2042] Usage of URAM can potentially cause worse II as Vitis HLS does not exploit read-first mode for URAMs. Consider using BRAMs instead.
WARNING: [HLS 200-2042] Usage of URAM can potentially cause worse II as Vitis HLS does not exploit read-first mode for URAMs. Consider using BRAMs instead.
WARNING: [HLS 200-2042] Usage of URAM can potentially cause worse II as Vitis HLS does not exploit read-first mode for URAMs. Consider using BRAMs instead.
WARNING: [HLS 200-2042] Usage of URAM can potentially cause worse II as Vitis HLS does not exploit read-first mode for URAMs. Consider using BRAMs instead.
WARNING: [HLS 200-2042] Usage of URAM can potentially cause worse II as Vitis HLS does not exploit read-first mode for URAMs. Consider using BRAMs instead.
WARNING: [HLS 200-2042] Usage of URAM can potentially cause worse II as Vitis HLS does not exploit read-first mode for URAMs. Consider using BRAMs instead.
WARNING: [HLS 200-2042] Usage of URAM can potentially cause worse II as Vitis HLS does not exploit read-first mode for URAMs. Consider using BRAMs instead.
WARNING: [HLS 200-2042] Usage of URAM can potentially cause worse II as Vitis HLS does not exploit read-first mode for URAMs. Consider using BRAMs instead.
WARNING: [HLS 200-2042] Usage of URAM can potentially cause worse II as Vitis HLS does not exploit read-first mode for URAMs. Consider using BRAMs instead.
WARNING: [HLS 200-2042] Usage of URAM can potentially cause worse II as Vitis HLS does not exploit read-first mode for URAMs. Consider using BRAMs instead.
WARNING: [HLS 200-2042] Usage of URAM can potentially cause worse II as Vitis HLS does not exploit read-first mode for URAMs. Consider using BRAMs instead.
WARNING: [HLS 200-2042] Usage of URAM can potentially cause worse II as Vitis HLS does not exploit read-first mode for URAMs. Consider using BRAMs instead.
WARNING: [HLS 200-2042] Usage of URAM can potentially cause worse II as Vitis HLS does not exploit read-first mode for URAMs. Consider using BRAMs instead.
WARNING: [HLS 200-2042] Usage of URAM can potentially cause worse II as Vitis HLS does not exploit read-first mode for URAMs. Consider using BRAMs instead.
WARNING: [HLS 200-2042] Usage of URAM can potentially cause worse II as Vitis HLS does not exploit read-first mode for URAMs. Consider using BRAMs instead.
WARNING: [HLS 200-2042] Usage of URAM can potentially cause worse II as Vitis HLS does not exploit read-first mode for URAMs. Consider using BRAMs instead.
WARNING: [HLS 200-2042] Usage of URAM can potentially cause worse II as Vitis HLS does not exploit read-first mode for URAMs. Consider using BRAMs instead.
WARNING: [HLS 200-2042] Usage of URAM can potentially cause worse II as Vitis HLS does not exploit read-first mode for URAMs. Consider using BRAMs instead.
WARNING: [HLS 200-2042] Usage of URAM can potentially cause worse II as Vitis HLS does not exploit read-first mode for URAMs. Consider using BRAMs instead.
WARNING: [HLS 200-2042] Usage of URAM can potentially cause worse II as Vitis HLS does not exploit read-first mode for URAMs. Consider using BRAMs instead.
WARNING: [HLS 200-2042] Usage of URAM can potentially cause worse II as Vitis HLS does not exploit read-first mode for URAMs. Consider using BRAMs instead.
WARNING: [HLS 200-2042] Usage of URAM can potentially cause worse II as Vitis HLS does not exploit read-first mode for URAMs. Consider using BRAMs instead.
WARNING: [HLS 200-2042] Usage of URAM can potentially cause worse II as Vitis HLS does not exploit read-first mode for URAMs. Consider using BRAMs instead.
WARNING: [HLS 200-2042] Usage of URAM can potentially cause worse II as Vitis HLS does not exploit read-first mode for URAMs. Consider using BRAMs instead.
WARNING: [HLS 200-2042] Usage of URAM can potentially cause worse II as Vitis HLS does not exploit read-first mode for URAMs. Consider using BRAMs instead.
WARNING: [HLS 200-2042] Usage of URAM can potentially cause worse II as Vitis HLS does not exploit read-first mode for URAMs. Consider using BRAMs instead.
WARNING: [HLS 200-2042] Usage of URAM can potentially cause worse II as Vitis HLS does not exploit read-first mode for URAMs. Consider using BRAMs instead.
WARNING: [HLS 200-2042] Usage of URAM can potentially cause worse II as Vitis HLS does not exploit read-first mode for URAMs. Consider using BRAMs instead.
WARNING: [HLS 200-2042] Usage of URAM can potentially cause worse II as Vitis HLS does not exploit read-first mode for URAMs. Consider using BRAMs instead.
WARNING: [HLS 200-2042] Usage of URAM can potentially cause worse II as Vitis HLS does not exploit read-first mode for URAMs. Consider using BRAMs instead.
WARNING: [HLS 200-2042] Usage of URAM can potentially cause worse II as Vitis HLS does not exploit read-first mode for URAMs. Consider using BRAMs instead.
WARNING: [HLS 200-2042] Usage of URAM can potentially cause worse II as Vitis HLS does not exploit read-first mode for URAMs. Consider using BRAMs instead.
WARNING: [HLS 200-2042] Usage of URAM can potentially cause worse II as Vitis HLS does not exploit read-first mode for URAMs. Consider using BRAMs instead.
WARNING: [HLS 200-2042] Usage of URAM can potentially cause worse II as Vitis HLS does not exploit read-first mode for URAMs. Consider using BRAMs instead.
WARNING: [HLS 200-2042] Usage of URAM can potentially cause worse II as Vitis HLS does not exploit read-first mode for URAMs. Consider using BRAMs instead.
WARNING: [HLS 200-2042] Usage of URAM can potentially cause worse II as Vitis HLS does not exploit read-first mode for URAMs. Consider using BRAMs instead.
WARNING: [HLS 200-2042] Usage of URAM can potentially cause worse II as Vitis HLS does not exploit read-first mode for URAMs. Consider using BRAMs instead.
WARNING: [HLS 200-2042] Usage of URAM can potentially cause worse II as Vitis HLS does not exploit read-first mode for URAMs. Consider using BRAMs instead.
WARNING: [HLS 200-2042] Usage of URAM can potentially cause worse II as Vitis HLS does not exploit read-first mode for URAMs. Consider using BRAMs instead.
WARNING: [HLS 200-2042] Usage of URAM can potentially cause worse II as Vitis HLS does not exploit read-first mode for URAMs. Consider using BRAMs instead.
WARNING: [HLS 200-2042] Usage of URAM can potentially cause worse II as Vitis HLS does not exploit read-first mode for URAMs. Consider using BRAMs instead.
WARNING: [HLS 200-2042] Usage of URAM can potentially cause worse II as Vitis HLS does not exploit read-first mode for URAMs. Consider using BRAMs instead.
WARNING: [HLS 200-2042] Usage of URAM can potentially cause worse II as Vitis HLS does not exploit read-first mode for URAMs. Consider using BRAMs instead.
WARNING: [HLS 200-2042] Usage of URAM can potentially cause worse II as Vitis HLS does not exploit read-first mode for URAMs. Consider using BRAMs instead.
WARNING: [HLS 200-2042] Usage of URAM can potentially cause worse II as Vitis HLS does not exploit read-first mode for URAMs. Consider using BRAMs instead.
WARNING: [HLS 200-2042] Usage of URAM can potentially cause worse II as Vitis HLS does not exploit read-first mode for URAMs. Consider using BRAMs instead.
WARNING: [HLS 200-2042] Usage of URAM can potentially cause worse II as Vitis HLS does not exploit read-first mode for URAMs. Consider using BRAMs instead.
WARNING: [HLS 200-2042] Usage of URAM can potentially cause worse II as Vitis HLS does not exploit read-first mode for URAMs. Consider using BRAMs instead.
WARNING: [HLS 200-2042] Usage of URAM can potentially cause worse II as Vitis HLS does not exploit read-first mode for URAMs. Consider using BRAMs instead.
WARNING: [HLS 200-2042] Usage of URAM can potentially cause worse II as Vitis HLS does not exploit read-first mode for URAMs. Consider using BRAMs instead.
WARNING: [HLS 200-2042] Usage of URAM can potentially cause worse II as Vitis HLS does not exploit read-first mode for URAMs. Consider using BRAMs instead.
WARNING: [HLS 200-2042] Usage of URAM can potentially cause worse II as Vitis HLS does not exploit read-first mode for URAMs. Consider using BRAMs instead.
WARNING: [HLS 200-2042] Usage of URAM can potentially cause worse II as Vitis HLS does not exploit read-first mode for URAMs. Consider using BRAMs instead.
WARNING: [HLS 200-2042] Usage of URAM can potentially cause worse II as Vitis HLS does not exploit read-first mode for URAMs. Consider using BRAMs instead.
WARNING: [HLS 200-2042] Usage of URAM can potentially cause worse II as Vitis HLS does not exploit read-first mode for URAMs. Consider using BRAMs instead.
WARNING: [HLS 200-2042] Usage of URAM can potentially cause worse II as Vitis HLS does not exploit read-first mode for URAMs. Consider using BRAMs instead.
WARNING: [HLS 200-2042] Usage of URAM can potentially cause worse II as Vitis HLS does not exploit read-first mode for URAMs. Consider using BRAMs instead.
WARNING: [HLS 200-2042] Usage of URAM can potentially cause worse II as Vitis HLS does not exploit read-first mode for URAMs. Consider using BRAMs instead.
WARNING: [HLS 200-2042] Usage of URAM can potentially cause worse II as Vitis HLS does not exploit read-first mode for URAMs. Consider using BRAMs instead.
WARNING: [HLS 200-2042] Usage of URAM can potentially cause worse II as Vitis HLS does not exploit read-first mode for URAMs. Consider using BRAMs instead.
WARNING: [HLS 200-2042] Usage of URAM can potentially cause worse II as Vitis HLS does not exploit read-first mode for URAMs. Consider using BRAMs instead.
WARNING: [HLS 200-2042] Usage of URAM can potentially cause worse II as Vitis HLS does not exploit read-first mode for URAMs. Consider using BRAMs instead.
WARNING: [HLS 200-2042] Usage of URAM can potentially cause worse II as Vitis HLS does not exploit read-first mode for URAMs. Consider using BRAMs instead.
WARNING: [HLS 200-2042] Usage of URAM can potentially cause worse II as Vitis HLS does not exploit read-first mode for URAMs. Consider using BRAMs instead.
WARNING: [HLS 200-2042] Usage of URAM can potentially cause worse II as Vitis HLS does not exploit read-first mode for URAMs. Consider using BRAMs instead.
WARNING: [HLS 200-2042] Usage of URAM can potentially cause worse II as Vitis HLS does not exploit read-first mode for URAMs. Consider using BRAMs instead.
WARNING: [HLS 200-2042] Usage of URAM can potentially cause worse II as Vitis HLS does not exploit read-first mode for URAMs. Consider using BRAMs instead.
WARNING: [HLS 200-2042] Usage of URAM can potentially cause worse II as Vitis HLS does not exploit read-first mode for URAMs. Consider using BRAMs instead.
WARNING: [HLS 200-2042] Usage of URAM can potentially cause worse II as Vitis HLS does not exploit read-first mode for URAMs. Consider using BRAMs instead.
WARNING: [HLS 200-2042] Usage of URAM can potentially cause worse II as Vitis HLS does not exploit read-first mode for URAMs. Consider using BRAMs instead.
WARNING: [HLS 200-2042] Usage of URAM can potentially cause worse II as Vitis HLS does not exploit read-first mode for URAMs. Consider using BRAMs instead.
WARNING: [HLS 200-2042] Usage of URAM can potentially cause worse II as Vitis HLS does not exploit read-first mode for URAMs. Consider using BRAMs instead.
WARNING: [HLS 200-2042] Usage of URAM can potentially cause worse II as Vitis HLS does not exploit read-first mode for URAMs. Consider using BRAMs instead.
WARNING: [HLS 200-2042] Usage of URAM can potentially cause worse II as Vitis HLS does not exploit read-first mode for URAMs. Consider using BRAMs instead.
WARNING: [HLS 200-2042] Usage of URAM can potentially cause worse II as Vitis HLS does not exploit read-first mode for URAMs. Consider using BRAMs instead.
WARNING: [HLS 200-2042] Usage of URAM can potentially cause worse II as Vitis HLS does not exploit read-first mode for URAMs. Consider using BRAMs instead.
WARNING: [HLS 200-2042] Usage of URAM can potentially cause worse II as Vitis HLS does not exploit read-first mode for URAMs. Consider using BRAMs instead.
WARNING: [HLS 200-2042] Usage of URAM can potentially cause worse II as Vitis HLS does not exploit read-first mode for URAMs. Consider using BRAMs instead.
WARNING: [HLS 200-2042] Usage of URAM can potentially cause worse II as Vitis HLS does not exploit read-first mode for URAMs. Consider using BRAMs instead.
WARNING: [HLS 200-2042] Usage of URAM can potentially cause worse II as Vitis HLS does not exploit read-first mode for URAMs. Consider using BRAMs instead.
WARNING: [HLS 200-2042] Usage of URAM can potentially cause worse II as Vitis HLS does not exploit read-first mode for URAMs. Consider using BRAMs instead.
WARNING: [HLS 200-2042] Usage of URAM can potentially cause worse II as Vitis HLS does not exploit read-first mode for URAMs. Consider using BRAMs instead.
WARNING: [HLS 200-2042] Usage of URAM can potentially cause worse II as Vitis HLS does not exploit read-first mode for URAMs. Consider using BRAMs instead.
WARNING: [HLS 200-2042] Usage of URAM can potentially cause worse II as Vitis HLS does not exploit read-first mode for URAMs. Consider using BRAMs instead.
WARNING: [HLS 200-2042] Usage of URAM can potentially cause worse II as Vitis HLS does not exploit read-first mode for URAMs. Consider using BRAMs instead.
WARNING: [HLS 200-2042] Usage of URAM can potentially cause worse II as Vitis HLS does not exploit read-first mode for URAMs. Consider using BRAMs instead.
WARNING: [HLS 200-2042] Usage of URAM can potentially cause worse II as Vitis HLS does not exploit read-first mode for URAMs. Consider using BRAMs instead.
WARNING: [HLS 200-2042] Usage of URAM can potentially cause worse II as Vitis HLS does not exploit read-first mode for URAMs. Consider using BRAMs instead.
WARNING: [HLS 200-2042] Usage of URAM can potentially cause worse II as Vitis HLS does not exploit read-first mode for URAMs. Consider using BRAMs instead.
WARNING: [HLS 200-2042] Usage of URAM can potentially cause worse II as Vitis HLS does not exploit read-first mode for URAMs. Consider using BRAMs instead.
WARNING: [HLS 200-2042] Usage of URAM can potentially cause worse II as Vitis HLS does not exploit read-first mode for URAMs. Consider using BRAMs instead.
WARNING: [HLS 200-2042] Usage of URAM can potentially cause worse II as Vitis HLS does not exploit read-first mode for URAMs. Consider using BRAMs instead.
WARNING: [HLS 200-2042] Usage of URAM can potentially cause worse II as Vitis HLS does not exploit read-first mode for URAMs. Consider using BRAMs instead.
WARNING: [HLS 200-2042] Usage of URAM can potentially cause worse II as Vitis HLS does not exploit read-first mode for URAMs. Consider using BRAMs instead.
WARNING: [HLS 200-2042] Usage of URAM can potentially cause worse II as Vitis HLS does not exploit read-first mode for URAMs. Consider using BRAMs instead.
WARNING: [HLS 200-2042] Usage of URAM can potentially cause worse II as Vitis HLS does not exploit read-first mode for URAMs. Consider using BRAMs instead.
WARNING: [HLS 200-2042] Usage of URAM can potentially cause worse II as Vitis HLS does not exploit read-first mode for URAMs. Consider using BRAMs instead.
WARNING: [HLS 200-2042] Usage of URAM can potentially cause worse II as Vitis HLS does not exploit read-first mode for URAMs. Consider using BRAMs instead.
WARNING: [HLS 200-2042] Usage of URAM can potentially cause worse II as Vitis HLS does not exploit read-first mode for URAMs. Consider using BRAMs instead.
WARNING: [HLS 200-2042] Usage of URAM can potentially cause worse II as Vitis HLS does not exploit read-first mode for URAMs. Consider using BRAMs instead.
WARNING: [HLS 200-2042] Usage of URAM can potentially cause worse II as Vitis HLS does not exploit read-first mode for URAMs. Consider using BRAMs instead.
WARNING: [HLS 200-2042] Usage of URAM can potentially cause worse II as Vitis HLS does not exploit read-first mode for URAMs. Consider using BRAMs instead.
WARNING: [HLS 200-2042] Usage of URAM can potentially cause worse II as Vitis HLS does not exploit read-first mode for URAMs. Consider using BRAMs instead.
WARNING: [HLS 200-2042] Usage of URAM can potentially cause worse II as Vitis HLS does not exploit read-first mode for URAMs. Consider using BRAMs instead.
WARNING: [HLS 200-2042] Usage of URAM can potentially cause worse II as Vitis HLS does not exploit read-first mode for URAMs. Consider using BRAMs instead.
WARNING: [HLS 200-2042] Usage of URAM can potentially cause worse II as Vitis HLS does not exploit read-first mode for URAMs. Consider using BRAMs instead.
WARNING: [HLS 200-2042] Usage of URAM can potentially cause worse II as Vitis HLS does not exploit read-first mode for URAMs. Consider using BRAMs instead.
WARNING: [HLS 200-2042] Usage of URAM can potentially cause worse II as Vitis HLS does not exploit read-first mode for URAMs. Consider using BRAMs instead.
WARNING: [HLS 200-2042] Usage of URAM can potentially cause worse II as Vitis HLS does not exploit read-first mode for URAMs. Consider using BRAMs instead.
WARNING: [HLS 200-2042] Usage of URAM can potentially cause worse II as Vitis HLS does not exploit read-first mode for URAMs. Consider using BRAMs instead.
WARNING: [HLS 200-2042] Usage of URAM can potentially cause worse II as Vitis HLS does not exploit read-first mode for URAMs. Consider using BRAMs instead.
WARNING: [HLS 200-2042] Usage of URAM can potentially cause worse II as Vitis HLS does not exploit read-first mode for URAMs. Consider using BRAMs instead.
WARNING: [HLS 200-2042] Usage of URAM can potentially cause worse II as Vitis HLS does not exploit read-first mode for URAMs. Consider using BRAMs instead.
WARNING: [HLS 200-2042] Usage of URAM can potentially cause worse II as Vitis HLS does not exploit read-first mode for URAMs. Consider using BRAMs instead.
WARNING: [HLS 200-2042] Usage of URAM can potentially cause worse II as Vitis HLS does not exploit read-first mode for URAMs. Consider using BRAMs instead.
WARNING: [HLS 200-2042] Usage of URAM can potentially cause worse II as Vitis HLS does not exploit read-first mode for URAMs. Consider using BRAMs instead.
WARNING: [HLS 200-2042] Usage of URAM can potentially cause worse II as Vitis HLS does not exploit read-first mode for URAMs. Consider using BRAMs instead.
WARNING: [HLS 200-2042] Usage of URAM can potentially cause worse II as Vitis HLS does not exploit read-first mode for URAMs. Consider using BRAMs instead.
WARNING: [HLS 200-2042] Usage of URAM can potentially cause worse II as Vitis HLS does not exploit read-first mode for URAMs. Consider using BRAMs instead.
WARNING: [HLS 200-2042] Usage of URAM can potentially cause worse II as Vitis HLS does not exploit read-first mode for URAMs. Consider using BRAMs instead.
WARNING: [HLS 200-2042] Usage of URAM can potentially cause worse II as Vitis HLS does not exploit read-first mode for URAMs. Consider using BRAMs instead.
WARNING: [HLS 200-2042] Usage of URAM can potentially cause worse II as Vitis HLS does not exploit read-first mode for URAMs. Consider using BRAMs instead.
WARNING: [HLS 200-2042] Usage of URAM can potentially cause worse II as Vitis HLS does not exploit read-first mode for URAMs. Consider using BRAMs instead.
WARNING: [HLS 200-2042] Usage of URAM can potentially cause worse II as Vitis HLS does not exploit read-first mode for URAMs. Consider using BRAMs instead.
WARNING: [HLS 200-2042] Usage of URAM can potentially cause worse II as Vitis HLS does not exploit read-first mode for URAMs. Consider using BRAMs instead.
WARNING: [HLS 200-2042] Usage of URAM can potentially cause worse II as Vitis HLS does not exploit read-first mode for URAMs. Consider using BRAMs instead.
WARNING: [HLS 200-2042] Usage of URAM can potentially cause worse II as Vitis HLS does not exploit read-first mode for URAMs. Consider using BRAMs instead.
WARNING: [HLS 200-2042] Usage of URAM can potentially cause worse II as Vitis HLS does not exploit read-first mode for URAMs. Consider using BRAMs instead.
WARNING: [HLS 200-2042] Usage of URAM can potentially cause worse II as Vitis HLS does not exploit read-first mode for URAMs. Consider using BRAMs instead.
WARNING: [HLS 200-2042] Usage of URAM can potentially cause worse II as Vitis HLS does not exploit read-first mode for URAMs. Consider using BRAMs instead.
WARNING: [HLS 200-2042] Usage of URAM can potentially cause worse II as Vitis HLS does not exploit read-first mode for URAMs. Consider using BRAMs instead.
WARNING: [HLS 200-2042] Usage of URAM can potentially cause worse II as Vitis HLS does not exploit read-first mode for URAMs. Consider using BRAMs instead.
WARNING: [HLS 200-2042] Usage of URAM can potentially cause worse II as Vitis HLS does not exploit read-first mode for URAMs. Consider using BRAMs instead.
WARNING: [HLS 200-2042] Usage of URAM can potentially cause worse II as Vitis HLS does not exploit read-first mode for URAMs. Consider using BRAMs instead.
WARNING: [HLS 200-2042] Usage of URAM can potentially cause worse II as Vitis HLS does not exploit read-first mode for URAMs. Consider using BRAMs instead.
WARNING: [HLS 200-2042] Usage of URAM can potentially cause worse II as Vitis HLS does not exploit read-first mode for URAMs. Consider using BRAMs instead.
WARNING: [HLS 200-2042] Usage of URAM can potentially cause worse II as Vitis HLS does not exploit read-first mode for URAMs. Consider using BRAMs instead.
WARNING: [HLS 200-2042] Usage of URAM can potentially cause worse II as Vitis HLS does not exploit read-first mode for URAMs. Consider using BRAMs instead.
WARNING: [HLS 200-2042] Usage of URAM can potentially cause worse II as Vitis HLS does not exploit read-first mode for URAMs. Consider using BRAMs instead.
WARNING: [HLS 200-2042] Usage of URAM can potentially cause worse II as Vitis HLS does not exploit read-first mode for URAMs. Consider using BRAMs instead.
WARNING: [HLS 200-2042] Usage of URAM can potentially cause worse II as Vitis HLS does not exploit read-first mode for URAMs. Consider using BRAMs instead.
WARNING: [HLS 200-2042] Usage of URAM can potentially cause worse II as Vitis HLS does not exploit read-first mode for URAMs. Consider using BRAMs instead.
WARNING: [HLS 200-2042] Usage of URAM can potentially cause worse II as Vitis HLS does not exploit read-first mode for URAMs. Consider using BRAMs instead.
WARNING: [HLS 200-2042] Usage of URAM can potentially cause worse II as Vitis HLS does not exploit read-first mode for URAMs. Consider using BRAMs instead.
WARNING: [HLS 200-2042] Usage of URAM can potentially cause worse II as Vitis HLS does not exploit read-first mode for URAMs. Consider using BRAMs instead.
WARNING: [HLS 200-2042] Usage of URAM can potentially cause worse II as Vitis HLS does not exploit read-first mode for URAMs. Consider using BRAMs instead.
WARNING: [HLS 200-2042] Usage of URAM can potentially cause worse II as Vitis HLS does not exploit read-first mode for URAMs. Consider using BRAMs instead.
WARNING: [HLS 200-2042] Usage of URAM can potentially cause worse II as Vitis HLS does not exploit read-first mode for URAMs. Consider using BRAMs instead.
WARNING: [HLS 200-2042] Usage of URAM can potentially cause worse II as Vitis HLS does not exploit read-first mode for URAMs. Consider using BRAMs instead.
WARNING: [HLS 200-2042] Usage of URAM can potentially cause worse II as Vitis HLS does not exploit read-first mode for URAMs. Consider using BRAMs instead.
WARNING: [HLS 200-2042] Usage of URAM can potentially cause worse II as Vitis HLS does not exploit read-first mode for URAMs. Consider using BRAMs instead.
WARNING: [HLS 200-2042] Usage of URAM can potentially cause worse II as Vitis HLS does not exploit read-first mode for URAMs. Consider using BRAMs instead.
WARNING: [HLS 200-2042] Usage of URAM can potentially cause worse II as Vitis HLS does not exploit read-first mode for URAMs. Consider using BRAMs instead.
WARNING: [HLS 200-2042] Usage of URAM can potentially cause worse II as Vitis HLS does not exploit read-first mode for URAMs. Consider using BRAMs instead.
WARNING: [HLS 200-2042] Usage of URAM can potentially cause worse II as Vitis HLS does not exploit read-first mode for URAMs. Consider using BRAMs instead.
WARNING: [HLS 200-2042] Usage of URAM can potentially cause worse II as Vitis HLS does not exploit read-first mode for URAMs. Consider using BRAMs instead.
WARNING: [HLS 200-2042] Usage of URAM can potentially cause worse II as Vitis HLS does not exploit read-first mode for URAMs. Consider using BRAMs instead.
WARNING: [HLS 200-2042] Usage of URAM can potentially cause worse II as Vitis HLS does not exploit read-first mode for URAMs. Consider using BRAMs instead.
WARNING: [HLS 200-2042] Usage of URAM can potentially cause worse II as Vitis HLS does not exploit read-first mode for URAMs. Consider using BRAMs instead.
WARNING: [HLS 200-2042] Usage of URAM can potentially cause worse II as Vitis HLS does not exploit read-first mode for URAMs. Consider using BRAMs instead.
WARNING: [HLS 200-2042] Usage of URAM can potentially cause worse II as Vitis HLS does not exploit read-first mode for URAMs. Consider using BRAMs instead.
WARNING: [HLS 200-2042] Usage of URAM can potentially cause worse II as Vitis HLS does not exploit read-first mode for URAMs. Consider using BRAMs instead.
WARNING: [HLS 200-2042] Usage of URAM can potentially cause worse II as Vitis HLS does not exploit read-first mode for URAMs. Consider using BRAMs instead.
WARNING: [HLS 200-2042] Usage of URAM can potentially cause worse II as Vitis HLS does not exploit read-first mode for URAMs. Consider using BRAMs instead.
WARNING: [HLS 200-2042] Usage of URAM can potentially cause worse II as Vitis HLS does not exploit read-first mode for URAMs. Consider using BRAMs instead.
WARNING: [HLS 200-2042] Usage of URAM can potentially cause worse II as Vitis HLS does not exploit read-first mode for URAMs. Consider using BRAMs instead.
WARNING: [HLS 200-2042] Usage of URAM can potentially cause worse II as Vitis HLS does not exploit read-first mode for URAMs. Consider using BRAMs instead.
WARNING: [HLS 200-2042] Usage of URAM can potentially cause worse II as Vitis HLS does not exploit read-first mode for URAMs. Consider using BRAMs instead.
WARNING: [HLS 200-2042] Usage of URAM can potentially cause worse II as Vitis HLS does not exploit read-first mode for URAMs. Consider using BRAMs instead.
WARNING: [HLS 200-2042] Usage of URAM can potentially cause worse II as Vitis HLS does not exploit read-first mode for URAMs. Consider using BRAMs instead.
WARNING: [HLS 200-2042] Usage of URAM can potentially cause worse II as Vitis HLS does not exploit read-first mode for URAMs. Consider using BRAMs instead.
WARNING: [HLS 200-2042] Usage of URAM can potentially cause worse II as Vitis HLS does not exploit read-first mode for URAMs. Consider using BRAMs instead.
WARNING: [HLS 200-2042] Usage of URAM can potentially cause worse II as Vitis HLS does not exploit read-first mode for URAMs. Consider using BRAMs instead.
WARNING: [HLS 200-2042] Usage of URAM can potentially cause worse II as Vitis HLS does not exploit read-first mode for URAMs. Consider using BRAMs instead.
WARNING: [HLS 200-2042] Usage of URAM can potentially cause worse II as Vitis HLS does not exploit read-first mode for URAMs. Consider using BRAMs instead.
WARNING: [HLS 200-2042] Usage of URAM can potentially cause worse II as Vitis HLS does not exploit read-first mode for URAMs. Consider using BRAMs instead.
WARNING: [HLS 200-2042] Usage of URAM can potentially cause worse II as Vitis HLS does not exploit read-first mode for URAMs. Consider using BRAMs instead.
WARNING: [HLS 200-2042] Usage of URAM can potentially cause worse II as Vitis HLS does not exploit read-first mode for URAMs. Consider using BRAMs instead.
WARNING: [HLS 200-2042] Usage of URAM can potentially cause worse II as Vitis HLS does not exploit read-first mode for URAMs. Consider using BRAMs instead.
WARNING: [HLS 200-2042] Usage of URAM can potentially cause worse II as Vitis HLS does not exploit read-first mode for URAMs. Consider using BRAMs instead.
WARNING: [HLS 200-2042] Usage of URAM can potentially cause worse II as Vitis HLS does not exploit read-first mode for URAMs. Consider using BRAMs instead.
WARNING: [HLS 200-2042] Usage of URAM can potentially cause worse II as Vitis HLS does not exploit read-first mode for URAMs. Consider using BRAMs instead.
WARNING: [HLS 200-2042] Usage of URAM can potentially cause worse II as Vitis HLS does not exploit read-first mode for URAMs. Consider using BRAMs instead.
WARNING: [HLS 200-2042] Usage of URAM can potentially cause worse II as Vitis HLS does not exploit read-first mode for URAMs. Consider using BRAMs instead.
WARNING: [HLS 200-2042] Usage of URAM can potentially cause worse II as Vitis HLS does not exploit read-first mode for URAMs. Consider using BRAMs instead.
WARNING: [HLS 200-2042] Usage of URAM can potentially cause worse II as Vitis HLS does not exploit read-first mode for URAMs. Consider using BRAMs instead.
WARNING: [HLS 200-2042] Usage of URAM can potentially cause worse II as Vitis HLS does not exploit read-first mode for URAMs. Consider using BRAMs instead.
WARNING: [HLS 200-2042] Usage of URAM can potentially cause worse II as Vitis HLS does not exploit read-first mode for URAMs. Consider using BRAMs instead.
WARNING: [HLS 200-2042] Usage of URAM can potentially cause worse II as Vitis HLS does not exploit read-first mode for URAMs. Consider using BRAMs instead.
WARNING: [HLS 200-2042] Usage of URAM can potentially cause worse II as Vitis HLS does not exploit read-first mode for URAMs. Consider using BRAMs instead.
WARNING: [HLS 200-2042] Usage of URAM can potentially cause worse II as Vitis HLS does not exploit read-first mode for URAMs. Consider using BRAMs instead.
WARNING: [HLS 200-2042] Usage of URAM can potentially cause worse II as Vitis HLS does not exploit read-first mode for URAMs. Consider using BRAMs instead.
WARNING: [HLS 200-2042] Usage of URAM can potentially cause worse II as Vitis HLS does not exploit read-first mode for URAMs. Consider using BRAMs instead.
WARNING: [HLS 200-2042] Usage of URAM can potentially cause worse II as Vitis HLS does not exploit read-first mode for URAMs. Consider using BRAMs instead.
WARNING: [HLS 200-2042] Usage of URAM can potentially cause worse II as Vitis HLS does not exploit read-first mode for URAMs. Consider using BRAMs instead.
WARNING: [HLS 200-2042] Usage of URAM can potentially cause worse II as Vitis HLS does not exploit read-first mode for URAMs. Consider using BRAMs instead.
WARNING: [HLS 200-2042] Usage of URAM can potentially cause worse II as Vitis HLS does not exploit read-first mode for URAMs. Consider using BRAMs instead.
WARNING: [HLS 200-2042] Usage of URAM can potentially cause worse II as Vitis HLS does not exploit read-first mode for URAMs. Consider using BRAMs instead.
WARNING: [HLS 200-2042] Usage of URAM can potentially cause worse II as Vitis HLS does not exploit read-first mode for URAMs. Consider using BRAMs instead.
WARNING: [HLS 200-2042] Usage of URAM can potentially cause worse II as Vitis HLS does not exploit read-first mode for URAMs. Consider using BRAMs instead.
WARNING: [HLS 200-2042] Usage of URAM can potentially cause worse II as Vitis HLS does not exploit read-first mode for URAMs. Consider using BRAMs instead.
WARNING: [HLS 200-2042] Usage of URAM can potentially cause worse II as Vitis HLS does not exploit read-first mode for URAMs. Consider using BRAMs instead.
WARNING: [HLS 200-2042] Usage of URAM can potentially cause worse II as Vitis HLS does not exploit read-first mode for URAMs. Consider using BRAMs instead.
WARNING: [HLS 200-2042] Usage of URAM can potentially cause worse II as Vitis HLS does not exploit read-first mode for URAMs. Consider using BRAMs instead.
WARNING: [HLS 200-2042] Usage of URAM can potentially cause worse II as Vitis HLS does not exploit read-first mode for URAMs. Consider using BRAMs instead.
WARNING: [HLS 200-2042] Usage of URAM can potentially cause worse II as Vitis HLS does not exploit read-first mode for URAMs. Consider using BRAMs instead.
WARNING: [HLS 200-2042] Usage of URAM can potentially cause worse II as Vitis HLS does not exploit read-first mode for URAMs. Consider using BRAMs instead.
WARNING: [HLS 200-2042] Usage of URAM can potentially cause worse II as Vitis HLS does not exploit read-first mode for URAMs. Consider using BRAMs instead.
WARNING: [HLS 200-2042] Usage of URAM can potentially cause worse II as Vitis HLS does not exploit read-first mode for URAMs. Consider using BRAMs instead.
WARNING: [HLS 200-2042] Usage of URAM can potentially cause worse II as Vitis HLS does not exploit read-first mode for URAMs. Consider using BRAMs instead.
WARNING: [HLS 200-2042] Usage of URAM can potentially cause worse II as Vitis HLS does not exploit read-first mode for URAMs. Consider using BRAMs instead.
WARNING: [HLS 200-2042] Usage of URAM can potentially cause worse II as Vitis HLS does not exploit read-first mode for URAMs. Consider using BRAMs instead.
WARNING: [HLS 200-2042] Usage of URAM can potentially cause worse II as Vitis HLS does not exploit read-first mode for URAMs. Consider using BRAMs instead.
WARNING: [HLS 200-2042] Usage of URAM can potentially cause worse II as Vitis HLS does not exploit read-first mode for URAMs. Consider using BRAMs instead.
WARNING: [HLS 200-2042] Usage of URAM can potentially cause worse II as Vitis HLS does not exploit read-first mode for URAMs. Consider using BRAMs instead.
WARNING: [HLS 200-2042] Usage of URAM can potentially cause worse II as Vitis HLS does not exploit read-first mode for URAMs. Consider using BRAMs instead.
WARNING: [HLS 200-2042] Usage of URAM can potentially cause worse II as Vitis HLS does not exploit read-first mode for URAMs. Consider using BRAMs instead.
WARNING: [HLS 200-2042] Usage of URAM can potentially cause worse II as Vitis HLS does not exploit read-first mode for URAMs. Consider using BRAMs instead.
WARNING: [HLS 200-2042] Usage of URAM can potentially cause worse II as Vitis HLS does not exploit read-first mode for URAMs. Consider using BRAMs instead.
WARNING: [HLS 200-2042] Usage of URAM can potentially cause worse II as Vitis HLS does not exploit read-first mode for URAMs. Consider using BRAMs instead.
WARNING: [HLS 200-2042] Usage of URAM can potentially cause worse II as Vitis HLS does not exploit read-first mode for URAMs. Consider using BRAMs instead.
WARNING: [HLS 200-2042] Usage of URAM can potentially cause worse II as Vitis HLS does not exploit read-first mode for URAMs. Consider using BRAMs instead.
WARNING: [HLS 200-2042] Usage of URAM can potentially cause worse II as Vitis HLS does not exploit read-first mode for URAMs. Consider using BRAMs instead.
WARNING: [HLS 200-2042] Usage of URAM can potentially cause worse II as Vitis HLS does not exploit read-first mode for URAMs. Consider using BRAMs instead.
WARNING: [HLS 200-2042] Usage of URAM can potentially cause worse II as Vitis HLS does not exploit read-first mode for URAMs. Consider using BRAMs instead.
WARNING: [HLS 200-2042] Usage of URAM can potentially cause worse II as Vitis HLS does not exploit read-first mode for URAMs. Consider using BRAMs instead.
WARNING: [HLS 200-2042] Usage of URAM can potentially cause worse II as Vitis HLS does not exploit read-first mode for URAMs. Consider using BRAMs instead.
WARNING: [HLS 200-2042] Usage of URAM can potentially cause worse II as Vitis HLS does not exploit read-first mode for URAMs. Consider using BRAMs instead.
WARNING: [HLS 200-2042] Usage of URAM can potentially cause worse II as Vitis HLS does not exploit read-first mode for URAMs. Consider using BRAMs instead.
WARNING: [HLS 200-2042] Usage of URAM can potentially cause worse II as Vitis HLS does not exploit read-first mode for URAMs. Consider using BRAMs instead.
WARNING: [HLS 200-2042] Usage of URAM can potentially cause worse II as Vitis HLS does not exploit read-first mode for URAMs. Consider using BRAMs instead.
WARNING: [HLS 200-2042] Usage of URAM can potentially cause worse II as Vitis HLS does not exploit read-first mode for URAMs. Consider using BRAMs instead.
WARNING: [HLS 200-2042] Usage of URAM can potentially cause worse II as Vitis HLS does not exploit read-first mode for URAMs. Consider using BRAMs instead.
WARNING: [HLS 200-2042] Usage of URAM can potentially cause worse II as Vitis HLS does not exploit read-first mode for URAMs. Consider using BRAMs instead.
WARNING: [HLS 200-2042] Usage of URAM can potentially cause worse II as Vitis HLS does not exploit read-first mode for URAMs. Consider using BRAMs instead.
WARNING: [HLS 200-2042] Usage of URAM can potentially cause worse II as Vitis HLS does not exploit read-first mode for URAMs. Consider using BRAMs instead.
WARNING: [HLS 200-2042] Usage of URAM can potentially cause worse II as Vitis HLS does not exploit read-first mode for URAMs. Consider using BRAMs instead.
WARNING: [HLS 200-2042] Usage of URAM can potentially cause worse II as Vitis HLS does not exploit read-first mode for URAMs. Consider using BRAMs instead.
WARNING: [HLS 200-2042] Usage of URAM can potentially cause worse II as Vitis HLS does not exploit read-first mode for URAMs. Consider using BRAMs instead.
WARNING: [HLS 200-2042] Usage of URAM can potentially cause worse II as Vitis HLS does not exploit read-first mode for URAMs. Consider using BRAMs instead.
WARNING: [HLS 200-2042] Usage of URAM can potentially cause worse II as Vitis HLS does not exploit read-first mode for URAMs. Consider using BRAMs instead.
WARNING: [HLS 200-2042] Usage of URAM can potentially cause worse II as Vitis HLS does not exploit read-first mode for URAMs. Consider using BRAMs instead.
WARNING: [HLS 200-2042] Usage of URAM can potentially cause worse II as Vitis HLS does not exploit read-first mode for URAMs. Consider using BRAMs instead.
WARNING: [HLS 200-2042] Usage of URAM can potentially cause worse II as Vitis HLS does not exploit read-first mode for URAMs. Consider using BRAMs instead.
WARNING: [HLS 200-2042] Usage of URAM can potentially cause worse II as Vitis HLS does not exploit read-first mode for URAMs. Consider using BRAMs instead.
WARNING: [HLS 200-2042] Usage of URAM can potentially cause worse II as Vitis HLS does not exploit read-first mode for URAMs. Consider using BRAMs instead.
WARNING: [HLS 200-2042] Usage of URAM can potentially cause worse II as Vitis HLS does not exploit read-first mode for URAMs. Consider using BRAMs instead.
WARNING: [HLS 200-2042] Usage of URAM can potentially cause worse II as Vitis HLS does not exploit read-first mode for URAMs. Consider using BRAMs instead.
WARNING: [HLS 200-2042] Usage of URAM can potentially cause worse II as Vitis HLS does not exploit read-first mode for URAMs. Consider using BRAMs instead.
WARNING: [HLS 200-2042] Usage of URAM can potentially cause worse II as Vitis HLS does not exploit read-first mode for URAMs. Consider using BRAMs instead.
WARNING: [HLS 200-2042] Usage of URAM can potentially cause worse II as Vitis HLS does not exploit read-first mode for URAMs. Consider using BRAMs instead.
WARNING: [HLS 200-2042] Usage of URAM can potentially cause worse II as Vitis HLS does not exploit read-first mode for URAMs. Consider using BRAMs instead.
WARNING: [HLS 200-2042] Usage of URAM can potentially cause worse II as Vitis HLS does not exploit read-first mode for URAMs. Consider using BRAMs instead.
WARNING: [HLS 200-2042] Usage of URAM can potentially cause worse II as Vitis HLS does not exploit read-first mode for URAMs. Consider using BRAMs instead.
WARNING: [HLS 200-2042] Usage of URAM can potentially cause worse II as Vitis HLS does not exploit read-first mode for URAMs. Consider using BRAMs instead.
WARNING: [HLS 200-2042] Usage of URAM can potentially cause worse II as Vitis HLS does not exploit read-first mode for URAMs. Consider using BRAMs instead.
WARNING: [HLS 200-2042] Usage of URAM can potentially cause worse II as Vitis HLS does not exploit read-first mode for URAMs. Consider using BRAMs instead.
WARNING: [HLS 200-2042] Usage of URAM can potentially cause worse II as Vitis HLS does not exploit read-first mode for URAMs. Consider using BRAMs instead.
WARNING: [HLS 200-2042] Usage of URAM can potentially cause worse II as Vitis HLS does not exploit read-first mode for URAMs. Consider using BRAMs instead.
WARNING: [HLS 200-2042] Usage of URAM can potentially cause worse II as Vitis HLS does not exploit read-first mode for URAMs. Consider using BRAMs instead.
WARNING: [HLS 200-2042] Usage of URAM can potentially cause worse II as Vitis HLS does not exploit read-first mode for URAMs. Consider using BRAMs instead.
WARNING: [HLS 200-2042] Usage of URAM can potentially cause worse II as Vitis HLS does not exploit read-first mode for URAMs. Consider using BRAMs instead.
WARNING: [HLS 200-2042] Usage of URAM can potentially cause worse II as Vitis HLS does not exploit read-first mode for URAMs. Consider using BRAMs instead.
WARNING: [HLS 200-2042] Usage of URAM can potentially cause worse II as Vitis HLS does not exploit read-first mode for URAMs. Consider using BRAMs instead.
WARNING: [HLS 200-2042] Usage of URAM can potentially cause worse II as Vitis HLS does not exploit read-first mode for URAMs. Consider using BRAMs instead.
WARNING: [HLS 200-2042] Usage of URAM can potentially cause worse II as Vitis HLS does not exploit read-first mode for URAMs. Consider using BRAMs instead.
WARNING: [HLS 200-2042] Usage of URAM can potentially cause worse II as Vitis HLS does not exploit read-first mode for URAMs. Consider using BRAMs instead.
WARNING: [HLS 200-2042] Usage of URAM can potentially cause worse II as Vitis HLS does not exploit read-first mode for URAMs. Consider using BRAMs instead.
WARNING: [HLS 200-2042] Usage of URAM can potentially cause worse II as Vitis HLS does not exploit read-first mode for URAMs. Consider using BRAMs instead.
WARNING: [HLS 200-2042] Usage of URAM can potentially cause worse II as Vitis HLS does not exploit read-first mode for URAMs. Consider using BRAMs instead.
WARNING: [HLS 200-2042] Usage of URAM can potentially cause worse II as Vitis HLS does not exploit read-first mode for URAMs. Consider using BRAMs instead.
WARNING: [HLS 200-2042] Usage of URAM can potentially cause worse II as Vitis HLS does not exploit read-first mode for URAMs. Consider using BRAMs instead.
WARNING: [HLS 200-2042] Usage of URAM can potentially cause worse II as Vitis HLS does not exploit read-first mode for URAMs. Consider using BRAMs instead.
WARNING: [HLS 200-2042] Usage of URAM can potentially cause worse II as Vitis HLS does not exploit read-first mode for URAMs. Consider using BRAMs instead.
WARNING: [HLS 200-2042] Usage of URAM can potentially cause worse II as Vitis HLS does not exploit read-first mode for URAMs. Consider using BRAMs instead.
WARNING: [HLS 200-2042] Usage of URAM can potentially cause worse II as Vitis HLS does not exploit read-first mode for URAMs. Consider using BRAMs instead.
WARNING: [HLS 200-2042] Usage of URAM can potentially cause worse II as Vitis HLS does not exploit read-first mode for URAMs. Consider using BRAMs instead.
WARNING: [HLS 200-2042] Usage of URAM can potentially cause worse II as Vitis HLS does not exploit read-first mode for URAMs. Consider using BRAMs instead.
WARNING: [HLS 200-2042] Usage of URAM can potentially cause worse II as Vitis HLS does not exploit read-first mode for URAMs. Consider using BRAMs instead.
WARNING: [HLS 200-2042] Usage of URAM can potentially cause worse II as Vitis HLS does not exploit read-first mode for URAMs. Consider using BRAMs instead.
WARNING: [HLS 200-2042] Usage of URAM can potentially cause worse II as Vitis HLS does not exploit read-first mode for URAMs. Consider using BRAMs instead.
WARNING: [HLS 200-2042] Usage of URAM can potentially cause worse II as Vitis HLS does not exploit read-first mode for URAMs. Consider using BRAMs instead.
WARNING: [HLS 200-2042] Usage of URAM can potentially cause worse II as Vitis HLS does not exploit read-first mode for URAMs. Consider using BRAMs instead.
WARNING: [HLS 200-2042] Usage of URAM can potentially cause worse II as Vitis HLS does not exploit read-first mode for URAMs. Consider using BRAMs instead.
WARNING: [HLS 200-2042] Usage of URAM can potentially cause worse II as Vitis HLS does not exploit read-first mode for URAMs. Consider using BRAMs instead.
WARNING: [HLS 200-2042] Usage of URAM can potentially cause worse II as Vitis HLS does not exploit read-first mode for URAMs. Consider using BRAMs instead.
WARNING: [HLS 200-2042] Usage of URAM can potentially cause worse II as Vitis HLS does not exploit read-first mode for URAMs. Consider using BRAMs instead.
WARNING: [HLS 200-2042] Usage of URAM can potentially cause worse II as Vitis HLS does not exploit read-first mode for URAMs. Consider using BRAMs instead.
WARNING: [HLS 200-2042] Usage of URAM can potentially cause worse II as Vitis HLS does not exploit read-first mode for URAMs. Consider using BRAMs instead.
WARNING: [HLS 200-2042] Usage of URAM can potentially cause worse II as Vitis HLS does not exploit read-first mode for URAMs. Consider using BRAMs instead.
WARNING: [HLS 200-2042] Usage of URAM can potentially cause worse II as Vitis HLS does not exploit read-first mode for URAMs. Consider using BRAMs instead.
WARNING: [HLS 200-2042] Usage of URAM can potentially cause worse II as Vitis HLS does not exploit read-first mode for URAMs. Consider using BRAMs instead.
WARNING: [HLS 200-2042] Usage of URAM can potentially cause worse II as Vitis HLS does not exploit read-first mode for URAMs. Consider using BRAMs instead.
WARNING: [HLS 200-2042] Usage of URAM can potentially cause worse II as Vitis HLS does not exploit read-first mode for URAMs. Consider using BRAMs instead.
WARNING: [HLS 200-2042] Usage of URAM can potentially cause worse II as Vitis HLS does not exploit read-first mode for URAMs. Consider using BRAMs instead.
WARNING: [HLS 200-2042] Usage of URAM can potentially cause worse II as Vitis HLS does not exploit read-first mode for URAMs. Consider using BRAMs instead.
WARNING: [HLS 200-2042] Usage of URAM can potentially cause worse II as Vitis HLS does not exploit read-first mode for URAMs. Consider using BRAMs instead.
WARNING: [HLS 200-2042] Usage of URAM can potentially cause worse II as Vitis HLS does not exploit read-first mode for URAMs. Consider using BRAMs instead.
WARNING: [HLS 200-2042] Usage of URAM can potentially cause worse II as Vitis HLS does not exploit read-first mode for URAMs. Consider using BRAMs instead.
WARNING: [HLS 200-2042] Usage of URAM can potentially cause worse II as Vitis HLS does not exploit read-first mode for URAMs. Consider using BRAMs instead.
WARNING: [HLS 200-2042] Usage of URAM can potentially cause worse II as Vitis HLS does not exploit read-first mode for URAMs. Consider using BRAMs instead.
WARNING: [HLS 200-2042] Usage of URAM can potentially cause worse II as Vitis HLS does not exploit read-first mode for URAMs. Consider using BRAMs instead.
WARNING: [HLS 200-2042] Usage of URAM can potentially cause worse II as Vitis HLS does not exploit read-first mode for URAMs. Consider using BRAMs instead.
WARNING: [HLS 200-2042] Usage of URAM can potentially cause worse II as Vitis HLS does not exploit read-first mode for URAMs. Consider using BRAMs instead.
WARNING: [HLS 200-2042] Usage of URAM can potentially cause worse II as Vitis HLS does not exploit read-first mode for URAMs. Consider using BRAMs instead.
WARNING: [HLS 200-2042] Usage of URAM can potentially cause worse II as Vitis HLS does not exploit read-first mode for URAMs. Consider using BRAMs instead.
WARNING: [HLS 200-2042] Usage of URAM can potentially cause worse II as Vitis HLS does not exploit read-first mode for URAMs. Consider using BRAMs instead.
WARNING: [HLS 200-2042] Usage of URAM can potentially cause worse II as Vitis HLS does not exploit read-first mode for URAMs. Consider using BRAMs instead.
WARNING: [HLS 200-2042] Usage of URAM can potentially cause worse II as Vitis HLS does not exploit read-first mode for URAMs. Consider using BRAMs instead.
WARNING: [HLS 200-2042] Usage of URAM can potentially cause worse II as Vitis HLS does not exploit read-first mode for URAMs. Consider using BRAMs instead.
WARNING: [HLS 200-2042] Usage of URAM can potentially cause worse II as Vitis HLS does not exploit read-first mode for URAMs. Consider using BRAMs instead.
WARNING: [HLS 200-2042] Usage of URAM can potentially cause worse II as Vitis HLS does not exploit read-first mode for URAMs. Consider using BRAMs instead.
WARNING: [HLS 200-2042] Usage of URAM can potentially cause worse II as Vitis HLS does not exploit read-first mode for URAMs. Consider using BRAMs instead.
WARNING: [HLS 200-2042] Usage of URAM can potentially cause worse II as Vitis HLS does not exploit read-first mode for URAMs. Consider using BRAMs instead.
WARNING: [HLS 200-2042] Usage of URAM can potentially cause worse II as Vitis HLS does not exploit read-first mode for URAMs. Consider using BRAMs instead.
WARNING: [HLS 200-2042] Usage of URAM can potentially cause worse II as Vitis HLS does not exploit read-first mode for URAMs. Consider using BRAMs instead.
WARNING: [HLS 200-2042] Usage of URAM can potentially cause worse II as Vitis HLS does not exploit read-first mode for URAMs. Consider using BRAMs instead.
WARNING: [HLS 200-2042] Usage of URAM can potentially cause worse II as Vitis HLS does not exploit read-first mode for URAMs. Consider using BRAMs instead.
WARNING: [HLS 200-2042] Usage of URAM can potentially cause worse II as Vitis HLS does not exploit read-first mode for URAMs. Consider using BRAMs instead.
WARNING: [HLS 200-2042] Usage of URAM can potentially cause worse II as Vitis HLS does not exploit read-first mode for URAMs. Consider using BRAMs instead.
WARNING: [HLS 200-2042] Usage of URAM can potentially cause worse II as Vitis HLS does not exploit read-first mode for URAMs. Consider using BRAMs instead.
WARNING: [HLS 200-2042] Usage of URAM can potentially cause worse II as Vitis HLS does not exploit read-first mode for URAMs. Consider using BRAMs instead.
WARNING: [HLS 200-2042] Usage of URAM can potentially cause worse II as Vitis HLS does not exploit read-first mode for URAMs. Consider using BRAMs instead.
WARNING: [HLS 200-2042] Usage of URAM can potentially cause worse II as Vitis HLS does not exploit read-first mode for URAMs. Consider using BRAMs instead.
WARNING: [HLS 200-2042] Usage of URAM can potentially cause worse II as Vitis HLS does not exploit read-first mode for URAMs. Consider using BRAMs instead.
WARNING: [HLS 200-2042] Usage of URAM can potentially cause worse II as Vitis HLS does not exploit read-first mode for URAMs. Consider using BRAMs instead.
WARNING: [HLS 200-2042] Usage of URAM can potentially cause worse II as Vitis HLS does not exploit read-first mode for URAMs. Consider using BRAMs instead.
WARNING: [HLS 200-2042] Usage of URAM can potentially cause worse II as Vitis HLS does not exploit read-first mode for URAMs. Consider using BRAMs instead.
WARNING: [HLS 200-2042] Usage of URAM can potentially cause worse II as Vitis HLS does not exploit read-first mode for URAMs. Consider using BRAMs instead.
WARNING: [HLS 200-2042] Usage of URAM can potentially cause worse II as Vitis HLS does not exploit read-first mode for URAMs. Consider using BRAMs instead.
WARNING: [HLS 200-2042] Usage of URAM can potentially cause worse II as Vitis HLS does not exploit read-first mode for URAMs. Consider using BRAMs instead.
WARNING: [HLS 200-2042] Usage of URAM can potentially cause worse II as Vitis HLS does not exploit read-first mode for URAMs. Consider using BRAMs instead.
WARNING: [HLS 200-2042] Usage of URAM can potentially cause worse II as Vitis HLS does not exploit read-first mode for URAMs. Consider using BRAMs instead.
WARNING: [HLS 200-2042] Usage of URAM can potentially cause worse II as Vitis HLS does not exploit read-first mode for URAMs. Consider using BRAMs instead.
WARNING: [HLS 200-2042] Usage of URAM can potentially cause worse II as Vitis HLS does not exploit read-first mode for URAMs. Consider using BRAMs instead.
WARNING: [HLS 200-2042] Usage of URAM can potentially cause worse II as Vitis HLS does not exploit read-first mode for URAMs. Consider using BRAMs instead.
WARNING: [HLS 200-2042] Usage of URAM can potentially cause worse II as Vitis HLS does not exploit read-first mode for URAMs. Consider using BRAMs instead.
WARNING: [HLS 200-2042] Usage of URAM can potentially cause worse II as Vitis HLS does not exploit read-first mode for URAMs. Consider using BRAMs instead.
WARNING: [HLS 200-2042] Usage of URAM can potentially cause worse II as Vitis HLS does not exploit read-first mode for URAMs. Consider using BRAMs instead.
WARNING: [HLS 200-2042] Usage of URAM can potentially cause worse II as Vitis HLS does not exploit read-first mode for URAMs. Consider using BRAMs instead.
WARNING: [HLS 200-2042] Usage of URAM can potentially cause worse II as Vitis HLS does not exploit read-first mode for URAMs. Consider using BRAMs instead.
WARNING: [HLS 200-2042] Usage of URAM can potentially cause worse II as Vitis HLS does not exploit read-first mode for URAMs. Consider using BRAMs instead.
WARNING: [HLS 200-2042] Usage of URAM can potentially cause worse II as Vitis HLS does not exploit read-first mode for URAMs. Consider using BRAMs instead.
WARNING: [HLS 200-2042] Usage of URAM can potentially cause worse II as Vitis HLS does not exploit read-first mode for URAMs. Consider using BRAMs instead.
WARNING: [HLS 200-2042] Usage of URAM can potentially cause worse II as Vitis HLS does not exploit read-first mode for URAMs. Consider using BRAMs instead.
WARNING: [HLS 200-2042] Usage of URAM can potentially cause worse II as Vitis HLS does not exploit read-first mode for URAMs. Consider using BRAMs instead.
WARNING: [HLS 200-2042] Usage of URAM can potentially cause worse II as Vitis HLS does not exploit read-first mode for URAMs. Consider using BRAMs instead.
WARNING: [HLS 200-2042] Usage of URAM can potentially cause worse II as Vitis HLS does not exploit read-first mode for URAMs. Consider using BRAMs instead.
WARNING: [HLS 200-2042] Usage of URAM can potentially cause worse II as Vitis HLS does not exploit read-first mode for URAMs. Consider using BRAMs instead.
WARNING: [HLS 200-2042] Usage of URAM can potentially cause worse II as Vitis HLS does not exploit read-first mode for URAMs. Consider using BRAMs instead.
WARNING: [HLS 200-2042] Usage of URAM can potentially cause worse II as Vitis HLS does not exploit read-first mode for URAMs. Consider using BRAMs instead.
WARNING: [HLS 200-2042] Usage of URAM can potentially cause worse II as Vitis HLS does not exploit read-first mode for URAMs. Consider using BRAMs instead.
WARNING: [HLS 200-2042] Usage of URAM can potentially cause worse II as Vitis HLS does not exploit read-first mode for URAMs. Consider using BRAMs instead.
WARNING: [HLS 200-2042] Usage of URAM can potentially cause worse II as Vitis HLS does not exploit read-first mode for URAMs. Consider using BRAMs instead.
WARNING: [HLS 200-2042] Usage of URAM can potentially cause worse II as Vitis HLS does not exploit read-first mode for URAMs. Consider using BRAMs instead.
WARNING: [HLS 200-2042] Usage of URAM can potentially cause worse II as Vitis HLS does not exploit read-first mode for URAMs. Consider using BRAMs instead.
WARNING: [HLS 200-2042] Usage of URAM can potentially cause worse II as Vitis HLS does not exploit read-first mode for URAMs. Consider using BRAMs instead.
WARNING: [HLS 200-2042] Usage of URAM can potentially cause worse II as Vitis HLS does not exploit read-first mode for URAMs. Consider using BRAMs instead.
WARNING: [HLS 200-2042] Usage of URAM can potentially cause worse II as Vitis HLS does not exploit read-first mode for URAMs. Consider using BRAMs instead.
WARNING: [HLS 200-2042] Usage of URAM can potentially cause worse II as Vitis HLS does not exploit read-first mode for URAMs. Consider using BRAMs instead.
WARNING: [HLS 200-2042] Usage of URAM can potentially cause worse II as Vitis HLS does not exploit read-first mode for URAMs. Consider using BRAMs instead.
WARNING: [HLS 200-2042] Usage of URAM can potentially cause worse II as Vitis HLS does not exploit read-first mode for URAMs. Consider using BRAMs instead.
WARNING: [HLS 200-2042] Usage of URAM can potentially cause worse II as Vitis HLS does not exploit read-first mode for URAMs. Consider using BRAMs instead.
WARNING: [HLS 200-2042] Usage of URAM can potentially cause worse II as Vitis HLS does not exploit read-first mode for URAMs. Consider using BRAMs instead.
WARNING: [HLS 200-2042] Usage of URAM can potentially cause worse II as Vitis HLS does not exploit read-first mode for URAMs. Consider using BRAMs instead.
WARNING: [HLS 200-2042] Usage of URAM can potentially cause worse II as Vitis HLS does not exploit read-first mode for URAMs. Consider using BRAMs instead.
WARNING: [HLS 200-2042] Usage of URAM can potentially cause worse II as Vitis HLS does not exploit read-first mode for URAMs. Consider using BRAMs instead.
WARNING: [HLS 200-2042] Usage of URAM can potentially cause worse II as Vitis HLS does not exploit read-first mode for URAMs. Consider using BRAMs instead.
WARNING: [HLS 200-2042] Usage of URAM can potentially cause worse II as Vitis HLS does not exploit read-first mode for URAMs. Consider using BRAMs instead.
WARNING: [HLS 200-2042] Usage of URAM can potentially cause worse II as Vitis HLS does not exploit read-first mode for URAMs. Consider using BRAMs instead.
WARNING: [HLS 200-2042] Usage of URAM can potentially cause worse II as Vitis HLS does not exploit read-first mode for URAMs. Consider using BRAMs instead.
WARNING: [HLS 200-2042] Usage of URAM can potentially cause worse II as Vitis HLS does not exploit read-first mode for URAMs. Consider using BRAMs instead.
WARNING: [HLS 200-2042] Usage of URAM can potentially cause worse II as Vitis HLS does not exploit read-first mode for URAMs. Consider using BRAMs instead.
WARNING: [HLS 200-2042] Usage of URAM can potentially cause worse II as Vitis HLS does not exploit read-first mode for URAMs. Consider using BRAMs instead.
WARNING: [HLS 200-2042] Usage of URAM can potentially cause worse II as Vitis HLS does not exploit read-first mode for URAMs. Consider using BRAMs instead.
WARNING: [HLS 200-2042] Usage of URAM can potentially cause worse II as Vitis HLS does not exploit read-first mode for URAMs. Consider using BRAMs instead.
WARNING: [HLS 200-2042] Usage of URAM can potentially cause worse II as Vitis HLS does not exploit read-first mode for URAMs. Consider using BRAMs instead.
WARNING: [HLS 200-2042] Usage of URAM can potentially cause worse II as Vitis HLS does not exploit read-first mode for URAMs. Consider using BRAMs instead.
WARNING: [HLS 200-2042] Usage of URAM can potentially cause worse II as Vitis HLS does not exploit read-first mode for URAMs. Consider using BRAMs instead.
WARNING: [HLS 200-2042] Usage of URAM can potentially cause worse II as Vitis HLS does not exploit read-first mode for URAMs. Consider using BRAMs instead.
WARNING: [HLS 200-2042] Usage of URAM can potentially cause worse II as Vitis HLS does not exploit read-first mode for URAMs. Consider using BRAMs instead.
WARNING: [HLS 200-2042] Usage of URAM can potentially cause worse II as Vitis HLS does not exploit read-first mode for URAMs. Consider using BRAMs instead.
WARNING: [HLS 200-2042] Usage of URAM can potentially cause worse II as Vitis HLS does not exploit read-first mode for URAMs. Consider using BRAMs instead.
WARNING: [HLS 200-2042] Usage of URAM can potentially cause worse II as Vitis HLS does not exploit read-first mode for URAMs. Consider using BRAMs instead.
WARNING: [HLS 200-2042] Usage of URAM can potentially cause worse II as Vitis HLS does not exploit read-first mode for URAMs. Consider using BRAMs instead.
WARNING: [HLS 200-2042] Usage of URAM can potentially cause worse II as Vitis HLS does not exploit read-first mode for URAMs. Consider using BRAMs instead.
WARNING: [HLS 200-2042] Usage of URAM can potentially cause worse II as Vitis HLS does not exploit read-first mode for URAMs. Consider using BRAMs instead.
WARNING: [HLS 200-2042] Usage of URAM can potentially cause worse II as Vitis HLS does not exploit read-first mode for URAMs. Consider using BRAMs instead.
WARNING: [HLS 200-2042] Usage of URAM can potentially cause worse II as Vitis HLS does not exploit read-first mode for URAMs. Consider using BRAMs instead.
WARNING: [HLS 200-2042] Usage of URAM can potentially cause worse II as Vitis HLS does not exploit read-first mode for URAMs. Consider using BRAMs instead.
WARNING: [HLS 200-2042] Usage of URAM can potentially cause worse II as Vitis HLS does not exploit read-first mode for URAMs. Consider using BRAMs instead.
WARNING: [HLS 200-2042] Usage of URAM can potentially cause worse II as Vitis HLS does not exploit read-first mode for URAMs. Consider using BRAMs instead.
WARNING: [HLS 200-2042] Usage of URAM can potentially cause worse II as Vitis HLS does not exploit read-first mode for URAMs. Consider using BRAMs instead.
WARNING: [HLS 200-2042] Usage of URAM can potentially cause worse II as Vitis HLS does not exploit read-first mode for URAMs. Consider using BRAMs instead.
WARNING: [HLS 200-2042] Usage of URAM can potentially cause worse II as Vitis HLS does not exploit read-first mode for URAMs. Consider using BRAMs instead.
WARNING: [HLS 200-2042] Usage of URAM can potentially cause worse II as Vitis HLS does not exploit read-first mode for URAMs. Consider using BRAMs instead.
WARNING: [HLS 200-2042] Usage of URAM can potentially cause worse II as Vitis HLS does not exploit read-first mode for URAMs. Consider using BRAMs instead.
WARNING: [HLS 200-2042] Usage of URAM can potentially cause worse II as Vitis HLS does not exploit read-first mode for URAMs. Consider using BRAMs instead.
WARNING: [HLS 200-2042] Usage of URAM can potentially cause worse II as Vitis HLS does not exploit read-first mode for URAMs. Consider using BRAMs instead.
WARNING: [HLS 200-2042] Usage of URAM can potentially cause worse II as Vitis HLS does not exploit read-first mode for URAMs. Consider using BRAMs instead.
WARNING: [HLS 200-2042] Usage of URAM can potentially cause worse II as Vitis HLS does not exploit read-first mode for URAMs. Consider using BRAMs instead.
WARNING: [HLS 200-2042] Usage of URAM can potentially cause worse II as Vitis HLS does not exploit read-first mode for URAMs. Consider using BRAMs instead.
WARNING: [HLS 200-2042] Usage of URAM can potentially cause worse II as Vitis HLS does not exploit read-first mode for URAMs. Consider using BRAMs instead.
WARNING: [HLS 200-2042] Usage of URAM can potentially cause worse II as Vitis HLS does not exploit read-first mode for URAMs. Consider using BRAMs instead.
WARNING: [HLS 200-2042] Usage of URAM can potentially cause worse II as Vitis HLS does not exploit read-first mode for URAMs. Consider using BRAMs instead.
WARNING: [HLS 200-2042] Usage of URAM can potentially cause worse II as Vitis HLS does not exploit read-first mode for URAMs. Consider using BRAMs instead.
WARNING: [HLS 200-2042] Usage of URAM can potentially cause worse II as Vitis HLS does not exploit read-first mode for URAMs. Consider using BRAMs instead.
WARNING: [HLS 200-2042] Usage of URAM can potentially cause worse II as Vitis HLS does not exploit read-first mode for URAMs. Consider using BRAMs instead.
WARNING: [HLS 200-2042] Usage of URAM can potentially cause worse II as Vitis HLS does not exploit read-first mode for URAMs. Consider using BRAMs instead.
WARNING: [HLS 200-2042] Usage of URAM can potentially cause worse II as Vitis HLS does not exploit read-first mode for URAMs. Consider using BRAMs instead.
WARNING: [HLS 200-2042] Usage of URAM can potentially cause worse II as Vitis HLS does not exploit read-first mode for URAMs. Consider using BRAMs instead.
WARNING: [HLS 200-2042] Usage of URAM can potentially cause worse II as Vitis HLS does not exploit read-first mode for URAMs. Consider using BRAMs instead.
WARNING: [HLS 200-2042] Usage of URAM can potentially cause worse II as Vitis HLS does not exploit read-first mode for URAMs. Consider using BRAMs instead.
WARNING: [HLS 200-2042] Usage of URAM can potentially cause worse II as Vitis HLS does not exploit read-first mode for URAMs. Consider using BRAMs instead.
WARNING: [HLS 200-2042] Usage of URAM can potentially cause worse II as Vitis HLS does not exploit read-first mode for URAMs. Consider using BRAMs instead.
WARNING: [HLS 200-2042] Usage of URAM can potentially cause worse II as Vitis HLS does not exploit read-first mode for URAMs. Consider using BRAMs instead.
WARNING: [HLS 200-2042] Usage of URAM can potentially cause worse II as Vitis HLS does not exploit read-first mode for URAMs. Consider using BRAMs instead.
WARNING: [HLS 200-2042] Usage of URAM can potentially cause worse II as Vitis HLS does not exploit read-first mode for URAMs. Consider using BRAMs instead.
WARNING: [HLS 200-2042] Usage of URAM can potentially cause worse II as Vitis HLS does not exploit read-first mode for URAMs. Consider using BRAMs instead.
WARNING: [HLS 200-2042] Usage of URAM can potentially cause worse II as Vitis HLS does not exploit read-first mode for URAMs. Consider using BRAMs instead.
WARNING: [HLS 200-2042] Usage of URAM can potentially cause worse II as Vitis HLS does not exploit read-first mode for URAMs. Consider using BRAMs instead.
WARNING: [HLS 200-2042] Usage of URAM can potentially cause worse II as Vitis HLS does not exploit read-first mode for URAMs. Consider using BRAMs instead.
WARNING: [HLS 200-2042] Usage of URAM can potentially cause worse II as Vitis HLS does not exploit read-first mode for URAMs. Consider using BRAMs instead.
WARNING: [HLS 200-2042] Usage of URAM can potentially cause worse II as Vitis HLS does not exploit read-first mode for URAMs. Consider using BRAMs instead.
WARNING: [HLS 200-2042] Usage of URAM can potentially cause worse II as Vitis HLS does not exploit read-first mode for URAMs. Consider using BRAMs instead.
WARNING: [HLS 200-2042] Usage of URAM can potentially cause worse II as Vitis HLS does not exploit read-first mode for URAMs. Consider using BRAMs instead.
WARNING: [HLS 200-2042] Usage of URAM can potentially cause worse II as Vitis HLS does not exploit read-first mode for URAMs. Consider using BRAMs instead.
WARNING: [HLS 200-2042] Usage of URAM can potentially cause worse II as Vitis HLS does not exploit read-first mode for URAMs. Consider using BRAMs instead.
WARNING: [HLS 200-2042] Usage of URAM can potentially cause worse II as Vitis HLS does not exploit read-first mode for URAMs. Consider using BRAMs instead.
WARNING: [HLS 200-2042] Usage of URAM can potentially cause worse II as Vitis HLS does not exploit read-first mode for URAMs. Consider using BRAMs instead.
WARNING: [HLS 200-2042] Usage of URAM can potentially cause worse II as Vitis HLS does not exploit read-first mode for URAMs. Consider using BRAMs instead.
WARNING: [HLS 200-2042] Usage of URAM can potentially cause worse II as Vitis HLS does not exploit read-first mode for URAMs. Consider using BRAMs instead.
WARNING: [HLS 200-2042] Usage of URAM can potentially cause worse II as Vitis HLS does not exploit read-first mode for URAMs. Consider using BRAMs instead.
WARNING: [HLS 200-2042] Usage of URAM can potentially cause worse II as Vitis HLS does not exploit read-first mode for URAMs. Consider using BRAMs instead.
WARNING: [HLS 200-2042] Usage of URAM can potentially cause worse II as Vitis HLS does not exploit read-first mode for URAMs. Consider using BRAMs instead.
WARNING: [HLS 200-2042] Usage of URAM can potentially cause worse II as Vitis HLS does not exploit read-first mode for URAMs. Consider using BRAMs instead.
WARNING: [HLS 200-2042] Usage of URAM can potentially cause worse II as Vitis HLS does not exploit read-first mode for URAMs. Consider using BRAMs instead.
WARNING: [HLS 200-2042] Usage of URAM can potentially cause worse II as Vitis HLS does not exploit read-first mode for URAMs. Consider using BRAMs instead.
WARNING: [HLS 200-2042] Usage of URAM can potentially cause worse II as Vitis HLS does not exploit read-first mode for URAMs. Consider using BRAMs instead.
WARNING: [HLS 200-2042] Usage of URAM can potentially cause worse II as Vitis HLS does not exploit read-first mode for URAMs. Consider using BRAMs instead.
WARNING: [HLS 200-2042] Usage of URAM can potentially cause worse II as Vitis HLS does not exploit read-first mode for URAMs. Consider using BRAMs instead.
WARNING: [HLS 200-2042] Usage of URAM can potentially cause worse II as Vitis HLS does not exploit read-first mode for URAMs. Consider using BRAMs instead.
WARNING: [HLS 200-2042] Usage of URAM can potentially cause worse II as Vitis HLS does not exploit read-first mode for URAMs. Consider using BRAMs instead.
WARNING: [HLS 200-2042] Usage of URAM can potentially cause worse II as Vitis HLS does not exploit read-first mode for URAMs. Consider using BRAMs instead.
WARNING: [HLS 200-2042] Usage of URAM can potentially cause worse II as Vitis HLS does not exploit read-first mode for URAMs. Consider using BRAMs instead.
WARNING: [HLS 200-2042] Usage of URAM can potentially cause worse II as Vitis HLS does not exploit read-first mode for URAMs. Consider using BRAMs instead.
WARNING: [HLS 200-2042] Usage of URAM can potentially cause worse II as Vitis HLS does not exploit read-first mode for URAMs. Consider using BRAMs instead.
WARNING: [HLS 200-2042] Usage of URAM can potentially cause worse II as Vitis HLS does not exploit read-first mode for URAMs. Consider using BRAMs instead.
WARNING: [HLS 200-2042] Usage of URAM can potentially cause worse II as Vitis HLS does not exploit read-first mode for URAMs. Consider using BRAMs instead.
WARNING: [HLS 200-2042] Usage of URAM can potentially cause worse II as Vitis HLS does not exploit read-first mode for URAMs. Consider using BRAMs instead.
WARNING: [HLS 200-2042] Usage of URAM can potentially cause worse II as Vitis HLS does not exploit read-first mode for URAMs. Consider using BRAMs instead.
WARNING: [HLS 200-2042] Usage of URAM can potentially cause worse II as Vitis HLS does not exploit read-first mode for URAMs. Consider using BRAMs instead.
WARNING: [HLS 200-2042] Usage of URAM can potentially cause worse II as Vitis HLS does not exploit read-first mode for URAMs. Consider using BRAMs instead.
WARNING: [HLS 200-2042] Usage of URAM can potentially cause worse II as Vitis HLS does not exploit read-first mode for URAMs. Consider using BRAMs instead.
WARNING: [HLS 200-2042] Usage of URAM can potentially cause worse II as Vitis HLS does not exploit read-first mode for URAMs. Consider using BRAMs instead.
WARNING: [HLS 200-2042] Usage of URAM can potentially cause worse II as Vitis HLS does not exploit read-first mode for URAMs. Consider using BRAMs instead.
WARNING: [HLS 200-2042] Usage of URAM can potentially cause worse II as Vitis HLS does not exploit read-first mode for URAMs. Consider using BRAMs instead.
WARNING: [HLS 200-2042] Usage of URAM can potentially cause worse II as Vitis HLS does not exploit read-first mode for URAMs. Consider using BRAMs instead.
WARNING: [HLS 200-2042] Usage of URAM can potentially cause worse II as Vitis HLS does not exploit read-first mode for URAMs. Consider using BRAMs instead.
WARNING: [HLS 200-2042] Usage of URAM can potentially cause worse II as Vitis HLS does not exploit read-first mode for URAMs. Consider using BRAMs instead.
WARNING: [HLS 200-2042] Usage of URAM can potentially cause worse II as Vitis HLS does not exploit read-first mode for URAMs. Consider using BRAMs instead.
WARNING: [HLS 200-2042] Usage of URAM can potentially cause worse II as Vitis HLS does not exploit read-first mode for URAMs. Consider using BRAMs instead.
WARNING: [HLS 200-2042] Usage of URAM can potentially cause worse II as Vitis HLS does not exploit read-first mode for URAMs. Consider using BRAMs instead.
WARNING: [HLS 200-2042] Usage of URAM can potentially cause worse II as Vitis HLS does not exploit read-first mode for URAMs. Consider using BRAMs instead.
WARNING: [HLS 200-2042] Usage of URAM can potentially cause worse II as Vitis HLS does not exploit read-first mode for URAMs. Consider using BRAMs instead.
WARNING: [HLS 200-2042] Usage of URAM can potentially cause worse II as Vitis HLS does not exploit read-first mode for URAMs. Consider using BRAMs instead.
WARNING: [HLS 200-2042] Usage of URAM can potentially cause worse II as Vitis HLS does not exploit read-first mode for URAMs. Consider using BRAMs instead.
WARNING: [HLS 200-2042] Usage of URAM can potentially cause worse II as Vitis HLS does not exploit read-first mode for URAMs. Consider using BRAMs instead.
WARNING: [HLS 200-2042] Usage of URAM can potentially cause worse II as Vitis HLS does not exploit read-first mode for URAMs. Consider using BRAMs instead.
WARNING: [HLS 200-2042] Usage of URAM can potentially cause worse II as Vitis HLS does not exploit read-first mode for URAMs. Consider using BRAMs instead.
WARNING: [HLS 200-2042] Usage of URAM can potentially cause worse II as Vitis HLS does not exploit read-first mode for URAMs. Consider using BRAMs instead.
WARNING: [HLS 200-2042] Usage of URAM can potentially cause worse II as Vitis HLS does not exploit read-first mode for URAMs. Consider using BRAMs instead.
WARNING: [HLS 200-2042] Usage of URAM can potentially cause worse II as Vitis HLS does not exploit read-first mode for URAMs. Consider using BRAMs instead.
WARNING: [HLS 200-2042] Usage of URAM can potentially cause worse II as Vitis HLS does not exploit read-first mode for URAMs. Consider using BRAMs instead.
WARNING: [HLS 200-2042] Usage of URAM can potentially cause worse II as Vitis HLS does not exploit read-first mode for URAMs. Consider using BRAMs instead.
WARNING: [HLS 200-2042] Usage of URAM can potentially cause worse II as Vitis HLS does not exploit read-first mode for URAMs. Consider using BRAMs instead.
WARNING: [HLS 200-2042] Usage of URAM can potentially cause worse II as Vitis HLS does not exploit read-first mode for URAMs. Consider using BRAMs instead.
WARNING: [HLS 200-2042] Usage of URAM can potentially cause worse II as Vitis HLS does not exploit read-first mode for URAMs. Consider using BRAMs instead.
WARNING: [HLS 200-2042] Usage of URAM can potentially cause worse II as Vitis HLS does not exploit read-first mode for URAMs. Consider using BRAMs instead.
WARNING: [HLS 200-2042] Usage of URAM can potentially cause worse II as Vitis HLS does not exploit read-first mode for URAMs. Consider using BRAMs instead.
WARNING: [HLS 200-2042] Usage of URAM can potentially cause worse II as Vitis HLS does not exploit read-first mode for URAMs. Consider using BRAMs instead.
WARNING: [HLS 200-2042] Usage of URAM can potentially cause worse II as Vitis HLS does not exploit read-first mode for URAMs. Consider using BRAMs instead.
WARNING: [HLS 200-2042] Usage of URAM can potentially cause worse II as Vitis HLS does not exploit read-first mode for URAMs. Consider using BRAMs instead.
WARNING: [HLS 200-2042] Usage of URAM can potentially cause worse II as Vitis HLS does not exploit read-first mode for URAMs. Consider using BRAMs instead.
WARNING: [HLS 200-2042] Usage of URAM can potentially cause worse II as Vitis HLS does not exploit read-first mode for URAMs. Consider using BRAMs instead.
WARNING: [HLS 200-2042] Usage of URAM can potentially cause worse II as Vitis HLS does not exploit read-first mode for URAMs. Consider using BRAMs instead.
WARNING: [HLS 200-2042] Usage of URAM can potentially cause worse II as Vitis HLS does not exploit read-first mode for URAMs. Consider using BRAMs instead.
WARNING: [HLS 200-2042] Usage of URAM can potentially cause worse II as Vitis HLS does not exploit read-first mode for URAMs. Consider using BRAMs instead.
WARNING: [HLS 200-2042] Usage of URAM can potentially cause worse II as Vitis HLS does not exploit read-first mode for URAMs. Consider using BRAMs instead.
WARNING: [HLS 200-2042] Usage of URAM can potentially cause worse II as Vitis HLS does not exploit read-first mode for URAMs. Consider using BRAMs instead.
WARNING: [HLS 200-2042] Usage of URAM can potentially cause worse II as Vitis HLS does not exploit read-first mode for URAMs. Consider using BRAMs instead.
WARNING: [HLS 200-2042] Usage of URAM can potentially cause worse II as Vitis HLS does not exploit read-first mode for URAMs. Consider using BRAMs instead.
WARNING: [HLS 200-2042] Usage of URAM can potentially cause worse II as Vitis HLS does not exploit read-first mode for URAMs. Consider using BRAMs instead.
WARNING: [HLS 200-2042] Usage of URAM can potentially cause worse II as Vitis HLS does not exploit read-first mode for URAMs. Consider using BRAMs instead.
WARNING: [HLS 200-2042] Usage of URAM can potentially cause worse II as Vitis HLS does not exploit read-first mode for URAMs. Consider using BRAMs instead.
WARNING: [HLS 200-2042] Usage of URAM can potentially cause worse II as Vitis HLS does not exploit read-first mode for URAMs. Consider using BRAMs instead.
WARNING: [HLS 200-2042] Usage of URAM can potentially cause worse II as Vitis HLS does not exploit read-first mode for URAMs. Consider using BRAMs instead.
WARNING: [HLS 200-2042] Usage of URAM can potentially cause worse II as Vitis HLS does not exploit read-first mode for URAMs. Consider using BRAMs instead.
WARNING: [HLS 200-2042] Usage of URAM can potentially cause worse II as Vitis HLS does not exploit read-first mode for URAMs. Consider using BRAMs instead.
WARNING: [HLS 200-2042] Usage of URAM can potentially cause worse II as Vitis HLS does not exploit read-first mode for URAMs. Consider using BRAMs instead.
WARNING: [HLS 200-2042] Usage of URAM can potentially cause worse II as Vitis HLS does not exploit read-first mode for URAMs. Consider using BRAMs instead.
WARNING: [HLS 200-2042] Usage of URAM can potentially cause worse II as Vitis HLS does not exploit read-first mode for URAMs. Consider using BRAMs instead.
WARNING: [HLS 200-2042] Usage of URAM can potentially cause worse II as Vitis HLS does not exploit read-first mode for URAMs. Consider using BRAMs instead.
WARNING: [HLS 200-2042] Usage of URAM can potentially cause worse II as Vitis HLS does not exploit read-first mode for URAMs. Consider using BRAMs instead.
WARNING: [HLS 200-2042] Usage of URAM can potentially cause worse II as Vitis HLS does not exploit read-first mode for URAMs. Consider using BRAMs instead.
WARNING: [HLS 200-2042] Usage of URAM can potentially cause worse II as Vitis HLS does not exploit read-first mode for URAMs. Consider using BRAMs instead.
WARNING: [HLS 200-2042] Usage of URAM can potentially cause worse II as Vitis HLS does not exploit read-first mode for URAMs. Consider using BRAMs instead.
WARNING: [HLS 200-2042] Usage of URAM can potentially cause worse II as Vitis HLS does not exploit read-first mode for URAMs. Consider using BRAMs instead.
WARNING: [HLS 200-2042] Usage of URAM can potentially cause worse II as Vitis HLS does not exploit read-first mode for URAMs. Consider using BRAMs instead.
WARNING: [HLS 200-2042] Usage of URAM can potentially cause worse II as Vitis HLS does not exploit read-first mode for URAMs. Consider using BRAMs instead.
WARNING: [HLS 200-2042] Usage of URAM can potentially cause worse II as Vitis HLS does not exploit read-first mode for URAMs. Consider using BRAMs instead.
WARNING: [HLS 200-2042] Usage of URAM can potentially cause worse II as Vitis HLS does not exploit read-first mode for URAMs. Consider using BRAMs instead.
WARNING: [HLS 200-2042] Usage of URAM can potentially cause worse II as Vitis HLS does not exploit read-first mode for URAMs. Consider using BRAMs instead.
WARNING: [HLS 200-2042] Usage of URAM can potentially cause worse II as Vitis HLS does not exploit read-first mode for URAMs. Consider using BRAMs instead.
WARNING: [HLS 200-2042] Usage of URAM can potentially cause worse II as Vitis HLS does not exploit read-first mode for URAMs. Consider using BRAMs instead.
WARNING: [HLS 200-2042] Usage of URAM can potentially cause worse II as Vitis HLS does not exploit read-first mode for URAMs. Consider using BRAMs instead.
WARNING: [HLS 200-2042] Usage of URAM can potentially cause worse II as Vitis HLS does not exploit read-first mode for URAMs. Consider using BRAMs instead.
WARNING: [HLS 200-2042] Usage of URAM can potentially cause worse II as Vitis HLS does not exploit read-first mode for URAMs. Consider using BRAMs instead.
WARNING: [HLS 200-2042] Usage of URAM can potentially cause worse II as Vitis HLS does not exploit read-first mode for URAMs. Consider using BRAMs instead.
WARNING: [HLS 200-2042] Usage of URAM can potentially cause worse II as Vitis HLS does not exploit read-first mode for URAMs. Consider using BRAMs instead.
WARNING: [HLS 200-2042] Usage of URAM can potentially cause worse II as Vitis HLS does not exploit read-first mode for URAMs. Consider using BRAMs instead.
WARNING: [HLS 200-2042] Usage of URAM can potentially cause worse II as Vitis HLS does not exploit read-first mode for URAMs. Consider using BRAMs instead.
WARNING: [HLS 200-2042] Usage of URAM can potentially cause worse II as Vitis HLS does not exploit read-first mode for URAMs. Consider using BRAMs instead.
WARNING: [HLS 200-2042] Usage of URAM can potentially cause worse II as Vitis HLS does not exploit read-first mode for URAMs. Consider using BRAMs instead.
WARNING: [HLS 200-2042] Usage of URAM can potentially cause worse II as Vitis HLS does not exploit read-first mode for URAMs. Consider using BRAMs instead.
WARNING: [HLS 200-2042] Usage of URAM can potentially cause worse II as Vitis HLS does not exploit read-first mode for URAMs. Consider using BRAMs instead.
WARNING: [HLS 200-2042] Usage of URAM can potentially cause worse II as Vitis HLS does not exploit read-first mode for URAMs. Consider using BRAMs instead.
WARNING: [HLS 200-2042] Usage of URAM can potentially cause worse II as Vitis HLS does not exploit read-first mode for URAMs. Consider using BRAMs instead.
WARNING: [HLS 200-2042] Usage of URAM can potentially cause worse II as Vitis HLS does not exploit read-first mode for URAMs. Consider using BRAMs instead.
WARNING: [HLS 200-2042] Usage of URAM can potentially cause worse II as Vitis HLS does not exploit read-first mode for URAMs. Consider using BRAMs instead.
WARNING: [HLS 200-2042] Usage of URAM can potentially cause worse II as Vitis HLS does not exploit read-first mode for URAMs. Consider using BRAMs instead.
WARNING: [HLS 200-2042] Usage of URAM can potentially cause worse II as Vitis HLS does not exploit read-first mode for URAMs. Consider using BRAMs instead.
WARNING: [HLS 200-2042] Usage of URAM can potentially cause worse II as Vitis HLS does not exploit read-first mode for URAMs. Consider using BRAMs instead.
WARNING: [HLS 200-2042] Usage of URAM can potentially cause worse II as Vitis HLS does not exploit read-first mode for URAMs. Consider using BRAMs instead.
WARNING: [HLS 200-2042] Usage of URAM can potentially cause worse II as Vitis HLS does not exploit read-first mode for URAMs. Consider using BRAMs instead.
WARNING: [HLS 200-2042] Usage of URAM can potentially cause worse II as Vitis HLS does not exploit read-first mode for URAMs. Consider using BRAMs instead.
WARNING: [HLS 200-2042] Usage of URAM can potentially cause worse II as Vitis HLS does not exploit read-first mode for URAMs. Consider using BRAMs instead.
WARNING: [HLS 200-2042] Usage of URAM can potentially cause worse II as Vitis HLS does not exploit read-first mode for URAMs. Consider using BRAMs instead.
WARNING: [HLS 200-2042] Usage of URAM can potentially cause worse II as Vitis HLS does not exploit read-first mode for URAMs. Consider using BRAMs instead.
WARNING: [HLS 200-2042] Usage of URAM can potentially cause worse II as Vitis HLS does not exploit read-first mode for URAMs. Consider using BRAMs instead.
WARNING: [HLS 200-2042] Usage of URAM can potentially cause worse II as Vitis HLS does not exploit read-first mode for URAMs. Consider using BRAMs instead.
WARNING: [HLS 200-2042] Usage of URAM can potentially cause worse II as Vitis HLS does not exploit read-first mode for URAMs. Consider using BRAMs instead.
WARNING: [HLS 200-2042] Usage of URAM can potentially cause worse II as Vitis HLS does not exploit read-first mode for URAMs. Consider using BRAMs instead.
WARNING: [HLS 200-2042] Usage of URAM can potentially cause worse II as Vitis HLS does not exploit read-first mode for URAMs. Consider using BRAMs instead.
WARNING: [HLS 200-2042] Usage of URAM can potentially cause worse II as Vitis HLS does not exploit read-first mode for URAMs. Consider using BRAMs instead.
WARNING: [HLS 200-2042] Usage of URAM can potentially cause worse II as Vitis HLS does not exploit read-first mode for URAMs. Consider using BRAMs instead.
WARNING: [HLS 200-2042] Usage of URAM can potentially cause worse II as Vitis HLS does not exploit read-first mode for URAMs. Consider using BRAMs instead.
WARNING: [HLS 200-2042] Usage of URAM can potentially cause worse II as Vitis HLS does not exploit read-first mode for URAMs. Consider using BRAMs instead.
WARNING: [HLS 200-2042] Usage of URAM can potentially cause worse II as Vitis HLS does not exploit read-first mode for URAMs. Consider using BRAMs instead.
WARNING: [HLS 200-2042] Usage of URAM can potentially cause worse II as Vitis HLS does not exploit read-first mode for URAMs. Consider using BRAMs instead.
WARNING: [HLS 200-2042] Usage of URAM can potentially cause worse II as Vitis HLS does not exploit read-first mode for URAMs. Consider using BRAMs instead.
WARNING: [HLS 200-2042] Usage of URAM can potentially cause worse II as Vitis HLS does not exploit read-first mode for URAMs. Consider using BRAMs instead.
WARNING: [HLS 200-2042] Usage of URAM can potentially cause worse II as Vitis HLS does not exploit read-first mode for URAMs. Consider using BRAMs instead.
WARNING: [HLS 200-2042] Usage of URAM can potentially cause worse II as Vitis HLS does not exploit read-first mode for URAMs. Consider using BRAMs instead.
WARNING: [HLS 200-2042] Usage of URAM can potentially cause worse II as Vitis HLS does not exploit read-first mode for URAMs. Consider using BRAMs instead.
WARNING: [HLS 200-2042] Usage of URAM can potentially cause worse II as Vitis HLS does not exploit read-first mode for URAMs. Consider using BRAMs instead.
WARNING: [HLS 200-2042] Usage of URAM can potentially cause worse II as Vitis HLS does not exploit read-first mode for URAMs. Consider using BRAMs instead.
WARNING: [HLS 200-2042] Usage of URAM can potentially cause worse II as Vitis HLS does not exploit read-first mode for URAMs. Consider using BRAMs instead.
WARNING: [HLS 200-2042] Usage of URAM can potentially cause worse II as Vitis HLS does not exploit read-first mode for URAMs. Consider using BRAMs instead.
WARNING: [HLS 200-2042] Usage of URAM can potentially cause worse II as Vitis HLS does not exploit read-first mode for URAMs. Consider using BRAMs instead.
WARNING: [HLS 200-2042] Usage of URAM can potentially cause worse II as Vitis HLS does not exploit read-first mode for URAMs. Consider using BRAMs instead.
WARNING: [HLS 200-2042] Usage of URAM can potentially cause worse II as Vitis HLS does not exploit read-first mode for URAMs. Consider using BRAMs instead.
WARNING: [HLS 200-2042] Usage of URAM can potentially cause worse II as Vitis HLS does not exploit read-first mode for URAMs. Consider using BRAMs instead.
WARNING: [HLS 200-2042] Usage of URAM can potentially cause worse II as Vitis HLS does not exploit read-first mode for URAMs. Consider using BRAMs instead.
WARNING: [HLS 200-2042] Usage of URAM can potentially cause worse II as Vitis HLS does not exploit read-first mode for URAMs. Consider using BRAMs instead.
WARNING: [HLS 200-2042] Usage of URAM can potentially cause worse II as Vitis HLS does not exploit read-first mode for URAMs. Consider using BRAMs instead.
WARNING: [HLS 200-2042] Usage of URAM can potentially cause worse II as Vitis HLS does not exploit read-first mode for URAMs. Consider using BRAMs instead.
WARNING: [HLS 200-2042] Usage of URAM can potentially cause worse II as Vitis HLS does not exploit read-first mode for URAMs. Consider using BRAMs instead.
WARNING: [HLS 200-2042] Usage of URAM can potentially cause worse II as Vitis HLS does not exploit read-first mode for URAMs. Consider using BRAMs instead.
WARNING: [HLS 200-2042] Usage of URAM can potentially cause worse II as Vitis HLS does not exploit read-first mode for URAMs. Consider using BRAMs instead.
WARNING: [HLS 200-2042] Usage of URAM can potentially cause worse II as Vitis HLS does not exploit read-first mode for URAMs. Consider using BRAMs instead.
WARNING: [HLS 200-2042] Usage of URAM can potentially cause worse II as Vitis HLS does not exploit read-first mode for URAMs. Consider using BRAMs instead.
WARNING: [HLS 200-2042] Usage of URAM can potentially cause worse II as Vitis HLS does not exploit read-first mode for URAMs. Consider using BRAMs instead.
WARNING: [HLS 200-2042] Usage of URAM can potentially cause worse II as Vitis HLS does not exploit read-first mode for URAMs. Consider using BRAMs instead.
WARNING: [HLS 200-2042] Usage of URAM can potentially cause worse II as Vitis HLS does not exploit read-first mode for URAMs. Consider using BRAMs instead.
WARNING: [HLS 200-2042] Usage of URAM can potentially cause worse II as Vitis HLS does not exploit read-first mode for URAMs. Consider using BRAMs instead.
WARNING: [HLS 200-2042] Usage of URAM can potentially cause worse II as Vitis HLS does not exploit read-first mode for URAMs. Consider using BRAMs instead.
WARNING: [HLS 200-2042] Usage of URAM can potentially cause worse II as Vitis HLS does not exploit read-first mode for URAMs. Consider using BRAMs instead.
WARNING: [HLS 200-2042] Usage of URAM can potentially cause worse II as Vitis HLS does not exploit read-first mode for URAMs. Consider using BRAMs instead.
WARNING: [HLS 200-2042] Usage of URAM can potentially cause worse II as Vitis HLS does not exploit read-first mode for URAMs. Consider using BRAMs instead.
WARNING: [HLS 200-2042] Usage of URAM can potentially cause worse II as Vitis HLS does not exploit read-first mode for URAMs. Consider using BRAMs instead.
WARNING: [HLS 200-2042] Usage of URAM can potentially cause worse II as Vitis HLS does not exploit read-first mode for URAMs. Consider using BRAMs instead.
WARNING: [HLS 200-2042] Usage of URAM can potentially cause worse II as Vitis HLS does not exploit read-first mode for URAMs. Consider using BRAMs instead.
WARNING: [HLS 200-2042] Usage of URAM can potentially cause worse II as Vitis HLS does not exploit read-first mode for URAMs. Consider using BRAMs instead.
WARNING: [HLS 200-2042] Usage of URAM can potentially cause worse II as Vitis HLS does not exploit read-first mode for URAMs. Consider using BRAMs instead.
WARNING: [HLS 200-2042] Usage of URAM can potentially cause worse II as Vitis HLS does not exploit read-first mode for URAMs. Consider using BRAMs instead.
WARNING: [HLS 200-2042] Usage of URAM can potentially cause worse II as Vitis HLS does not exploit read-first mode for URAMs. Consider using BRAMs instead.
WARNING: [HLS 200-2042] Usage of URAM can potentially cause worse II as Vitis HLS does not exploit read-first mode for URAMs. Consider using BRAMs instead.
WARNING: [HLS 200-2042] Usage of URAM can potentially cause worse II as Vitis HLS does not exploit read-first mode for URAMs. Consider using BRAMs instead.
WARNING: [HLS 200-2042] Usage of URAM can potentially cause worse II as Vitis HLS does not exploit read-first mode for URAMs. Consider using BRAMs instead.
WARNING: [HLS 200-2042] Usage of URAM can potentially cause worse II as Vitis HLS does not exploit read-first mode for URAMs. Consider using BRAMs instead.
WARNING: [HLS 200-2042] Usage of URAM can potentially cause worse II as Vitis HLS does not exploit read-first mode for URAMs. Consider using BRAMs instead.
WARNING: [HLS 200-2042] Usage of URAM can potentially cause worse II as Vitis HLS does not exploit read-first mode for URAMs. Consider using BRAMs instead.
WARNING: [HLS 200-2042] Usage of URAM can potentially cause worse II as Vitis HLS does not exploit read-first mode for URAMs. Consider using BRAMs instead.
WARNING: [HLS 200-2042] Usage of URAM can potentially cause worse II as Vitis HLS does not exploit read-first mode for URAMs. Consider using BRAMs instead.
WARNING: [HLS 200-2042] Usage of URAM can potentially cause worse II as Vitis HLS does not exploit read-first mode for URAMs. Consider using BRAMs instead.
WARNING: [HLS 200-2042] Usage of URAM can potentially cause worse II as Vitis HLS does not exploit read-first mode for URAMs. Consider using BRAMs instead.
WARNING: [HLS 200-2042] Usage of URAM can potentially cause worse II as Vitis HLS does not exploit read-first mode for URAMs. Consider using BRAMs instead.
WARNING: [HLS 200-2042] Usage of URAM can potentially cause worse II as Vitis HLS does not exploit read-first mode for URAMs. Consider using BRAMs instead.
WARNING: [HLS 200-2042] Usage of URAM can potentially cause worse II as Vitis HLS does not exploit read-first mode for URAMs. Consider using BRAMs instead.
WARNING: [HLS 200-2042] Usage of URAM can potentially cause worse II as Vitis HLS does not exploit read-first mode for URAMs. Consider using BRAMs instead.
WARNING: [HLS 200-2042] Usage of URAM can potentially cause worse II as Vitis HLS does not exploit read-first mode for URAMs. Consider using BRAMs instead.
WARNING: [HLS 200-2042] Usage of URAM can potentially cause worse II as Vitis HLS does not exploit read-first mode for URAMs. Consider using BRAMs instead.
WARNING: [HLS 200-2042] Usage of URAM can potentially cause worse II as Vitis HLS does not exploit read-first mode for URAMs. Consider using BRAMs instead.
WARNING: [HLS 200-2042] Usage of URAM can potentially cause worse II as Vitis HLS does not exploit read-first mode for URAMs. Consider using BRAMs instead.
WARNING: [HLS 200-2042] Usage of URAM can potentially cause worse II as Vitis HLS does not exploit read-first mode for URAMs. Consider using BRAMs instead.
WARNING: [HLS 200-2042] Usage of URAM can potentially cause worse II as Vitis HLS does not exploit read-first mode for URAMs. Consider using BRAMs instead.
WARNING: [HLS 200-2042] Usage of URAM can potentially cause worse II as Vitis HLS does not exploit read-first mode for URAMs. Consider using BRAMs instead.
WARNING: [HLS 200-2042] Usage of URAM can potentially cause worse II as Vitis HLS does not exploit read-first mode for URAMs. Consider using BRAMs instead.
WARNING: [HLS 200-2042] Usage of URAM can potentially cause worse II as Vitis HLS does not exploit read-first mode for URAMs. Consider using BRAMs instead.
WARNING: [HLS 200-2042] Usage of URAM can potentially cause worse II as Vitis HLS does not exploit read-first mode for URAMs. Consider using BRAMs instead.
WARNING: [HLS 200-2042] Usage of URAM can potentially cause worse II as Vitis HLS does not exploit read-first mode for URAMs. Consider using BRAMs instead.
WARNING: [HLS 200-2042] Usage of URAM can potentially cause worse II as Vitis HLS does not exploit read-first mode for URAMs. Consider using BRAMs instead.
WARNING: [HLS 200-2042] Usage of URAM can potentially cause worse II as Vitis HLS does not exploit read-first mode for URAMs. Consider using BRAMs instead.
WARNING: [HLS 200-2042] Usage of URAM can potentially cause worse II as Vitis HLS does not exploit read-first mode for URAMs. Consider using BRAMs instead.
WARNING: [HLS 200-2042] Usage of URAM can potentially cause worse II as Vitis HLS does not exploit read-first mode for URAMs. Consider using BRAMs instead.
WARNING: [HLS 200-2042] Usage of URAM can potentially cause worse II as Vitis HLS does not exploit read-first mode for URAMs. Consider using BRAMs instead.
WARNING: [HLS 200-2042] Usage of URAM can potentially cause worse II as Vitis HLS does not exploit read-first mode for URAMs. Consider using BRAMs instead.
WARNING: [HLS 200-2042] Usage of URAM can potentially cause worse II as Vitis HLS does not exploit read-first mode for URAMs. Consider using BRAMs instead.
WARNING: [HLS 200-2042] Usage of URAM can potentially cause worse II as Vitis HLS does not exploit read-first mode for URAMs. Consider using BRAMs instead.
WARNING: [HLS 200-2042] Usage of URAM can potentially cause worse II as Vitis HLS does not exploit read-first mode for URAMs. Consider using BRAMs instead.
WARNING: [HLS 200-2042] Usage of URAM can potentially cause worse II as Vitis HLS does not exploit read-first mode for URAMs. Consider using BRAMs instead.
WARNING: [HLS 200-2042] Usage of URAM can potentially cause worse II as Vitis HLS does not exploit read-first mode for URAMs. Consider using BRAMs instead.
WARNING: [HLS 200-2042] Usage of URAM can potentially cause worse II as Vitis HLS does not exploit read-first mode for URAMs. Consider using BRAMs instead.
WARNING: [HLS 200-2042] Usage of URAM can potentially cause worse II as Vitis HLS does not exploit read-first mode for URAMs. Consider using BRAMs instead.
WARNING: [HLS 200-2042] Usage of URAM can potentially cause worse II as Vitis HLS does not exploit read-first mode for URAMs. Consider using BRAMs instead.
WARNING: [HLS 200-2042] Usage of URAM can potentially cause worse II as Vitis HLS does not exploit read-first mode for URAMs. Consider using BRAMs instead.
WARNING: [HLS 200-2042] Usage of URAM can potentially cause worse II as Vitis HLS does not exploit read-first mode for URAMs. Consider using BRAMs instead.
WARNING: [HLS 200-2042] Usage of URAM can potentially cause worse II as Vitis HLS does not exploit read-first mode for URAMs. Consider using BRAMs instead.
WARNING: [HLS 200-2042] Usage of URAM can potentially cause worse II as Vitis HLS does not exploit read-first mode for URAMs. Consider using BRAMs instead.
WARNING: [HLS 200-2042] Usage of URAM can potentially cause worse II as Vitis HLS does not exploit read-first mode for URAMs. Consider using BRAMs instead.
WARNING: [HLS 200-2042] Usage of URAM can potentially cause worse II as Vitis HLS does not exploit read-first mode for URAMs. Consider using BRAMs instead.
WARNING: [HLS 200-2042] Usage of URAM can potentially cause worse II as Vitis HLS does not exploit read-first mode for URAMs. Consider using BRAMs instead.
WARNING: [HLS 200-2042] Usage of URAM can potentially cause worse II as Vitis HLS does not exploit read-first mode for URAMs. Consider using BRAMs instead.
WARNING: [HLS 200-2042] Usage of URAM can potentially cause worse II as Vitis HLS does not exploit read-first mode for URAMs. Consider using BRAMs instead.
WARNING: [HLS 200-2042] Usage of URAM can potentially cause worse II as Vitis HLS does not exploit read-first mode for URAMs. Consider using BRAMs instead.
WARNING: [HLS 200-2042] Usage of URAM can potentially cause worse II as Vitis HLS does not exploit read-first mode for URAMs. Consider using BRAMs instead.
WARNING: [HLS 200-2042] Usage of URAM can potentially cause worse II as Vitis HLS does not exploit read-first mode for URAMs. Consider using BRAMs instead.
WARNING: [HLS 200-2042] Usage of URAM can potentially cause worse II as Vitis HLS does not exploit read-first mode for URAMs. Consider using BRAMs instead.
WARNING: [HLS 200-2042] Usage of URAM can potentially cause worse II as Vitis HLS does not exploit read-first mode for URAMs. Consider using BRAMs instead.
WARNING: [HLS 200-2042] Usage of URAM can potentially cause worse II as Vitis HLS does not exploit read-first mode for URAMs. Consider using BRAMs instead.
WARNING: [HLS 200-2042] Usage of URAM can potentially cause worse II as Vitis HLS does not exploit read-first mode for URAMs. Consider using BRAMs instead.
WARNING: [HLS 200-2042] Usage of URAM can potentially cause worse II as Vitis HLS does not exploit read-first mode for URAMs. Consider using BRAMs instead.
WARNING: [HLS 200-2042] Usage of URAM can potentially cause worse II as Vitis HLS does not exploit read-first mode for URAMs. Consider using BRAMs instead.
WARNING: [HLS 200-2042] Usage of URAM can potentially cause worse II as Vitis HLS does not exploit read-first mode for URAMs. Consider using BRAMs instead.
WARNING: [HLS 200-2042] Usage of URAM can potentially cause worse II as Vitis HLS does not exploit read-first mode for URAMs. Consider using BRAMs instead.
WARNING: [HLS 200-2042] Usage of URAM can potentially cause worse II as Vitis HLS does not exploit read-first mode for URAMs. Consider using BRAMs instead.
WARNING: [HLS 200-2042] Usage of URAM can potentially cause worse II as Vitis HLS does not exploit read-first mode for URAMs. Consider using BRAMs instead.
WARNING: [HLS 200-2042] Usage of URAM can potentially cause worse II as Vitis HLS does not exploit read-first mode for URAMs. Consider using BRAMs instead.
WARNING: [HLS 200-2042] Usage of URAM can potentially cause worse II as Vitis HLS does not exploit read-first mode for URAMs. Consider using BRAMs instead.
WARNING: [HLS 200-2042] Usage of URAM can potentially cause worse II as Vitis HLS does not exploit read-first mode for URAMs. Consider using BRAMs instead.
WARNING: [HLS 200-2042] Usage of URAM can potentially cause worse II as Vitis HLS does not exploit read-first mode for URAMs. Consider using BRAMs instead.
WARNING: [HLS 200-2042] Usage of URAM can potentially cause worse II as Vitis HLS does not exploit read-first mode for URAMs. Consider using BRAMs instead.
WARNING: [HLS 200-2042] Usage of URAM can potentially cause worse II as Vitis HLS does not exploit read-first mode for URAMs. Consider using BRAMs instead.
WARNING: [HLS 200-2042] Usage of URAM can potentially cause worse II as Vitis HLS does not exploit read-first mode for URAMs. Consider using BRAMs instead.
WARNING: [HLS 200-2042] Usage of URAM can potentially cause worse II as Vitis HLS does not exploit read-first mode for URAMs. Consider using BRAMs instead.
WARNING: [HLS 200-2042] Usage of URAM can potentially cause worse II as Vitis HLS does not exploit read-first mode for URAMs. Consider using BRAMs instead.
WARNING: [HLS 200-2042] Usage of URAM can potentially cause worse II as Vitis HLS does not exploit read-first mode for URAMs. Consider using BRAMs instead.
WARNING: [HLS 200-2042] Usage of URAM can potentially cause worse II as Vitis HLS does not exploit read-first mode for URAMs. Consider using BRAMs instead.
WARNING: [HLS 200-2042] Usage of URAM can potentially cause worse II as Vitis HLS does not exploit read-first mode for URAMs. Consider using BRAMs instead.
WARNING: [HLS 200-2042] Usage of URAM can potentially cause worse II as Vitis HLS does not exploit read-first mode for URAMs. Consider using BRAMs instead.
WARNING: [HLS 200-2042] Usage of URAM can potentially cause worse II as Vitis HLS does not exploit read-first mode for URAMs. Consider using BRAMs instead.
WARNING: [HLS 200-2042] Usage of URAM can potentially cause worse II as Vitis HLS does not exploit read-first mode for URAMs. Consider using BRAMs instead.
WARNING: [HLS 200-2042] Usage of URAM can potentially cause worse II as Vitis HLS does not exploit read-first mode for URAMs. Consider using BRAMs instead.
WARNING: [HLS 200-2042] Usage of URAM can potentially cause worse II as Vitis HLS does not exploit read-first mode for URAMs. Consider using BRAMs instead.
WARNING: [HLS 200-2042] Usage of URAM can potentially cause worse II as Vitis HLS does not exploit read-first mode for URAMs. Consider using BRAMs instead.
WARNING: [HLS 200-2042] Usage of URAM can potentially cause worse II as Vitis HLS does not exploit read-first mode for URAMs. Consider using BRAMs instead.
WARNING: [HLS 200-2042] Usage of URAM can potentially cause worse II as Vitis HLS does not exploit read-first mode for URAMs. Consider using BRAMs instead.
WARNING: [HLS 200-2042] Usage of URAM can potentially cause worse II as Vitis HLS does not exploit read-first mode for URAMs. Consider using BRAMs instead.
WARNING: [HLS 200-2042] Usage of URAM can potentially cause worse II as Vitis HLS does not exploit read-first mode for URAMs. Consider using BRAMs instead.
WARNING: [HLS 200-2042] Usage of URAM can potentially cause worse II as Vitis HLS does not exploit read-first mode for URAMs. Consider using BRAMs instead.
WARNING: [HLS 200-2042] Usage of URAM can potentially cause worse II as Vitis HLS does not exploit read-first mode for URAMs. Consider using BRAMs instead.
WARNING: [HLS 200-2042] Usage of URAM can potentially cause worse II as Vitis HLS does not exploit read-first mode for URAMs. Consider using BRAMs instead.
WARNING: [HLS 200-2042] Usage of URAM can potentially cause worse II as Vitis HLS does not exploit read-first mode for URAMs. Consider using BRAMs instead.
WARNING: [HLS 200-2042] Usage of URAM can potentially cause worse II as Vitis HLS does not exploit read-first mode for URAMs. Consider using BRAMs instead.
WARNING: [HLS 200-2042] Usage of URAM can potentially cause worse II as Vitis HLS does not exploit read-first mode for URAMs. Consider using BRAMs instead.
WARNING: [HLS 200-2042] Usage of URAM can potentially cause worse II as Vitis HLS does not exploit read-first mode for URAMs. Consider using BRAMs instead.
WARNING: [HLS 200-2042] Usage of URAM can potentially cause worse II as Vitis HLS does not exploit read-first mode for URAMs. Consider using BRAMs instead.
WARNING: [HLS 200-2042] Usage of URAM can potentially cause worse II as Vitis HLS does not exploit read-first mode for URAMs. Consider using BRAMs instead.
WARNING: [HLS 200-2042] Usage of URAM can potentially cause worse II as Vitis HLS does not exploit read-first mode for URAMs. Consider using BRAMs instead.
WARNING: [HLS 200-2042] Usage of URAM can potentially cause worse II as Vitis HLS does not exploit read-first mode for URAMs. Consider using BRAMs instead.
WARNING: [HLS 200-2042] Usage of URAM can potentially cause worse II as Vitis HLS does not exploit read-first mode for URAMs. Consider using BRAMs instead.
WARNING: [HLS 200-2042] Usage of URAM can potentially cause worse II as Vitis HLS does not exploit read-first mode for URAMs. Consider using BRAMs instead.
WARNING: [HLS 200-2042] Usage of URAM can potentially cause worse II as Vitis HLS does not exploit read-first mode for URAMs. Consider using BRAMs instead.
WARNING: [HLS 200-2042] Usage of URAM can potentially cause worse II as Vitis HLS does not exploit read-first mode for URAMs. Consider using BRAMs instead.
WARNING: [HLS 200-2042] Usage of URAM can potentially cause worse II as Vitis HLS does not exploit read-first mode for URAMs. Consider using BRAMs instead.
WARNING: [HLS 200-2042] Usage of URAM can potentially cause worse II as Vitis HLS does not exploit read-first mode for URAMs. Consider using BRAMs instead.
WARNING: [HLS 200-2042] Usage of URAM can potentially cause worse II as Vitis HLS does not exploit read-first mode for URAMs. Consider using BRAMs instead.
WARNING: [HLS 200-2042] Usage of URAM can potentially cause worse II as Vitis HLS does not exploit read-first mode for URAMs. Consider using BRAMs instead.
WARNING: [HLS 200-2042] Usage of URAM can potentially cause worse II as Vitis HLS does not exploit read-first mode for URAMs. Consider using BRAMs instead.
WARNING: [HLS 200-2042] Usage of URAM can potentially cause worse II as Vitis HLS does not exploit read-first mode for URAMs. Consider using BRAMs instead.
WARNING: [HLS 200-2042] Usage of URAM can potentially cause worse II as Vitis HLS does not exploit read-first mode for URAMs. Consider using BRAMs instead.
WARNING: [HLS 200-2042] Usage of URAM can potentially cause worse II as Vitis HLS does not exploit read-first mode for URAMs. Consider using BRAMs instead.
WARNING: [HLS 200-2042] Usage of URAM can potentially cause worse II as Vitis HLS does not exploit read-first mode for URAMs. Consider using BRAMs instead.
WARNING: [HLS 200-2042] Usage of URAM can potentially cause worse II as Vitis HLS does not exploit read-first mode for URAMs. Consider using BRAMs instead.
WARNING: [HLS 200-2042] Usage of URAM can potentially cause worse II as Vitis HLS does not exploit read-first mode for URAMs. Consider using BRAMs instead.
WARNING: [HLS 200-2042] Usage of URAM can potentially cause worse II as Vitis HLS does not exploit read-first mode for URAMs. Consider using BRAMs instead.
WARNING: [HLS 200-2042] Usage of URAM can potentially cause worse II as Vitis HLS does not exploit read-first mode for URAMs. Consider using BRAMs instead.
WARNING: [HLS 200-2042] Usage of URAM can potentially cause worse II as Vitis HLS does not exploit read-first mode for URAMs. Consider using BRAMs instead.
WARNING: [HLS 200-2042] Usage of URAM can potentially cause worse II as Vitis HLS does not exploit read-first mode for URAMs. Consider using BRAMs instead.
WARNING: [HLS 200-2042] Usage of URAM can potentially cause worse II as Vitis HLS does not exploit read-first mode for URAMs. Consider using BRAMs instead.
WARNING: [HLS 200-2042] Usage of URAM can potentially cause worse II as Vitis HLS does not exploit read-first mode for URAMs. Consider using BRAMs instead.
WARNING: [HLS 200-2042] Usage of URAM can potentially cause worse II as Vitis HLS does not exploit read-first mode for URAMs. Consider using BRAMs instead.
WARNING: [HLS 200-2042] Usage of URAM can potentially cause worse II as Vitis HLS does not exploit read-first mode for URAMs. Consider using BRAMs instead.
WARNING: [HLS 200-2042] Usage of URAM can potentially cause worse II as Vitis HLS does not exploit read-first mode for URAMs. Consider using BRAMs instead.
WARNING: [HLS 200-2042] Usage of URAM can potentially cause worse II as Vitis HLS does not exploit read-first mode for URAMs. Consider using BRAMs instead.
WARNING: [HLS 200-2042] Usage of URAM can potentially cause worse II as Vitis HLS does not exploit read-first mode for URAMs. Consider using BRAMs instead.
WARNING: [HLS 200-2042] Usage of URAM can potentially cause worse II as Vitis HLS does not exploit read-first mode for URAMs. Consider using BRAMs instead.
WARNING: [HLS 200-2042] Usage of URAM can potentially cause worse II as Vitis HLS does not exploit read-first mode for URAMs. Consider using BRAMs instead.
WARNING: [HLS 200-2042] Usage of URAM can potentially cause worse II as Vitis HLS does not exploit read-first mode for URAMs. Consider using BRAMs instead.
WARNING: [HLS 200-2042] Usage of URAM can potentially cause worse II as Vitis HLS does not exploit read-first mode for URAMs. Consider using BRAMs instead.
WARNING: [HLS 200-2042] Usage of URAM can potentially cause worse II as Vitis HLS does not exploit read-first mode for URAMs. Consider using BRAMs instead.
WARNING: [HLS 200-2042] Usage of URAM can potentially cause worse II as Vitis HLS does not exploit read-first mode for URAMs. Consider using BRAMs instead.
WARNING: [HLS 200-2042] Usage of URAM can potentially cause worse II as Vitis HLS does not exploit read-first mode for URAMs. Consider using BRAMs instead.
WARNING: [HLS 200-2042] Usage of URAM can potentially cause worse II as Vitis HLS does not exploit read-first mode for URAMs. Consider using BRAMs instead.
WARNING: [HLS 200-2042] Usage of URAM can potentially cause worse II as Vitis HLS does not exploit read-first mode for URAMs. Consider using BRAMs instead.
WARNING: [HLS 200-2042] Usage of URAM can potentially cause worse II as Vitis HLS does not exploit read-first mode for URAMs. Consider using BRAMs instead.
WARNING: [HLS 200-2042] Usage of URAM can potentially cause worse II as Vitis HLS does not exploit read-first mode for URAMs. Consider using BRAMs instead.
WARNING: [HLS 200-2042] Usage of URAM can potentially cause worse II as Vitis HLS does not exploit read-first mode for URAMs. Consider using BRAMs instead.
WARNING: [HLS 200-2042] Usage of URAM can potentially cause worse II as Vitis HLS does not exploit read-first mode for URAMs. Consider using BRAMs instead.
WARNING: [HLS 200-2042] Usage of URAM can potentially cause worse II as Vitis HLS does not exploit read-first mode for URAMs. Consider using BRAMs instead.
WARNING: [HLS 200-2042] Usage of URAM can potentially cause worse II as Vitis HLS does not exploit read-first mode for URAMs. Consider using BRAMs instead.
WARNING: [HLS 200-2042] Usage of URAM can potentially cause worse II as Vitis HLS does not exploit read-first mode for URAMs. Consider using BRAMs instead.
WARNING: [HLS 200-2042] Usage of URAM can potentially cause worse II as Vitis HLS does not exploit read-first mode for URAMs. Consider using BRAMs instead.
WARNING: [HLS 200-2042] Usage of URAM can potentially cause worse II as Vitis HLS does not exploit read-first mode for URAMs. Consider using BRAMs instead.
WARNING: [HLS 200-2042] Usage of URAM can potentially cause worse II as Vitis HLS does not exploit read-first mode for URAMs. Consider using BRAMs instead.
WARNING: [HLS 200-2042] Usage of URAM can potentially cause worse II as Vitis HLS does not exploit read-first mode for URAMs. Consider using BRAMs instead.
WARNING: [HLS 200-2042] Usage of URAM can potentially cause worse II as Vitis HLS does not exploit read-first mode for URAMs. Consider using BRAMs instead.
WARNING: [HLS 200-2042] Usage of URAM can potentially cause worse II as Vitis HLS does not exploit read-first mode for URAMs. Consider using BRAMs instead.
WARNING: [HLS 200-2042] Usage of URAM can potentially cause worse II as Vitis HLS does not exploit read-first mode for URAMs. Consider using BRAMs instead.
WARNING: [HLS 200-2042] Usage of URAM can potentially cause worse II as Vitis HLS does not exploit read-first mode for URAMs. Consider using BRAMs instead.
WARNING: [HLS 200-2042] Usage of URAM can potentially cause worse II as Vitis HLS does not exploit read-first mode for URAMs. Consider using BRAMs instead.
WARNING: [HLS 200-2042] Usage of URAM can potentially cause worse II as Vitis HLS does not exploit read-first mode for URAMs. Consider using BRAMs instead.
WARNING: [HLS 200-2042] Usage of URAM can potentially cause worse II as Vitis HLS does not exploit read-first mode for URAMs. Consider using BRAMs instead.
WARNING: [HLS 200-2042] Usage of URAM can potentially cause worse II as Vitis HLS does not exploit read-first mode for URAMs. Consider using BRAMs instead.
WARNING: [HLS 200-2042] Usage of URAM can potentially cause worse II as Vitis HLS does not exploit read-first mode for URAMs. Consider using BRAMs instead.
WARNING: [HLS 200-2042] Usage of URAM can potentially cause worse II as Vitis HLS does not exploit read-first mode for URAMs. Consider using BRAMs instead.
WARNING: [HLS 200-2042] Usage of URAM can potentially cause worse II as Vitis HLS does not exploit read-first mode for URAMs. Consider using BRAMs instead.
WARNING: [HLS 200-2042] Usage of URAM can potentially cause worse II as Vitis HLS does not exploit read-first mode for URAMs. Consider using BRAMs instead.
WARNING: [HLS 200-2042] Usage of URAM can potentially cause worse II as Vitis HLS does not exploit read-first mode for URAMs. Consider using BRAMs instead.
WARNING: [HLS 200-2042] Usage of URAM can potentially cause worse II as Vitis HLS does not exploit read-first mode for URAMs. Consider using BRAMs instead.
WARNING: [HLS 200-2042] Usage of URAM can potentially cause worse II as Vitis HLS does not exploit read-first mode for URAMs. Consider using BRAMs instead.
WARNING: [HLS 200-2042] Usage of URAM can potentially cause worse II as Vitis HLS does not exploit read-first mode for URAMs. Consider using BRAMs instead.
WARNING: [HLS 200-2042] Usage of URAM can potentially cause worse II as Vitis HLS does not exploit read-first mode for URAMs. Consider using BRAMs instead.
WARNING: [HLS 200-2042] Usage of URAM can potentially cause worse II as Vitis HLS does not exploit read-first mode for URAMs. Consider using BRAMs instead.
WARNING: [HLS 200-2042] Usage of URAM can potentially cause worse II as Vitis HLS does not exploit read-first mode for URAMs. Consider using BRAMs instead.
WARNING: [HLS 200-2042] Usage of URAM can potentially cause worse II as Vitis HLS does not exploit read-first mode for URAMs. Consider using BRAMs instead.
WARNING: [HLS 200-2042] Usage of URAM can potentially cause worse II as Vitis HLS does not exploit read-first mode for URAMs. Consider using BRAMs instead.
WARNING: [HLS 200-2042] Usage of URAM can potentially cause worse II as Vitis HLS does not exploit read-first mode for URAMs. Consider using BRAMs instead.
WARNING: [HLS 200-2042] Usage of URAM can potentially cause worse II as Vitis HLS does not exploit read-first mode for URAMs. Consider using BRAMs instead.
WARNING: [HLS 200-2042] Usage of URAM can potentially cause worse II as Vitis HLS does not exploit read-first mode for URAMs. Consider using BRAMs instead.
WARNING: [HLS 200-2042] Usage of URAM can potentially cause worse II as Vitis HLS does not exploit read-first mode for URAMs. Consider using BRAMs instead.
WARNING: [HLS 200-2042] Usage of URAM can potentially cause worse II as Vitis HLS does not exploit read-first mode for URAMs. Consider using BRAMs instead.
WARNING: [HLS 200-2042] Usage of URAM can potentially cause worse II as Vitis HLS does not exploit read-first mode for URAMs. Consider using BRAMs instead.
WARNING: [HLS 200-2042] Usage of URAM can potentially cause worse II as Vitis HLS does not exploit read-first mode for URAMs. Consider using BRAMs instead.
WARNING: [HLS 200-2042] Usage of URAM can potentially cause worse II as Vitis HLS does not exploit read-first mode for URAMs. Consider using BRAMs instead.
WARNING: [HLS 200-2042] Usage of URAM can potentially cause worse II as Vitis HLS does not exploit read-first mode for URAMs. Consider using BRAMs instead.
WARNING: [HLS 200-2042] Usage of URAM can potentially cause worse II as Vitis HLS does not exploit read-first mode for URAMs. Consider using BRAMs instead.
WARNING: [HLS 200-2042] Usage of URAM can potentially cause worse II as Vitis HLS does not exploit read-first mode for URAMs. Consider using BRAMs instead.
WARNING: [HLS 200-2042] Usage of URAM can potentially cause worse II as Vitis HLS does not exploit read-first mode for URAMs. Consider using BRAMs instead.
WARNING: [HLS 200-2042] Usage of URAM can potentially cause worse II as Vitis HLS does not exploit read-first mode for URAMs. Consider using BRAMs instead.
WARNING: [HLS 200-2042] Usage of URAM can potentially cause worse II as Vitis HLS does not exploit read-first mode for URAMs. Consider using BRAMs instead.
WARNING: [HLS 200-2042] Usage of URAM can potentially cause worse II as Vitis HLS does not exploit read-first mode for URAMs. Consider using BRAMs instead.
WARNING: [HLS 200-2042] Usage of URAM can potentially cause worse II as Vitis HLS does not exploit read-first mode for URAMs. Consider using BRAMs instead.
WARNING: [HLS 200-2042] Usage of URAM can potentially cause worse II as Vitis HLS does not exploit read-first mode for URAMs. Consider using BRAMs instead.
WARNING: [HLS 200-2042] Usage of URAM can potentially cause worse II as Vitis HLS does not exploit read-first mode for URAMs. Consider using BRAMs instead.
WARNING: [HLS 200-2042] Usage of URAM can potentially cause worse II as Vitis HLS does not exploit read-first mode for URAMs. Consider using BRAMs instead.
WARNING: [HLS 200-2042] Usage of URAM can potentially cause worse II as Vitis HLS does not exploit read-first mode for URAMs. Consider using BRAMs instead.
WARNING: [HLS 200-2042] Usage of URAM can potentially cause worse II as Vitis HLS does not exploit read-first mode for URAMs. Consider using BRAMs instead.
WARNING: [HLS 200-2042] Usage of URAM can potentially cause worse II as Vitis HLS does not exploit read-first mode for URAMs. Consider using BRAMs instead.
WARNING: [HLS 200-2042] Usage of URAM can potentially cause worse II as Vitis HLS does not exploit read-first mode for URAMs. Consider using BRAMs instead.
WARNING: [HLS 200-2042] Usage of URAM can potentially cause worse II as Vitis HLS does not exploit read-first mode for URAMs. Consider using BRAMs instead.
WARNING: [HLS 200-2042] Usage of URAM can potentially cause worse II as Vitis HLS does not exploit read-first mode for URAMs. Consider using BRAMs instead.
WARNING: [HLS 200-2042] Usage of URAM can potentially cause worse II as Vitis HLS does not exploit read-first mode for URAMs. Consider using BRAMs instead.
WARNING: [HLS 200-2042] Usage of URAM can potentially cause worse II as Vitis HLS does not exploit read-first mode for URAMs. Consider using BRAMs instead.
WARNING: [HLS 200-2042] Usage of URAM can potentially cause worse II as Vitis HLS does not exploit read-first mode for URAMs. Consider using BRAMs instead.
WARNING: [HLS 200-2042] Usage of URAM can potentially cause worse II as Vitis HLS does not exploit read-first mode for URAMs. Consider using BRAMs instead.
WARNING: [HLS 200-2042] Usage of URAM can potentially cause worse II as Vitis HLS does not exploit read-first mode for URAMs. Consider using BRAMs instead.
WARNING: [HLS 200-2042] Usage of URAM can potentially cause worse II as Vitis HLS does not exploit read-first mode for URAMs. Consider using BRAMs instead.
WARNING: [HLS 200-2042] Usage of URAM can potentially cause worse II as Vitis HLS does not exploit read-first mode for URAMs. Consider using BRAMs instead.
WARNING: [HLS 200-2042] Usage of URAM can potentially cause worse II as Vitis HLS does not exploit read-first mode for URAMs. Consider using BRAMs instead.
WARNING: [HLS 200-2042] Usage of URAM can potentially cause worse II as Vitis HLS does not exploit read-first mode for URAMs. Consider using BRAMs instead.
WARNING: [HLS 200-2042] Usage of URAM can potentially cause worse II as Vitis HLS does not exploit read-first mode for URAMs. Consider using BRAMs instead.
WARNING: [HLS 200-2042] Usage of URAM can potentially cause worse II as Vitis HLS does not exploit read-first mode for URAMs. Consider using BRAMs instead.
WARNING: [HLS 200-2042] Usage of URAM can potentially cause worse II as Vitis HLS does not exploit read-first mode for URAMs. Consider using BRAMs instead.
WARNING: [HLS 200-2042] Usage of URAM can potentially cause worse II as Vitis HLS does not exploit read-first mode for URAMs. Consider using BRAMs instead.
WARNING: [HLS 200-2042] Usage of URAM can potentially cause worse II as Vitis HLS does not exploit read-first mode for URAMs. Consider using BRAMs instead.
WARNING: [HLS 200-2042] Usage of URAM can potentially cause worse II as Vitis HLS does not exploit read-first mode for URAMs. Consider using BRAMs instead.
WARNING: [HLS 200-2042] Usage of URAM can potentially cause worse II as Vitis HLS does not exploit read-first mode for URAMs. Consider using BRAMs instead.
WARNING: [HLS 200-2042] Usage of URAM can potentially cause worse II as Vitis HLS does not exploit read-first mode for URAMs. Consider using BRAMs instead.
WARNING: [HLS 200-2042] Usage of URAM can potentially cause worse II as Vitis HLS does not exploit read-first mode for URAMs. Consider using BRAMs instead.
WARNING: [HLS 200-2042] Usage of URAM can potentially cause worse II as Vitis HLS does not exploit read-first mode for URAMs. Consider using BRAMs instead.
WARNING: [HLS 200-2042] Usage of URAM can potentially cause worse II as Vitis HLS does not exploit read-first mode for URAMs. Consider using BRAMs instead.
WARNING: [HLS 200-2042] Usage of URAM can potentially cause worse II as Vitis HLS does not exploit read-first mode for URAMs. Consider using BRAMs instead.
WARNING: [HLS 200-2042] Usage of URAM can potentially cause worse II as Vitis HLS does not exploit read-first mode for URAMs. Consider using BRAMs instead.
WARNING: [HLS 200-2042] Usage of URAM can potentially cause worse II as Vitis HLS does not exploit read-first mode for URAMs. Consider using BRAMs instead.
WARNING: [HLS 200-2042] Usage of URAM can potentially cause worse II as Vitis HLS does not exploit read-first mode for URAMs. Consider using BRAMs instead.
WARNING: [HLS 200-2042] Usage of URAM can potentially cause worse II as Vitis HLS does not exploit read-first mode for URAMs. Consider using BRAMs instead.
WARNING: [HLS 200-2042] Usage of URAM can potentially cause worse II as Vitis HLS does not exploit read-first mode for URAMs. Consider using BRAMs instead.
WARNING: [HLS 200-2042] Usage of URAM can potentially cause worse II as Vitis HLS does not exploit read-first mode for URAMs. Consider using BRAMs instead.
WARNING: [HLS 200-2042] Usage of URAM can potentially cause worse II as Vitis HLS does not exploit read-first mode for URAMs. Consider using BRAMs instead.
WARNING: [HLS 200-2042] Usage of URAM can potentially cause worse II as Vitis HLS does not exploit read-first mode for URAMs. Consider using BRAMs instead.
WARNING: [HLS 200-2042] Usage of URAM can potentially cause worse II as Vitis HLS does not exploit read-first mode for URAMs. Consider using BRAMs instead.
WARNING: [HLS 200-2042] Usage of URAM can potentially cause worse II as Vitis HLS does not exploit read-first mode for URAMs. Consider using BRAMs instead.
WARNING: [HLS 200-2042] Usage of URAM can potentially cause worse II as Vitis HLS does not exploit read-first mode for URAMs. Consider using BRAMs instead.
WARNING: [HLS 200-2042] Usage of URAM can potentially cause worse II as Vitis HLS does not exploit read-first mode for URAMs. Consider using BRAMs instead.
WARNING: [HLS 200-2042] Usage of URAM can potentially cause worse II as Vitis HLS does not exploit read-first mode for URAMs. Consider using BRAMs instead.
WARNING: [HLS 200-2042] Usage of URAM can potentially cause worse II as Vitis HLS does not exploit read-first mode for URAMs. Consider using BRAMs instead.
WARNING: [HLS 200-2042] Usage of URAM can potentially cause worse II as Vitis HLS does not exploit read-first mode for URAMs. Consider using BRAMs instead.
WARNING: [HLS 200-2042] Usage of URAM can potentially cause worse II as Vitis HLS does not exploit read-first mode for URAMs. Consider using BRAMs instead.
WARNING: [HLS 200-2042] Usage of URAM can potentially cause worse II as Vitis HLS does not exploit read-first mode for URAMs. Consider using BRAMs instead.
WARNING: [HLS 200-2042] Usage of URAM can potentially cause worse II as Vitis HLS does not exploit read-first mode for URAMs. Consider using BRAMs instead.
WARNING: [HLS 200-2042] Usage of URAM can potentially cause worse II as Vitis HLS does not exploit read-first mode for URAMs. Consider using BRAMs instead.
WARNING: [HLS 200-2042] Usage of URAM can potentially cause worse II as Vitis HLS does not exploit read-first mode for URAMs. Consider using BRAMs instead.
WARNING: [HLS 200-2042] Usage of URAM can potentially cause worse II as Vitis HLS does not exploit read-first mode for URAMs. Consider using BRAMs instead.
WARNING: [HLS 200-2042] Usage of URAM can potentially cause worse II as Vitis HLS does not exploit read-first mode for URAMs. Consider using BRAMs instead.
WARNING: [HLS 200-2042] Usage of URAM can potentially cause worse II as Vitis HLS does not exploit read-first mode for URAMs. Consider using BRAMs instead.
WARNING: [HLS 200-2042] Usage of URAM can potentially cause worse II as Vitis HLS does not exploit read-first mode for URAMs. Consider using BRAMs instead.
WARNING: [HLS 200-2042] Usage of URAM can potentially cause worse II as Vitis HLS does not exploit read-first mode for URAMs. Consider using BRAMs instead.
WARNING: [HLS 200-2042] Usage of URAM can potentially cause worse II as Vitis HLS does not exploit read-first mode for URAMs. Consider using BRAMs instead.
WARNING: [HLS 200-2042] Usage of URAM can potentially cause worse II as Vitis HLS does not exploit read-first mode for URAMs. Consider using BRAMs instead.
WARNING: [HLS 200-2042] Usage of URAM can potentially cause worse II as Vitis HLS does not exploit read-first mode for URAMs. Consider using BRAMs instead.
WARNING: [HLS 200-2042] Usage of URAM can potentially cause worse II as Vitis HLS does not exploit read-first mode for URAMs. Consider using BRAMs instead.
WARNING: [HLS 200-2042] Usage of URAM can potentially cause worse II as Vitis HLS does not exploit read-first mode for URAMs. Consider using BRAMs instead.
WARNING: [HLS 200-2042] Usage of URAM can potentially cause worse II as Vitis HLS does not exploit read-first mode for URAMs. Consider using BRAMs instead.
WARNING: [HLS 200-2042] Usage of URAM can potentially cause worse II as Vitis HLS does not exploit read-first mode for URAMs. Consider using BRAMs instead.
WARNING: [HLS 200-2042] Usage of URAM can potentially cause worse II as Vitis HLS does not exploit read-first mode for URAMs. Consider using BRAMs instead.
WARNING: [HLS 200-2042] Usage of URAM can potentially cause worse II as Vitis HLS does not exploit read-first mode for URAMs. Consider using BRAMs instead.
WARNING: [HLS 200-2042] Usage of URAM can potentially cause worse II as Vitis HLS does not exploit read-first mode for URAMs. Consider using BRAMs instead.
WARNING: [HLS 200-2042] Usage of URAM can potentially cause worse II as Vitis HLS does not exploit read-first mode for URAMs. Consider using BRAMs instead.
WARNING: [HLS 200-2042] Usage of URAM can potentially cause worse II as Vitis HLS does not exploit read-first mode for URAMs. Consider using BRAMs instead.
WARNING: [HLS 200-2042] Usage of URAM can potentially cause worse II as Vitis HLS does not exploit read-first mode for URAMs. Consider using BRAMs instead.
WARNING: [HLS 200-2042] Usage of URAM can potentially cause worse II as Vitis HLS does not exploit read-first mode for URAMs. Consider using BRAMs instead.
WARNING: [HLS 200-2042] Usage of URAM can potentially cause worse II as Vitis HLS does not exploit read-first mode for URAMs. Consider using BRAMs instead.
WARNING: [HLS 200-2042] Usage of URAM can potentially cause worse II as Vitis HLS does not exploit read-first mode for URAMs. Consider using BRAMs instead.
WARNING: [HLS 200-2042] Usage of URAM can potentially cause worse II as Vitis HLS does not exploit read-first mode for URAMs. Consider using BRAMs instead.
WARNING: [HLS 200-2042] Usage of URAM can potentially cause worse II as Vitis HLS does not exploit read-first mode for URAMs. Consider using BRAMs instead.
WARNING: [HLS 200-2042] Usage of URAM can potentially cause worse II as Vitis HLS does not exploit read-first mode for URAMs. Consider using BRAMs instead.
WARNING: [HLS 200-2042] Usage of URAM can potentially cause worse II as Vitis HLS does not exploit read-first mode for URAMs. Consider using BRAMs instead.
WARNING: [HLS 200-2042] Usage of URAM can potentially cause worse II as Vitis HLS does not exploit read-first mode for URAMs. Consider using BRAMs instead.
WARNING: [HLS 200-2042] Usage of URAM can potentially cause worse II as Vitis HLS does not exploit read-first mode for URAMs. Consider using BRAMs instead.
WARNING: [HLS 200-2042] Usage of URAM can potentially cause worse II as Vitis HLS does not exploit read-first mode for URAMs. Consider using BRAMs instead.
WARNING: [HLS 200-2042] Usage of URAM can potentially cause worse II as Vitis HLS does not exploit read-first mode for URAMs. Consider using BRAMs instead.
WARNING: [HLS 200-2042] Usage of URAM can potentially cause worse II as Vitis HLS does not exploit read-first mode for URAMs. Consider using BRAMs instead.
WARNING: [HLS 200-2042] Usage of URAM can potentially cause worse II as Vitis HLS does not exploit read-first mode for URAMs. Consider using BRAMs instead.
WARNING: [HLS 200-2042] Usage of URAM can potentially cause worse II as Vitis HLS does not exploit read-first mode for URAMs. Consider using BRAMs instead.
WARNING: [HLS 200-2042] Usage of URAM can potentially cause worse II as Vitis HLS does not exploit read-first mode for URAMs. Consider using BRAMs instead.
WARNING: [HLS 200-2042] Usage of URAM can potentially cause worse II as Vitis HLS does not exploit read-first mode for URAMs. Consider using BRAMs instead.
WARNING: [HLS 200-2042] Usage of URAM can potentially cause worse II as Vitis HLS does not exploit read-first mode for URAMs. Consider using BRAMs instead.
WARNING: [HLS 200-2042] Usage of URAM can potentially cause worse II as Vitis HLS does not exploit read-first mode for URAMs. Consider using BRAMs instead.
WARNING: [HLS 200-2042] Usage of URAM can potentially cause worse II as Vitis HLS does not exploit read-first mode for URAMs. Consider using BRAMs instead.
WARNING: [HLS 200-2042] Usage of URAM can potentially cause worse II as Vitis HLS does not exploit read-first mode for URAMs. Consider using BRAMs instead.
WARNING: [HLS 200-2042] Usage of URAM can potentially cause worse II as Vitis HLS does not exploit read-first mode for URAMs. Consider using BRAMs instead.
WARNING: [HLS 200-2042] Usage of URAM can potentially cause worse II as Vitis HLS does not exploit read-first mode for URAMs. Consider using BRAMs instead.
WARNING: [HLS 200-2042] Usage of URAM can potentially cause worse II as Vitis HLS does not exploit read-first mode for URAMs. Consider using BRAMs instead.
WARNING: [HLS 200-2042] Usage of URAM can potentially cause worse II as Vitis HLS does not exploit read-first mode for URAMs. Consider using BRAMs instead.
WARNING: [HLS 200-2042] Usage of URAM can potentially cause worse II as Vitis HLS does not exploit read-first mode for URAMs. Consider using BRAMs instead.
WARNING: [HLS 200-2042] Usage of URAM can potentially cause worse II as Vitis HLS does not exploit read-first mode for URAMs. Consider using BRAMs instead.
WARNING: [HLS 200-2042] Usage of URAM can potentially cause worse II as Vitis HLS does not exploit read-first mode for URAMs. Consider using BRAMs instead.
WARNING: [HLS 200-2042] Usage of URAM can potentially cause worse II as Vitis HLS does not exploit read-first mode for URAMs. Consider using BRAMs instead.
WARNING: [HLS 200-2042] Usage of URAM can potentially cause worse II as Vitis HLS does not exploit read-first mode for URAMs. Consider using BRAMs instead.
WARNING: [HLS 200-2042] Usage of URAM can potentially cause worse II as Vitis HLS does not exploit read-first mode for URAMs. Consider using BRAMs instead.
WARNING: [HLS 200-2042] Usage of URAM can potentially cause worse II as Vitis HLS does not exploit read-first mode for URAMs. Consider using BRAMs instead.
WARNING: [HLS 200-2042] Usage of URAM can potentially cause worse II as Vitis HLS does not exploit read-first mode for URAMs. Consider using BRAMs instead.
WARNING: [HLS 200-2042] Usage of URAM can potentially cause worse II as Vitis HLS does not exploit read-first mode for URAMs. Consider using BRAMs instead.
WARNING: [HLS 200-2042] Usage of URAM can potentially cause worse II as Vitis HLS does not exploit read-first mode for URAMs. Consider using BRAMs instead.
WARNING: [HLS 200-2042] Usage of URAM can potentially cause worse II as Vitis HLS does not exploit read-first mode for URAMs. Consider using BRAMs instead.
WARNING: [HLS 200-2042] Usage of URAM can potentially cause worse II as Vitis HLS does not exploit read-first mode for URAMs. Consider using BRAMs instead.
WARNING: [HLS 200-2042] Usage of URAM can potentially cause worse II as Vitis HLS does not exploit read-first mode for URAMs. Consider using BRAMs instead.
WARNING: [HLS 200-2042] Usage of URAM can potentially cause worse II as Vitis HLS does not exploit read-first mode for URAMs. Consider using BRAMs instead.
WARNING: [HLS 200-2042] Usage of URAM can potentially cause worse II as Vitis HLS does not exploit read-first mode for URAMs. Consider using BRAMs instead.
WARNING: [HLS 200-2042] Usage of URAM can potentially cause worse II as Vitis HLS does not exploit read-first mode for URAMs. Consider using BRAMs instead.
WARNING: [HLS 200-2042] Usage of URAM can potentially cause worse II as Vitis HLS does not exploit read-first mode for URAMs. Consider using BRAMs instead.
WARNING: [HLS 200-2042] Usage of URAM can potentially cause worse II as Vitis HLS does not exploit read-first mode for URAMs. Consider using BRAMs instead.
WARNING: [HLS 200-2042] Usage of URAM can potentially cause worse II as Vitis HLS does not exploit read-first mode for URAMs. Consider using BRAMs instead.
WARNING: [HLS 200-2042] Usage of URAM can potentially cause worse II as Vitis HLS does not exploit read-first mode for URAMs. Consider using BRAMs instead.
WARNING: [HLS 200-2042] Usage of URAM can potentially cause worse II as Vitis HLS does not exploit read-first mode for URAMs. Consider using BRAMs instead.
WARNING: [HLS 200-2042] Usage of URAM can potentially cause worse II as Vitis HLS does not exploit read-first mode for URAMs. Consider using BRAMs instead.
WARNING: [HLS 200-2042] Usage of URAM can potentially cause worse II as Vitis HLS does not exploit read-first mode for URAMs. Consider using BRAMs instead.
WARNING: [HLS 200-2042] Usage of URAM can potentially cause worse II as Vitis HLS does not exploit read-first mode for URAMs. Consider using BRAMs instead.
WARNING: [HLS 200-2042] Usage of URAM can potentially cause worse II as Vitis HLS does not exploit read-first mode for URAMs. Consider using BRAMs instead.
WARNING: [HLS 200-2042] Usage of URAM can potentially cause worse II as Vitis HLS does not exploit read-first mode for URAMs. Consider using BRAMs instead.
WARNING: [HLS 200-2042] Usage of URAM can potentially cause worse II as Vitis HLS does not exploit read-first mode for URAMs. Consider using BRAMs instead.
WARNING: [HLS 200-2042] Usage of URAM can potentially cause worse II as Vitis HLS does not exploit read-first mode for URAMs. Consider using BRAMs instead.
WARNING: [HLS 200-2042] Usage of URAM can potentially cause worse II as Vitis HLS does not exploit read-first mode for URAMs. Consider using BRAMs instead.
WARNING: [HLS 200-2042] Usage of URAM can potentially cause worse II as Vitis HLS does not exploit read-first mode for URAMs. Consider using BRAMs instead.
WARNING: [HLS 200-2042] Usage of URAM can potentially cause worse II as Vitis HLS does not exploit read-first mode for URAMs. Consider using BRAMs instead.
WARNING: [HLS 200-2042] Usage of URAM can potentially cause worse II as Vitis HLS does not exploit read-first mode for URAMs. Consider using BRAMs instead.
WARNING: [HLS 200-2042] Usage of URAM can potentially cause worse II as Vitis HLS does not exploit read-first mode for URAMs. Consider using BRAMs instead.
WARNING: [HLS 200-2042] Usage of URAM can potentially cause worse II as Vitis HLS does not exploit read-first mode for URAMs. Consider using BRAMs instead.
WARNING: [HLS 200-2042] Usage of URAM can potentially cause worse II as Vitis HLS does not exploit read-first mode for URAMs. Consider using BRAMs instead.
WARNING: [HLS 200-2042] Usage of URAM can potentially cause worse II as Vitis HLS does not exploit read-first mode for URAMs. Consider using BRAMs instead.
WARNING: [HLS 200-2042] Usage of URAM can potentially cause worse II as Vitis HLS does not exploit read-first mode for URAMs. Consider using BRAMs instead.
WARNING: [HLS 200-2042] Usage of URAM can potentially cause worse II as Vitis HLS does not exploit read-first mode for URAMs. Consider using BRAMs instead.
WARNING: [HLS 200-2042] Usage of URAM can potentially cause worse II as Vitis HLS does not exploit read-first mode for URAMs. Consider using BRAMs instead.
WARNING: [HLS 200-2042] Usage of URAM can potentially cause worse II as Vitis HLS does not exploit read-first mode for URAMs. Consider using BRAMs instead.
WARNING: [HLS 200-2042] Usage of URAM can potentially cause worse II as Vitis HLS does not exploit read-first mode for URAMs. Consider using BRAMs instead.
WARNING: [HLS 200-2042] Usage of URAM can potentially cause worse II as Vitis HLS does not exploit read-first mode for URAMs. Consider using BRAMs instead.
WARNING: [HLS 200-2042] Usage of URAM can potentially cause worse II as Vitis HLS does not exploit read-first mode for URAMs. Consider using BRAMs instead.
WARNING: [HLS 200-2042] Usage of URAM can potentially cause worse II as Vitis HLS does not exploit read-first mode for URAMs. Consider using BRAMs instead.
WARNING: [HLS 200-2042] Usage of URAM can potentially cause worse II as Vitis HLS does not exploit read-first mode for URAMs. Consider using BRAMs instead.
WARNING: [HLS 200-2042] Usage of URAM can potentially cause worse II as Vitis HLS does not exploit read-first mode for URAMs. Consider using BRAMs instead.
WARNING: [HLS 200-2042] Usage of URAM can potentially cause worse II as Vitis HLS does not exploit read-first mode for URAMs. Consider using BRAMs instead.
WARNING: [HLS 200-2042] Usage of URAM can potentially cause worse II as Vitis HLS does not exploit read-first mode for URAMs. Consider using BRAMs instead.
WARNING: [HLS 200-2042] Usage of URAM can potentially cause worse II as Vitis HLS does not exploit read-first mode for URAMs. Consider using BRAMs instead.
WARNING: [HLS 200-2042] Usage of URAM can potentially cause worse II as Vitis HLS does not exploit read-first mode for URAMs. Consider using BRAMs instead.
WARNING: [HLS 200-2042] Usage of URAM can potentially cause worse II as Vitis HLS does not exploit read-first mode for URAMs. Consider using BRAMs instead.
WARNING: [HLS 200-2042] Usage of URAM can potentially cause worse II as Vitis HLS does not exploit read-first mode for URAMs. Consider using BRAMs instead.
WARNING: [HLS 200-2042] Usage of URAM can potentially cause worse II as Vitis HLS does not exploit read-first mode for URAMs. Consider using BRAMs instead.
WARNING: [HLS 200-2042] Usage of URAM can potentially cause worse II as Vitis HLS does not exploit read-first mode for URAMs. Consider using BRAMs instead.
WARNING: [HLS 200-2042] Usage of URAM can potentially cause worse II as Vitis HLS does not exploit read-first mode for URAMs. Consider using BRAMs instead.
WARNING: [HLS 200-2042] Usage of URAM can potentially cause worse II as Vitis HLS does not exploit read-first mode for URAMs. Consider using BRAMs instead.
WARNING: [HLS 200-2042] Usage of URAM can potentially cause worse II as Vitis HLS does not exploit read-first mode for URAMs. Consider using BRAMs instead.
WARNING: [HLS 200-2042] Usage of URAM can potentially cause worse II as Vitis HLS does not exploit read-first mode for URAMs. Consider using BRAMs instead.
WARNING: [HLS 200-2042] Usage of URAM can potentially cause worse II as Vitis HLS does not exploit read-first mode for URAMs. Consider using BRAMs instead.
WARNING: [HLS 200-2042] Usage of URAM can potentially cause worse II as Vitis HLS does not exploit read-first mode for URAMs. Consider using BRAMs instead.
WARNING: [HLS 200-2042] Usage of URAM can potentially cause worse II as Vitis HLS does not exploit read-first mode for URAMs. Consider using BRAMs instead.
WARNING: [HLS 200-2042] Usage of URAM can potentially cause worse II as Vitis HLS does not exploit read-first mode for URAMs. Consider using BRAMs instead.
WARNING: [HLS 200-2042] Usage of URAM can potentially cause worse II as Vitis HLS does not exploit read-first mode for URAMs. Consider using BRAMs instead.
WARNING: [HLS 200-2042] Usage of URAM can potentially cause worse II as Vitis HLS does not exploit read-first mode for URAMs. Consider using BRAMs instead.
WARNING: [HLS 200-2042] Usage of URAM can potentially cause worse II as Vitis HLS does not exploit read-first mode for URAMs. Consider using BRAMs instead.
WARNING: [HLS 200-2042] Usage of URAM can potentially cause worse II as Vitis HLS does not exploit read-first mode for URAMs. Consider using BRAMs instead.
WARNING: [HLS 200-2042] Usage of URAM can potentially cause worse II as Vitis HLS does not exploit read-first mode for URAMs. Consider using BRAMs instead.
WARNING: [HLS 200-2042] Usage of URAM can potentially cause worse II as Vitis HLS does not exploit read-first mode for URAMs. Consider using BRAMs instead.
WARNING: [HLS 200-2042] Usage of URAM can potentially cause worse II as Vitis HLS does not exploit read-first mode for URAMs. Consider using BRAMs instead.
WARNING: [HLS 200-2042] Usage of URAM can potentially cause worse II as Vitis HLS does not exploit read-first mode for URAMs. Consider using BRAMs instead.
WARNING: [HLS 200-2042] Usage of URAM can potentially cause worse II as Vitis HLS does not exploit read-first mode for URAMs. Consider using BRAMs instead.
WARNING: [HLS 200-2042] Usage of URAM can potentially cause worse II as Vitis HLS does not exploit read-first mode for URAMs. Consider using BRAMs instead.
WARNING: [HLS 200-2042] Usage of URAM can potentially cause worse II as Vitis HLS does not exploit read-first mode for URAMs. Consider using BRAMs instead.
WARNING: [HLS 200-2042] Usage of URAM can potentially cause worse II as Vitis HLS does not exploit read-first mode for URAMs. Consider using BRAMs instead.
WARNING: [HLS 200-2042] Usage of URAM can potentially cause worse II as Vitis HLS does not exploit read-first mode for URAMs. Consider using BRAMs instead.
WARNING: [HLS 200-2042] Usage of URAM can potentially cause worse II as Vitis HLS does not exploit read-first mode for URAMs. Consider using BRAMs instead.
WARNING: [HLS 200-2042] Usage of URAM can potentially cause worse II as Vitis HLS does not exploit read-first mode for URAMs. Consider using BRAMs instead.
WARNING: [HLS 200-2042] Usage of URAM can potentially cause worse II as Vitis HLS does not exploit read-first mode for URAMs. Consider using BRAMs instead.
WARNING: [HLS 200-2042] Usage of URAM can potentially cause worse II as Vitis HLS does not exploit read-first mode for URAMs. Consider using BRAMs instead.
WARNING: [HLS 200-2042] Usage of URAM can potentially cause worse II as Vitis HLS does not exploit read-first mode for URAMs. Consider using BRAMs instead.
WARNING: [HLS 200-2042] Usage of URAM can potentially cause worse II as Vitis HLS does not exploit read-first mode for URAMs. Consider using BRAMs instead.
WARNING: [HLS 200-2042] Usage of URAM can potentially cause worse II as Vitis HLS does not exploit read-first mode for URAMs. Consider using BRAMs instead.
WARNING: [HLS 200-2042] Usage of URAM can potentially cause worse II as Vitis HLS does not exploit read-first mode for URAMs. Consider using BRAMs instead.
WARNING: [HLS 200-2042] Usage of URAM can potentially cause worse II as Vitis HLS does not exploit read-first mode for URAMs. Consider using BRAMs instead.
WARNING: [HLS 200-2042] Usage of URAM can potentially cause worse II as Vitis HLS does not exploit read-first mode for URAMs. Consider using BRAMs instead.
WARNING: [HLS 200-2042] Usage of URAM can potentially cause worse II as Vitis HLS does not exploit read-first mode for URAMs. Consider using BRAMs instead.
WARNING: [HLS 200-2042] Usage of URAM can potentially cause worse II as Vitis HLS does not exploit read-first mode for URAMs. Consider using BRAMs instead.
WARNING: [HLS 200-2042] Usage of URAM can potentially cause worse II as Vitis HLS does not exploit read-first mode for URAMs. Consider using BRAMs instead.
WARNING: [HLS 200-2042] Usage of URAM can potentially cause worse II as Vitis HLS does not exploit read-first mode for URAMs. Consider using BRAMs instead.
WARNING: [HLS 200-2042] Usage of URAM can potentially cause worse II as Vitis HLS does not exploit read-first mode for URAMs. Consider using BRAMs instead.
WARNING: [HLS 200-2042] Usage of URAM can potentially cause worse II as Vitis HLS does not exploit read-first mode for URAMs. Consider using BRAMs instead.
WARNING: [HLS 200-2042] Usage of URAM can potentially cause worse II as Vitis HLS does not exploit read-first mode for URAMs. Consider using BRAMs instead.
WARNING: [HLS 200-2042] Usage of URAM can potentially cause worse II as Vitis HLS does not exploit read-first mode for URAMs. Consider using BRAMs instead.
WARNING: [HLS 200-2042] Usage of URAM can potentially cause worse II as Vitis HLS does not exploit read-first mode for URAMs. Consider using BRAMs instead.
WARNING: [HLS 200-2042] Usage of URAM can potentially cause worse II as Vitis HLS does not exploit read-first mode for URAMs. Consider using BRAMs instead.
WARNING: [HLS 200-2042] Usage of URAM can potentially cause worse II as Vitis HLS does not exploit read-first mode for URAMs. Consider using BRAMs instead.
WARNING: [HLS 200-2042] Usage of URAM can potentially cause worse II as Vitis HLS does not exploit read-first mode for URAMs. Consider using BRAMs instead.
WARNING: [HLS 200-2042] Usage of URAM can potentially cause worse II as Vitis HLS does not exploit read-first mode for URAMs. Consider using BRAMs instead.
WARNING: [HLS 200-2042] Usage of URAM can potentially cause worse II as Vitis HLS does not exploit read-first mode for URAMs. Consider using BRAMs instead.
WARNING: [HLS 200-2042] Usage of URAM can potentially cause worse II as Vitis HLS does not exploit read-first mode for URAMs. Consider using BRAMs instead.
WARNING: [HLS 200-2042] Usage of URAM can potentially cause worse II as Vitis HLS does not exploit read-first mode for URAMs. Consider using BRAMs instead.
WARNING: [HLS 200-2042] Usage of URAM can potentially cause worse II as Vitis HLS does not exploit read-first mode for URAMs. Consider using BRAMs instead.
WARNING: [HLS 200-2042] Usage of URAM can potentially cause worse II as Vitis HLS does not exploit read-first mode for URAMs. Consider using BRAMs instead.
WARNING: [HLS 200-2042] Usage of URAM can potentially cause worse II as Vitis HLS does not exploit read-first mode for URAMs. Consider using BRAMs instead.
WARNING: [HLS 200-2042] Usage of URAM can potentially cause worse II as Vitis HLS does not exploit read-first mode for URAMs. Consider using BRAMs instead.
WARNING: [HLS 200-2042] Usage of URAM can potentially cause worse II as Vitis HLS does not exploit read-first mode for URAMs. Consider using BRAMs instead.
WARNING: [HLS 200-2042] Usage of URAM can potentially cause worse II as Vitis HLS does not exploit read-first mode for URAMs. Consider using BRAMs instead.
WARNING: [HLS 200-2042] Usage of URAM can potentially cause worse II as Vitis HLS does not exploit read-first mode for URAMs. Consider using BRAMs instead.
WARNING: [HLS 200-2042] Usage of URAM can potentially cause worse II as Vitis HLS does not exploit read-first mode for URAMs. Consider using BRAMs instead.
WARNING: [HLS 200-2042] Usage of URAM can potentially cause worse II as Vitis HLS does not exploit read-first mode for URAMs. Consider using BRAMs instead.
WARNING: [HLS 200-2042] Usage of URAM can potentially cause worse II as Vitis HLS does not exploit read-first mode for URAMs. Consider using BRAMs instead.
WARNING: [HLS 200-2042] Usage of URAM can potentially cause worse II as Vitis HLS does not exploit read-first mode for URAMs. Consider using BRAMs instead.
WARNING: [HLS 200-2042] Usage of URAM can potentially cause worse II as Vitis HLS does not exploit read-first mode for URAMs. Consider using BRAMs instead.
WARNING: [HLS 200-2042] Usage of URAM can potentially cause worse II as Vitis HLS does not exploit read-first mode for URAMs. Consider using BRAMs instead.
WARNING: [HLS 200-2042] Usage of URAM can potentially cause worse II as Vitis HLS does not exploit read-first mode for URAMs. Consider using BRAMs instead.
WARNING: [HLS 200-2042] Usage of URAM can potentially cause worse II as Vitis HLS does not exploit read-first mode for URAMs. Consider using BRAMs instead.
WARNING: [HLS 200-2042] Usage of URAM can potentially cause worse II as Vitis HLS does not exploit read-first mode for URAMs. Consider using BRAMs instead.
WARNING: [HLS 200-2042] Usage of URAM can potentially cause worse II as Vitis HLS does not exploit read-first mode for URAMs. Consider using BRAMs instead.
WARNING: [HLS 200-2042] Usage of URAM can potentially cause worse II as Vitis HLS does not exploit read-first mode for URAMs. Consider using BRAMs instead.
WARNING: [HLS 200-2042] Usage of URAM can potentially cause worse II as Vitis HLS does not exploit read-first mode for URAMs. Consider using BRAMs instead.
WARNING: [HLS 200-2042] Usage of URAM can potentially cause worse II as Vitis HLS does not exploit read-first mode for URAMs. Consider using BRAMs instead.
WARNING: [HLS 200-2042] Usage of URAM can potentially cause worse II as Vitis HLS does not exploit read-first mode for URAMs. Consider using BRAMs instead.
WARNING: [HLS 200-2042] Usage of URAM can potentially cause worse II as Vitis HLS does not exploit read-first mode for URAMs. Consider using BRAMs instead.
WARNING: [HLS 200-2042] Usage of URAM can potentially cause worse II as Vitis HLS does not exploit read-first mode for URAMs. Consider using BRAMs instead.
WARNING: [HLS 200-2042] Usage of URAM can potentially cause worse II as Vitis HLS does not exploit read-first mode for URAMs. Consider using BRAMs instead.
WARNING: [HLS 200-2042] Usage of URAM can potentially cause worse II as Vitis HLS does not exploit read-first mode for URAMs. Consider using BRAMs instead.
WARNING: [HLS 200-2042] Usage of URAM can potentially cause worse II as Vitis HLS does not exploit read-first mode for URAMs. Consider using BRAMs instead.
WARNING: [HLS 200-2042] Usage of URAM can potentially cause worse II as Vitis HLS does not exploit read-first mode for URAMs. Consider using BRAMs instead.
WARNING: [HLS 200-2042] Usage of URAM can potentially cause worse II as Vitis HLS does not exploit read-first mode for URAMs. Consider using BRAMs instead.
WARNING: [HLS 200-2042] Usage of URAM can potentially cause worse II as Vitis HLS does not exploit read-first mode for URAMs. Consider using BRAMs instead.
WARNING: [HLS 200-2042] Usage of URAM can potentially cause worse II as Vitis HLS does not exploit read-first mode for URAMs. Consider using BRAMs instead.
WARNING: [HLS 200-2042] Usage of URAM can potentially cause worse II as Vitis HLS does not exploit read-first mode for URAMs. Consider using BRAMs instead.
WARNING: [HLS 200-2042] Usage of URAM can potentially cause worse II as Vitis HLS does not exploit read-first mode for URAMs. Consider using BRAMs instead.
WARNING: [HLS 200-2042] Usage of URAM can potentially cause worse II as Vitis HLS does not exploit read-first mode for URAMs. Consider using BRAMs instead.
WARNING: [HLS 200-2042] Usage of URAM can potentially cause worse II as Vitis HLS does not exploit read-first mode for URAMs. Consider using BRAMs instead.
WARNING: [HLS 200-2042] Usage of URAM can potentially cause worse II as Vitis HLS does not exploit read-first mode for URAMs. Consider using BRAMs instead.
WARNING: [HLS 200-2042] Usage of URAM can potentially cause worse II as Vitis HLS does not exploit read-first mode for URAMs. Consider using BRAMs instead.
WARNING: [HLS 200-2042] Usage of URAM can potentially cause worse II as Vitis HLS does not exploit read-first mode for URAMs. Consider using BRAMs instead.
WARNING: [HLS 200-2042] Usage of URAM can potentially cause worse II as Vitis HLS does not exploit read-first mode for URAMs. Consider using BRAMs instead.
WARNING: [HLS 200-2042] Usage of URAM can potentially cause worse II as Vitis HLS does not exploit read-first mode for URAMs. Consider using BRAMs instead.
WARNING: [HLS 200-2042] Usage of URAM can potentially cause worse II as Vitis HLS does not exploit read-first mode for URAMs. Consider using BRAMs instead.
WARNING: [HLS 200-2042] Usage of URAM can potentially cause worse II as Vitis HLS does not exploit read-first mode for URAMs. Consider using BRAMs instead.
WARNING: [HLS 200-2042] Usage of URAM can potentially cause worse II as Vitis HLS does not exploit read-first mode for URAMs. Consider using BRAMs instead.
WARNING: [HLS 200-2042] Usage of URAM can potentially cause worse II as Vitis HLS does not exploit read-first mode for URAMs. Consider using BRAMs instead.
WARNING: [HLS 200-2042] Usage of URAM can potentially cause worse II as Vitis HLS does not exploit read-first mode for URAMs. Consider using BRAMs instead.
WARNING: [HLS 200-2042] Usage of URAM can potentially cause worse II as Vitis HLS does not exploit read-first mode for URAMs. Consider using BRAMs instead.
WARNING: [HLS 200-2042] Usage of URAM can potentially cause worse II as Vitis HLS does not exploit read-first mode for URAMs. Consider using BRAMs instead.
WARNING: [HLS 200-2042] Usage of URAM can potentially cause worse II as Vitis HLS does not exploit read-first mode for URAMs. Consider using BRAMs instead.
WARNING: [HLS 200-2042] Usage of URAM can potentially cause worse II as Vitis HLS does not exploit read-first mode for URAMs. Consider using BRAMs instead.
WARNING: [HLS 200-2042] Usage of URAM can potentially cause worse II as Vitis HLS does not exploit read-first mode for URAMs. Consider using BRAMs instead.
WARNING: [HLS 200-2042] Usage of URAM can potentially cause worse II as Vitis HLS does not exploit read-first mode for URAMs. Consider using BRAMs instead.
WARNING: [HLS 200-2042] Usage of URAM can potentially cause worse II as Vitis HLS does not exploit read-first mode for URAMs. Consider using BRAMs instead.
WARNING: [HLS 200-2042] Usage of URAM can potentially cause worse II as Vitis HLS does not exploit read-first mode for URAMs. Consider using BRAMs instead.
WARNING: [HLS 200-2042] Usage of URAM can potentially cause worse II as Vitis HLS does not exploit read-first mode for URAMs. Consider using BRAMs instead.
WARNING: [HLS 200-2042] Usage of URAM can potentially cause worse II as Vitis HLS does not exploit read-first mode for URAMs. Consider using BRAMs instead.
WARNING: [HLS 200-2042] Usage of URAM can potentially cause worse II as Vitis HLS does not exploit read-first mode for URAMs. Consider using BRAMs instead.
WARNING: [HLS 200-2042] Usage of URAM can potentially cause worse II as Vitis HLS does not exploit read-first mode for URAMs. Consider using BRAMs instead.
WARNING: [HLS 200-2042] Usage of URAM can potentially cause worse II as Vitis HLS does not exploit read-first mode for URAMs. Consider using BRAMs instead.
WARNING: [HLS 200-2042] Usage of URAM can potentially cause worse II as Vitis HLS does not exploit read-first mode for URAMs. Consider using BRAMs instead.
WARNING: [HLS 200-2042] Usage of URAM can potentially cause worse II as Vitis HLS does not exploit read-first mode for URAMs. Consider using BRAMs instead.
WARNING: [HLS 200-2042] Usage of URAM can potentially cause worse II as Vitis HLS does not exploit read-first mode for URAMs. Consider using BRAMs instead.
WARNING: [HLS 200-2042] Usage of URAM can potentially cause worse II as Vitis HLS does not exploit read-first mode for URAMs. Consider using BRAMs instead.
WARNING: [HLS 200-2042] Usage of URAM can potentially cause worse II as Vitis HLS does not exploit read-first mode for URAMs. Consider using BRAMs instead.
WARNING: [HLS 200-2042] Usage of URAM can potentially cause worse II as Vitis HLS does not exploit read-first mode for URAMs. Consider using BRAMs instead.
WARNING: [HLS 200-2042] Usage of URAM can potentially cause worse II as Vitis HLS does not exploit read-first mode for URAMs. Consider using BRAMs instead.
WARNING: [HLS 200-2042] Usage of URAM can potentially cause worse II as Vitis HLS does not exploit read-first mode for URAMs. Consider using BRAMs instead.
WARNING: [HLS 200-2042] Usage of URAM can potentially cause worse II as Vitis HLS does not exploit read-first mode for URAMs. Consider using BRAMs instead.
WARNING: [HLS 200-2042] Usage of URAM can potentially cause worse II as Vitis HLS does not exploit read-first mode for URAMs. Consider using BRAMs instead.
WARNING: [HLS 200-2042] Usage of URAM can potentially cause worse II as Vitis HLS does not exploit read-first mode for URAMs. Consider using BRAMs instead.
WARNING: [HLS 200-2042] Usage of URAM can potentially cause worse II as Vitis HLS does not exploit read-first mode for URAMs. Consider using BRAMs instead.
WARNING: [HLS 200-2042] Usage of URAM can potentially cause worse II as Vitis HLS does not exploit read-first mode for URAMs. Consider using BRAMs instead.
WARNING: [HLS 200-2042] Usage of URAM can potentially cause worse II as Vitis HLS does not exploit read-first mode for URAMs. Consider using BRAMs instead.
WARNING: [HLS 200-2042] Usage of URAM can potentially cause worse II as Vitis HLS does not exploit read-first mode for URAMs. Consider using BRAMs instead.
WARNING: [HLS 200-2042] Usage of URAM can potentially cause worse II as Vitis HLS does not exploit read-first mode for URAMs. Consider using BRAMs instead.
WARNING: [HLS 200-2042] Usage of URAM can potentially cause worse II as Vitis HLS does not exploit read-first mode for URAMs. Consider using BRAMs instead.
WARNING: [HLS 200-2042] Usage of URAM can potentially cause worse II as Vitis HLS does not exploit read-first mode for URAMs. Consider using BRAMs instead.
WARNING: [HLS 200-2042] Usage of URAM can potentially cause worse II as Vitis HLS does not exploit read-first mode for URAMs. Consider using BRAMs instead.
WARNING: [HLS 200-2042] Usage of URAM can potentially cause worse II as Vitis HLS does not exploit read-first mode for URAMs. Consider using BRAMs instead.
WARNING: [HLS 200-2042] Usage of URAM can potentially cause worse II as Vitis HLS does not exploit read-first mode for URAMs. Consider using BRAMs instead.
WARNING: [HLS 200-2042] Usage of URAM can potentially cause worse II as Vitis HLS does not exploit read-first mode for URAMs. Consider using BRAMs instead.
WARNING: [HLS 200-2042] Usage of URAM can potentially cause worse II as Vitis HLS does not exploit read-first mode for URAMs. Consider using BRAMs instead.
WARNING: [HLS 200-2042] Usage of URAM can potentially cause worse II as Vitis HLS does not exploit read-first mode for URAMs. Consider using BRAMs instead.
WARNING: [HLS 200-2042] Usage of URAM can potentially cause worse II as Vitis HLS does not exploit read-first mode for URAMs. Consider using BRAMs instead.
WARNING: [HLS 200-2042] Usage of URAM can potentially cause worse II as Vitis HLS does not exploit read-first mode for URAMs. Consider using BRAMs instead.
WARNING: [HLS 200-2042] Usage of URAM can potentially cause worse II as Vitis HLS does not exploit read-first mode for URAMs. Consider using BRAMs instead.
WARNING: [HLS 200-2042] Usage of URAM can potentially cause worse II as Vitis HLS does not exploit read-first mode for URAMs. Consider using BRAMs instead.
WARNING: [HLS 200-2042] Usage of URAM can potentially cause worse II as Vitis HLS does not exploit read-first mode for URAMs. Consider using BRAMs instead.
WARNING: [HLS 200-2042] Usage of URAM can potentially cause worse II as Vitis HLS does not exploit read-first mode for URAMs. Consider using BRAMs instead.
WARNING: [HLS 200-2042] Usage of URAM can potentially cause worse II as Vitis HLS does not exploit read-first mode for URAMs. Consider using BRAMs instead.
WARNING: [HLS 200-2042] Usage of URAM can potentially cause worse II as Vitis HLS does not exploit read-first mode for URAMs. Consider using BRAMs instead.
WARNING: [HLS 200-2042] Usage of URAM can potentially cause worse II as Vitis HLS does not exploit read-first mode for URAMs. Consider using BRAMs instead.
WARNING: [HLS 200-2042] Usage of URAM can potentially cause worse II as Vitis HLS does not exploit read-first mode for URAMs. Consider using BRAMs instead.
WARNING: [HLS 200-2042] Usage of URAM can potentially cause worse II as Vitis HLS does not exploit read-first mode for URAMs. Consider using BRAMs instead.
WARNING: [HLS 200-2042] Usage of URAM can potentially cause worse II as Vitis HLS does not exploit read-first mode for URAMs. Consider using BRAMs instead.
WARNING: [HLS 200-2042] Usage of URAM can potentially cause worse II as Vitis HLS does not exploit read-first mode for URAMs. Consider using BRAMs instead.
WARNING: [HLS 200-2042] Usage of URAM can potentially cause worse II as Vitis HLS does not exploit read-first mode for URAMs. Consider using BRAMs instead.
WARNING: [HLS 200-2042] Usage of URAM can potentially cause worse II as Vitis HLS does not exploit read-first mode for URAMs. Consider using BRAMs instead.
WARNING: [HLS 200-2042] Usage of URAM can potentially cause worse II as Vitis HLS does not exploit read-first mode for URAMs. Consider using BRAMs instead.
WARNING: [HLS 200-2042] Usage of URAM can potentially cause worse II as Vitis HLS does not exploit read-first mode for URAMs. Consider using BRAMs instead.
WARNING: [HLS 200-2042] Usage of URAM can potentially cause worse II as Vitis HLS does not exploit read-first mode for URAMs. Consider using BRAMs instead.
WARNING: [HLS 200-2042] Usage of URAM can potentially cause worse II as Vitis HLS does not exploit read-first mode for URAMs. Consider using BRAMs instead.
WARNING: [HLS 200-2042] Usage of URAM can potentially cause worse II as Vitis HLS does not exploit read-first mode for URAMs. Consider using BRAMs instead.
WARNING: [HLS 200-2042] Usage of URAM can potentially cause worse II as Vitis HLS does not exploit read-first mode for URAMs. Consider using BRAMs instead.
WARNING: [HLS 200-2042] Usage of URAM can potentially cause worse II as Vitis HLS does not exploit read-first mode for URAMs. Consider using BRAMs instead.
WARNING: [HLS 200-2042] Usage of URAM can potentially cause worse II as Vitis HLS does not exploit read-first mode for URAMs. Consider using BRAMs instead.
WARNING: [HLS 200-2042] Usage of URAM can potentially cause worse II as Vitis HLS does not exploit read-first mode for URAMs. Consider using BRAMs instead.
WARNING: [HLS 200-2042] Usage of URAM can potentially cause worse II as Vitis HLS does not exploit read-first mode for URAMs. Consider using BRAMs instead.
WARNING: [HLS 200-2042] Usage of URAM can potentially cause worse II as Vitis HLS does not exploit read-first mode for URAMs. Consider using BRAMs instead.
WARNING: [HLS 200-2042] Usage of URAM can potentially cause worse II as Vitis HLS does not exploit read-first mode for URAMs. Consider using BRAMs instead.
WARNING: [HLS 200-2042] Usage of URAM can potentially cause worse II as Vitis HLS does not exploit read-first mode for URAMs. Consider using BRAMs instead.
WARNING: [HLS 200-2042] Usage of URAM can potentially cause worse II as Vitis HLS does not exploit read-first mode for URAMs. Consider using BRAMs instead.
WARNING: [HLS 200-2042] Usage of URAM can potentially cause worse II as Vitis HLS does not exploit read-first mode for URAMs. Consider using BRAMs instead.
WARNING: [HLS 200-2042] Usage of URAM can potentially cause worse II as Vitis HLS does not exploit read-first mode for URAMs. Consider using BRAMs instead.
WARNING: [HLS 200-2042] Usage of URAM can potentially cause worse II as Vitis HLS does not exploit read-first mode for URAMs. Consider using BRAMs instead.
WARNING: [HLS 200-2042] Usage of URAM can potentially cause worse II as Vitis HLS does not exploit read-first mode for URAMs. Consider using BRAMs instead.
WARNING: [HLS 200-2042] Usage of URAM can potentially cause worse II as Vitis HLS does not exploit read-first mode for URAMs. Consider using BRAMs instead.
WARNING: [HLS 200-2042] Usage of URAM can potentially cause worse II as Vitis HLS does not exploit read-first mode for URAMs. Consider using BRAMs instead.
WARNING: [HLS 200-2042] Usage of URAM can potentially cause worse II as Vitis HLS does not exploit read-first mode for URAMs. Consider using BRAMs instead.
WARNING: [HLS 200-2042] Usage of URAM can potentially cause worse II as Vitis HLS does not exploit read-first mode for URAMs. Consider using BRAMs instead.
WARNING: [HLS 200-2042] Usage of URAM can potentially cause worse II as Vitis HLS does not exploit read-first mode for URAMs. Consider using BRAMs instead.
WARNING: [HLS 200-2042] Usage of URAM can potentially cause worse II as Vitis HLS does not exploit read-first mode for URAMs. Consider using BRAMs instead.
WARNING: [HLS 200-2042] Usage of URAM can potentially cause worse II as Vitis HLS does not exploit read-first mode for URAMs. Consider using BRAMs instead.
WARNING: [HLS 200-2042] Usage of URAM can potentially cause worse II as Vitis HLS does not exploit read-first mode for URAMs. Consider using BRAMs instead.
WARNING: [HLS 200-2042] Usage of URAM can potentially cause worse II as Vitis HLS does not exploit read-first mode for URAMs. Consider using BRAMs instead.
WARNING: [HLS 200-2042] Usage of URAM can potentially cause worse II as Vitis HLS does not exploit read-first mode for URAMs. Consider using BRAMs instead.
WARNING: [HLS 200-2042] Usage of URAM can potentially cause worse II as Vitis HLS does not exploit read-first mode for URAMs. Consider using BRAMs instead.
WARNING: [HLS 200-2042] Usage of URAM can potentially cause worse II as Vitis HLS does not exploit read-first mode for URAMs. Consider using BRAMs instead.
WARNING: [HLS 200-2042] Usage of URAM can potentially cause worse II as Vitis HLS does not exploit read-first mode for URAMs. Consider using BRAMs instead.
WARNING: [HLS 200-2042] Usage of URAM can potentially cause worse II as Vitis HLS does not exploit read-first mode for URAMs. Consider using BRAMs instead.
WARNING: [HLS 200-2042] Usage of URAM can potentially cause worse II as Vitis HLS does not exploit read-first mode for URAMs. Consider using BRAMs instead.
WARNING: [HLS 200-2042] Usage of URAM can potentially cause worse II as Vitis HLS does not exploit read-first mode for URAMs. Consider using BRAMs instead.
WARNING: [HLS 200-2042] Usage of URAM can potentially cause worse II as Vitis HLS does not exploit read-first mode for URAMs. Consider using BRAMs instead.
WARNING: [HLS 200-2042] Usage of URAM can potentially cause worse II as Vitis HLS does not exploit read-first mode for URAMs. Consider using BRAMs instead.
WARNING: [HLS 200-2042] Usage of URAM can potentially cause worse II as Vitis HLS does not exploit read-first mode for URAMs. Consider using BRAMs instead.
WARNING: [HLS 200-2042] Usage of URAM can potentially cause worse II as Vitis HLS does not exploit read-first mode for URAMs. Consider using BRAMs instead.
WARNING: [HLS 200-2042] Usage of URAM can potentially cause worse II as Vitis HLS does not exploit read-first mode for URAMs. Consider using BRAMs instead.
WARNING: [HLS 200-2042] Usage of URAM can potentially cause worse II as Vitis HLS does not exploit read-first mode for URAMs. Consider using BRAMs instead.
WARNING: [HLS 200-2042] Usage of URAM can potentially cause worse II as Vitis HLS does not exploit read-first mode for URAMs. Consider using BRAMs instead.
WARNING: [HLS 200-2042] Usage of URAM can potentially cause worse II as Vitis HLS does not exploit read-first mode for URAMs. Consider using BRAMs instead.
WARNING: [HLS 200-2042] Usage of URAM can potentially cause worse II as Vitis HLS does not exploit read-first mode for URAMs. Consider using BRAMs instead.
WARNING: [HLS 200-2042] Usage of URAM can potentially cause worse II as Vitis HLS does not exploit read-first mode for URAMs. Consider using BRAMs instead.
WARNING: [HLS 200-2042] Usage of URAM can potentially cause worse II as Vitis HLS does not exploit read-first mode for URAMs. Consider using BRAMs instead.
WARNING: [HLS 200-2042] Usage of URAM can potentially cause worse II as Vitis HLS does not exploit read-first mode for URAMs. Consider using BRAMs instead.
WARNING: [HLS 200-2042] Usage of URAM can potentially cause worse II as Vitis HLS does not exploit read-first mode for URAMs. Consider using BRAMs instead.
WARNING: [HLS 200-2042] Usage of URAM can potentially cause worse II as Vitis HLS does not exploit read-first mode for URAMs. Consider using BRAMs instead.
WARNING: [HLS 200-2042] Usage of URAM can potentially cause worse II as Vitis HLS does not exploit read-first mode for URAMs. Consider using BRAMs instead.
WARNING: [HLS 200-2042] Usage of URAM can potentially cause worse II as Vitis HLS does not exploit read-first mode for URAMs. Consider using BRAMs instead.
WARNING: [HLS 200-2042] Usage of URAM can potentially cause worse II as Vitis HLS does not exploit read-first mode for URAMs. Consider using BRAMs instead.
WARNING: [HLS 200-2042] Usage of URAM can potentially cause worse II as Vitis HLS does not exploit read-first mode for URAMs. Consider using BRAMs instead.
WARNING: [HLS 200-2042] Usage of URAM can potentially cause worse II as Vitis HLS does not exploit read-first mode for URAMs. Consider using BRAMs instead.
WARNING: [HLS 200-2042] Usage of URAM can potentially cause worse II as Vitis HLS does not exploit read-first mode for URAMs. Consider using BRAMs instead.
WARNING: [HLS 200-2042] Usage of URAM can potentially cause worse II as Vitis HLS does not exploit read-first mode for URAMs. Consider using BRAMs instead.
WARNING: [HLS 200-2042] Usage of URAM can potentially cause worse II as Vitis HLS does not exploit read-first mode for URAMs. Consider using BRAMs instead.
WARNING: [HLS 200-2042] Usage of URAM can potentially cause worse II as Vitis HLS does not exploit read-first mode for URAMs. Consider using BRAMs instead.
WARNING: [HLS 200-2042] Usage of URAM can potentially cause worse II as Vitis HLS does not exploit read-first mode for URAMs. Consider using BRAMs instead.
WARNING: [HLS 200-2042] Usage of URAM can potentially cause worse II as Vitis HLS does not exploit read-first mode for URAMs. Consider using BRAMs instead.
WARNING: [HLS 200-2042] Usage of URAM can potentially cause worse II as Vitis HLS does not exploit read-first mode for URAMs. Consider using BRAMs instead.
WARNING: [HLS 200-2042] Usage of URAM can potentially cause worse II as Vitis HLS does not exploit read-first mode for URAMs. Consider using BRAMs instead.
WARNING: [HLS 200-2042] Usage of URAM can potentially cause worse II as Vitis HLS does not exploit read-first mode for URAMs. Consider using BRAMs instead.
WARNING: [HLS 200-2042] Usage of URAM can potentially cause worse II as Vitis HLS does not exploit read-first mode for URAMs. Consider using BRAMs instead.
WARNING: [HLS 200-2042] Usage of URAM can potentially cause worse II as Vitis HLS does not exploit read-first mode for URAMs. Consider using BRAMs instead.
WARNING: [HLS 200-2042] Usage of URAM can potentially cause worse II as Vitis HLS does not exploit read-first mode for URAMs. Consider using BRAMs instead.
WARNING: [HLS 200-2042] Usage of URAM can potentially cause worse II as Vitis HLS does not exploit read-first mode for URAMs. Consider using BRAMs instead.
WARNING: [HLS 200-2042] Usage of URAM can potentially cause worse II as Vitis HLS does not exploit read-first mode for URAMs. Consider using BRAMs instead.
WARNING: [HLS 200-2042] Usage of URAM can potentially cause worse II as Vitis HLS does not exploit read-first mode for URAMs. Consider using BRAMs instead.
WARNING: [HLS 200-2042] Usage of URAM can potentially cause worse II as Vitis HLS does not exploit read-first mode for URAMs. Consider using BRAMs instead.
WARNING: [HLS 200-2042] Usage of URAM can potentially cause worse II as Vitis HLS does not exploit read-first mode for URAMs. Consider using BRAMs instead.
WARNING: [HLS 200-2042] Usage of URAM can potentially cause worse II as Vitis HLS does not exploit read-first mode for URAMs. Consider using BRAMs instead.
WARNING: [HLS 200-2042] Usage of URAM can potentially cause worse II as Vitis HLS does not exploit read-first mode for URAMs. Consider using BRAMs instead.
WARNING: [HLS 200-2042] Usage of URAM can potentially cause worse II as Vitis HLS does not exploit read-first mode for URAMs. Consider using BRAMs instead.
WARNING: [HLS 200-2042] Usage of URAM can potentially cause worse II as Vitis HLS does not exploit read-first mode for URAMs. Consider using BRAMs instead.
WARNING: [HLS 200-2042] Usage of URAM can potentially cause worse II as Vitis HLS does not exploit read-first mode for URAMs. Consider using BRAMs instead.
WARNING: [HLS 200-2042] Usage of URAM can potentially cause worse II as Vitis HLS does not exploit read-first mode for URAMs. Consider using BRAMs instead.
WARNING: [HLS 200-2042] Usage of URAM can potentially cause worse II as Vitis HLS does not exploit read-first mode for URAMs. Consider using BRAMs instead.
WARNING: [HLS 200-2042] Usage of URAM can potentially cause worse II as Vitis HLS does not exploit read-first mode for URAMs. Consider using BRAMs instead.
WARNING: [HLS 200-2042] Usage of URAM can potentially cause worse II as Vitis HLS does not exploit read-first mode for URAMs. Consider using BRAMs instead.
WARNING: [HLS 200-2042] Usage of URAM can potentially cause worse II as Vitis HLS does not exploit read-first mode for URAMs. Consider using BRAMs instead.
WARNING: [HLS 200-2042] Usage of URAM can potentially cause worse II as Vitis HLS does not exploit read-first mode for URAMs. Consider using BRAMs instead.
WARNING: [HLS 200-2042] Usage of URAM can potentially cause worse II as Vitis HLS does not exploit read-first mode for URAMs. Consider using BRAMs instead.
WARNING: [HLS 200-2042] Usage of URAM can potentially cause worse II as Vitis HLS does not exploit read-first mode for URAMs. Consider using BRAMs instead.
WARNING: [HLS 200-2042] Usage of URAM can potentially cause worse II as Vitis HLS does not exploit read-first mode for URAMs. Consider using BRAMs instead.
WARNING: [HLS 200-2042] Usage of URAM can potentially cause worse II as Vitis HLS does not exploit read-first mode for URAMs. Consider using BRAMs instead.
WARNING: [HLS 200-2042] Usage of URAM can potentially cause worse II as Vitis HLS does not exploit read-first mode for URAMs. Consider using BRAMs instead.
WARNING: [HLS 200-2042] Usage of URAM can potentially cause worse II as Vitis HLS does not exploit read-first mode for URAMs. Consider using BRAMs instead.
WARNING: [HLS 200-2042] Usage of URAM can potentially cause worse II as Vitis HLS does not exploit read-first mode for URAMs. Consider using BRAMs instead.
WARNING: [HLS 200-2042] Usage of URAM can potentially cause worse II as Vitis HLS does not exploit read-first mode for URAMs. Consider using BRAMs instead.
WARNING: [HLS 200-2042] Usage of URAM can potentially cause worse II as Vitis HLS does not exploit read-first mode for URAMs. Consider using BRAMs instead.
WARNING: [HLS 200-2042] Usage of URAM can potentially cause worse II as Vitis HLS does not exploit read-first mode for URAMs. Consider using BRAMs instead.
WARNING: [HLS 200-2042] Usage of URAM can potentially cause worse II as Vitis HLS does not exploit read-first mode for URAMs. Consider using BRAMs instead.
WARNING: [HLS 200-2042] Usage of URAM can potentially cause worse II as Vitis HLS does not exploit read-first mode for URAMs. Consider using BRAMs instead.
WARNING: [HLS 200-2042] Usage of URAM can potentially cause worse II as Vitis HLS does not exploit read-first mode for URAMs. Consider using BRAMs instead.
WARNING: [HLS 200-2042] Usage of URAM can potentially cause worse II as Vitis HLS does not exploit read-first mode for URAMs. Consider using BRAMs instead.
WARNING: [HLS 200-2042] Usage of URAM can potentially cause worse II as Vitis HLS does not exploit read-first mode for URAMs. Consider using BRAMs instead.
WARNING: [HLS 200-2042] Usage of URAM can potentially cause worse II as Vitis HLS does not exploit read-first mode for URAMs. Consider using BRAMs instead.
WARNING: [HLS 200-2042] Usage of URAM can potentially cause worse II as Vitis HLS does not exploit read-first mode for URAMs. Consider using BRAMs instead.
WARNING: [HLS 200-2042] Usage of URAM can potentially cause worse II as Vitis HLS does not exploit read-first mode for URAMs. Consider using BRAMs instead.
WARNING: [HLS 200-2042] Usage of URAM can potentially cause worse II as Vitis HLS does not exploit read-first mode for URAMs. Consider using BRAMs instead.
WARNING: [HLS 200-2042] Usage of URAM can potentially cause worse II as Vitis HLS does not exploit read-first mode for URAMs. Consider using BRAMs instead.
WARNING: [HLS 200-2042] Usage of URAM can potentially cause worse II as Vitis HLS does not exploit read-first mode for URAMs. Consider using BRAMs instead.
WARNING: [HLS 200-2042] Usage of URAM can potentially cause worse II as Vitis HLS does not exploit read-first mode for URAMs. Consider using BRAMs instead.
WARNING: [HLS 200-2042] Usage of URAM can potentially cause worse II as Vitis HLS does not exploit read-first mode for URAMs. Consider using BRAMs instead.
WARNING: [HLS 200-2042] Usage of URAM can potentially cause worse II as Vitis HLS does not exploit read-first mode for URAMs. Consider using BRAMs instead.
WARNING: [HLS 200-2042] Usage of URAM can potentially cause worse II as Vitis HLS does not exploit read-first mode for URAMs. Consider using BRAMs instead.
WARNING: [HLS 200-2042] Usage of URAM can potentially cause worse II as Vitis HLS does not exploit read-first mode for URAMs. Consider using BRAMs instead.
WARNING: [HLS 200-2042] Usage of URAM can potentially cause worse II as Vitis HLS does not exploit read-first mode for URAMs. Consider using BRAMs instead.
WARNING: [HLS 200-2042] Usage of URAM can potentially cause worse II as Vitis HLS does not exploit read-first mode for URAMs. Consider using BRAMs instead.
WARNING: [HLS 200-2042] Usage of URAM can potentially cause worse II as Vitis HLS does not exploit read-first mode for URAMs. Consider using BRAMs instead.
WARNING: [HLS 200-2042] Usage of URAM can potentially cause worse II as Vitis HLS does not exploit read-first mode for URAMs. Consider using BRAMs instead.
WARNING: [HLS 200-2042] Usage of URAM can potentially cause worse II as Vitis HLS does not exploit read-first mode for URAMs. Consider using BRAMs instead.
WARNING: [HLS 200-2042] Usage of URAM can potentially cause worse II as Vitis HLS does not exploit read-first mode for URAMs. Consider using BRAMs instead.
WARNING: [HLS 200-2042] Usage of URAM can potentially cause worse II as Vitis HLS does not exploit read-first mode for URAMs. Consider using BRAMs instead.
WARNING: [HLS 200-2042] Usage of URAM can potentially cause worse II as Vitis HLS does not exploit read-first mode for URAMs. Consider using BRAMs instead.
WARNING: [HLS 200-2042] Usage of URAM can potentially cause worse II as Vitis HLS does not exploit read-first mode for URAMs. Consider using BRAMs instead.
WARNING: [HLS 200-2042] Usage of URAM can potentially cause worse II as Vitis HLS does not exploit read-first mode for URAMs. Consider using BRAMs instead.
WARNING: [HLS 200-2042] Usage of URAM can potentially cause worse II as Vitis HLS does not exploit read-first mode for URAMs. Consider using BRAMs instead.
WARNING: [HLS 200-2042] Usage of URAM can potentially cause worse II as Vitis HLS does not exploit read-first mode for URAMs. Consider using BRAMs instead.
WARNING: [HLS 200-2042] Usage of URAM can potentially cause worse II as Vitis HLS does not exploit read-first mode for URAMs. Consider using BRAMs instead.
WARNING: [HLS 200-2042] Usage of URAM can potentially cause worse II as Vitis HLS does not exploit read-first mode for URAMs. Consider using BRAMs instead.
WARNING: [HLS 200-2042] Usage of URAM can potentially cause worse II as Vitis HLS does not exploit read-first mode for URAMs. Consider using BRAMs instead.
WARNING: [HLS 200-2042] Usage of URAM can potentially cause worse II as Vitis HLS does not exploit read-first mode for URAMs. Consider using BRAMs instead.
WARNING: [HLS 200-2042] Usage of URAM can potentially cause worse II as Vitis HLS does not exploit read-first mode for URAMs. Consider using BRAMs instead.
WARNING: [HLS 200-2042] Usage of URAM can potentially cause worse II as Vitis HLS does not exploit read-first mode for URAMs. Consider using BRAMs instead.
WARNING: [HLS 200-2042] Usage of URAM can potentially cause worse II as Vitis HLS does not exploit read-first mode for URAMs. Consider using BRAMs instead.
WARNING: [HLS 200-2042] Usage of URAM can potentially cause worse II as Vitis HLS does not exploit read-first mode for URAMs. Consider using BRAMs instead.
WARNING: [HLS 200-2042] Usage of URAM can potentially cause worse II as Vitis HLS does not exploit read-first mode for URAMs. Consider using BRAMs instead.
WARNING: [HLS 200-2042] Usage of URAM can potentially cause worse II as Vitis HLS does not exploit read-first mode for URAMs. Consider using BRAMs instead.
WARNING: [HLS 200-2042] Usage of URAM can potentially cause worse II as Vitis HLS does not exploit read-first mode for URAMs. Consider using BRAMs instead.
WARNING: [HLS 200-2042] Usage of URAM can potentially cause worse II as Vitis HLS does not exploit read-first mode for URAMs. Consider using BRAMs instead.
WARNING: [HLS 200-2042] Usage of URAM can potentially cause worse II as Vitis HLS does not exploit read-first mode for URAMs. Consider using BRAMs instead.
WARNING: [HLS 200-2042] Usage of URAM can potentially cause worse II as Vitis HLS does not exploit read-first mode for URAMs. Consider using BRAMs instead.
WARNING: [HLS 200-2042] Usage of URAM can potentially cause worse II as Vitis HLS does not exploit read-first mode for URAMs. Consider using BRAMs instead.
WARNING: [HLS 200-2042] Usage of URAM can potentially cause worse II as Vitis HLS does not exploit read-first mode for URAMs. Consider using BRAMs instead.
WARNING: [HLS 200-2042] Usage of URAM can potentially cause worse II as Vitis HLS does not exploit read-first mode for URAMs. Consider using BRAMs instead.
WARNING: [HLS 200-2042] Usage of URAM can potentially cause worse II as Vitis HLS does not exploit read-first mode for URAMs. Consider using BRAMs instead.
WARNING: [HLS 200-2042] Usage of URAM can potentially cause worse II as Vitis HLS does not exploit read-first mode for URAMs. Consider using BRAMs instead.
WARNING: [HLS 200-2042] Usage of URAM can potentially cause worse II as Vitis HLS does not exploit read-first mode for URAMs. Consider using BRAMs instead.
WARNING: [HLS 200-2042] Usage of URAM can potentially cause worse II as Vitis HLS does not exploit read-first mode for URAMs. Consider using BRAMs instead.
WARNING: [HLS 200-2042] Usage of URAM can potentially cause worse II as Vitis HLS does not exploit read-first mode for URAMs. Consider using BRAMs instead.
WARNING: [HLS 200-2042] Usage of URAM can potentially cause worse II as Vitis HLS does not exploit read-first mode for URAMs. Consider using BRAMs instead.
WARNING: [HLS 200-2042] Usage of URAM can potentially cause worse II as Vitis HLS does not exploit read-first mode for URAMs. Consider using BRAMs instead.
WARNING: [HLS 200-2042] Usage of URAM can potentially cause worse II as Vitis HLS does not exploit read-first mode for URAMs. Consider using BRAMs instead.
WARNING: [HLS 200-2042] Usage of URAM can potentially cause worse II as Vitis HLS does not exploit read-first mode for URAMs. Consider using BRAMs instead.
WARNING: [HLS 200-2042] Usage of URAM can potentially cause worse II as Vitis HLS does not exploit read-first mode for URAMs. Consider using BRAMs instead.
WARNING: [HLS 200-2042] Usage of URAM can potentially cause worse II as Vitis HLS does not exploit read-first mode for URAMs. Consider using BRAMs instead.
WARNING: [HLS 200-2042] Usage of URAM can potentially cause worse II as Vitis HLS does not exploit read-first mode for URAMs. Consider using BRAMs instead.
WARNING: [HLS 200-2042] Usage of URAM can potentially cause worse II as Vitis HLS does not exploit read-first mode for URAMs. Consider using BRAMs instead.
WARNING: [HLS 200-2042] Usage of URAM can potentially cause worse II as Vitis HLS does not exploit read-first mode for URAMs. Consider using BRAMs instead.
WARNING: [HLS 200-2042] Usage of URAM can potentially cause worse II as Vitis HLS does not exploit read-first mode for URAMs. Consider using BRAMs instead.
WARNING: [HLS 200-2042] Usage of URAM can potentially cause worse II as Vitis HLS does not exploit read-first mode for URAMs. Consider using BRAMs instead.
WARNING: [HLS 200-2042] Usage of URAM can potentially cause worse II as Vitis HLS does not exploit read-first mode for URAMs. Consider using BRAMs instead.
WARNING: [HLS 200-2042] Usage of URAM can potentially cause worse II as Vitis HLS does not exploit read-first mode for URAMs. Consider using BRAMs instead.
WARNING: [HLS 200-2042] Usage of URAM can potentially cause worse II as Vitis HLS does not exploit read-first mode for URAMs. Consider using BRAMs instead.
WARNING: [HLS 200-2042] Usage of URAM can potentially cause worse II as Vitis HLS does not exploit read-first mode for URAMs. Consider using BRAMs instead.
WARNING: [HLS 200-2042] Usage of URAM can potentially cause worse II as Vitis HLS does not exploit read-first mode for URAMs. Consider using BRAMs instead.
WARNING: [HLS 200-2042] Usage of URAM can potentially cause worse II as Vitis HLS does not exploit read-first mode for URAMs. Consider using BRAMs instead.
WARNING: [HLS 200-2042] Usage of URAM can potentially cause worse II as Vitis HLS does not exploit read-first mode for URAMs. Consider using BRAMs instead.
WARNING: [HLS 200-2042] Usage of URAM can potentially cause worse II as Vitis HLS does not exploit read-first mode for URAMs. Consider using BRAMs instead.
WARNING: [HLS 200-2042] Usage of URAM can potentially cause worse II as Vitis HLS does not exploit read-first mode for URAMs. Consider using BRAMs instead.
WARNING: [HLS 200-2042] Usage of URAM can potentially cause worse II as Vitis HLS does not exploit read-first mode for URAMs. Consider using BRAMs instead.
WARNING: [HLS 200-2042] Usage of URAM can potentially cause worse II as Vitis HLS does not exploit read-first mode for URAMs. Consider using BRAMs instead.
WARNING: [HLS 200-2042] Usage of URAM can potentially cause worse II as Vitis HLS does not exploit read-first mode for URAMs. Consider using BRAMs instead.
WARNING: [HLS 200-2042] Usage of URAM can potentially cause worse II as Vitis HLS does not exploit read-first mode for URAMs. Consider using BRAMs instead.
WARNING: [HLS 200-2042] Usage of URAM can potentially cause worse II as Vitis HLS does not exploit read-first mode for URAMs. Consider using BRAMs instead.
WARNING: [HLS 200-2042] Usage of URAM can potentially cause worse II as Vitis HLS does not exploit read-first mode for URAMs. Consider using BRAMs instead.
WARNING: [HLS 200-2042] Usage of URAM can potentially cause worse II as Vitis HLS does not exploit read-first mode for URAMs. Consider using BRAMs instead.
WARNING: [HLS 200-2042] Usage of URAM can potentially cause worse II as Vitis HLS does not exploit read-first mode for URAMs. Consider using BRAMs instead.
WARNING: [HLS 200-2042] Usage of URAM can potentially cause worse II as Vitis HLS does not exploit read-first mode for URAMs. Consider using BRAMs instead.
WARNING: [HLS 200-2042] Usage of URAM can potentially cause worse II as Vitis HLS does not exploit read-first mode for URAMs. Consider using BRAMs instead.
WARNING: [HLS 200-2042] Usage of URAM can potentially cause worse II as Vitis HLS does not exploit read-first mode for URAMs. Consider using BRAMs instead.
WARNING: [HLS 200-2042] Usage of URAM can potentially cause worse II as Vitis HLS does not exploit read-first mode for URAMs. Consider using BRAMs instead.
WARNING: [HLS 200-2042] Usage of URAM can potentially cause worse II as Vitis HLS does not exploit read-first mode for URAMs. Consider using BRAMs instead.
WARNING: [HLS 200-2042] Usage of URAM can potentially cause worse II as Vitis HLS does not exploit read-first mode for URAMs. Consider using BRAMs instead.
WARNING: [HLS 200-2042] Usage of URAM can potentially cause worse II as Vitis HLS does not exploit read-first mode for URAMs. Consider using BRAMs instead.
WARNING: [HLS 200-2042] Usage of URAM can potentially cause worse II as Vitis HLS does not exploit read-first mode for URAMs. Consider using BRAMs instead.
WARNING: [HLS 200-2042] Usage of URAM can potentially cause worse II as Vitis HLS does not exploit read-first mode for URAMs. Consider using BRAMs instead.
WARNING: [HLS 200-2042] Usage of URAM can potentially cause worse II as Vitis HLS does not exploit read-first mode for URAMs. Consider using BRAMs instead.
WARNING: [HLS 200-2042] Usage of URAM can potentially cause worse II as Vitis HLS does not exploit read-first mode for URAMs. Consider using BRAMs instead.
WARNING: [HLS 200-2042] Usage of URAM can potentially cause worse II as Vitis HLS does not exploit read-first mode for URAMs. Consider using BRAMs instead.
WARNING: [HLS 200-2042] Usage of URAM can potentially cause worse II as Vitis HLS does not exploit read-first mode for URAMs. Consider using BRAMs instead.
WARNING: [HLS 200-2042] Usage of URAM can potentially cause worse II as Vitis HLS does not exploit read-first mode for URAMs. Consider using BRAMs instead.
WARNING: [HLS 200-2042] Usage of URAM can potentially cause worse II as Vitis HLS does not exploit read-first mode for URAMs. Consider using BRAMs instead.
WARNING: [HLS 200-2042] Usage of URAM can potentially cause worse II as Vitis HLS does not exploit read-first mode for URAMs. Consider using BRAMs instead.
WARNING: [HLS 200-2042] Usage of URAM can potentially cause worse II as Vitis HLS does not exploit read-first mode for URAMs. Consider using BRAMs instead.
WARNING: [HLS 200-2042] Usage of URAM can potentially cause worse II as Vitis HLS does not exploit read-first mode for URAMs. Consider using BRAMs instead.
WARNING: [HLS 200-2042] Usage of URAM can potentially cause worse II as Vitis HLS does not exploit read-first mode for URAMs. Consider using BRAMs instead.
WARNING: [HLS 200-2042] Usage of URAM can potentially cause worse II as Vitis HLS does not exploit read-first mode for URAMs. Consider using BRAMs instead.
WARNING: [HLS 200-2042] Usage of URAM can potentially cause worse II as Vitis HLS does not exploit read-first mode for URAMs. Consider using BRAMs instead.
WARNING: [HLS 200-2042] Usage of URAM can potentially cause worse II as Vitis HLS does not exploit read-first mode for URAMs. Consider using BRAMs instead.
WARNING: [HLS 200-2042] Usage of URAM can potentially cause worse II as Vitis HLS does not exploit read-first mode for URAMs. Consider using BRAMs instead.
WARNING: [HLS 200-2042] Usage of URAM can potentially cause worse II as Vitis HLS does not exploit read-first mode for URAMs. Consider using BRAMs instead.
WARNING: [HLS 200-2042] Usage of URAM can potentially cause worse II as Vitis HLS does not exploit read-first mode for URAMs. Consider using BRAMs instead.
WARNING: [HLS 200-2042] Usage of URAM can potentially cause worse II as Vitis HLS does not exploit read-first mode for URAMs. Consider using BRAMs instead.
WARNING: [HLS 200-2042] Usage of URAM can potentially cause worse II as Vitis HLS does not exploit read-first mode for URAMs. Consider using BRAMs instead.
WARNING: [HLS 200-2042] Usage of URAM can potentially cause worse II as Vitis HLS does not exploit read-first mode for URAMs. Consider using BRAMs instead.
WARNING: [HLS 200-2042] Usage of URAM can potentially cause worse II as Vitis HLS does not exploit read-first mode for URAMs. Consider using BRAMs instead.
WARNING: [HLS 200-2042] Usage of URAM can potentially cause worse II as Vitis HLS does not exploit read-first mode for URAMs. Consider using BRAMs instead.
WARNING: [HLS 200-2042] Usage of URAM can potentially cause worse II as Vitis HLS does not exploit read-first mode for URAMs. Consider using BRAMs instead.
WARNING: [HLS 200-2042] Usage of URAM can potentially cause worse II as Vitis HLS does not exploit read-first mode for URAMs. Consider using BRAMs instead.
WARNING: [HLS 200-2042] Usage of URAM can potentially cause worse II as Vitis HLS does not exploit read-first mode for URAMs. Consider using BRAMs instead.
WARNING: [HLS 200-2042] Usage of URAM can potentially cause worse II as Vitis HLS does not exploit read-first mode for URAMs. Consider using BRAMs instead.
WARNING: [HLS 200-2042] Usage of URAM can potentially cause worse II as Vitis HLS does not exploit read-first mode for URAMs. Consider using BRAMs instead.
WARNING: [HLS 200-2042] Usage of URAM can potentially cause worse II as Vitis HLS does not exploit read-first mode for URAMs. Consider using BRAMs instead.
WARNING: [HLS 200-2042] Usage of URAM can potentially cause worse II as Vitis HLS does not exploit read-first mode for URAMs. Consider using BRAMs instead.
WARNING: [HLS 200-2042] Usage of URAM can potentially cause worse II as Vitis HLS does not exploit read-first mode for URAMs. Consider using BRAMs instead.
WARNING: [HLS 200-2042] Usage of URAM can potentially cause worse II as Vitis HLS does not exploit read-first mode for URAMs. Consider using BRAMs instead.
WARNING: [HLS 200-2042] Usage of URAM can potentially cause worse II as Vitis HLS does not exploit read-first mode for URAMs. Consider using BRAMs instead.
WARNING: [HLS 200-2042] Usage of URAM can potentially cause worse II as Vitis HLS does not exploit read-first mode for URAMs. Consider using BRAMs instead.
WARNING: [HLS 200-2042] Usage of URAM can potentially cause worse II as Vitis HLS does not exploit read-first mode for URAMs. Consider using BRAMs instead.
WARNING: [HLS 200-2042] Usage of URAM can potentially cause worse II as Vitis HLS does not exploit read-first mode for URAMs. Consider using BRAMs instead.
WARNING: [HLS 200-2042] Usage of URAM can potentially cause worse II as Vitis HLS does not exploit read-first mode for URAMs. Consider using BRAMs instead.
WARNING: [HLS 200-2042] Usage of URAM can potentially cause worse II as Vitis HLS does not exploit read-first mode for URAMs. Consider using BRAMs instead.
WARNING: [HLS 200-2042] Usage of URAM can potentially cause worse II as Vitis HLS does not exploit read-first mode for URAMs. Consider using BRAMs instead.
WARNING: [HLS 200-2042] Usage of URAM can potentially cause worse II as Vitis HLS does not exploit read-first mode for URAMs. Consider using BRAMs instead.
WARNING: [HLS 200-2042] Usage of URAM can potentially cause worse II as Vitis HLS does not exploit read-first mode for URAMs. Consider using BRAMs instead.
WARNING: [HLS 200-2042] Usage of URAM can potentially cause worse II as Vitis HLS does not exploit read-first mode for URAMs. Consider using BRAMs instead.
WARNING: [HLS 200-2042] Usage of URAM can potentially cause worse II as Vitis HLS does not exploit read-first mode for URAMs. Consider using BRAMs instead.
WARNING: [HLS 200-2042] Usage of URAM can potentially cause worse II as Vitis HLS does not exploit read-first mode for URAMs. Consider using BRAMs instead.
WARNING: [HLS 200-2042] Usage of URAM can potentially cause worse II as Vitis HLS does not exploit read-first mode for URAMs. Consider using BRAMs instead.
WARNING: [HLS 200-2042] Usage of URAM can potentially cause worse II as Vitis HLS does not exploit read-first mode for URAMs. Consider using BRAMs instead.
WARNING: [HLS 200-2042] Usage of URAM can potentially cause worse II as Vitis HLS does not exploit read-first mode for URAMs. Consider using BRAMs instead.
WARNING: [HLS 200-2042] Usage of URAM can potentially cause worse II as Vitis HLS does not exploit read-first mode for URAMs. Consider using BRAMs instead.
WARNING: [HLS 200-2042] Usage of URAM can potentially cause worse II as Vitis HLS does not exploit read-first mode for URAMs. Consider using BRAMs instead.
WARNING: [HLS 200-2042] Usage of URAM can potentially cause worse II as Vitis HLS does not exploit read-first mode for URAMs. Consider using BRAMs instead.
WARNING: [HLS 200-2042] Usage of URAM can potentially cause worse II as Vitis HLS does not exploit read-first mode for URAMs. Consider using BRAMs instead.
WARNING: [HLS 200-2042] Usage of URAM can potentially cause worse II as Vitis HLS does not exploit read-first mode for URAMs. Consider using BRAMs instead.
WARNING: [HLS 200-2042] Usage of URAM can potentially cause worse II as Vitis HLS does not exploit read-first mode for URAMs. Consider using BRAMs instead.
WARNING: [HLS 200-2042] Usage of URAM can potentially cause worse II as Vitis HLS does not exploit read-first mode for URAMs. Consider using BRAMs instead.
WARNING: [HLS 200-2042] Usage of URAM can potentially cause worse II as Vitis HLS does not exploit read-first mode for URAMs. Consider using BRAMs instead.
WARNING: [HLS 200-2042] Usage of URAM can potentially cause worse II as Vitis HLS does not exploit read-first mode for URAMs. Consider using BRAMs instead.
WARNING: [HLS 200-2042] Usage of URAM can potentially cause worse II as Vitis HLS does not exploit read-first mode for URAMs. Consider using BRAMs instead.
WARNING: [HLS 200-2042] Usage of URAM can potentially cause worse II as Vitis HLS does not exploit read-first mode for URAMs. Consider using BRAMs instead.
WARNING: [HLS 200-2042] Usage of URAM can potentially cause worse II as Vitis HLS does not exploit read-first mode for URAMs. Consider using BRAMs instead.
WARNING: [HLS 200-2042] Usage of URAM can potentially cause worse II as Vitis HLS does not exploit read-first mode for URAMs. Consider using BRAMs instead.
WARNING: [HLS 200-2042] Usage of URAM can potentially cause worse II as Vitis HLS does not exploit read-first mode for URAMs. Consider using BRAMs instead.
WARNING: [HLS 200-2042] Usage of URAM can potentially cause worse II as Vitis HLS does not exploit read-first mode for URAMs. Consider using BRAMs instead.
WARNING: [HLS 200-2042] Usage of URAM can potentially cause worse II as Vitis HLS does not exploit read-first mode for URAMs. Consider using BRAMs instead.
WARNING: [HLS 200-2042] Usage of URAM can potentially cause worse II as Vitis HLS does not exploit read-first mode for URAMs. Consider using BRAMs instead.
WARNING: [HLS 200-2042] Usage of URAM can potentially cause worse II as Vitis HLS does not exploit read-first mode for URAMs. Consider using BRAMs instead.
WARNING: [HLS 200-2042] Usage of URAM can potentially cause worse II as Vitis HLS does not exploit read-first mode for URAMs. Consider using BRAMs instead.
WARNING: [HLS 200-2042] Usage of URAM can potentially cause worse II as Vitis HLS does not exploit read-first mode for URAMs. Consider using BRAMs instead.
WARNING: [HLS 200-2042] Usage of URAM can potentially cause worse II as Vitis HLS does not exploit read-first mode for URAMs. Consider using BRAMs instead.
WARNING: [HLS 200-2042] Usage of URAM can potentially cause worse II as Vitis HLS does not exploit read-first mode for URAMs. Consider using BRAMs instead.
WARNING: [HLS 200-2042] Usage of URAM can potentially cause worse II as Vitis HLS does not exploit read-first mode for URAMs. Consider using BRAMs instead.
WARNING: [HLS 200-2042] Usage of URAM can potentially cause worse II as Vitis HLS does not exploit read-first mode for URAMs. Consider using BRAMs instead.
WARNING: [HLS 200-2042] Usage of URAM can potentially cause worse II as Vitis HLS does not exploit read-first mode for URAMs. Consider using BRAMs instead.
WARNING: [HLS 200-2042] Usage of URAM can potentially cause worse II as Vitis HLS does not exploit read-first mode for URAMs. Consider using BRAMs instead.
WARNING: [HLS 200-2042] Usage of URAM can potentially cause worse II as Vitis HLS does not exploit read-first mode for URAMs. Consider using BRAMs instead.
WARNING: [HLS 200-2042] Usage of URAM can potentially cause worse II as Vitis HLS does not exploit read-first mode for URAMs. Consider using BRAMs instead.
WARNING: [HLS 200-2042] Usage of URAM can potentially cause worse II as Vitis HLS does not exploit read-first mode for URAMs. Consider using BRAMs instead.
WARNING: [HLS 200-2042] Usage of URAM can potentially cause worse II as Vitis HLS does not exploit read-first mode for URAMs. Consider using BRAMs instead.
WARNING: [HLS 200-2042] Usage of URAM can potentially cause worse II as Vitis HLS does not exploit read-first mode for URAMs. Consider using BRAMs instead.
WARNING: [HLS 200-2042] Usage of URAM can potentially cause worse II as Vitis HLS does not exploit read-first mode for URAMs. Consider using BRAMs instead.
WARNING: [HLS 200-2042] Usage of URAM can potentially cause worse II as Vitis HLS does not exploit read-first mode for URAMs. Consider using BRAMs instead.
WARNING: [HLS 200-2042] Usage of URAM can potentially cause worse II as Vitis HLS does not exploit read-first mode for URAMs. Consider using BRAMs instead.
WARNING: [HLS 200-2042] Usage of URAM can potentially cause worse II as Vitis HLS does not exploit read-first mode for URAMs. Consider using BRAMs instead.
WARNING: [HLS 200-2042] Usage of URAM can potentially cause worse II as Vitis HLS does not exploit read-first mode for URAMs. Consider using BRAMs instead.
WARNING: [HLS 200-2042] Usage of URAM can potentially cause worse II as Vitis HLS does not exploit read-first mode for URAMs. Consider using BRAMs instead.
WARNING: [HLS 200-2042] Usage of URAM can potentially cause worse II as Vitis HLS does not exploit read-first mode for URAMs. Consider using BRAMs instead.
WARNING: [HLS 200-2042] Usage of URAM can potentially cause worse II as Vitis HLS does not exploit read-first mode for URAMs. Consider using BRAMs instead.
WARNING: [HLS 200-2042] Usage of URAM can potentially cause worse II as Vitis HLS does not exploit read-first mode for URAMs. Consider using BRAMs instead.
WARNING: [HLS 200-2042] Usage of URAM can potentially cause worse II as Vitis HLS does not exploit read-first mode for URAMs. Consider using BRAMs instead.
WARNING: [HLS 200-2042] Usage of URAM can potentially cause worse II as Vitis HLS does not exploit read-first mode for URAMs. Consider using BRAMs instead.
WARNING: [HLS 200-2042] Usage of URAM can potentially cause worse II as Vitis HLS does not exploit read-first mode for URAMs. Consider using BRAMs instead.
WARNING: [HLS 200-2042] Usage of URAM can potentially cause worse II as Vitis HLS does not exploit read-first mode for URAMs. Consider using BRAMs instead.
WARNING: [HLS 200-2042] Usage of URAM can potentially cause worse II as Vitis HLS does not exploit read-first mode for URAMs. Consider using BRAMs instead.
WARNING: [HLS 200-2042] Usage of URAM can potentially cause worse II as Vitis HLS does not exploit read-first mode for URAMs. Consider using BRAMs instead.
WARNING: [HLS 200-2042] Usage of URAM can potentially cause worse II as Vitis HLS does not exploit read-first mode for URAMs. Consider using BRAMs instead.
WARNING: [HLS 200-2042] Usage of URAM can potentially cause worse II as Vitis HLS does not exploit read-first mode for URAMs. Consider using BRAMs instead.
WARNING: [HLS 200-2042] Usage of URAM can potentially cause worse II as Vitis HLS does not exploit read-first mode for URAMs. Consider using BRAMs instead.
WARNING: [HLS 200-2042] Usage of URAM can potentially cause worse II as Vitis HLS does not exploit read-first mode for URAMs. Consider using BRAMs instead.
WARNING: [HLS 200-2042] Usage of URAM can potentially cause worse II as Vitis HLS does not exploit read-first mode for URAMs. Consider using BRAMs instead.
WARNING: [HLS 200-2042] Usage of URAM can potentially cause worse II as Vitis HLS does not exploit read-first mode for URAMs. Consider using BRAMs instead.
WARNING: [HLS 200-2042] Usage of URAM can potentially cause worse II as Vitis HLS does not exploit read-first mode for URAMs. Consider using BRAMs instead.
WARNING: [HLS 200-2042] Usage of URAM can potentially cause worse II as Vitis HLS does not exploit read-first mode for URAMs. Consider using BRAMs instead.
WARNING: [HLS 200-2042] Usage of URAM can potentially cause worse II as Vitis HLS does not exploit read-first mode for URAMs. Consider using BRAMs instead.
WARNING: [HLS 200-2042] Usage of URAM can potentially cause worse II as Vitis HLS does not exploit read-first mode for URAMs. Consider using BRAMs instead.
WARNING: [HLS 200-2042] Usage of URAM can potentially cause worse II as Vitis HLS does not exploit read-first mode for URAMs. Consider using BRAMs instead.
WARNING: [HLS 200-2042] Usage of URAM can potentially cause worse II as Vitis HLS does not exploit read-first mode for URAMs. Consider using BRAMs instead.
WARNING: [HLS 200-2042] Usage of URAM can potentially cause worse II as Vitis HLS does not exploit read-first mode for URAMs. Consider using BRAMs instead.
WARNING: [HLS 200-2042] Usage of URAM can potentially cause worse II as Vitis HLS does not exploit read-first mode for URAMs. Consider using BRAMs instead.
WARNING: [HLS 200-2042] Usage of URAM can potentially cause worse II as Vitis HLS does not exploit read-first mode for URAMs. Consider using BRAMs instead.
WARNING: [HLS 200-2042] Usage of URAM can potentially cause worse II as Vitis HLS does not exploit read-first mode for URAMs. Consider using BRAMs instead.
WARNING: [HLS 200-2042] Usage of URAM can potentially cause worse II as Vitis HLS does not exploit read-first mode for URAMs. Consider using BRAMs instead.
WARNING: [HLS 200-2042] Usage of URAM can potentially cause worse II as Vitis HLS does not exploit read-first mode for URAMs. Consider using BRAMs instead.
WARNING: [HLS 200-2042] Usage of URAM can potentially cause worse II as Vitis HLS does not exploit read-first mode for URAMs. Consider using BRAMs instead.
WARNING: [HLS 200-2042] Usage of URAM can potentially cause worse II as Vitis HLS does not exploit read-first mode for URAMs. Consider using BRAMs instead.
WARNING: [HLS 200-2042] Usage of URAM can potentially cause worse II as Vitis HLS does not exploit read-first mode for URAMs. Consider using BRAMs instead.
WARNING: [HLS 200-2042] Usage of URAM can potentially cause worse II as Vitis HLS does not exploit read-first mode for URAMs. Consider using BRAMs instead.
WARNING: [HLS 200-2042] Usage of URAM can potentially cause worse II as Vitis HLS does not exploit read-first mode for URAMs. Consider using BRAMs instead.
WARNING: [HLS 200-2042] Usage of URAM can potentially cause worse II as Vitis HLS does not exploit read-first mode for URAMs. Consider using BRAMs instead.
WARNING: [HLS 200-2042] Usage of URAM can potentially cause worse II as Vitis HLS does not exploit read-first mode for URAMs. Consider using BRAMs instead.
WARNING: [HLS 200-2042] Usage of URAM can potentially cause worse II as Vitis HLS does not exploit read-first mode for URAMs. Consider using BRAMs instead.
WARNING: [HLS 200-2042] Usage of URAM can potentially cause worse II as Vitis HLS does not exploit read-first mode for URAMs. Consider using BRAMs instead.
WARNING: [HLS 200-2042] Usage of URAM can potentially cause worse II as Vitis HLS does not exploit read-first mode for URAMs. Consider using BRAMs instead.
WARNING: [HLS 200-2042] Usage of URAM can potentially cause worse II as Vitis HLS does not exploit read-first mode for URAMs. Consider using BRAMs instead.
WARNING: [HLS 200-2042] Usage of URAM can potentially cause worse II as Vitis HLS does not exploit read-first mode for URAMs. Consider using BRAMs instead.
WARNING: [HLS 200-2042] Usage of URAM can potentially cause worse II as Vitis HLS does not exploit read-first mode for URAMs. Consider using BRAMs instead.
WARNING: [HLS 200-2042] Usage of URAM can potentially cause worse II as Vitis HLS does not exploit read-first mode for URAMs. Consider using BRAMs instead.
WARNING: [HLS 200-2042] Usage of URAM can potentially cause worse II as Vitis HLS does not exploit read-first mode for URAMs. Consider using BRAMs instead.
WARNING: [HLS 200-2042] Usage of URAM can potentially cause worse II as Vitis HLS does not exploit read-first mode for URAMs. Consider using BRAMs instead.
WARNING: [HLS 200-2042] Usage of URAM can potentially cause worse II as Vitis HLS does not exploit read-first mode for URAMs. Consider using BRAMs instead.
WARNING: [HLS 200-2042] Usage of URAM can potentially cause worse II as Vitis HLS does not exploit read-first mode for URAMs. Consider using BRAMs instead.
WARNING: [HLS 200-2042] Usage of URAM can potentially cause worse II as Vitis HLS does not exploit read-first mode for URAMs. Consider using BRAMs instead.
WARNING: [HLS 200-2042] Usage of URAM can potentially cause worse II as Vitis HLS does not exploit read-first mode for URAMs. Consider using BRAMs instead.
WARNING: [HLS 200-2042] Usage of URAM can potentially cause worse II as Vitis HLS does not exploit read-first mode for URAMs. Consider using BRAMs instead.
WARNING: [HLS 200-2042] Usage of URAM can potentially cause worse II as Vitis HLS does not exploit read-first mode for URAMs. Consider using BRAMs instead.
WARNING: [HLS 200-2042] Usage of URAM can potentially cause worse II as Vitis HLS does not exploit read-first mode for URAMs. Consider using BRAMs instead.
WARNING: [HLS 200-2042] Usage of URAM can potentially cause worse II as Vitis HLS does not exploit read-first mode for URAMs. Consider using BRAMs instead.
WARNING: [HLS 200-2042] Usage of URAM can potentially cause worse II as Vitis HLS does not exploit read-first mode for URAMs. Consider using BRAMs instead.
WARNING: [HLS 200-2042] Usage of URAM can potentially cause worse II as Vitis HLS does not exploit read-first mode for URAMs. Consider using BRAMs instead.
WARNING: [HLS 200-2042] Usage of URAM can potentially cause worse II as Vitis HLS does not exploit read-first mode for URAMs. Consider using BRAMs instead.
WARNING: [HLS 200-2042] Usage of URAM can potentially cause worse II as Vitis HLS does not exploit read-first mode for URAMs. Consider using BRAMs instead.
WARNING: [HLS 200-2042] Usage of URAM can potentially cause worse II as Vitis HLS does not exploit read-first mode for URAMs. Consider using BRAMs instead.
WARNING: [HLS 200-2042] Usage of URAM can potentially cause worse II as Vitis HLS does not exploit read-first mode for URAMs. Consider using BRAMs instead.
WARNING: [HLS 200-2042] Usage of URAM can potentially cause worse II as Vitis HLS does not exploit read-first mode for URAMs. Consider using BRAMs instead.
WARNING: [HLS 200-2042] Usage of URAM can potentially cause worse II as Vitis HLS does not exploit read-first mode for URAMs. Consider using BRAMs instead.
WARNING: [HLS 200-2042] Usage of URAM can potentially cause worse II as Vitis HLS does not exploit read-first mode for URAMs. Consider using BRAMs instead.
WARNING: [HLS 200-2042] Usage of URAM can potentially cause worse II as Vitis HLS does not exploit read-first mode for URAMs. Consider using BRAMs instead.
WARNING: [HLS 200-2042] Usage of URAM can potentially cause worse II as Vitis HLS does not exploit read-first mode for URAMs. Consider using BRAMs instead.
WARNING: [HLS 200-2042] Usage of URAM can potentially cause worse II as Vitis HLS does not exploit read-first mode for URAMs. Consider using BRAMs instead.
WARNING: [HLS 200-2042] Usage of URAM can potentially cause worse II as Vitis HLS does not exploit read-first mode for URAMs. Consider using BRAMs instead.
WARNING: [HLS 200-2042] Usage of URAM can potentially cause worse II as Vitis HLS does not exploit read-first mode for URAMs. Consider using BRAMs instead.
WARNING: [HLS 200-2042] Usage of URAM can potentially cause worse II as Vitis HLS does not exploit read-first mode for URAMs. Consider using BRAMs instead.
WARNING: [HLS 200-2042] Usage of URAM can potentially cause worse II as Vitis HLS does not exploit read-first mode for URAMs. Consider using BRAMs instead.
WARNING: [HLS 200-2042] Usage of URAM can potentially cause worse II as Vitis HLS does not exploit read-first mode for URAMs. Consider using BRAMs instead.
WARNING: [HLS 200-2042] Usage of URAM can potentially cause worse II as Vitis HLS does not exploit read-first mode for URAMs. Consider using BRAMs instead.
WARNING: [HLS 200-2042] Usage of URAM can potentially cause worse II as Vitis HLS does not exploit read-first mode for URAMs. Consider using BRAMs instead.
WARNING: [HLS 200-2042] Usage of URAM can potentially cause worse II as Vitis HLS does not exploit read-first mode for URAMs. Consider using BRAMs instead.
WARNING: [HLS 200-2042] Usage of URAM can potentially cause worse II as Vitis HLS does not exploit read-first mode for URAMs. Consider using BRAMs instead.
WARNING: [HLS 200-2042] Usage of URAM can potentially cause worse II as Vitis HLS does not exploit read-first mode for URAMs. Consider using BRAMs instead.
WARNING: [HLS 200-2042] Usage of URAM can potentially cause worse II as Vitis HLS does not exploit read-first mode for URAMs. Consider using BRAMs instead.
WARNING: [HLS 200-2042] Usage of URAM can potentially cause worse II as Vitis HLS does not exploit read-first mode for URAMs. Consider using BRAMs instead.
WARNING: [HLS 200-2042] Usage of URAM can potentially cause worse II as Vitis HLS does not exploit read-first mode for URAMs. Consider using BRAMs instead.
WARNING: [HLS 200-2042] Usage of URAM can potentially cause worse II as Vitis HLS does not exploit read-first mode for URAMs. Consider using BRAMs instead.
WARNING: [HLS 200-2042] Usage of URAM can potentially cause worse II as Vitis HLS does not exploit read-first mode for URAMs. Consider using BRAMs instead.
WARNING: [HLS 200-2042] Usage of URAM can potentially cause worse II as Vitis HLS does not exploit read-first mode for URAMs. Consider using BRAMs instead.
WARNING: [HLS 200-2042] Usage of URAM can potentially cause worse II as Vitis HLS does not exploit read-first mode for URAMs. Consider using BRAMs instead.
WARNING: [HLS 200-2042] Usage of URAM can potentially cause worse II as Vitis HLS does not exploit read-first mode for URAMs. Consider using BRAMs instead.
WARNING: [HLS 200-2042] Usage of URAM can potentially cause worse II as Vitis HLS does not exploit read-first mode for URAMs. Consider using BRAMs instead.
WARNING: [HLS 200-2042] Usage of URAM can potentially cause worse II as Vitis HLS does not exploit read-first mode for URAMs. Consider using BRAMs instead.
WARNING: [HLS 200-2042] Usage of URAM can potentially cause worse II as Vitis HLS does not exploit read-first mode for URAMs. Consider using BRAMs instead.
WARNING: [HLS 200-2042] Usage of URAM can potentially cause worse II as Vitis HLS does not exploit read-first mode for URAMs. Consider using BRAMs instead.
WARNING: [HLS 200-2042] Usage of URAM can potentially cause worse II as Vitis HLS does not exploit read-first mode for URAMs. Consider using BRAMs instead.
WARNING: [HLS 200-2042] Usage of URAM can potentially cause worse II as Vitis HLS does not exploit read-first mode for URAMs. Consider using BRAMs instead.
WARNING: [HLS 200-2042] Usage of URAM can potentially cause worse II as Vitis HLS does not exploit read-first mode for URAMs. Consider using BRAMs instead.
WARNING: [HLS 200-2042] Usage of URAM can potentially cause worse II as Vitis HLS does not exploit read-first mode for URAMs. Consider using BRAMs instead.
WARNING: [HLS 200-2042] Usage of URAM can potentially cause worse II as Vitis HLS does not exploit read-first mode for URAMs. Consider using BRAMs instead.
WARNING: [HLS 200-2042] Usage of URAM can potentially cause worse II as Vitis HLS does not exploit read-first mode for URAMs. Consider using BRAMs instead.
WARNING: [HLS 200-2042] Usage of URAM can potentially cause worse II as Vitis HLS does not exploit read-first mode for URAMs. Consider using BRAMs instead.
WARNING: [HLS 200-2042] Usage of URAM can potentially cause worse II as Vitis HLS does not exploit read-first mode for URAMs. Consider using BRAMs instead.
WARNING: [HLS 200-2042] Usage of URAM can potentially cause worse II as Vitis HLS does not exploit read-first mode for URAMs. Consider using BRAMs instead.
WARNING: [HLS 200-2042] Usage of URAM can potentially cause worse II as Vitis HLS does not exploit read-first mode for URAMs. Consider using BRAMs instead.
WARNING: [HLS 200-2042] Usage of URAM can potentially cause worse II as Vitis HLS does not exploit read-first mode for URAMs. Consider using BRAMs instead.
WARNING: [HLS 200-2042] Usage of URAM can potentially cause worse II as Vitis HLS does not exploit read-first mode for URAMs. Consider using BRAMs instead.
WARNING: [HLS 200-2042] Usage of URAM can potentially cause worse II as Vitis HLS does not exploit read-first mode for URAMs. Consider using BRAMs instead.
WARNING: [HLS 200-2042] Usage of URAM can potentially cause worse II as Vitis HLS does not exploit read-first mode for URAMs. Consider using BRAMs instead.
WARNING: [HLS 200-2042] Usage of URAM can potentially cause worse II as Vitis HLS does not exploit read-first mode for URAMs. Consider using BRAMs instead.
WARNING: [HLS 200-2042] Usage of URAM can potentially cause worse II as Vitis HLS does not exploit read-first mode for URAMs. Consider using BRAMs instead.
WARNING: [HLS 200-2042] Usage of URAM can potentially cause worse II as Vitis HLS does not exploit read-first mode for URAMs. Consider using BRAMs instead.
WARNING: [HLS 200-2042] Usage of URAM can potentially cause worse II as Vitis HLS does not exploit read-first mode for URAMs. Consider using BRAMs instead.
WARNING: [HLS 200-2042] Usage of URAM can potentially cause worse II as Vitis HLS does not exploit read-first mode for URAMs. Consider using BRAMs instead.
WARNING: [HLS 200-2042] Usage of URAM can potentially cause worse II as Vitis HLS does not exploit read-first mode for URAMs. Consider using BRAMs instead.
WARNING: [HLS 200-2042] Usage of URAM can potentially cause worse II as Vitis HLS does not exploit read-first mode for URAMs. Consider using BRAMs instead.
WARNING: [HLS 200-2042] Usage of URAM can potentially cause worse II as Vitis HLS does not exploit read-first mode for URAMs. Consider using BRAMs instead.
WARNING: [HLS 200-2042] Usage of URAM can potentially cause worse II as Vitis HLS does not exploit read-first mode for URAMs. Consider using BRAMs instead.
WARNING: [HLS 200-2042] Usage of URAM can potentially cause worse II as Vitis HLS does not exploit read-first mode for URAMs. Consider using BRAMs instead.
WARNING: [HLS 200-2042] Usage of URAM can potentially cause worse II as Vitis HLS does not exploit read-first mode for URAMs. Consider using BRAMs instead.
WARNING: [HLS 200-2042] Usage of URAM can potentially cause worse II as Vitis HLS does not exploit read-first mode for URAMs. Consider using BRAMs instead.
WARNING: [HLS 200-2042] Usage of URAM can potentially cause worse II as Vitis HLS does not exploit read-first mode for URAMs. Consider using BRAMs instead.
WARNING: [HLS 200-2042] Usage of URAM can potentially cause worse II as Vitis HLS does not exploit read-first mode for URAMs. Consider using BRAMs instead.
WARNING: [HLS 200-2042] Usage of URAM can potentially cause worse II as Vitis HLS does not exploit read-first mode for URAMs. Consider using BRAMs instead.
WARNING: [HLS 200-2042] Usage of URAM can potentially cause worse II as Vitis HLS does not exploit read-first mode for URAMs. Consider using BRAMs instead.
WARNING: [HLS 200-2042] Usage of URAM can potentially cause worse II as Vitis HLS does not exploit read-first mode for URAMs. Consider using BRAMs instead.
WARNING: [HLS 200-2042] Usage of URAM can potentially cause worse II as Vitis HLS does not exploit read-first mode for URAMs. Consider using BRAMs instead.
WARNING: [HLS 200-2042] Usage of URAM can potentially cause worse II as Vitis HLS does not exploit read-first mode for URAMs. Consider using BRAMs instead.
WARNING: [HLS 200-2042] Usage of URAM can potentially cause worse II as Vitis HLS does not exploit read-first mode for URAMs. Consider using BRAMs instead.
WARNING: [HLS 200-2042] Usage of URAM can potentially cause worse II as Vitis HLS does not exploit read-first mode for URAMs. Consider using BRAMs instead.
WARNING: [HLS 200-2042] Usage of URAM can potentially cause worse II as Vitis HLS does not exploit read-first mode for URAMs. Consider using BRAMs instead.
WARNING: [HLS 200-2042] Usage of URAM can potentially cause worse II as Vitis HLS does not exploit read-first mode for URAMs. Consider using BRAMs instead.
WARNING: [HLS 200-2042] Usage of URAM can potentially cause worse II as Vitis HLS does not exploit read-first mode for URAMs. Consider using BRAMs instead.
WARNING: [HLS 200-2042] Usage of URAM can potentially cause worse II as Vitis HLS does not exploit read-first mode for URAMs. Consider using BRAMs instead.
WARNING: [HLS 200-2042] Usage of URAM can potentially cause worse II as Vitis HLS does not exploit read-first mode for URAMs. Consider using BRAMs instead.
WARNING: [HLS 200-2042] Usage of URAM can potentially cause worse II as Vitis HLS does not exploit read-first mode for URAMs. Consider using BRAMs instead.
WARNING: [HLS 200-2042] Usage of URAM can potentially cause worse II as Vitis HLS does not exploit read-first mode for URAMs. Consider using BRAMs instead.
WARNING: [HLS 200-2042] Usage of URAM can potentially cause worse II as Vitis HLS does not exploit read-first mode for URAMs. Consider using BRAMs instead.
WARNING: [HLS 200-2042] Usage of URAM can potentially cause worse II as Vitis HLS does not exploit read-first mode for URAMs. Consider using BRAMs instead.
WARNING: [HLS 200-2042] Usage of URAM can potentially cause worse II as Vitis HLS does not exploit read-first mode for URAMs. Consider using BRAMs instead.
WARNING: [HLS 200-2042] Usage of URAM can potentially cause worse II as Vitis HLS does not exploit read-first mode for URAMs. Consider using BRAMs instead.
WARNING: [HLS 200-2042] Usage of URAM can potentially cause worse II as Vitis HLS does not exploit read-first mode for URAMs. Consider using BRAMs instead.
WARNING: [HLS 200-2042] Usage of URAM can potentially cause worse II as Vitis HLS does not exploit read-first mode for URAMs. Consider using BRAMs instead.
WARNING: [HLS 200-2042] Usage of URAM can potentially cause worse II as Vitis HLS does not exploit read-first mode for URAMs. Consider using BRAMs instead.
WARNING: [HLS 200-2042] Usage of URAM can potentially cause worse II as Vitis HLS does not exploit read-first mode for URAMs. Consider using BRAMs instead.
WARNING: [HLS 200-2042] Usage of URAM can potentially cause worse II as Vitis HLS does not exploit read-first mode for URAMs. Consider using BRAMs instead.
WARNING: [HLS 200-2042] Usage of URAM can potentially cause worse II as Vitis HLS does not exploit read-first mode for URAMs. Consider using BRAMs instead.
WARNING: [HLS 200-2042] Usage of URAM can potentially cause worse II as Vitis HLS does not exploit read-first mode for URAMs. Consider using BRAMs instead.
WARNING: [HLS 200-2042] Usage of URAM can potentially cause worse II as Vitis HLS does not exploit read-first mode for URAMs. Consider using BRAMs instead.
WARNING: [HLS 200-2042] Usage of URAM can potentially cause worse II as Vitis HLS does not exploit read-first mode for URAMs. Consider using BRAMs instead.
WARNING: [HLS 200-2042] Usage of URAM can potentially cause worse II as Vitis HLS does not exploit read-first mode for URAMs. Consider using BRAMs instead.
WARNING: [HLS 200-2042] Usage of URAM can potentially cause worse II as Vitis HLS does not exploit read-first mode for URAMs. Consider using BRAMs instead.
WARNING: [HLS 200-2042] Usage of URAM can potentially cause worse II as Vitis HLS does not exploit read-first mode for URAMs. Consider using BRAMs instead.
WARNING: [HLS 200-2042] Usage of URAM can potentially cause worse II as Vitis HLS does not exploit read-first mode for URAMs. Consider using BRAMs instead.
WARNING: [HLS 200-2042] Usage of URAM can potentially cause worse II as Vitis HLS does not exploit read-first mode for URAMs. Consider using BRAMs instead.
WARNING: [HLS 200-2042] Usage of URAM can potentially cause worse II as Vitis HLS does not exploit read-first mode for URAMs. Consider using BRAMs instead.
WARNING: [HLS 200-2042] Usage of URAM can potentially cause worse II as Vitis HLS does not exploit read-first mode for URAMs. Consider using BRAMs instead.
WARNING: [HLS 200-2042] Usage of URAM can potentially cause worse II as Vitis HLS does not exploit read-first mode for URAMs. Consider using BRAMs instead.
WARNING: [HLS 200-2042] Usage of URAM can potentially cause worse II as Vitis HLS does not exploit read-first mode for URAMs. Consider using BRAMs instead.
WARNING: [HLS 200-2042] Usage of URAM can potentially cause worse II as Vitis HLS does not exploit read-first mode for URAMs. Consider using BRAMs instead.
WARNING: [HLS 200-2042] Usage of URAM can potentially cause worse II as Vitis HLS does not exploit read-first mode for URAMs. Consider using BRAMs instead.
WARNING: [HLS 200-2042] Usage of URAM can potentially cause worse II as Vitis HLS does not exploit read-first mode for URAMs. Consider using BRAMs instead.
WARNING: [HLS 200-2042] Usage of URAM can potentially cause worse II as Vitis HLS does not exploit read-first mode for URAMs. Consider using BRAMs instead.
WARNING: [HLS 200-2042] Usage of URAM can potentially cause worse II as Vitis HLS does not exploit read-first mode for URAMs. Consider using BRAMs instead.
WARNING: [HLS 200-2042] Usage of URAM can potentially cause worse II as Vitis HLS does not exploit read-first mode for URAMs. Consider using BRAMs instead.
WARNING: [HLS 200-2042] Usage of URAM can potentially cause worse II as Vitis HLS does not exploit read-first mode for URAMs. Consider using BRAMs instead.
WARNING: [HLS 200-2042] Usage of URAM can potentially cause worse II as Vitis HLS does not exploit read-first mode for URAMs. Consider using BRAMs instead.
WARNING: [HLS 200-2042] Usage of URAM can potentially cause worse II as Vitis HLS does not exploit read-first mode for URAMs. Consider using BRAMs instead.
WARNING: [HLS 200-2042] Usage of URAM can potentially cause worse II as Vitis HLS does not exploit read-first mode for URAMs. Consider using BRAMs instead.
WARNING: [HLS 200-2042] Usage of URAM can potentially cause worse II as Vitis HLS does not exploit read-first mode for URAMs. Consider using BRAMs instead.
WARNING: [HLS 200-2042] Usage of URAM can potentially cause worse II as Vitis HLS does not exploit read-first mode for URAMs. Consider using BRAMs instead.
WARNING: [HLS 200-2042] Usage of URAM can potentially cause worse II as Vitis HLS does not exploit read-first mode for URAMs. Consider using BRAMs instead.
WARNING: [HLS 200-2042] Usage of URAM can potentially cause worse II as Vitis HLS does not exploit read-first mode for URAMs. Consider using BRAMs instead.
WARNING: [HLS 200-2042] Usage of URAM can potentially cause worse II as Vitis HLS does not exploit read-first mode for URAMs. Consider using BRAMs instead.
WARNING: [HLS 200-2042] Usage of URAM can potentially cause worse II as Vitis HLS does not exploit read-first mode for URAMs. Consider using BRAMs instead.
WARNING: [HLS 200-2042] Usage of URAM can potentially cause worse II as Vitis HLS does not exploit read-first mode for URAMs. Consider using BRAMs instead.
WARNING: [HLS 200-2042] Usage of URAM can potentially cause worse II as Vitis HLS does not exploit read-first mode for URAMs. Consider using BRAMs instead.
WARNING: [HLS 200-2042] Usage of URAM can potentially cause worse II as Vitis HLS does not exploit read-first mode for URAMs. Consider using BRAMs instead.
WARNING: [HLS 200-2042] Usage of URAM can potentially cause worse II as Vitis HLS does not exploit read-first mode for URAMs. Consider using BRAMs instead.
WARNING: [HLS 200-2042] Usage of URAM can potentially cause worse II as Vitis HLS does not exploit read-first mode for URAMs. Consider using BRAMs instead.
WARNING: [HLS 200-2042] Usage of URAM can potentially cause worse II as Vitis HLS does not exploit read-first mode for URAMs. Consider using BRAMs instead.
WARNING: [HLS 200-2042] Usage of URAM can potentially cause worse II as Vitis HLS does not exploit read-first mode for URAMs. Consider using BRAMs instead.
WARNING: [HLS 200-2042] Usage of URAM can potentially cause worse II as Vitis HLS does not exploit read-first mode for URAMs. Consider using BRAMs instead.
WARNING: [HLS 200-2042] Usage of URAM can potentially cause worse II as Vitis HLS does not exploit read-first mode for URAMs. Consider using BRAMs instead.
WARNING: [HLS 200-2042] Usage of URAM can potentially cause worse II as Vitis HLS does not exploit read-first mode for URAMs. Consider using BRAMs instead.
WARNING: [HLS 200-2042] Usage of URAM can potentially cause worse II as Vitis HLS does not exploit read-first mode for URAMs. Consider using BRAMs instead.
WARNING: [HLS 200-2042] Usage of URAM can potentially cause worse II as Vitis HLS does not exploit read-first mode for URAMs. Consider using BRAMs instead.
WARNING: [HLS 200-2042] Usage of URAM can potentially cause worse II as Vitis HLS does not exploit read-first mode for URAMs. Consider using BRAMs instead.
WARNING: [HLS 200-2042] Usage of URAM can potentially cause worse II as Vitis HLS does not exploit read-first mode for URAMs. Consider using BRAMs instead.
WARNING: [HLS 200-2042] Usage of URAM can potentially cause worse II as Vitis HLS does not exploit read-first mode for URAMs. Consider using BRAMs instead.
WARNING: [HLS 200-2042] Usage of URAM can potentially cause worse II as Vitis HLS does not exploit read-first mode for URAMs. Consider using BRAMs instead.
WARNING: [HLS 200-2042] Usage of URAM can potentially cause worse II as Vitis HLS does not exploit read-first mode for URAMs. Consider using BRAMs instead.
WARNING: [HLS 200-2042] Usage of URAM can potentially cause worse II as Vitis HLS does not exploit read-first mode for URAMs. Consider using BRAMs instead.
WARNING: [HLS 200-2042] Usage of URAM can potentially cause worse II as Vitis HLS does not exploit read-first mode for URAMs. Consider using BRAMs instead.
WARNING: [HLS 200-2042] Usage of URAM can potentially cause worse II as Vitis HLS does not exploit read-first mode for URAMs. Consider using BRAMs instead.
WARNING: [HLS 200-2042] Usage of URAM can potentially cause worse II as Vitis HLS does not exploit read-first mode for URAMs. Consider using BRAMs instead.
WARNING: [HLS 200-2042] Usage of URAM can potentially cause worse II as Vitis HLS does not exploit read-first mode for URAMs. Consider using BRAMs instead.
WARNING: [HLS 200-2042] Usage of URAM can potentially cause worse II as Vitis HLS does not exploit read-first mode for URAMs. Consider using BRAMs instead.
WARNING: [HLS 200-2042] Usage of URAM can potentially cause worse II as Vitis HLS does not exploit read-first mode for URAMs. Consider using BRAMs instead.
WARNING: [HLS 200-2042] Usage of URAM can potentially cause worse II as Vitis HLS does not exploit read-first mode for URAMs. Consider using BRAMs instead.
WARNING: [HLS 200-2042] Usage of URAM can potentially cause worse II as Vitis HLS does not exploit read-first mode for URAMs. Consider using BRAMs instead.
WARNING: [HLS 200-2042] Usage of URAM can potentially cause worse II as Vitis HLS does not exploit read-first mode for URAMs. Consider using BRAMs instead.
WARNING: [HLS 200-2042] Usage of URAM can potentially cause worse II as Vitis HLS does not exploit read-first mode for URAMs. Consider using BRAMs instead.
WARNING: [HLS 200-2042] Usage of URAM can potentially cause worse II as Vitis HLS does not exploit read-first mode for URAMs. Consider using BRAMs instead.
WARNING: [HLS 200-2042] Usage of URAM can potentially cause worse II as Vitis HLS does not exploit read-first mode for URAMs. Consider using BRAMs instead.
WARNING: [HLS 200-2042] Usage of URAM can potentially cause worse II as Vitis HLS does not exploit read-first mode for URAMs. Consider using BRAMs instead.
WARNING: [HLS 200-2042] Usage of URAM can potentially cause worse II as Vitis HLS does not exploit read-first mode for URAMs. Consider using BRAMs instead.
WARNING: [HLS 200-2042] Usage of URAM can potentially cause worse II as Vitis HLS does not exploit read-first mode for URAMs. Consider using BRAMs instead.
WARNING: [HLS 200-2042] Usage of URAM can potentially cause worse II as Vitis HLS does not exploit read-first mode for URAMs. Consider using BRAMs instead.
WARNING: [HLS 200-2042] Usage of URAM can potentially cause worse II as Vitis HLS does not exploit read-first mode for URAMs. Consider using BRAMs instead.
WARNING: [HLS 200-2042] Usage of URAM can potentially cause worse II as Vitis HLS does not exploit read-first mode for URAMs. Consider using BRAMs instead.
WARNING: [HLS 200-2042] Usage of URAM can potentially cause worse II as Vitis HLS does not exploit read-first mode for URAMs. Consider using BRAMs instead.
WARNING: [HLS 200-2042] Usage of URAM can potentially cause worse II as Vitis HLS does not exploit read-first mode for URAMs. Consider using BRAMs instead.
WARNING: [HLS 200-2042] Usage of URAM can potentially cause worse II as Vitis HLS does not exploit read-first mode for URAMs. Consider using BRAMs instead.
WARNING: [HLS 200-2042] Usage of URAM can potentially cause worse II as Vitis HLS does not exploit read-first mode for URAMs. Consider using BRAMs instead.
WARNING: [HLS 200-2042] Usage of URAM can potentially cause worse II as Vitis HLS does not exploit read-first mode for URAMs. Consider using BRAMs instead.
WARNING: [HLS 200-2042] Usage of URAM can potentially cause worse II as Vitis HLS does not exploit read-first mode for URAMs. Consider using BRAMs instead.
WARNING: [HLS 200-2042] Usage of URAM can potentially cause worse II as Vitis HLS does not exploit read-first mode for URAMs. Consider using BRAMs instead.
WARNING: [HLS 200-2042] Usage of URAM can potentially cause worse II as Vitis HLS does not exploit read-first mode for URAMs. Consider using BRAMs instead.
WARNING: [HLS 200-2042] Usage of URAM can potentially cause worse II as Vitis HLS does not exploit read-first mode for URAMs. Consider using BRAMs instead.
WARNING: [HLS 200-2042] Usage of URAM can potentially cause worse II as Vitis HLS does not exploit read-first mode for URAMs. Consider using BRAMs instead.
WARNING: [HLS 200-2042] Usage of URAM can potentially cause worse II as Vitis HLS does not exploit read-first mode for URAMs. Consider using BRAMs instead.
WARNING: [HLS 200-2042] Usage of URAM can potentially cause worse II as Vitis HLS does not exploit read-first mode for URAMs. Consider using BRAMs instead.
WARNING: [HLS 200-2042] Usage of URAM can potentially cause worse II as Vitis HLS does not exploit read-first mode for URAMs. Consider using BRAMs instead.
WARNING: [HLS 200-2042] Usage of URAM can potentially cause worse II as Vitis HLS does not exploit read-first mode for URAMs. Consider using BRAMs instead.
WARNING: [HLS 200-2042] Usage of URAM can potentially cause worse II as Vitis HLS does not exploit read-first mode for URAMs. Consider using BRAMs instead.
WARNING: [HLS 200-2042] Usage of URAM can potentially cause worse II as Vitis HLS does not exploit read-first mode for URAMs. Consider using BRAMs instead.
WARNING: [HLS 200-2042] Usage of URAM can potentially cause worse II as Vitis HLS does not exploit read-first mode for URAMs. Consider using BRAMs instead.
WARNING: [HLS 200-2042] Usage of URAM can potentially cause worse II as Vitis HLS does not exploit read-first mode for URAMs. Consider using BRAMs instead.
WARNING: [HLS 200-2042] Usage of URAM can potentially cause worse II as Vitis HLS does not exploit read-first mode for URAMs. Consider using BRAMs instead.
WARNING: [HLS 200-2042] Usage of URAM can potentially cause worse II as Vitis HLS does not exploit read-first mode for URAMs. Consider using BRAMs instead.
WARNING: [HLS 200-2042] Usage of URAM can potentially cause worse II as Vitis HLS does not exploit read-first mode for URAMs. Consider using BRAMs instead.
WARNING: [HLS 200-2042] Usage of URAM can potentially cause worse II as Vitis HLS does not exploit read-first mode for URAMs. Consider using BRAMs instead.
WARNING: [HLS 200-2042] Usage of URAM can potentially cause worse II as Vitis HLS does not exploit read-first mode for URAMs. Consider using BRAMs instead.
WARNING: [HLS 200-2042] Usage of URAM can potentially cause worse II as Vitis HLS does not exploit read-first mode for URAMs. Consider using BRAMs instead.
WARNING: [HLS 200-2042] Usage of URAM can potentially cause worse II as Vitis HLS does not exploit read-first mode for URAMs. Consider using BRAMs instead.
WARNING: [HLS 200-2042] Usage of URAM can potentially cause worse II as Vitis HLS does not exploit read-first mode for URAMs. Consider using BRAMs instead.
WARNING: [HLS 200-2042] Usage of URAM can potentially cause worse II as Vitis HLS does not exploit read-first mode for URAMs. Consider using BRAMs instead.
WARNING: [HLS 200-2042] Usage of URAM can potentially cause worse II as Vitis HLS does not exploit read-first mode for URAMs. Consider using BRAMs instead.
WARNING: [HLS 200-2042] Usage of URAM can potentially cause worse II as Vitis HLS does not exploit read-first mode for URAMs. Consider using BRAMs instead.
WARNING: [HLS 200-2042] Usage of URAM can potentially cause worse II as Vitis HLS does not exploit read-first mode for URAMs. Consider using BRAMs instead.
WARNING: [HLS 200-2042] Usage of URAM can potentially cause worse II as Vitis HLS does not exploit read-first mode for URAMs. Consider using BRAMs instead.
WARNING: [HLS 200-2042] Usage of URAM can potentially cause worse II as Vitis HLS does not exploit read-first mode for URAMs. Consider using BRAMs instead.
WARNING: [HLS 200-2042] Usage of URAM can potentially cause worse II as Vitis HLS does not exploit read-first mode for URAMs. Consider using BRAMs instead.
WARNING: [HLS 200-2042] Usage of URAM can potentially cause worse II as Vitis HLS does not exploit read-first mode for URAMs. Consider using BRAMs instead.
WARNING: [HLS 200-2042] Usage of URAM can potentially cause worse II as Vitis HLS does not exploit read-first mode for URAMs. Consider using BRAMs instead.
WARNING: [HLS 200-2042] Usage of URAM can potentially cause worse II as Vitis HLS does not exploit read-first mode for URAMs. Consider using BRAMs instead.
WARNING: [HLS 200-2042] Usage of URAM can potentially cause worse II as Vitis HLS does not exploit read-first mode for URAMs. Consider using BRAMs instead.
WARNING: [HLS 200-2042] Usage of URAM can potentially cause worse II as Vitis HLS does not exploit read-first mode for URAMs. Consider using BRAMs instead.
WARNING: [HLS 200-2042] Usage of URAM can potentially cause worse II as Vitis HLS does not exploit read-first mode for URAMs. Consider using BRAMs instead.
WARNING: [HLS 200-2042] Usage of URAM can potentially cause worse II as Vitis HLS does not exploit read-first mode for URAMs. Consider using BRAMs instead.
WARNING: [HLS 200-2042] Usage of URAM can potentially cause worse II as Vitis HLS does not exploit read-first mode for URAMs. Consider using BRAMs instead.
WARNING: [HLS 200-2042] Usage of URAM can potentially cause worse II as Vitis HLS does not exploit read-first mode for URAMs. Consider using BRAMs instead.
WARNING: [HLS 200-2042] Usage of URAM can potentially cause worse II as Vitis HLS does not exploit read-first mode for URAMs. Consider using BRAMs instead.
WARNING: [HLS 200-2042] Usage of URAM can potentially cause worse II as Vitis HLS does not exploit read-first mode for URAMs. Consider using BRAMs instead.
WARNING: [HLS 200-2042] Usage of URAM can potentially cause worse II as Vitis HLS does not exploit read-first mode for URAMs. Consider using BRAMs instead.
WARNING: [HLS 200-2042] Usage of URAM can potentially cause worse II as Vitis HLS does not exploit read-first mode for URAMs. Consider using BRAMs instead.
WARNING: [HLS 200-2042] Usage of URAM can potentially cause worse II as Vitis HLS does not exploit read-first mode for URAMs. Consider using BRAMs instead.
WARNING: [HLS 200-2042] Usage of URAM can potentially cause worse II as Vitis HLS does not exploit read-first mode for URAMs. Consider using BRAMs instead.
WARNING: [HLS 200-2042] Usage of URAM can potentially cause worse II as Vitis HLS does not exploit read-first mode for URAMs. Consider using BRAMs instead.
WARNING: [HLS 200-2042] Usage of URAM can potentially cause worse II as Vitis HLS does not exploit read-first mode for URAMs. Consider using BRAMs instead.
WARNING: [HLS 200-2042] Usage of URAM can potentially cause worse II as Vitis HLS does not exploit read-first mode for URAMs. Consider using BRAMs instead.
WARNING: [HLS 200-2042] Usage of URAM can potentially cause worse II as Vitis HLS does not exploit read-first mode for URAMs. Consider using BRAMs instead.
WARNING: [HLS 200-2042] Usage of URAM can potentially cause worse II as Vitis HLS does not exploit read-first mode for URAMs. Consider using BRAMs instead.
WARNING: [HLS 200-2042] Usage of URAM can potentially cause worse II as Vitis HLS does not exploit read-first mode for URAMs. Consider using BRAMs instead.
WARNING: [HLS 200-2042] Usage of URAM can potentially cause worse II as Vitis HLS does not exploit read-first mode for URAMs. Consider using BRAMs instead.
WARNING: [HLS 200-2042] Usage of URAM can potentially cause worse II as Vitis HLS does not exploit read-first mode for URAMs. Consider using BRAMs instead.
WARNING: [HLS 200-2042] Usage of URAM can potentially cause worse II as Vitis HLS does not exploit read-first mode for URAMs. Consider using BRAMs instead.
WARNING: [HLS 200-2042] Usage of URAM can potentially cause worse II as Vitis HLS does not exploit read-first mode for URAMs. Consider using BRAMs instead.
WARNING: [HLS 200-2042] Usage of URAM can potentially cause worse II as Vitis HLS does not exploit read-first mode for URAMs. Consider using BRAMs instead.
WARNING: [HLS 200-2042] Usage of URAM can potentially cause worse II as Vitis HLS does not exploit read-first mode for URAMs. Consider using BRAMs instead.
WARNING: [HLS 200-2042] Usage of URAM can potentially cause worse II as Vitis HLS does not exploit read-first mode for URAMs. Consider using BRAMs instead.
WARNING: [HLS 200-2042] Usage of URAM can potentially cause worse II as Vitis HLS does not exploit read-first mode for URAMs. Consider using BRAMs instead.
WARNING: [HLS 200-2042] Usage of URAM can potentially cause worse II as Vitis HLS does not exploit read-first mode for URAMs. Consider using BRAMs instead.
WARNING: [HLS 200-2042] Usage of URAM can potentially cause worse II as Vitis HLS does not exploit read-first mode for URAMs. Consider using BRAMs instead.
WARNING: [HLS 200-2042] Usage of URAM can potentially cause worse II as Vitis HLS does not exploit read-first mode for URAMs. Consider using BRAMs instead.
WARNING: [HLS 200-2042] Usage of URAM can potentially cause worse II as Vitis HLS does not exploit read-first mode for URAMs. Consider using BRAMs instead.
WARNING: [HLS 200-2042] Usage of URAM can potentially cause worse II as Vitis HLS does not exploit read-first mode for URAMs. Consider using BRAMs instead.
WARNING: [HLS 200-2042] Usage of URAM can potentially cause worse II as Vitis HLS does not exploit read-first mode for URAMs. Consider using BRAMs instead.
WARNING: [HLS 200-2042] Usage of URAM can potentially cause worse II as Vitis HLS does not exploit read-first mode for URAMs. Consider using BRAMs instead.
WARNING: [HLS 200-2042] Usage of URAM can potentially cause worse II as Vitis HLS does not exploit read-first mode for URAMs. Consider using BRAMs instead.
WARNING: [HLS 200-2042] Usage of URAM can potentially cause worse II as Vitis HLS does not exploit read-first mode for URAMs. Consider using BRAMs instead.
WARNING: [HLS 200-2042] Usage of URAM can potentially cause worse II as Vitis HLS does not exploit read-first mode for URAMs. Consider using BRAMs instead.
WARNING: [HLS 200-2042] Usage of URAM can potentially cause worse II as Vitis HLS does not exploit read-first mode for URAMs. Consider using BRAMs instead.
WARNING: [HLS 200-2042] Usage of URAM can potentially cause worse II as Vitis HLS does not exploit read-first mode for URAMs. Consider using BRAMs instead.
WARNING: [HLS 200-2042] Usage of URAM can potentially cause worse II as Vitis HLS does not exploit read-first mode for URAMs. Consider using BRAMs instead.
WARNING: [HLS 200-2042] Usage of URAM can potentially cause worse II as Vitis HLS does not exploit read-first mode for URAMs. Consider using BRAMs instead.
WARNING: [HLS 200-2042] Usage of URAM can potentially cause worse II as Vitis HLS does not exploit read-first mode for URAMs. Consider using BRAMs instead.
WARNING: [HLS 200-2042] Usage of URAM can potentially cause worse II as Vitis HLS does not exploit read-first mode for URAMs. Consider using BRAMs instead.
WARNING: [HLS 200-2042] Usage of URAM can potentially cause worse II as Vitis HLS does not exploit read-first mode for URAMs. Consider using BRAMs instead.
WARNING: [HLS 200-2042] Usage of URAM can potentially cause worse II as Vitis HLS does not exploit read-first mode for URAMs. Consider using BRAMs instead.
WARNING: [HLS 200-2042] Usage of URAM can potentially cause worse II as Vitis HLS does not exploit read-first mode for URAMs. Consider using BRAMs instead.
WARNING: [HLS 200-2042] Usage of URAM can potentially cause worse II as Vitis HLS does not exploit read-first mode for URAMs. Consider using BRAMs instead.
WARNING: [HLS 200-2042] Usage of URAM can potentially cause worse II as Vitis HLS does not exploit read-first mode for URAMs. Consider using BRAMs instead.
WARNING: [HLS 200-2042] Usage of URAM can potentially cause worse II as Vitis HLS does not exploit read-first mode for URAMs. Consider using BRAMs instead.
WARNING: [HLS 200-2042] Usage of URAM can potentially cause worse II as Vitis HLS does not exploit read-first mode for URAMs. Consider using BRAMs instead.
WARNING: [HLS 200-2042] Usage of URAM can potentially cause worse II as Vitis HLS does not exploit read-first mode for URAMs. Consider using BRAMs instead.
WARNING: [HLS 200-2042] Usage of URAM can potentially cause worse II as Vitis HLS does not exploit read-first mode for URAMs. Consider using BRAMs instead.
WARNING: [HLS 200-2042] Usage of URAM can potentially cause worse II as Vitis HLS does not exploit read-first mode for URAMs. Consider using BRAMs instead.
WARNING: [HLS 200-2042] Usage of URAM can potentially cause worse II as Vitis HLS does not exploit read-first mode for URAMs. Consider using BRAMs instead.
WARNING: [HLS 200-2042] Usage of URAM can potentially cause worse II as Vitis HLS does not exploit read-first mode for URAMs. Consider using BRAMs instead.
WARNING: [HLS 200-2042] Usage of URAM can potentially cause worse II as Vitis HLS does not exploit read-first mode for URAMs. Consider using BRAMs instead.
WARNING: [HLS 200-2042] Usage of URAM can potentially cause worse II as Vitis HLS does not exploit read-first mode for URAMs. Consider using BRAMs instead.
WARNING: [HLS 200-2042] Usage of URAM can potentially cause worse II as Vitis HLS does not exploit read-first mode for URAMs. Consider using BRAMs instead.
WARNING: [HLS 200-2042] Usage of URAM can potentially cause worse II as Vitis HLS does not exploit read-first mode for URAMs. Consider using BRAMs instead.
WARNING: [HLS 200-2042] Usage of URAM can potentially cause worse II as Vitis HLS does not exploit read-first mode for URAMs. Consider using BRAMs instead.
WARNING: [HLS 200-2042] Usage of URAM can potentially cause worse II as Vitis HLS does not exploit read-first mode for URAMs. Consider using BRAMs instead.
WARNING: [HLS 200-2042] Usage of URAM can potentially cause worse II as Vitis HLS does not exploit read-first mode for URAMs. Consider using BRAMs instead.
WARNING: [HLS 200-2042] Usage of URAM can potentially cause worse II as Vitis HLS does not exploit read-first mode for URAMs. Consider using BRAMs instead.
WARNING: [HLS 200-2042] Usage of URAM can potentially cause worse II as Vitis HLS does not exploit read-first mode for URAMs. Consider using BRAMs instead.
WARNING: [HLS 200-2042] Usage of URAM can potentially cause worse II as Vitis HLS does not exploit read-first mode for URAMs. Consider using BRAMs instead.
WARNING: [HLS 200-2042] Usage of URAM can potentially cause worse II as Vitis HLS does not exploit read-first mode for URAMs. Consider using BRAMs instead.
WARNING: [HLS 200-2042] Usage of URAM can potentially cause worse II as Vitis HLS does not exploit read-first mode for URAMs. Consider using BRAMs instead.
WARNING: [HLS 200-2042] Usage of URAM can potentially cause worse II as Vitis HLS does not exploit read-first mode for URAMs. Consider using BRAMs instead.
WARNING: [HLS 200-2042] Usage of URAM can potentially cause worse II as Vitis HLS does not exploit read-first mode for URAMs. Consider using BRAMs instead.
WARNING: [HLS 200-2042] Usage of URAM can potentially cause worse II as Vitis HLS does not exploit read-first mode for URAMs. Consider using BRAMs instead.
WARNING: [HLS 200-2042] Usage of URAM can potentially cause worse II as Vitis HLS does not exploit read-first mode for URAMs. Consider using BRAMs instead.
WARNING: [HLS 200-2042] Usage of URAM can potentially cause worse II as Vitis HLS does not exploit read-first mode for URAMs. Consider using BRAMs instead.
WARNING: [HLS 200-2042] Usage of URAM can potentially cause worse II as Vitis HLS does not exploit read-first mode for URAMs. Consider using BRAMs instead.
WARNING: [HLS 200-2042] Usage of URAM can potentially cause worse II as Vitis HLS does not exploit read-first mode for URAMs. Consider using BRAMs instead.
WARNING: [HLS 200-2042] Usage of URAM can potentially cause worse II as Vitis HLS does not exploit read-first mode for URAMs. Consider using BRAMs instead.
WARNING: [HLS 200-2042] Usage of URAM can potentially cause worse II as Vitis HLS does not exploit read-first mode for URAMs. Consider using BRAMs instead.
WARNING: [HLS 200-2042] Usage of URAM can potentially cause worse II as Vitis HLS does not exploit read-first mode for URAMs. Consider using BRAMs instead.
WARNING: [HLS 200-2042] Usage of URAM can potentially cause worse II as Vitis HLS does not exploit read-first mode for URAMs. Consider using BRAMs instead.
WARNING: [HLS 200-2042] Usage of URAM can potentially cause worse II as Vitis HLS does not exploit read-first mode for URAMs. Consider using BRAMs instead.
WARNING: [HLS 200-2042] Usage of URAM can potentially cause worse II as Vitis HLS does not exploit read-first mode for URAMs. Consider using BRAMs instead.
WARNING: [HLS 200-2042] Usage of URAM can potentially cause worse II as Vitis HLS does not exploit read-first mode for URAMs. Consider using BRAMs instead.
WARNING: [HLS 200-2042] Usage of URAM can potentially cause worse II as Vitis HLS does not exploit read-first mode for URAMs. Consider using BRAMs instead.
WARNING: [HLS 200-2042] Usage of URAM can potentially cause worse II as Vitis HLS does not exploit read-first mode for URAMs. Consider using BRAMs instead.
WARNING: [HLS 200-2042] Usage of URAM can potentially cause worse II as Vitis HLS does not exploit read-first mode for URAMs. Consider using BRAMs instead.
WARNING: [HLS 200-2042] Usage of URAM can potentially cause worse II as Vitis HLS does not exploit read-first mode for URAMs. Consider using BRAMs instead.
WARNING: [HLS 200-2042] Usage of URAM can potentially cause worse II as Vitis HLS does not exploit read-first mode for URAMs. Consider using BRAMs instead.
WARNING: [HLS 200-2042] Usage of URAM can potentially cause worse II as Vitis HLS does not exploit read-first mode for URAMs. Consider using BRAMs instead.
WARNING: [HLS 200-2042] Usage of URAM can potentially cause worse II as Vitis HLS does not exploit read-first mode for URAMs. Consider using BRAMs instead.
WARNING: [HLS 200-2042] Usage of URAM can potentially cause worse II as Vitis HLS does not exploit read-first mode for URAMs. Consider using BRAMs instead.
WARNING: [HLS 200-2042] Usage of URAM can potentially cause worse II as Vitis HLS does not exploit read-first mode for URAMs. Consider using BRAMs instead.
WARNING: [HLS 200-2042] Usage of URAM can potentially cause worse II as Vitis HLS does not exploit read-first mode for URAMs. Consider using BRAMs instead.
WARNING: [HLS 200-2042] Usage of URAM can potentially cause worse II as Vitis HLS does not exploit read-first mode for URAMs. Consider using BRAMs instead.
WARNING: [HLS 200-2042] Usage of URAM can potentially cause worse II as Vitis HLS does not exploit read-first mode for URAMs. Consider using BRAMs instead.
WARNING: [HLS 200-2042] Usage of URAM can potentially cause worse II as Vitis HLS does not exploit read-first mode for URAMs. Consider using BRAMs instead.
WARNING: [HLS 200-2042] Usage of URAM can potentially cause worse II as Vitis HLS does not exploit read-first mode for URAMs. Consider using BRAMs instead.
WARNING: [HLS 200-2042] Usage of URAM can potentially cause worse II as Vitis HLS does not exploit read-first mode for URAMs. Consider using BRAMs instead.
WARNING: [HLS 200-2042] Usage of URAM can potentially cause worse II as Vitis HLS does not exploit read-first mode for URAMs. Consider using BRAMs instead.
WARNING: [HLS 200-2042] Usage of URAM can potentially cause worse II as Vitis HLS does not exploit read-first mode for URAMs. Consider using BRAMs instead.
WARNING: [HLS 200-2042] Usage of URAM can potentially cause worse II as Vitis HLS does not exploit read-first mode for URAMs. Consider using BRAMs instead.
WARNING: [HLS 200-2042] Usage of URAM can potentially cause worse II as Vitis HLS does not exploit read-first mode for URAMs. Consider using BRAMs instead.
WARNING: [HLS 200-2042] Usage of URAM can potentially cause worse II as Vitis HLS does not exploit read-first mode for URAMs. Consider using BRAMs instead.
WARNING: [HLS 200-2042] Usage of URAM can potentially cause worse II as Vitis HLS does not exploit read-first mode for URAMs. Consider using BRAMs instead.
WARNING: [HLS 200-2042] Usage of URAM can potentially cause worse II as Vitis HLS does not exploit read-first mode for URAMs. Consider using BRAMs instead.
WARNING: [HLS 200-2042] Usage of URAM can potentially cause worse II as Vitis HLS does not exploit read-first mode for URAMs. Consider using BRAMs instead.
WARNING: [HLS 200-2042] Usage of URAM can potentially cause worse II as Vitis HLS does not exploit read-first mode for URAMs. Consider using BRAMs instead.
WARNING: [HLS 200-2042] Usage of URAM can potentially cause worse II as Vitis HLS does not exploit read-first mode for URAMs. Consider using BRAMs instead.
WARNING: [HLS 200-2042] Usage of URAM can potentially cause worse II as Vitis HLS does not exploit read-first mode for URAMs. Consider using BRAMs instead.
WARNING: [HLS 200-2042] Usage of URAM can potentially cause worse II as Vitis HLS does not exploit read-first mode for URAMs. Consider using BRAMs instead.
WARNING: [HLS 200-2042] Usage of URAM can potentially cause worse II as Vitis HLS does not exploit read-first mode for URAMs. Consider using BRAMs instead.
WARNING: [HLS 200-2042] Usage of URAM can potentially cause worse II as Vitis HLS does not exploit read-first mode for URAMs. Consider using BRAMs instead.
WARNING: [HLS 200-2042] Usage of URAM can potentially cause worse II as Vitis HLS does not exploit read-first mode for URAMs. Consider using BRAMs instead.
WARNING: [HLS 200-2042] Usage of URAM can potentially cause worse II as Vitis HLS does not exploit read-first mode for URAMs. Consider using BRAMs instead.
WARNING: [HLS 200-2042] Usage of URAM can potentially cause worse II as Vitis HLS does not exploit read-first mode for URAMs. Consider using BRAMs instead.
WARNING: [HLS 200-2042] Usage of URAM can potentially cause worse II as Vitis HLS does not exploit read-first mode for URAMs. Consider using BRAMs instead.
WARNING: [HLS 200-2042] Usage of URAM can potentially cause worse II as Vitis HLS does not exploit read-first mode for URAMs. Consider using BRAMs instead.
WARNING: [HLS 200-2042] Usage of URAM can potentially cause worse II as Vitis HLS does not exploit read-first mode for URAMs. Consider using BRAMs instead.
WARNING: [HLS 200-2042] Usage of URAM can potentially cause worse II as Vitis HLS does not exploit read-first mode for URAMs. Consider using BRAMs instead.
WARNING: [HLS 200-2042] Usage of URAM can potentially cause worse II as Vitis HLS does not exploit read-first mode for URAMs. Consider using BRAMs instead.
WARNING: [HLS 200-2042] Usage of URAM can potentially cause worse II as Vitis HLS does not exploit read-first mode for URAMs. Consider using BRAMs instead.
WARNING: [HLS 200-2042] Usage of URAM can potentially cause worse II as Vitis HLS does not exploit read-first mode for URAMs. Consider using BRAMs instead.
WARNING: [HLS 200-2042] Usage of URAM can potentially cause worse II as Vitis HLS does not exploit read-first mode for URAMs. Consider using BRAMs instead.
WARNING: [HLS 200-2042] Usage of URAM can potentially cause worse II as Vitis HLS does not exploit read-first mode for URAMs. Consider using BRAMs instead.
WARNING: [HLS 200-2042] Usage of URAM can potentially cause worse II as Vitis HLS does not exploit read-first mode for URAMs. Consider using BRAMs instead.
WARNING: [HLS 200-2042] Usage of URAM can potentially cause worse II as Vitis HLS does not exploit read-first mode for URAMs. Consider using BRAMs instead.
WARNING: [HLS 200-2042] Usage of URAM can potentially cause worse II as Vitis HLS does not exploit read-first mode for URAMs. Consider using BRAMs instead.
WARNING: [HLS 200-2042] Usage of URAM can potentially cause worse II as Vitis HLS does not exploit read-first mode for URAMs. Consider using BRAMs instead.
WARNING: [HLS 200-2042] Usage of URAM can potentially cause worse II as Vitis HLS does not exploit read-first mode for URAMs. Consider using BRAMs instead.
WARNING: [HLS 200-2042] Usage of URAM can potentially cause worse II as Vitis HLS does not exploit read-first mode for URAMs. Consider using BRAMs instead.
WARNING: [HLS 200-2042] Usage of URAM can potentially cause worse II as Vitis HLS does not exploit read-first mode for URAMs. Consider using BRAMs instead.
WARNING: [HLS 200-2042] Usage of URAM can potentially cause worse II as Vitis HLS does not exploit read-first mode for URAMs. Consider using BRAMs instead.
WARNING: [HLS 200-2042] Usage of URAM can potentially cause worse II as Vitis HLS does not exploit read-first mode for URAMs. Consider using BRAMs instead.
WARNING: [HLS 200-2042] Usage of URAM can potentially cause worse II as Vitis HLS does not exploit read-first mode for URAMs. Consider using BRAMs instead.
WARNING: [HLS 200-2042] Usage of URAM can potentially cause worse II as Vitis HLS does not exploit read-first mode for URAMs. Consider using BRAMs instead.
WARNING: [HLS 200-2042] Usage of URAM can potentially cause worse II as Vitis HLS does not exploit read-first mode for URAMs. Consider using BRAMs instead.
WARNING: [HLS 200-2042] Usage of URAM can potentially cause worse II as Vitis HLS does not exploit read-first mode for URAMs. Consider using BRAMs instead.
WARNING: [HLS 200-2042] Usage of URAM can potentially cause worse II as Vitis HLS does not exploit read-first mode for URAMs. Consider using BRAMs instead.
WARNING: [HLS 200-2042] Usage of URAM can potentially cause worse II as Vitis HLS does not exploit read-first mode for URAMs. Consider using BRAMs instead.
WARNING: [HLS 200-2042] Usage of URAM can potentially cause worse II as Vitis HLS does not exploit read-first mode for URAMs. Consider using BRAMs instead.
WARNING: [HLS 200-2042] Usage of URAM can potentially cause worse II as Vitis HLS does not exploit read-first mode for URAMs. Consider using BRAMs instead.
WARNING: [HLS 200-2042] Usage of URAM can potentially cause worse II as Vitis HLS does not exploit read-first mode for URAMs. Consider using BRAMs instead.
WARNING: [HLS 200-2042] Usage of URAM can potentially cause worse II as Vitis HLS does not exploit read-first mode for URAMs. Consider using BRAMs instead.
WARNING: [HLS 200-2042] Usage of URAM can potentially cause worse II as Vitis HLS does not exploit read-first mode for URAMs. Consider using BRAMs instead.
WARNING: [HLS 200-2042] Usage of URAM can potentially cause worse II as Vitis HLS does not exploit read-first mode for URAMs. Consider using BRAMs instead.
WARNING: [HLS 200-2042] Usage of URAM can potentially cause worse II as Vitis HLS does not exploit read-first mode for URAMs. Consider using BRAMs instead.
WARNING: [HLS 200-2042] Usage of URAM can potentially cause worse II as Vitis HLS does not exploit read-first mode for URAMs. Consider using BRAMs instead.
WARNING: [HLS 200-2042] Usage of URAM can potentially cause worse II as Vitis HLS does not exploit read-first mode for URAMs. Consider using BRAMs instead.
WARNING: [HLS 200-2042] Usage of URAM can potentially cause worse II as Vitis HLS does not exploit read-first mode for URAMs. Consider using BRAMs instead.
WARNING: [HLS 200-2042] Usage of URAM can potentially cause worse II as Vitis HLS does not exploit read-first mode for URAMs. Consider using BRAMs instead.
WARNING: [HLS 200-2042] Usage of URAM can potentially cause worse II as Vitis HLS does not exploit read-first mode for URAMs. Consider using BRAMs instead.
WARNING: [HLS 200-2042] Usage of URAM can potentially cause worse II as Vitis HLS does not exploit read-first mode for URAMs. Consider using BRAMs instead.
WARNING: [HLS 200-2042] Usage of URAM can potentially cause worse II as Vitis HLS does not exploit read-first mode for URAMs. Consider using BRAMs instead.
WARNING: [HLS 200-2042] Usage of URAM can potentially cause worse II as Vitis HLS does not exploit read-first mode for URAMs. Consider using BRAMs instead.
WARNING: [HLS 200-2042] Usage of URAM can potentially cause worse II as Vitis HLS does not exploit read-first mode for URAMs. Consider using BRAMs instead.
WARNING: [HLS 200-2042] Usage of URAM can potentially cause worse II as Vitis HLS does not exploit read-first mode for URAMs. Consider using BRAMs instead.
WARNING: [HLS 200-2042] Usage of URAM can potentially cause worse II as Vitis HLS does not exploit read-first mode for URAMs. Consider using BRAMs instead.
WARNING: [HLS 200-2042] Usage of URAM can potentially cause worse II as Vitis HLS does not exploit read-first mode for URAMs. Consider using BRAMs instead.
WARNING: [HLS 200-2042] Usage of URAM can potentially cause worse II as Vitis HLS does not exploit read-first mode for URAMs. Consider using BRAMs instead.
WARNING: [HLS 200-2042] Usage of URAM can potentially cause worse II as Vitis HLS does not exploit read-first mode for URAMs. Consider using BRAMs instead.
WARNING: [HLS 200-2042] Usage of URAM can potentially cause worse II as Vitis HLS does not exploit read-first mode for URAMs. Consider using BRAMs instead.
WARNING: [HLS 200-2042] Usage of URAM can potentially cause worse II as Vitis HLS does not exploit read-first mode for URAMs. Consider using BRAMs instead.
WARNING: [HLS 200-2042] Usage of URAM can potentially cause worse II as Vitis HLS does not exploit read-first mode for URAMs. Consider using BRAMs instead.
WARNING: [HLS 200-2042] Usage of URAM can potentially cause worse II as Vitis HLS does not exploit read-first mode for URAMs. Consider using BRAMs instead.
WARNING: [HLS 200-2042] Usage of URAM can potentially cause worse II as Vitis HLS does not exploit read-first mode for URAMs. Consider using BRAMs instead.
WARNING: [HLS 200-2042] Usage of URAM can potentially cause worse II as Vitis HLS does not exploit read-first mode for URAMs. Consider using BRAMs instead.
WARNING: [HLS 200-2042] Usage of URAM can potentially cause worse II as Vitis HLS does not exploit read-first mode for URAMs. Consider using BRAMs instead.
WARNING: [HLS 200-2042] Usage of URAM can potentially cause worse II as Vitis HLS does not exploit read-first mode for URAMs. Consider using BRAMs instead.
WARNING: [HLS 200-2042] Usage of URAM can potentially cause worse II as Vitis HLS does not exploit read-first mode for URAMs. Consider using BRAMs instead.
WARNING: [HLS 200-2042] Usage of URAM can potentially cause worse II as Vitis HLS does not exploit read-first mode for URAMs. Consider using BRAMs instead.
WARNING: [HLS 200-2042] Usage of URAM can potentially cause worse II as Vitis HLS does not exploit read-first mode for URAMs. Consider using BRAMs instead.
WARNING: [HLS 200-2042] Usage of URAM can potentially cause worse II as Vitis HLS does not exploit read-first mode for URAMs. Consider using BRAMs instead.
WARNING: [HLS 200-2042] Usage of URAM can potentially cause worse II as Vitis HLS does not exploit read-first mode for URAMs. Consider using BRAMs instead.
WARNING: [HLS 200-2042] Usage of URAM can potentially cause worse II as Vitis HLS does not exploit read-first mode for URAMs. Consider using BRAMs instead.
WARNING: [HLS 200-2042] Usage of URAM can potentially cause worse II as Vitis HLS does not exploit read-first mode for URAMs. Consider using BRAMs instead.
WARNING: [HLS 200-2042] Usage of URAM can potentially cause worse II as Vitis HLS does not exploit read-first mode for URAMs. Consider using BRAMs instead.
WARNING: [HLS 200-2042] Usage of URAM can potentially cause worse II as Vitis HLS does not exploit read-first mode for URAMs. Consider using BRAMs instead.
WARNING: [HLS 200-2042] Usage of URAM can potentially cause worse II as Vitis HLS does not exploit read-first mode for URAMs. Consider using BRAMs instead.
WARNING: [HLS 200-2042] Usage of URAM can potentially cause worse II as Vitis HLS does not exploit read-first mode for URAMs. Consider using BRAMs instead.
WARNING: [HLS 200-2042] Usage of URAM can potentially cause worse II as Vitis HLS does not exploit read-first mode for URAMs. Consider using BRAMs instead.
WARNING: [HLS 200-2042] Usage of URAM can potentially cause worse II as Vitis HLS does not exploit read-first mode for URAMs. Consider using BRAMs instead.
WARNING: [HLS 200-2042] Usage of URAM can potentially cause worse II as Vitis HLS does not exploit read-first mode for URAMs. Consider using BRAMs instead.
WARNING: [HLS 200-2042] Usage of URAM can potentially cause worse II as Vitis HLS does not exploit read-first mode for URAMs. Consider using BRAMs instead.
WARNING: [HLS 200-2042] Usage of URAM can potentially cause worse II as Vitis HLS does not exploit read-first mode for URAMs. Consider using BRAMs instead.
WARNING: [HLS 200-2042] Usage of URAM can potentially cause worse II as Vitis HLS does not exploit read-first mode for URAMs. Consider using BRAMs instead.
WARNING: [HLS 200-2042] Usage of URAM can potentially cause worse II as Vitis HLS does not exploit read-first mode for URAMs. Consider using BRAMs instead.
WARNING: [HLS 200-2042] Usage of URAM can potentially cause worse II as Vitis HLS does not exploit read-first mode for URAMs. Consider using BRAMs instead.
WARNING: [HLS 200-2042] Usage of URAM can potentially cause worse II as Vitis HLS does not exploit read-first mode for URAMs. Consider using BRAMs instead.
WARNING: [HLS 200-2042] Usage of URAM can potentially cause worse II as Vitis HLS does not exploit read-first mode for URAMs. Consider using BRAMs instead.
WARNING: [HLS 200-2042] Usage of URAM can potentially cause worse II as Vitis HLS does not exploit read-first mode for URAMs. Consider using BRAMs instead.
WARNING: [HLS 200-2042] Usage of URAM can potentially cause worse II as Vitis HLS does not exploit read-first mode for URAMs. Consider using BRAMs instead.
WARNING: [HLS 200-2042] Usage of URAM can potentially cause worse II as Vitis HLS does not exploit read-first mode for URAMs. Consider using BRAMs instead.
WARNING: [HLS 200-2042] Usage of URAM can potentially cause worse II as Vitis HLS does not exploit read-first mode for URAMs. Consider using BRAMs instead.
WARNING: [HLS 200-2042] Usage of URAM can potentially cause worse II as Vitis HLS does not exploit read-first mode for URAMs. Consider using BRAMs instead.
WARNING: [HLS 200-2042] Usage of URAM can potentially cause worse II as Vitis HLS does not exploit read-first mode for URAMs. Consider using BRAMs instead.
WARNING: [HLS 200-2042] Usage of URAM can potentially cause worse II as Vitis HLS does not exploit read-first mode for URAMs. Consider using BRAMs instead.
WARNING: [HLS 200-2042] Usage of URAM can potentially cause worse II as Vitis HLS does not exploit read-first mode for URAMs. Consider using BRAMs instead.
WARNING: [HLS 200-2042] Usage of URAM can potentially cause worse II as Vitis HLS does not exploit read-first mode for URAMs. Consider using BRAMs instead.
WARNING: [HLS 200-2042] Usage of URAM can potentially cause worse II as Vitis HLS does not exploit read-first mode for URAMs. Consider using BRAMs instead.
WARNING: [HLS 200-2042] Usage of URAM can potentially cause worse II as Vitis HLS does not exploit read-first mode for URAMs. Consider using BRAMs instead.
WARNING: [HLS 200-2042] Usage of URAM can potentially cause worse II as Vitis HLS does not exploit read-first mode for URAMs. Consider using BRAMs instead.
WARNING: [HLS 200-2042] Usage of URAM can potentially cause worse II as Vitis HLS does not exploit read-first mode for URAMs. Consider using BRAMs instead.
WARNING: [HLS 200-2042] Usage of URAM can potentially cause worse II as Vitis HLS does not exploit read-first mode for URAMs. Consider using BRAMs instead.
WARNING: [HLS 200-2042] Usage of URAM can potentially cause worse II as Vitis HLS does not exploit read-first mode for URAMs. Consider using BRAMs instead.
WARNING: [HLS 200-2042] Usage of URAM can potentially cause worse II as Vitis HLS does not exploit read-first mode for URAMs. Consider using BRAMs instead.
WARNING: [HLS 200-2042] Usage of URAM can potentially cause worse II as Vitis HLS does not exploit read-first mode for URAMs. Consider using BRAMs instead.
WARNING: [HLS 200-2042] Usage of URAM can potentially cause worse II as Vitis HLS does not exploit read-first mode for URAMs. Consider using BRAMs instead.
WARNING: [HLS 200-2042] Usage of URAM can potentially cause worse II as Vitis HLS does not exploit read-first mode for URAMs. Consider using BRAMs instead.
WARNING: [HLS 200-2042] Usage of URAM can potentially cause worse II as Vitis HLS does not exploit read-first mode for URAMs. Consider using BRAMs instead.
WARNING: [HLS 200-2042] Usage of URAM can potentially cause worse II as Vitis HLS does not exploit read-first mode for URAMs. Consider using BRAMs instead.
WARNING: [HLS 200-2042] Usage of URAM can potentially cause worse II as Vitis HLS does not exploit read-first mode for URAMs. Consider using BRAMs instead.
WARNING: [HLS 200-2042] Usage of URAM can potentially cause worse II as Vitis HLS does not exploit read-first mode for URAMs. Consider using BRAMs instead.
WARNING: [HLS 200-2042] Usage of URAM can potentially cause worse II as Vitis HLS does not exploit read-first mode for URAMs. Consider using BRAMs instead.
WARNING: [HLS 200-2042] Usage of URAM can potentially cause worse II as Vitis HLS does not exploit read-first mode for URAMs. Consider using BRAMs instead.
WARNING: [HLS 200-2042] Usage of URAM can potentially cause worse II as Vitis HLS does not exploit read-first mode for URAMs. Consider using BRAMs instead.
WARNING: [HLS 200-2042] Usage of URAM can potentially cause worse II as Vitis HLS does not exploit read-first mode for URAMs. Consider using BRAMs instead.
WARNING: [HLS 200-2042] Usage of URAM can potentially cause worse II as Vitis HLS does not exploit read-first mode for URAMs. Consider using BRAMs instead.
WARNING: [HLS 200-2042] Usage of URAM can potentially cause worse II as Vitis HLS does not exploit read-first mode for URAMs. Consider using BRAMs instead.
WARNING: [HLS 200-2042] Usage of URAM can potentially cause worse II as Vitis HLS does not exploit read-first mode for URAMs. Consider using BRAMs instead.
WARNING: [HLS 200-2042] Usage of URAM can potentially cause worse II as Vitis HLS does not exploit read-first mode for URAMs. Consider using BRAMs instead.
WARNING: [HLS 200-2042] Usage of URAM can potentially cause worse II as Vitis HLS does not exploit read-first mode for URAMs. Consider using BRAMs instead.
WARNING: [HLS 200-2042] Usage of URAM can potentially cause worse II as Vitis HLS does not exploit read-first mode for URAMs. Consider using BRAMs instead.
WARNING: [HLS 200-2042] Usage of URAM can potentially cause worse II as Vitis HLS does not exploit read-first mode for URAMs. Consider using BRAMs instead.
WARNING: [HLS 200-2042] Usage of URAM can potentially cause worse II as Vitis HLS does not exploit read-first mode for URAMs. Consider using BRAMs instead.
WARNING: [HLS 200-2042] Usage of URAM can potentially cause worse II as Vitis HLS does not exploit read-first mode for URAMs. Consider using BRAMs instead.
WARNING: [HLS 200-2042] Usage of URAM can potentially cause worse II as Vitis HLS does not exploit read-first mode for URAMs. Consider using BRAMs instead.
WARNING: [HLS 200-2042] Usage of URAM can potentially cause worse II as Vitis HLS does not exploit read-first mode for URAMs. Consider using BRAMs instead.
WARNING: [HLS 200-2042] Usage of URAM can potentially cause worse II as Vitis HLS does not exploit read-first mode for URAMs. Consider using BRAMs instead.
WARNING: [HLS 200-2042] Usage of URAM can potentially cause worse II as Vitis HLS does not exploit read-first mode for URAMs. Consider using BRAMs instead.
WARNING: [HLS 200-2042] Usage of URAM can potentially cause worse II as Vitis HLS does not exploit read-first mode for URAMs. Consider using BRAMs instead.
WARNING: [HLS 200-2042] Usage of URAM can potentially cause worse II as Vitis HLS does not exploit read-first mode for URAMs. Consider using BRAMs instead.
WARNING: [HLS 200-2042] Usage of URAM can potentially cause worse II as Vitis HLS does not exploit read-first mode for URAMs. Consider using BRAMs instead.
WARNING: [HLS 200-2042] Usage of URAM can potentially cause worse II as Vitis HLS does not exploit read-first mode for URAMs. Consider using BRAMs instead.
WARNING: [HLS 200-2042] Usage of URAM can potentially cause worse II as Vitis HLS does not exploit read-first mode for URAMs. Consider using BRAMs instead.
WARNING: [HLS 200-2042] Usage of URAM can potentially cause worse II as Vitis HLS does not exploit read-first mode for URAMs. Consider using BRAMs instead.
WARNING: [HLS 200-2042] Usage of URAM can potentially cause worse II as Vitis HLS does not exploit read-first mode for URAMs. Consider using BRAMs instead.
WARNING: [HLS 200-2042] Usage of URAM can potentially cause worse II as Vitis HLS does not exploit read-first mode for URAMs. Consider using BRAMs instead.
WARNING: [HLS 200-2042] Usage of URAM can potentially cause worse II as Vitis HLS does not exploit read-first mode for URAMs. Consider using BRAMs instead.
WARNING: [HLS 200-2042] Usage of URAM can potentially cause worse II as Vitis HLS does not exploit read-first mode for URAMs. Consider using BRAMs instead.
WARNING: [HLS 200-2042] Usage of URAM can potentially cause worse II as Vitis HLS does not exploit read-first mode for URAMs. Consider using BRAMs instead.
WARNING: [HLS 200-2042] Usage of URAM can potentially cause worse II as Vitis HLS does not exploit read-first mode for URAMs. Consider using BRAMs instead.
WARNING: [HLS 200-2042] Usage of URAM can potentially cause worse II as Vitis HLS does not exploit read-first mode for URAMs. Consider using BRAMs instead.
WARNING: [HLS 200-2042] Usage of URAM can potentially cause worse II as Vitis HLS does not exploit read-first mode for URAMs. Consider using BRAMs instead.
WARNING: [HLS 200-2042] Usage of URAM can potentially cause worse II as Vitis HLS does not exploit read-first mode for URAMs. Consider using BRAMs instead.
WARNING: [HLS 200-2042] Usage of URAM can potentially cause worse II as Vitis HLS does not exploit read-first mode for URAMs. Consider using BRAMs instead.
WARNING: [HLS 200-2042] Usage of URAM can potentially cause worse II as Vitis HLS does not exploit read-first mode for URAMs. Consider using BRAMs instead.
WARNING: [HLS 200-2042] Usage of URAM can potentially cause worse II as Vitis HLS does not exploit read-first mode for URAMs. Consider using BRAMs instead.
WARNING: [HLS 200-2042] Usage of URAM can potentially cause worse II as Vitis HLS does not exploit read-first mode for URAMs. Consider using BRAMs instead.
WARNING: [HLS 200-2042] Usage of URAM can potentially cause worse II as Vitis HLS does not exploit read-first mode for URAMs. Consider using BRAMs instead.
WARNING: [HLS 200-2042] Usage of URAM can potentially cause worse II as Vitis HLS does not exploit read-first mode for URAMs. Consider using BRAMs instead.
WARNING: [HLS 200-2042] Usage of URAM can potentially cause worse II as Vitis HLS does not exploit read-first mode for URAMs. Consider using BRAMs instead.
WARNING: [HLS 200-2042] Usage of URAM can potentially cause worse II as Vitis HLS does not exploit read-first mode for URAMs. Consider using BRAMs instead.
WARNING: [HLS 200-2042] Usage of URAM can potentially cause worse II as Vitis HLS does not exploit read-first mode for URAMs. Consider using BRAMs instead.
WARNING: [HLS 200-2042] Usage of URAM can potentially cause worse II as Vitis HLS does not exploit read-first mode for URAMs. Consider using BRAMs instead.
WARNING: [HLS 200-2042] Usage of URAM can potentially cause worse II as Vitis HLS does not exploit read-first mode for URAMs. Consider using BRAMs instead.
WARNING: [HLS 200-2042] Usage of URAM can potentially cause worse II as Vitis HLS does not exploit read-first mode for URAMs. Consider using BRAMs instead.
WARNING: [HLS 200-2042] Usage of URAM can potentially cause worse II as Vitis HLS does not exploit read-first mode for URAMs. Consider using BRAMs instead.
WARNING: [HLS 200-2042] Usage of URAM can potentially cause worse II as Vitis HLS does not exploit read-first mode for URAMs. Consider using BRAMs instead.
WARNING: [HLS 200-2042] Usage of URAM can potentially cause worse II as Vitis HLS does not exploit read-first mode for URAMs. Consider using BRAMs instead.
WARNING: [HLS 200-2042] Usage of URAM can potentially cause worse II as Vitis HLS does not exploit read-first mode for URAMs. Consider using BRAMs instead.
WARNING: [HLS 200-2042] Usage of URAM can potentially cause worse II as Vitis HLS does not exploit read-first mode for URAMs. Consider using BRAMs instead.
WARNING: [HLS 200-2042] Usage of URAM can potentially cause worse II as Vitis HLS does not exploit read-first mode for URAMs. Consider using BRAMs instead.
WARNING: [HLS 200-2042] Usage of URAM can potentially cause worse II as Vitis HLS does not exploit read-first mode for URAMs. Consider using BRAMs instead.
WARNING: [HLS 200-2042] Usage of URAM can potentially cause worse II as Vitis HLS does not exploit read-first mode for URAMs. Consider using BRAMs instead.
WARNING: [HLS 200-2042] Usage of URAM can potentially cause worse II as Vitis HLS does not exploit read-first mode for URAMs. Consider using BRAMs instead.
WARNING: [HLS 200-2042] Usage of URAM can potentially cause worse II as Vitis HLS does not exploit read-first mode for URAMs. Consider using BRAMs instead.
WARNING: [HLS 200-2042] Usage of URAM can potentially cause worse II as Vitis HLS does not exploit read-first mode for URAMs. Consider using BRAMs instead.
WARNING: [HLS 200-2042] Usage of URAM can potentially cause worse II as Vitis HLS does not exploit read-first mode for URAMs. Consider using BRAMs instead.
WARNING: [HLS 200-2042] Usage of URAM can potentially cause worse II as Vitis HLS does not exploit read-first mode for URAMs. Consider using BRAMs instead.
WARNING: [HLS 200-2042] Usage of URAM can potentially cause worse II as Vitis HLS does not exploit read-first mode for URAMs. Consider using BRAMs instead.
WARNING: [HLS 200-2042] Usage of URAM can potentially cause worse II as Vitis HLS does not exploit read-first mode for URAMs. Consider using BRAMs instead.
WARNING: [HLS 200-2042] Usage of URAM can potentially cause worse II as Vitis HLS does not exploit read-first mode for URAMs. Consider using BRAMs instead.
WARNING: [HLS 200-2042] Usage of URAM can potentially cause worse II as Vitis HLS does not exploit read-first mode for URAMs. Consider using BRAMs instead.
WARNING: [HLS 200-2042] Usage of URAM can potentially cause worse II as Vitis HLS does not exploit read-first mode for URAMs. Consider using BRAMs instead.
WARNING: [HLS 200-2042] Usage of URAM can potentially cause worse II as Vitis HLS does not exploit read-first mode for URAMs. Consider using BRAMs instead.
WARNING: [HLS 200-2042] Usage of URAM can potentially cause worse II as Vitis HLS does not exploit read-first mode for URAMs. Consider using BRAMs instead.
WARNING: [HLS 200-2042] Usage of URAM can potentially cause worse II as Vitis HLS does not exploit read-first mode for URAMs. Consider using BRAMs instead.
WARNING: [HLS 200-2042] Usage of URAM can potentially cause worse II as Vitis HLS does not exploit read-first mode for URAMs. Consider using BRAMs instead.
WARNING: [HLS 200-2042] Usage of URAM can potentially cause worse II as Vitis HLS does not exploit read-first mode for URAMs. Consider using BRAMs instead.
WARNING: [HLS 200-2042] Usage of URAM can potentially cause worse II as Vitis HLS does not exploit read-first mode for URAMs. Consider using BRAMs instead.
WARNING: [HLS 200-2042] Usage of URAM can potentially cause worse II as Vitis HLS does not exploit read-first mode for URAMs. Consider using BRAMs instead.
WARNING: [HLS 200-2042] Usage of URAM can potentially cause worse II as Vitis HLS does not exploit read-first mode for URAMs. Consider using BRAMs instead.
WARNING: [HLS 200-2042] Usage of URAM can potentially cause worse II as Vitis HLS does not exploit read-first mode for URAMs. Consider using BRAMs instead.
WARNING: [HLS 200-2042] Usage of URAM can potentially cause worse II as Vitis HLS does not exploit read-first mode for URAMs. Consider using BRAMs instead.
WARNING: [HLS 200-2042] Usage of URAM can potentially cause worse II as Vitis HLS does not exploit read-first mode for URAMs. Consider using BRAMs instead.
WARNING: [HLS 200-2042] Usage of URAM can potentially cause worse II as Vitis HLS does not exploit read-first mode for URAMs. Consider using BRAMs instead.
WARNING: [HLS 200-2042] Usage of URAM can potentially cause worse II as Vitis HLS does not exploit read-first mode for URAMs. Consider using BRAMs instead.
WARNING: [HLS 200-2042] Usage of URAM can potentially cause worse II as Vitis HLS does not exploit read-first mode for URAMs. Consider using BRAMs instead.
WARNING: [HLS 200-2042] Usage of URAM can potentially cause worse II as Vitis HLS does not exploit read-first mode for URAMs. Consider using BRAMs instead.
WARNING: [HLS 200-2042] Usage of URAM can potentially cause worse II as Vitis HLS does not exploit read-first mode for URAMs. Consider using BRAMs instead.
WARNING: [HLS 200-2042] Usage of URAM can potentially cause worse II as Vitis HLS does not exploit read-first mode for URAMs. Consider using BRAMs instead.
WARNING: [HLS 200-2042] Usage of URAM can potentially cause worse II as Vitis HLS does not exploit read-first mode for URAMs. Consider using BRAMs instead.
WARNING: [HLS 200-2042] Usage of URAM can potentially cause worse II as Vitis HLS does not exploit read-first mode for URAMs. Consider using BRAMs instead.
WARNING: [HLS 200-2042] Usage of URAM can potentially cause worse II as Vitis HLS does not exploit read-first mode for URAMs. Consider using BRAMs instead.
WARNING: [HLS 200-2042] Usage of URAM can potentially cause worse II as Vitis HLS does not exploit read-first mode for URAMs. Consider using BRAMs instead.
WARNING: [HLS 200-2042] Usage of URAM can potentially cause worse II as Vitis HLS does not exploit read-first mode for URAMs. Consider using BRAMs instead.
WARNING: [HLS 200-2042] Usage of URAM can potentially cause worse II as Vitis HLS does not exploit read-first mode for URAMs. Consider using BRAMs instead.
WARNING: [HLS 200-2042] Usage of URAM can potentially cause worse II as Vitis HLS does not exploit read-first mode for URAMs. Consider using BRAMs instead.
WARNING: [HLS 200-2042] Usage of URAM can potentially cause worse II as Vitis HLS does not exploit read-first mode for URAMs. Consider using BRAMs instead.
WARNING: [HLS 200-2042] Usage of URAM can potentially cause worse II as Vitis HLS does not exploit read-first mode for URAMs. Consider using BRAMs instead.
WARNING: [HLS 200-2042] Usage of URAM can potentially cause worse II as Vitis HLS does not exploit read-first mode for URAMs. Consider using BRAMs instead.
WARNING: [HLS 200-2042] Usage of URAM can potentially cause worse II as Vitis HLS does not exploit read-first mode for URAMs. Consider using BRAMs instead.
WARNING: [HLS 200-2042] Usage of URAM can potentially cause worse II as Vitis HLS does not exploit read-first mode for URAMs. Consider using BRAMs instead.
WARNING: [HLS 200-2042] Usage of URAM can potentially cause worse II as Vitis HLS does not exploit read-first mode for URAMs. Consider using BRAMs instead.
WARNING: [HLS 200-2042] Usage of URAM can potentially cause worse II as Vitis HLS does not exploit read-first mode for URAMs. Consider using BRAMs instead.
WARNING: [HLS 200-2042] Usage of URAM can potentially cause worse II as Vitis HLS does not exploit read-first mode for URAMs. Consider using BRAMs instead.
WARNING: [HLS 200-2042] Usage of URAM can potentially cause worse II as Vitis HLS does not exploit read-first mode for URAMs. Consider using BRAMs instead.
WARNING: [HLS 200-2042] Usage of URAM can potentially cause worse II as Vitis HLS does not exploit read-first mode for URAMs. Consider using BRAMs instead.
WARNING: [HLS 200-2042] Usage of URAM can potentially cause worse II as Vitis HLS does not exploit read-first mode for URAMs. Consider using BRAMs instead.
WARNING: [HLS 200-2042] Usage of URAM can potentially cause worse II as Vitis HLS does not exploit read-first mode for URAMs. Consider using BRAMs instead.
WARNING: [HLS 200-2042] Usage of URAM can potentially cause worse II as Vitis HLS does not exploit read-first mode for URAMs. Consider using BRAMs instead.
WARNING: [HLS 200-2042] Usage of URAM can potentially cause worse II as Vitis HLS does not exploit read-first mode for URAMs. Consider using BRAMs instead.
WARNING: [HLS 200-2042] Usage of URAM can potentially cause worse II as Vitis HLS does not exploit read-first mode for URAMs. Consider using BRAMs instead.
WARNING: [HLS 200-2042] Usage of URAM can potentially cause worse II as Vitis HLS does not exploit read-first mode for URAMs. Consider using BRAMs instead.
WARNING: [HLS 200-2042] Usage of URAM can potentially cause worse II as Vitis HLS does not exploit read-first mode for URAMs. Consider using BRAMs instead.
WARNING: [HLS 200-2042] Usage of URAM can potentially cause worse II as Vitis HLS does not exploit read-first mode for URAMs. Consider using BRAMs instead.
WARNING: [HLS 200-2042] Usage of URAM can potentially cause worse II as Vitis HLS does not exploit read-first mode for URAMs. Consider using BRAMs instead.
WARNING: [HLS 200-2042] Usage of URAM can potentially cause worse II as Vitis HLS does not exploit read-first mode for URAMs. Consider using BRAMs instead.
WARNING: [HLS 200-2042] Usage of URAM can potentially cause worse II as Vitis HLS does not exploit read-first mode for URAMs. Consider using BRAMs instead.
WARNING: [HLS 200-2042] Usage of URAM can potentially cause worse II as Vitis HLS does not exploit read-first mode for URAMs. Consider using BRAMs instead.
WARNING: [HLS 200-2042] Usage of URAM can potentially cause worse II as Vitis HLS does not exploit read-first mode for URAMs. Consider using BRAMs instead.
WARNING: [HLS 200-2042] Usage of URAM can potentially cause worse II as Vitis HLS does not exploit read-first mode for URAMs. Consider using BRAMs instead.
WARNING: [HLS 200-2042] Usage of URAM can potentially cause worse II as Vitis HLS does not exploit read-first mode for URAMs. Consider using BRAMs instead.
WARNING: [HLS 200-2042] Usage of URAM can potentially cause worse II as Vitis HLS does not exploit read-first mode for URAMs. Consider using BRAMs instead.
WARNING: [HLS 200-2042] Usage of URAM can potentially cause worse II as Vitis HLS does not exploit read-first mode for URAMs. Consider using BRAMs instead.
WARNING: [HLS 200-2042] Usage of URAM can potentially cause worse II as Vitis HLS does not exploit read-first mode for URAMs. Consider using BRAMs instead.
WARNING: [HLS 200-2042] Usage of URAM can potentially cause worse II as Vitis HLS does not exploit read-first mode for URAMs. Consider using BRAMs instead.
WARNING: [HLS 200-2042] Usage of URAM can potentially cause worse II as Vitis HLS does not exploit read-first mode for URAMs. Consider using BRAMs instead.
WARNING: [HLS 200-2042] Usage of URAM can potentially cause worse II as Vitis HLS does not exploit read-first mode for URAMs. Consider using BRAMs instead.
WARNING: [HLS 200-2042] Usage of URAM can potentially cause worse II as Vitis HLS does not exploit read-first mode for URAMs. Consider using BRAMs instead.
WARNING: [HLS 200-2042] Usage of URAM can potentially cause worse II as Vitis HLS does not exploit read-first mode for URAMs. Consider using BRAMs instead.
WARNING: [HLS 200-2042] Usage of URAM can potentially cause worse II as Vitis HLS does not exploit read-first mode for URAMs. Consider using BRAMs instead.
WARNING: [HLS 200-2042] Usage of URAM can potentially cause worse II as Vitis HLS does not exploit read-first mode for URAMs. Consider using BRAMs instead.
WARNING: [HLS 200-2042] Usage of URAM can potentially cause worse II as Vitis HLS does not exploit read-first mode for URAMs. Consider using BRAMs instead.
WARNING: [HLS 200-2042] Usage of URAM can potentially cause worse II as Vitis HLS does not exploit read-first mode for URAMs. Consider using BRAMs instead.
WARNING: [HLS 200-2042] Usage of URAM can potentially cause worse II as Vitis HLS does not exploit read-first mode for URAMs. Consider using BRAMs instead.
WARNING: [HLS 200-2042] Usage of URAM can potentially cause worse II as Vitis HLS does not exploit read-first mode for URAMs. Consider using BRAMs instead.
WARNING: [HLS 200-2042] Usage of URAM can potentially cause worse II as Vitis HLS does not exploit read-first mode for URAMs. Consider using BRAMs instead.
WARNING: [HLS 200-2042] Usage of URAM can potentially cause worse II as Vitis HLS does not exploit read-first mode for URAMs. Consider using BRAMs instead.
WARNING: [HLS 200-2042] Usage of URAM can potentially cause worse II as Vitis HLS does not exploit read-first mode for URAMs. Consider using BRAMs instead.
WARNING: [HLS 200-2042] Usage of URAM can potentially cause worse II as Vitis HLS does not exploit read-first mode for URAMs. Consider using BRAMs instead.
WARNING: [HLS 200-2042] Usage of URAM can potentially cause worse II as Vitis HLS does not exploit read-first mode for URAMs. Consider using BRAMs instead.
WARNING: [HLS 200-2042] Usage of URAM can potentially cause worse II as Vitis HLS does not exploit read-first mode for URAMs. Consider using BRAMs instead.
WARNING: [HLS 200-2042] Usage of URAM can potentially cause worse II as Vitis HLS does not exploit read-first mode for URAMs. Consider using BRAMs instead.
WARNING: [HLS 200-2042] Usage of URAM can potentially cause worse II as Vitis HLS does not exploit read-first mode for URAMs. Consider using BRAMs instead.
WARNING: [HLS 200-2042] Usage of URAM can potentially cause worse II as Vitis HLS does not exploit read-first mode for URAMs. Consider using BRAMs instead.
WARNING: [HLS 200-2042] Usage of URAM can potentially cause worse II as Vitis HLS does not exploit read-first mode for URAMs. Consider using BRAMs instead.
WARNING: [HLS 200-2042] Usage of URAM can potentially cause worse II as Vitis HLS does not exploit read-first mode for URAMs. Consider using BRAMs instead.
WARNING: [HLS 200-2042] Usage of URAM can potentially cause worse II as Vitis HLS does not exploit read-first mode for URAMs. Consider using BRAMs instead.
WARNING: [HLS 200-2042] Usage of URAM can potentially cause worse II as Vitis HLS does not exploit read-first mode for URAMs. Consider using BRAMs instead.
WARNING: [HLS 200-2042] Usage of URAM can potentially cause worse II as Vitis HLS does not exploit read-first mode for URAMs. Consider using BRAMs instead.
WARNING: [HLS 200-2042] Usage of URAM can potentially cause worse II as Vitis HLS does not exploit read-first mode for URAMs. Consider using BRAMs instead.
WARNING: [HLS 200-2042] Usage of URAM can potentially cause worse II as Vitis HLS does not exploit read-first mode for URAMs. Consider using BRAMs instead.
WARNING: [HLS 200-2042] Usage of URAM can potentially cause worse II as Vitis HLS does not exploit read-first mode for URAMs. Consider using BRAMs instead.
WARNING: [HLS 200-2042] Usage of URAM can potentially cause worse II as Vitis HLS does not exploit read-first mode for URAMs. Consider using BRAMs instead.
WARNING: [HLS 200-2042] Usage of URAM can potentially cause worse II as Vitis HLS does not exploit read-first mode for URAMs. Consider using BRAMs instead.
WARNING: [HLS 200-2042] Usage of URAM can potentially cause worse II as Vitis HLS does not exploit read-first mode for URAMs. Consider using BRAMs instead.
WARNING: [HLS 200-2042] Usage of URAM can potentially cause worse II as Vitis HLS does not exploit read-first mode for URAMs. Consider using BRAMs instead.
WARNING: [HLS 200-2042] Usage of URAM can potentially cause worse II as Vitis HLS does not exploit read-first mode for URAMs. Consider using BRAMs instead.
WARNING: [HLS 200-2042] Usage of URAM can potentially cause worse II as Vitis HLS does not exploit read-first mode for URAMs. Consider using BRAMs instead.
WARNING: [HLS 200-2042] Usage of URAM can potentially cause worse II as Vitis HLS does not exploit read-first mode for URAMs. Consider using BRAMs instead.
WARNING: [HLS 200-2042] Usage of URAM can potentially cause worse II as Vitis HLS does not exploit read-first mode for URAMs. Consider using BRAMs instead.
WARNING: [HLS 200-2042] Usage of URAM can potentially cause worse II as Vitis HLS does not exploit read-first mode for URAMs. Consider using BRAMs instead.
WARNING: [HLS 200-2042] Usage of URAM can potentially cause worse II as Vitis HLS does not exploit read-first mode for URAMs. Consider using BRAMs instead.
WARNING: [HLS 200-2042] Usage of URAM can potentially cause worse II as Vitis HLS does not exploit read-first mode for URAMs. Consider using BRAMs instead.
WARNING: [HLS 200-2042] Usage of URAM can potentially cause worse II as Vitis HLS does not exploit read-first mode for URAMs. Consider using BRAMs instead.
WARNING: [HLS 200-2042] Usage of URAM can potentially cause worse II as Vitis HLS does not exploit read-first mode for URAMs. Consider using BRAMs instead.
WARNING: [HLS 200-2042] Usage of URAM can potentially cause worse II as Vitis HLS does not exploit read-first mode for URAMs. Consider using BRAMs instead.
WARNING: [HLS 200-2042] Usage of URAM can potentially cause worse II as Vitis HLS does not exploit read-first mode for URAMs. Consider using BRAMs instead.
WARNING: [HLS 200-2042] Usage of URAM can potentially cause worse II as Vitis HLS does not exploit read-first mode for URAMs. Consider using BRAMs instead.
WARNING: [HLS 200-2042] Usage of URAM can potentially cause worse II as Vitis HLS does not exploit read-first mode for URAMs. Consider using BRAMs instead.
WARNING: [HLS 200-2042] Usage of URAM can potentially cause worse II as Vitis HLS does not exploit read-first mode for URAMs. Consider using BRAMs instead.
WARNING: [HLS 200-2042] Usage of URAM can potentially cause worse II as Vitis HLS does not exploit read-first mode for URAMs. Consider using BRAMs instead.
WARNING: [HLS 200-2042] Usage of URAM can potentially cause worse II as Vitis HLS does not exploit read-first mode for URAMs. Consider using BRAMs instead.
WARNING: [HLS 200-2042] Usage of URAM can potentially cause worse II as Vitis HLS does not exploit read-first mode for URAMs. Consider using BRAMs instead.
WARNING: [HLS 200-2042] Usage of URAM can potentially cause worse II as Vitis HLS does not exploit read-first mode for URAMs. Consider using BRAMs instead.
WARNING: [HLS 200-2042] Usage of URAM can potentially cause worse II as Vitis HLS does not exploit read-first mode for URAMs. Consider using BRAMs instead.
WARNING: [HLS 200-2042] Usage of URAM can potentially cause worse II as Vitis HLS does not exploit read-first mode for URAMs. Consider using BRAMs instead.
WARNING: [HLS 200-2042] Usage of URAM can potentially cause worse II as Vitis HLS does not exploit read-first mode for URAMs. Consider using BRAMs instead.
WARNING: [HLS 200-2042] Usage of URAM can potentially cause worse II as Vitis HLS does not exploit read-first mode for URAMs. Consider using BRAMs instead.
WARNING: [HLS 200-2042] Usage of URAM can potentially cause worse II as Vitis HLS does not exploit read-first mode for URAMs. Consider using BRAMs instead.
WARNING: [HLS 200-2042] Usage of URAM can potentially cause worse II as Vitis HLS does not exploit read-first mode for URAMs. Consider using BRAMs instead.
WARNING: [HLS 200-2042] Usage of URAM can potentially cause worse II as Vitis HLS does not exploit read-first mode for URAMs. Consider using BRAMs instead.
WARNING: [HLS 200-2042] Usage of URAM can potentially cause worse II as Vitis HLS does not exploit read-first mode for URAMs. Consider using BRAMs instead.
WARNING: [HLS 200-2042] Usage of URAM can potentially cause worse II as Vitis HLS does not exploit read-first mode for URAMs. Consider using BRAMs instead.
WARNING: [HLS 200-2042] Usage of URAM can potentially cause worse II as Vitis HLS does not exploit read-first mode for URAMs. Consider using BRAMs instead.
WARNING: [HLS 200-2042] Usage of URAM can potentially cause worse II as Vitis HLS does not exploit read-first mode for URAMs. Consider using BRAMs instead.
WARNING: [HLS 200-2042] Usage of URAM can potentially cause worse II as Vitis HLS does not exploit read-first mode for URAMs. Consider using BRAMs instead.
WARNING: [HLS 200-2042] Usage of URAM can potentially cause worse II as Vitis HLS does not exploit read-first mode for URAMs. Consider using BRAMs instead.
WARNING: [HLS 200-2042] Usage of URAM can potentially cause worse II as Vitis HLS does not exploit read-first mode for URAMs. Consider using BRAMs instead.
WARNING: [HLS 200-2042] Usage of URAM can potentially cause worse II as Vitis HLS does not exploit read-first mode for URAMs. Consider using BRAMs instead.
WARNING: [HLS 200-2042] Usage of URAM can potentially cause worse II as Vitis HLS does not exploit read-first mode for URAMs. Consider using BRAMs instead.
WARNING: [HLS 200-2042] Usage of URAM can potentially cause worse II as Vitis HLS does not exploit read-first mode for URAMs. Consider using BRAMs instead.
WARNING: [HLS 200-2042] Usage of URAM can potentially cause worse II as Vitis HLS does not exploit read-first mode for URAMs. Consider using BRAMs instead.
WARNING: [HLS 200-2042] Usage of URAM can potentially cause worse II as Vitis HLS does not exploit read-first mode for URAMs. Consider using BRAMs instead.
WARNING: [HLS 200-2042] Usage of URAM can potentially cause worse II as Vitis HLS does not exploit read-first mode for URAMs. Consider using BRAMs instead.
WARNING: [HLS 200-2042] Usage of URAM can potentially cause worse II as Vitis HLS does not exploit read-first mode for URAMs. Consider using BRAMs instead.
WARNING: [HLS 200-2042] Usage of URAM can potentially cause worse II as Vitis HLS does not exploit read-first mode for URAMs. Consider using BRAMs instead.
WARNING: [HLS 200-2042] Usage of URAM can potentially cause worse II as Vitis HLS does not exploit read-first mode for URAMs. Consider using BRAMs instead.
WARNING: [HLS 200-2042] Usage of URAM can potentially cause worse II as Vitis HLS does not exploit read-first mode for URAMs. Consider using BRAMs instead.
WARNING: [HLS 200-2042] Usage of URAM can potentially cause worse II as Vitis HLS does not exploit read-first mode for URAMs. Consider using BRAMs instead.
WARNING: [HLS 200-2042] Usage of URAM can potentially cause worse II as Vitis HLS does not exploit read-first mode for URAMs. Consider using BRAMs instead.
WARNING: [HLS 200-2042] Usage of URAM can potentially cause worse II as Vitis HLS does not exploit read-first mode for URAMs. Consider using BRAMs instead.
WARNING: [HLS 200-2042] Usage of URAM can potentially cause worse II as Vitis HLS does not exploit read-first mode for URAMs. Consider using BRAMs instead.
WARNING: [HLS 200-2042] Usage of URAM can potentially cause worse II as Vitis HLS does not exploit read-first mode for URAMs. Consider using BRAMs instead.
WARNING: [HLS 200-2042] Usage of URAM can potentially cause worse II as Vitis HLS does not exploit read-first mode for URAMs. Consider using BRAMs instead.
WARNING: [HLS 200-2042] Usage of URAM can potentially cause worse II as Vitis HLS does not exploit read-first mode for URAMs. Consider using BRAMs instead.
WARNING: [HLS 200-2042] Usage of URAM can potentially cause worse II as Vitis HLS does not exploit read-first mode for URAMs. Consider using BRAMs instead.
WARNING: [HLS 200-2042] Usage of URAM can potentially cause worse II as Vitis HLS does not exploit read-first mode for URAMs. Consider using BRAMs instead.
WARNING: [HLS 200-2042] Usage of URAM can potentially cause worse II as Vitis HLS does not exploit read-first mode for URAMs. Consider using BRAMs instead.
WARNING: [HLS 200-2042] Usage of URAM can potentially cause worse II as Vitis HLS does not exploit read-first mode for URAMs. Consider using BRAMs instead.
WARNING: [HLS 200-2042] Usage of URAM can potentially cause worse II as Vitis HLS does not exploit read-first mode for URAMs. Consider using BRAMs instead.
WARNING: [HLS 200-2042] Usage of URAM can potentially cause worse II as Vitis HLS does not exploit read-first mode for URAMs. Consider using BRAMs instead.
WARNING: [HLS 200-2042] Usage of URAM can potentially cause worse II as Vitis HLS does not exploit read-first mode for URAMs. Consider using BRAMs instead.
WARNING: [HLS 200-2042] Usage of URAM can potentially cause worse II as Vitis HLS does not exploit read-first mode for URAMs. Consider using BRAMs instead.
WARNING: [HLS 200-2042] Usage of URAM can potentially cause worse II as Vitis HLS does not exploit read-first mode for URAMs. Consider using BRAMs instead.
WARNING: [HLS 200-2042] Usage of URAM can potentially cause worse II as Vitis HLS does not exploit read-first mode for URAMs. Consider using BRAMs instead.
WARNING: [HLS 200-2042] Usage of URAM can potentially cause worse II as Vitis HLS does not exploit read-first mode for URAMs. Consider using BRAMs instead.
WARNING: [HLS 200-2042] Usage of URAM can potentially cause worse II as Vitis HLS does not exploit read-first mode for URAMs. Consider using BRAMs instead.
WARNING: [HLS 200-2042] Usage of URAM can potentially cause worse II as Vitis HLS does not exploit read-first mode for URAMs. Consider using BRAMs instead.
WARNING: [HLS 200-2042] Usage of URAM can potentially cause worse II as Vitis HLS does not exploit read-first mode for URAMs. Consider using BRAMs instead.
WARNING: [HLS 200-2042] Usage of URAM can potentially cause worse II as Vitis HLS does not exploit read-first mode for URAMs. Consider using BRAMs instead.
WARNING: [HLS 200-2042] Usage of URAM can potentially cause worse II as Vitis HLS does not exploit read-first mode for URAMs. Consider using BRAMs instead.
WARNING: [HLS 200-2042] Usage of URAM can potentially cause worse II as Vitis HLS does not exploit read-first mode for URAMs. Consider using BRAMs instead.
WARNING: [HLS 200-2042] Usage of URAM can potentially cause worse II as Vitis HLS does not exploit read-first mode for URAMs. Consider using BRAMs instead.
WARNING: [HLS 200-2042] Usage of URAM can potentially cause worse II as Vitis HLS does not exploit read-first mode for URAMs. Consider using BRAMs instead.
WARNING: [HLS 200-2042] Usage of URAM can potentially cause worse II as Vitis HLS does not exploit read-first mode for URAMs. Consider using BRAMs instead.
WARNING: [HLS 200-2042] Usage of URAM can potentially cause worse II as Vitis HLS does not exploit read-first mode for URAMs. Consider using BRAMs instead.
WARNING: [HLS 200-2042] Usage of URAM can potentially cause worse II as Vitis HLS does not exploit read-first mode for URAMs. Consider using BRAMs instead.
WARNING: [HLS 200-2042] Usage of URAM can potentially cause worse II as Vitis HLS does not exploit read-first mode for URAMs. Consider using BRAMs instead.
WARNING: [HLS 200-2042] Usage of URAM can potentially cause worse II as Vitis HLS does not exploit read-first mode for URAMs. Consider using BRAMs instead.
WARNING: [HLS 200-2042] Usage of URAM can potentially cause worse II as Vitis HLS does not exploit read-first mode for URAMs. Consider using BRAMs instead.
WARNING: [HLS 200-2042] Usage of URAM can potentially cause worse II as Vitis HLS does not exploit read-first mode for URAMs. Consider using BRAMs instead.
WARNING: [HLS 200-2042] Usage of URAM can potentially cause worse II as Vitis HLS does not exploit read-first mode for URAMs. Consider using BRAMs instead.
WARNING: [HLS 200-2042] Usage of URAM can potentially cause worse II as Vitis HLS does not exploit read-first mode for URAMs. Consider using BRAMs instead.
WARNING: [HLS 200-2042] Usage of URAM can potentially cause worse II as Vitis HLS does not exploit read-first mode for URAMs. Consider using BRAMs instead.
WARNING: [HLS 200-2042] Usage of URAM can potentially cause worse II as Vitis HLS does not exploit read-first mode for URAMs. Consider using BRAMs instead.
WARNING: [HLS 200-2042] Usage of URAM can potentially cause worse II as Vitis HLS does not exploit read-first mode for URAMs. Consider using BRAMs instead.
WARNING: [HLS 200-2042] Usage of URAM can potentially cause worse II as Vitis HLS does not exploit read-first mode for URAMs. Consider using BRAMs instead.
WARNING: [HLS 200-2042] Usage of URAM can potentially cause worse II as Vitis HLS does not exploit read-first mode for URAMs. Consider using BRAMs instead.
WARNING: [HLS 200-2042] Usage of URAM can potentially cause worse II as Vitis HLS does not exploit read-first mode for URAMs. Consider using BRAMs instead.
WARNING: [HLS 200-2042] Usage of URAM can potentially cause worse II as Vitis HLS does not exploit read-first mode for URAMs. Consider using BRAMs instead.
WARNING: [HLS 200-2042] Usage of URAM can potentially cause worse II as Vitis HLS does not exploit read-first mode for URAMs. Consider using BRAMs instead.
WARNING: [HLS 200-2042] Usage of URAM can potentially cause worse II as Vitis HLS does not exploit read-first mode for URAMs. Consider using BRAMs instead.
WARNING: [HLS 200-2042] Usage of URAM can potentially cause worse II as Vitis HLS does not exploit read-first mode for URAMs. Consider using BRAMs instead.
WARNING: [HLS 200-2042] Usage of URAM can potentially cause worse II as Vitis HLS does not exploit read-first mode for URAMs. Consider using BRAMs instead.
WARNING: [HLS 200-2042] Usage of URAM can potentially cause worse II as Vitis HLS does not exploit read-first mode for URAMs. Consider using BRAMs instead.
WARNING: [HLS 200-2042] Usage of URAM can potentially cause worse II as Vitis HLS does not exploit read-first mode for URAMs. Consider using BRAMs instead.
WARNING: [HLS 200-2042] Usage of URAM can potentially cause worse II as Vitis HLS does not exploit read-first mode for URAMs. Consider using BRAMs instead.
WARNING: [HLS 200-2042] Usage of URAM can potentially cause worse II as Vitis HLS does not exploit read-first mode for URAMs. Consider using BRAMs instead.
WARNING: [HLS 200-2042] Usage of URAM can potentially cause worse II as Vitis HLS does not exploit read-first mode for URAMs. Consider using BRAMs instead.
WARNING: [HLS 200-2042] Usage of URAM can potentially cause worse II as Vitis HLS does not exploit read-first mode for URAMs. Consider using BRAMs instead.
WARNING: [HLS 200-2042] Usage of URAM can potentially cause worse II as Vitis HLS does not exploit read-first mode for URAMs. Consider using BRAMs instead.
WARNING: [HLS 200-2042] Usage of URAM can potentially cause worse II as Vitis HLS does not exploit read-first mode for URAMs. Consider using BRAMs instead.
WARNING: [HLS 200-2042] Usage of URAM can potentially cause worse II as Vitis HLS does not exploit read-first mode for URAMs. Consider using BRAMs instead.
WARNING: [HLS 200-2042] Usage of URAM can potentially cause worse II as Vitis HLS does not exploit read-first mode for URAMs. Consider using BRAMs instead.
WARNING: [HLS 200-2042] Usage of URAM can potentially cause worse II as Vitis HLS does not exploit read-first mode for URAMs. Consider using BRAMs instead.
WARNING: [HLS 200-2042] Usage of URAM can potentially cause worse II as Vitis HLS does not exploit read-first mode for URAMs. Consider using BRAMs instead.
WARNING: [HLS 200-2042] Usage of URAM can potentially cause worse II as Vitis HLS does not exploit read-first mode for URAMs. Consider using BRAMs instead.
WARNING: [HLS 200-2042] Usage of URAM can potentially cause worse II as Vitis HLS does not exploit read-first mode for URAMs. Consider using BRAMs instead.
WARNING: [HLS 200-2042] Usage of URAM can potentially cause worse II as Vitis HLS does not exploit read-first mode for URAMs. Consider using BRAMs instead.
WARNING: [HLS 200-2042] Usage of URAM can potentially cause worse II as Vitis HLS does not exploit read-first mode for URAMs. Consider using BRAMs instead.
WARNING: [HLS 200-2042] Usage of URAM can potentially cause worse II as Vitis HLS does not exploit read-first mode for URAMs. Consider using BRAMs instead.
WARNING: [HLS 200-2042] Usage of URAM can potentially cause worse II as Vitis HLS does not exploit read-first mode for URAMs. Consider using BRAMs instead.
WARNING: [HLS 200-2042] Usage of URAM can potentially cause worse II as Vitis HLS does not exploit read-first mode for URAMs. Consider using BRAMs instead.
WARNING: [HLS 200-2042] Usage of URAM can potentially cause worse II as Vitis HLS does not exploit read-first mode for URAMs. Consider using BRAMs instead.
WARNING: [HLS 200-2042] Usage of URAM can potentially cause worse II as Vitis HLS does not exploit read-first mode for URAMs. Consider using BRAMs instead.
WARNING: [HLS 200-2042] Usage of URAM can potentially cause worse II as Vitis HLS does not exploit read-first mode for URAMs. Consider using BRAMs instead.
WARNING: [HLS 200-2042] Usage of URAM can potentially cause worse II as Vitis HLS does not exploit read-first mode for URAMs. Consider using BRAMs instead.
WARNING: [HLS 200-2042] Usage of URAM can potentially cause worse II as Vitis HLS does not exploit read-first mode for URAMs. Consider using BRAMs instead.
WARNING: [HLS 200-2042] Usage of URAM can potentially cause worse II as Vitis HLS does not exploit read-first mode for URAMs. Consider using BRAMs instead.
WARNING: [HLS 200-2042] Usage of URAM can potentially cause worse II as Vitis HLS does not exploit read-first mode for URAMs. Consider using BRAMs instead.
WARNING: [HLS 200-2042] Usage of URAM can potentially cause worse II as Vitis HLS does not exploit read-first mode for URAMs. Consider using BRAMs instead.
WARNING: [HLS 200-2042] Usage of URAM can potentially cause worse II as Vitis HLS does not exploit read-first mode for URAMs. Consider using BRAMs instead.
WARNING: [HLS 200-2042] Usage of URAM can potentially cause worse II as Vitis HLS does not exploit read-first mode for URAMs. Consider using BRAMs instead.
WARNING: [HLS 200-2042] Usage of URAM can potentially cause worse II as Vitis HLS does not exploit read-first mode for URAMs. Consider using BRAMs instead.
WARNING: [HLS 200-2042] Usage of URAM can potentially cause worse II as Vitis HLS does not exploit read-first mode for URAMs. Consider using BRAMs instead.
WARNING: [HLS 200-2042] Usage of URAM can potentially cause worse II as Vitis HLS does not exploit read-first mode for URAMs. Consider using BRAMs instead.
WARNING: [HLS 200-2042] Usage of URAM can potentially cause worse II as Vitis HLS does not exploit read-first mode for URAMs. Consider using BRAMs instead.
WARNING: [HLS 200-2042] Usage of URAM can potentially cause worse II as Vitis HLS does not exploit read-first mode for URAMs. Consider using BRAMs instead.
WARNING: [HLS 200-2042] Usage of URAM can potentially cause worse II as Vitis HLS does not exploit read-first mode for URAMs. Consider using BRAMs instead.
WARNING: [HLS 200-2042] Usage of URAM can potentially cause worse II as Vitis HLS does not exploit read-first mode for URAMs. Consider using BRAMs instead.
WARNING: [HLS 200-2042] Usage of URAM can potentially cause worse II as Vitis HLS does not exploit read-first mode for URAMs. Consider using BRAMs instead.
WARNING: [HLS 200-2042] Usage of URAM can potentially cause worse II as Vitis HLS does not exploit read-first mode for URAMs. Consider using BRAMs instead.
WARNING: [HLS 200-2042] Usage of URAM can potentially cause worse II as Vitis HLS does not exploit read-first mode for URAMs. Consider using BRAMs instead.
WARNING: [HLS 200-2042] Usage of URAM can potentially cause worse II as Vitis HLS does not exploit read-first mode for URAMs. Consider using BRAMs instead.
WARNING: [HLS 200-2042] Usage of URAM can potentially cause worse II as Vitis HLS does not exploit read-first mode for URAMs. Consider using BRAMs instead.
WARNING: [HLS 200-2042] Usage of URAM can potentially cause worse II as Vitis HLS does not exploit read-first mode for URAMs. Consider using BRAMs instead.
WARNING: [HLS 200-2042] Usage of URAM can potentially cause worse II as Vitis HLS does not exploit read-first mode for URAMs. Consider using BRAMs instead.
WARNING: [HLS 200-2042] Usage of URAM can potentially cause worse II as Vitis HLS does not exploit read-first mode for URAMs. Consider using BRAMs instead.
WARNING: [HLS 200-2042] Usage of URAM can potentially cause worse II as Vitis HLS does not exploit read-first mode for URAMs. Consider using BRAMs instead.
WARNING: [HLS 200-2042] Usage of URAM can potentially cause worse II as Vitis HLS does not exploit read-first mode for URAMs. Consider using BRAMs instead.
WARNING: [HLS 200-2042] Usage of URAM can potentially cause worse II as Vitis HLS does not exploit read-first mode for URAMs. Consider using BRAMs instead.
WARNING: [HLS 200-2042] Usage of URAM can potentially cause worse II as Vitis HLS does not exploit read-first mode for URAMs. Consider using BRAMs instead.
WARNING: [HLS 200-2042] Usage of URAM can potentially cause worse II as Vitis HLS does not exploit read-first mode for URAMs. Consider using BRAMs instead.
WARNING: [HLS 200-2042] Usage of URAM can potentially cause worse II as Vitis HLS does not exploit read-first mode for URAMs. Consider using BRAMs instead.
WARNING: [HLS 200-2042] Usage of URAM can potentially cause worse II as Vitis HLS does not exploit read-first mode for URAMs. Consider using BRAMs instead.
WARNING: [HLS 200-2042] Usage of URAM can potentially cause worse II as Vitis HLS does not exploit read-first mode for URAMs. Consider using BRAMs instead.
WARNING: [HLS 200-2042] Usage of URAM can potentially cause worse II as Vitis HLS does not exploit read-first mode for URAMs. Consider using BRAMs instead.
WARNING: [HLS 200-2042] Usage of URAM can potentially cause worse II as Vitis HLS does not exploit read-first mode for URAMs. Consider using BRAMs instead.
WARNING: [HLS 200-2042] Usage of URAM can potentially cause worse II as Vitis HLS does not exploit read-first mode for URAMs. Consider using BRAMs instead.
WARNING: [HLS 200-2042] Usage of URAM can potentially cause worse II as Vitis HLS does not exploit read-first mode for URAMs. Consider using BRAMs instead.
WARNING: [HLS 200-2042] Usage of URAM can potentially cause worse II as Vitis HLS does not exploit read-first mode for URAMs. Consider using BRAMs instead.
WARNING: [HLS 200-2042] Usage of URAM can potentially cause worse II as Vitis HLS does not exploit read-first mode for URAMs. Consider using BRAMs instead.
WARNING: [HLS 200-2042] Usage of URAM can potentially cause worse II as Vitis HLS does not exploit read-first mode for URAMs. Consider using BRAMs instead.
WARNING: [HLS 200-2042] Usage of URAM can potentially cause worse II as Vitis HLS does not exploit read-first mode for URAMs. Consider using BRAMs instead.
WARNING: [HLS 200-2042] Usage of URAM can potentially cause worse II as Vitis HLS does not exploit read-first mode for URAMs. Consider using BRAMs instead.
WARNING: [HLS 200-2042] Usage of URAM can potentially cause worse II as Vitis HLS does not exploit read-first mode for URAMs. Consider using BRAMs instead.
WARNING: [HLS 200-2042] Usage of URAM can potentially cause worse II as Vitis HLS does not exploit read-first mode for URAMs. Consider using BRAMs instead.
WARNING: [HLS 200-2042] Usage of URAM can potentially cause worse II as Vitis HLS does not exploit read-first mode for URAMs. Consider using BRAMs instead.
WARNING: [HLS 200-2042] Usage of URAM can potentially cause worse II as Vitis HLS does not exploit read-first mode for URAMs. Consider using BRAMs instead.
WARNING: [HLS 200-2042] Usage of URAM can potentially cause worse II as Vitis HLS does not exploit read-first mode for URAMs. Consider using BRAMs instead.
WARNING: [HLS 200-2042] Usage of URAM can potentially cause worse II as Vitis HLS does not exploit read-first mode for URAMs. Consider using BRAMs instead.
WARNING: [HLS 200-2042] Usage of URAM can potentially cause worse II as Vitis HLS does not exploit read-first mode for URAMs. Consider using BRAMs instead.
WARNING: [HLS 200-2042] Usage of URAM can potentially cause worse II as Vitis HLS does not exploit read-first mode for URAMs. Consider using BRAMs instead.
WARNING: [HLS 200-2042] Usage of URAM can potentially cause worse II as Vitis HLS does not exploit read-first mode for URAMs. Consider using BRAMs instead.
WARNING: [HLS 200-2042] Usage of URAM can potentially cause worse II as Vitis HLS does not exploit read-first mode for URAMs. Consider using BRAMs instead.
WARNING: [HLS 200-2042] Usage of URAM can potentially cause worse II as Vitis HLS does not exploit read-first mode for URAMs. Consider using BRAMs instead.
WARNING: [HLS 200-2042] Usage of URAM can potentially cause worse II as Vitis HLS does not exploit read-first mode for URAMs. Consider using BRAMs instead.
WARNING: [HLS 200-2042] Usage of URAM can potentially cause worse II as Vitis HLS does not exploit read-first mode for URAMs. Consider using BRAMs instead.
WARNING: [HLS 200-2042] Usage of URAM can potentially cause worse II as Vitis HLS does not exploit read-first mode for URAMs. Consider using BRAMs instead.
WARNING: [HLS 200-2042] Usage of URAM can potentially cause worse II as Vitis HLS does not exploit read-first mode for URAMs. Consider using BRAMs instead.
WARNING: [HLS 200-2042] Usage of URAM can potentially cause worse II as Vitis HLS does not exploit read-first mode for URAMs. Consider using BRAMs instead.
WARNING: [HLS 200-2042] Usage of URAM can potentially cause worse II as Vitis HLS does not exploit read-first mode for URAMs. Consider using BRAMs instead.
WARNING: [HLS 200-2042] Usage of URAM can potentially cause worse II as Vitis HLS does not exploit read-first mode for URAMs. Consider using BRAMs instead.
WARNING: [HLS 200-2042] Usage of URAM can potentially cause worse II as Vitis HLS does not exploit read-first mode for URAMs. Consider using BRAMs instead.
WARNING: [HLS 200-2042] Usage of URAM can potentially cause worse II as Vitis HLS does not exploit read-first mode for URAMs. Consider using BRAMs instead.
WARNING: [HLS 200-2042] Usage of URAM can potentially cause worse II as Vitis HLS does not exploit read-first mode for URAMs. Consider using BRAMs instead.
WARNING: [HLS 200-2042] Usage of URAM can potentially cause worse II as Vitis HLS does not exploit read-first mode for URAMs. Consider using BRAMs instead.
WARNING: [HLS 200-2042] Usage of URAM can potentially cause worse II as Vitis HLS does not exploit read-first mode for URAMs. Consider using BRAMs instead.
WARNING: [HLS 200-2042] Usage of URAM can potentially cause worse II as Vitis HLS does not exploit read-first mode for URAMs. Consider using BRAMs instead.
WARNING: [HLS 200-2042] Usage of URAM can potentially cause worse II as Vitis HLS does not exploit read-first mode for URAMs. Consider using BRAMs instead.
WARNING: [HLS 200-2042] Usage of URAM can potentially cause worse II as Vitis HLS does not exploit read-first mode for URAMs. Consider using BRAMs instead.
WARNING: [HLS 200-2042] Usage of URAM can potentially cause worse II as Vitis HLS does not exploit read-first mode for URAMs. Consider using BRAMs instead.
WARNING: [HLS 200-2042] Usage of URAM can potentially cause worse II as Vitis HLS does not exploit read-first mode for URAMs. Consider using BRAMs instead.
WARNING: [HLS 200-2042] Usage of URAM can potentially cause worse II as Vitis HLS does not exploit read-first mode for URAMs. Consider using BRAMs instead.
WARNING: [HLS 200-2042] Usage of URAM can potentially cause worse II as Vitis HLS does not exploit read-first mode for URAMs. Consider using BRAMs instead.
WARNING: [HLS 200-2042] Usage of URAM can potentially cause worse II as Vitis HLS does not exploit read-first mode for URAMs. Consider using BRAMs instead.
WARNING: [HLS 200-2042] Usage of URAM can potentially cause worse II as Vitis HLS does not exploit read-first mode for URAMs. Consider using BRAMs instead.
WARNING: [HLS 200-2042] Usage of URAM can potentially cause worse II as Vitis HLS does not exploit read-first mode for URAMs. Consider using BRAMs instead.
WARNING: [HLS 200-2042] Usage of URAM can potentially cause worse II as Vitis HLS does not exploit read-first mode for URAMs. Consider using BRAMs instead.
WARNING: [HLS 200-2042] Usage of URAM can potentially cause worse II as Vitis HLS does not exploit read-first mode for URAMs. Consider using BRAMs instead.
WARNING: [HLS 200-2042] Usage of URAM can potentially cause worse II as Vitis HLS does not exploit read-first mode for URAMs. Consider using BRAMs instead.
WARNING: [HLS 200-2042] Usage of URAM can potentially cause worse II as Vitis HLS does not exploit read-first mode for URAMs. Consider using BRAMs instead.
WARNING: [HLS 200-2042] Usage of URAM can potentially cause worse II as Vitis HLS does not exploit read-first mode for URAMs. Consider using BRAMs instead.
WARNING: [HLS 200-2042] Usage of URAM can potentially cause worse II as Vitis HLS does not exploit read-first mode for URAMs. Consider using BRAMs instead.
WARNING: [HLS 200-2042] Usage of URAM can potentially cause worse II as Vitis HLS does not exploit read-first mode for URAMs. Consider using BRAMs instead.
WARNING: [HLS 200-2042] Usage of URAM can potentially cause worse II as Vitis HLS does not exploit read-first mode for URAMs. Consider using BRAMs instead.
WARNING: [HLS 200-2042] Usage of URAM can potentially cause worse II as Vitis HLS does not exploit read-first mode for URAMs. Consider using BRAMs instead.
WARNING: [HLS 200-2042] Usage of URAM can potentially cause worse II as Vitis HLS does not exploit read-first mode for URAMs. Consider using BRAMs instead.
WARNING: [HLS 200-2042] Usage of URAM can potentially cause worse II as Vitis HLS does not exploit read-first mode for URAMs. Consider using BRAMs instead.
WARNING: [HLS 200-2042] Usage of URAM can potentially cause worse II as Vitis HLS does not exploit read-first mode for URAMs. Consider using BRAMs instead.
WARNING: [HLS 200-2042] Usage of URAM can potentially cause worse II as Vitis HLS does not exploit read-first mode for URAMs. Consider using BRAMs instead.
WARNING: [HLS 200-2042] Usage of URAM can potentially cause worse II as Vitis HLS does not exploit read-first mode for URAMs. Consider using BRAMs instead.
WARNING: [HLS 200-2042] Usage of URAM can potentially cause worse II as Vitis HLS does not exploit read-first mode for URAMs. Consider using BRAMs instead.
WARNING: [HLS 200-2042] Usage of URAM can potentially cause worse II as Vitis HLS does not exploit read-first mode for URAMs. Consider using BRAMs instead.
WARNING: [HLS 200-2042] Usage of URAM can potentially cause worse II as Vitis HLS does not exploit read-first mode for URAMs. Consider using BRAMs instead.
WARNING: [HLS 200-2042] Usage of URAM can potentially cause worse II as Vitis HLS does not exploit read-first mode for URAMs. Consider using BRAMs instead.
WARNING: [HLS 200-2042] Usage of URAM can potentially cause worse II as Vitis HLS does not exploit read-first mode for URAMs. Consider using BRAMs instead.
WARNING: [HLS 200-2042] Usage of URAM can potentially cause worse II as Vitis HLS does not exploit read-first mode for URAMs. Consider using BRAMs instead.
WARNING: [HLS 200-2042] Usage of URAM can potentially cause worse II as Vitis HLS does not exploit read-first mode for URAMs. Consider using BRAMs instead.
WARNING: [HLS 200-2042] Usage of URAM can potentially cause worse II as Vitis HLS does not exploit read-first mode for URAMs. Consider using BRAMs instead.
WARNING: [HLS 200-2042] Usage of URAM can potentially cause worse II as Vitis HLS does not exploit read-first mode for URAMs. Consider using BRAMs instead.
WARNING: [HLS 200-2042] Usage of URAM can potentially cause worse II as Vitis HLS does not exploit read-first mode for URAMs. Consider using BRAMs instead.
WARNING: [HLS 200-2042] Usage of URAM can potentially cause worse II as Vitis HLS does not exploit read-first mode for URAMs. Consider using BRAMs instead.
WARNING: [HLS 200-2042] Usage of URAM can potentially cause worse II as Vitis HLS does not exploit read-first mode for URAMs. Consider using BRAMs instead.
WARNING: [HLS 200-2042] Usage of URAM can potentially cause worse II as Vitis HLS does not exploit read-first mode for URAMs. Consider using BRAMs instead.
WARNING: [HLS 200-2042] Usage of URAM can potentially cause worse II as Vitis HLS does not exploit read-first mode for URAMs. Consider using BRAMs instead.
WARNING: [HLS 200-2042] Usage of URAM can potentially cause worse II as Vitis HLS does not exploit read-first mode for URAMs. Consider using BRAMs instead.
WARNING: [HLS 200-2042] Usage of URAM can potentially cause worse II as Vitis HLS does not exploit read-first mode for URAMs. Consider using BRAMs instead.
WARNING: [HLS 200-2042] Usage of URAM can potentially cause worse II as Vitis HLS does not exploit read-first mode for URAMs. Consider using BRAMs instead.
WARNING: [HLS 200-2042] Usage of URAM can potentially cause worse II as Vitis HLS does not exploit read-first mode for URAMs. Consider using BRAMs instead.
WARNING: [HLS 200-2042] Usage of URAM can potentially cause worse II as Vitis HLS does not exploit read-first mode for URAMs. Consider using BRAMs instead.
WARNING: [HLS 200-2042] Usage of URAM can potentially cause worse II as Vitis HLS does not exploit read-first mode for URAMs. Consider using BRAMs instead.
WARNING: [HLS 200-2042] Usage of URAM can potentially cause worse II as Vitis HLS does not exploit read-first mode for URAMs. Consider using BRAMs instead.
WARNING: [HLS 200-2042] Usage of URAM can potentially cause worse II as Vitis HLS does not exploit read-first mode for URAMs. Consider using BRAMs instead.
WARNING: [HLS 200-2042] Usage of URAM can potentially cause worse II as Vitis HLS does not exploit read-first mode for URAMs. Consider using BRAMs instead.
WARNING: [HLS 200-2042] Usage of URAM can potentially cause worse II as Vitis HLS does not exploit read-first mode for URAMs. Consider using BRAMs instead.
WARNING: [HLS 200-2042] Usage of URAM can potentially cause worse II as Vitis HLS does not exploit read-first mode for URAMs. Consider using BRAMs instead.
WARNING: [HLS 200-2042] Usage of URAM can potentially cause worse II as Vitis HLS does not exploit read-first mode for URAMs. Consider using BRAMs instead.
WARNING: [HLS 200-2042] Usage of URAM can potentially cause worse II as Vitis HLS does not exploit read-first mode for URAMs. Consider using BRAMs instead.
WARNING: [HLS 200-2042] Usage of URAM can potentially cause worse II as Vitis HLS does not exploit read-first mode for URAMs. Consider using BRAMs instead.
WARNING: [HLS 200-2042] Usage of URAM can potentially cause worse II as Vitis HLS does not exploit read-first mode for URAMs. Consider using BRAMs instead.
WARNING: [HLS 200-2042] Usage of URAM can potentially cause worse II as Vitis HLS does not exploit read-first mode for URAMs. Consider using BRAMs instead.
WARNING: [HLS 200-2042] Usage of URAM can potentially cause worse II as Vitis HLS does not exploit read-first mode for URAMs. Consider using BRAMs instead.
WARNING: [HLS 200-2042] Usage of URAM can potentially cause worse II as Vitis HLS does not exploit read-first mode for URAMs. Consider using BRAMs instead.
WARNING: [HLS 200-2042] Usage of URAM can potentially cause worse II as Vitis HLS does not exploit read-first mode for URAMs. Consider using BRAMs instead.
WARNING: [HLS 200-2042] Usage of URAM can potentially cause worse II as Vitis HLS does not exploit read-first mode for URAMs. Consider using BRAMs instead.
WARNING: [HLS 200-2042] Usage of URAM can potentially cause worse II as Vitis HLS does not exploit read-first mode for URAMs. Consider using BRAMs instead.
WARNING: [HLS 200-2042] Usage of URAM can potentially cause worse II as Vitis HLS does not exploit read-first mode for URAMs. Consider using BRAMs instead.
WARNING: [HLS 200-2042] Usage of URAM can potentially cause worse II as Vitis HLS does not exploit read-first mode for URAMs. Consider using BRAMs instead.
WARNING: [HLS 200-2042] Usage of URAM can potentially cause worse II as Vitis HLS does not exploit read-first mode for URAMs. Consider using BRAMs instead.
WARNING: [HLS 200-2042] Usage of URAM can potentially cause worse II as Vitis HLS does not exploit read-first mode for URAMs. Consider using BRAMs instead.
WARNING: [HLS 200-2042] Usage of URAM can potentially cause worse II as Vitis HLS does not exploit read-first mode for URAMs. Consider using BRAMs instead.
WARNING: [HLS 200-2042] Usage of URAM can potentially cause worse II as Vitis HLS does not exploit read-first mode for URAMs. Consider using BRAMs instead.
WARNING: [HLS 200-2042] Usage of URAM can potentially cause worse II as Vitis HLS does not exploit read-first mode for URAMs. Consider using BRAMs instead.
WARNING: [HLS 200-2042] Usage of URAM can potentially cause worse II as Vitis HLS does not exploit read-first mode for URAMs. Consider using BRAMs instead.
WARNING: [HLS 200-2042] Usage of URAM can potentially cause worse II as Vitis HLS does not exploit read-first mode for URAMs. Consider using BRAMs instead.
WARNING: [HLS 200-2042] Usage of URAM can potentially cause worse II as Vitis HLS does not exploit read-first mode for URAMs. Consider using BRAMs instead.
WARNING: [HLS 200-2042] Usage of URAM can potentially cause worse II as Vitis HLS does not exploit read-first mode for URAMs. Consider using BRAMs instead.
WARNING: [HLS 200-2042] Usage of URAM can potentially cause worse II as Vitis HLS does not exploit read-first mode for URAMs. Consider using BRAMs instead.
WARNING: [HLS 200-2042] Usage of URAM can potentially cause worse II as Vitis HLS does not exploit read-first mode for URAMs. Consider using BRAMs instead.
WARNING: [HLS 200-2042] Usage of URAM can potentially cause worse II as Vitis HLS does not exploit read-first mode for URAMs. Consider using BRAMs instead.
WARNING: [HLS 200-2042] Usage of URAM can potentially cause worse II as Vitis HLS does not exploit read-first mode for URAMs. Consider using BRAMs instead.
WARNING: [HLS 200-2042] Usage of URAM can potentially cause worse II as Vitis HLS does not exploit read-first mode for URAMs. Consider using BRAMs instead.
WARNING: [HLS 200-2042] Usage of URAM can potentially cause worse II as Vitis HLS does not exploit read-first mode for URAMs. Consider using BRAMs instead.
WARNING: [HLS 200-2042] Usage of URAM can potentially cause worse II as Vitis HLS does not exploit read-first mode for URAMs. Consider using BRAMs instead.
WARNING: [HLS 200-2042] Usage of URAM can potentially cause worse II as Vitis HLS does not exploit read-first mode for URAMs. Consider using BRAMs instead.
WARNING: [HLS 200-2042] Usage of URAM can potentially cause worse II as Vitis HLS does not exploit read-first mode for URAMs. Consider using BRAMs instead.
WARNING: [HLS 200-2042] Usage of URAM can potentially cause worse II as Vitis HLS does not exploit read-first mode for URAMs. Consider using BRAMs instead.
WARNING: [HLS 200-2042] Usage of URAM can potentially cause worse II as Vitis HLS does not exploit read-first mode for URAMs. Consider using BRAMs instead.
WARNING: [HLS 200-2042] Usage of URAM can potentially cause worse II as Vitis HLS does not exploit read-first mode for URAMs. Consider using BRAMs instead.
WARNING: [HLS 200-2042] Usage of URAM can potentially cause worse II as Vitis HLS does not exploit read-first mode for URAMs. Consider using BRAMs instead.
WARNING: [HLS 200-2042] Usage of URAM can potentially cause worse II as Vitis HLS does not exploit read-first mode for URAMs. Consider using BRAMs instead.
WARNING: [HLS 200-2042] Usage of URAM can potentially cause worse II as Vitis HLS does not exploit read-first mode for URAMs. Consider using BRAMs instead.
WARNING: [HLS 200-2042] Usage of URAM can potentially cause worse II as Vitis HLS does not exploit read-first mode for URAMs. Consider using BRAMs instead.
WARNING: [HLS 200-2042] Usage of URAM can potentially cause worse II as Vitis HLS does not exploit read-first mode for URAMs. Consider using BRAMs instead.
WARNING: [HLS 200-2042] Usage of URAM can potentially cause worse II as Vitis HLS does not exploit read-first mode for URAMs. Consider using BRAMs instead.
WARNING: [HLS 200-2042] Usage of URAM can potentially cause worse II as Vitis HLS does not exploit read-first mode for URAMs. Consider using BRAMs instead.
WARNING: [HLS 200-2042] Usage of URAM can potentially cause worse II as Vitis HLS does not exploit read-first mode for URAMs. Consider using BRAMs instead.
WARNING: [HLS 200-2042] Usage of URAM can potentially cause worse II as Vitis HLS does not exploit read-first mode for URAMs. Consider using BRAMs instead.
WARNING: [HLS 200-2042] Usage of URAM can potentially cause worse II as Vitis HLS does not exploit read-first mode for URAMs. Consider using BRAMs instead.
WARNING: [HLS 200-2042] Usage of URAM can potentially cause worse II as Vitis HLS does not exploit read-first mode for URAMs. Consider using BRAMs instead.
WARNING: [HLS 200-2042] Usage of URAM can potentially cause worse II as Vitis HLS does not exploit read-first mode for URAMs. Consider using BRAMs instead.
WARNING: [HLS 200-2042] Usage of URAM can potentially cause worse II as Vitis HLS does not exploit read-first mode for URAMs. Consider using BRAMs instead.
WARNING: [HLS 200-2042] Usage of URAM can potentially cause worse II as Vitis HLS does not exploit read-first mode for URAMs. Consider using BRAMs instead.
WARNING: [HLS 200-2042] Usage of URAM can potentially cause worse II as Vitis HLS does not exploit read-first mode for URAMs. Consider using BRAMs instead.
WARNING: [HLS 200-2042] Usage of URAM can potentially cause worse II as Vitis HLS does not exploit read-first mode for URAMs. Consider using BRAMs instead.
WARNING: [HLS 200-2042] Usage of URAM can potentially cause worse II as Vitis HLS does not exploit read-first mode for URAMs. Consider using BRAMs instead.
WARNING: [HLS 200-2042] Usage of URAM can potentially cause worse II as Vitis HLS does not exploit read-first mode for URAMs. Consider using BRAMs instead.
WARNING: [HLS 200-2042] Usage of URAM can potentially cause worse II as Vitis HLS does not exploit read-first mode for URAMs. Consider using BRAMs instead.
WARNING: [HLS 200-2042] Usage of URAM can potentially cause worse II as Vitis HLS does not exploit read-first mode for URAMs. Consider using BRAMs instead.
WARNING: [HLS 200-2042] Usage of URAM can potentially cause worse II as Vitis HLS does not exploit read-first mode for URAMs. Consider using BRAMs instead.
WARNING: [HLS 200-2042] Usage of URAM can potentially cause worse II as Vitis HLS does not exploit read-first mode for URAMs. Consider using BRAMs instead.
WARNING: [HLS 200-2042] Usage of URAM can potentially cause worse II as Vitis HLS does not exploit read-first mode for URAMs. Consider using BRAMs instead.
WARNING: [HLS 200-2042] Usage of URAM can potentially cause worse II as Vitis HLS does not exploit read-first mode for URAMs. Consider using BRAMs instead.
WARNING: [HLS 200-2042] Usage of URAM can potentially cause worse II as Vitis HLS does not exploit read-first mode for URAMs. Consider using BRAMs instead.
WARNING: [HLS 200-2042] Usage of URAM can potentially cause worse II as Vitis HLS does not exploit read-first mode for URAMs. Consider using BRAMs instead.
WARNING: [HLS 200-2042] Usage of URAM can potentially cause worse II as Vitis HLS does not exploit read-first mode for URAMs. Consider using BRAMs instead.
WARNING: [HLS 200-2042] Usage of URAM can potentially cause worse II as Vitis HLS does not exploit read-first mode for URAMs. Consider using BRAMs instead.
WARNING: [HLS 200-2042] Usage of URAM can potentially cause worse II as Vitis HLS does not exploit read-first mode for URAMs. Consider using BRAMs instead.
WARNING: [HLS 200-2042] Usage of URAM can potentially cause worse II as Vitis HLS does not exploit read-first mode for URAMs. Consider using BRAMs instead.
WARNING: [HLS 200-2042] Usage of URAM can potentially cause worse II as Vitis HLS does not exploit read-first mode for URAMs. Consider using BRAMs instead.
WARNING: [HLS 200-2042] Usage of URAM can potentially cause worse II as Vitis HLS does not exploit read-first mode for URAMs. Consider using BRAMs instead.
WARNING: [HLS 200-2042] Usage of URAM can potentially cause worse II as Vitis HLS does not exploit read-first mode for URAMs. Consider using BRAMs instead.
WARNING: [HLS 200-2042] Usage of URAM can potentially cause worse II as Vitis HLS does not exploit read-first mode for URAMs. Consider using BRAMs instead.
WARNING: [HLS 200-2042] Usage of URAM can potentially cause worse II as Vitis HLS does not exploit read-first mode for URAMs. Consider using BRAMs instead.
WARNING: [HLS 200-2042] Usage of URAM can potentially cause worse II as Vitis HLS does not exploit read-first mode for URAMs. Consider using BRAMs instead.
WARNING: [HLS 200-2042] Usage of URAM can potentially cause worse II as Vitis HLS does not exploit read-first mode for URAMs. Consider using BRAMs instead.
WARNING: [HLS 200-2042] Usage of URAM can potentially cause worse II as Vitis HLS does not exploit read-first mode for URAMs. Consider using BRAMs instead.
WARNING: [HLS 200-2042] Usage of URAM can potentially cause worse II as Vitis HLS does not exploit read-first mode for URAMs. Consider using BRAMs instead.
WARNING: [HLS 200-2042] Usage of URAM can potentially cause worse II as Vitis HLS does not exploit read-first mode for URAMs. Consider using BRAMs instead.
WARNING: [HLS 200-2042] Usage of URAM can potentially cause worse II as Vitis HLS does not exploit read-first mode for URAMs. Consider using BRAMs instead.
WARNING: [HLS 200-2042] Usage of URAM can potentially cause worse II as Vitis HLS does not exploit read-first mode for URAMs. Consider using BRAMs instead.
WARNING: [HLS 200-2042] Usage of URAM can potentially cause worse II as Vitis HLS does not exploit read-first mode for URAMs. Consider using BRAMs instead.
WARNING: [HLS 200-2042] Usage of URAM can potentially cause worse II as Vitis HLS does not exploit read-first mode for URAMs. Consider using BRAMs instead.
WARNING: [HLS 200-2042] Usage of URAM can potentially cause worse II as Vitis HLS does not exploit read-first mode for URAMs. Consider using BRAMs instead.
WARNING: [HLS 200-2042] Usage of URAM can potentially cause worse II as Vitis HLS does not exploit read-first mode for URAMs. Consider using BRAMs instead.
WARNING: [HLS 200-2042] Usage of URAM can potentially cause worse II as Vitis HLS does not exploit read-first mode for URAMs. Consider using BRAMs instead.
WARNING: [HLS 200-2042] Usage of URAM can potentially cause worse II as Vitis HLS does not exploit read-first mode for URAMs. Consider using BRAMs instead.
WARNING: [HLS 200-2042] Usage of URAM can potentially cause worse II as Vitis HLS does not exploit read-first mode for URAMs. Consider using BRAMs instead.
WARNING: [HLS 200-2042] Usage of URAM can potentially cause worse II as Vitis HLS does not exploit read-first mode for URAMs. Consider using BRAMs instead.
WARNING: [HLS 200-2042] Usage of URAM can potentially cause worse II as Vitis HLS does not exploit read-first mode for URAMs. Consider using BRAMs instead.
WARNING: [HLS 200-2042] Usage of URAM can potentially cause worse II as Vitis HLS does not exploit read-first mode for URAMs. Consider using BRAMs instead.
WARNING: [HLS 200-2042] Usage of URAM can potentially cause worse II as Vitis HLS does not exploit read-first mode for URAMs. Consider using BRAMs instead.
WARNING: [HLS 200-2042] Usage of URAM can potentially cause worse II as Vitis HLS does not exploit read-first mode for URAMs. Consider using BRAMs instead.
WARNING: [HLS 200-2042] Usage of URAM can potentially cause worse II as Vitis HLS does not exploit read-first mode for URAMs. Consider using BRAMs instead.
WARNING: [HLS 200-2042] Usage of URAM can potentially cause worse II as Vitis HLS does not exploit read-first mode for URAMs. Consider using BRAMs instead.
WARNING: [HLS 200-2042] Usage of URAM can potentially cause worse II as Vitis HLS does not exploit read-first mode for URAMs. Consider using BRAMs instead.
WARNING: [HLS 200-2042] Usage of URAM can potentially cause worse II as Vitis HLS does not exploit read-first mode for URAMs. Consider using BRAMs instead.
WARNING: [HLS 200-2042] Usage of URAM can potentially cause worse II as Vitis HLS does not exploit read-first mode for URAMs. Consider using BRAMs instead.
WARNING: [HLS 200-2042] Usage of URAM can potentially cause worse II as Vitis HLS does not exploit read-first mode for URAMs. Consider using BRAMs instead.
WARNING: [HLS 200-2042] Usage of URAM can potentially cause worse II as Vitis HLS does not exploit read-first mode for URAMs. Consider using BRAMs instead.
WARNING: [HLS 200-2042] Usage of URAM can potentially cause worse II as Vitis HLS does not exploit read-first mode for URAMs. Consider using BRAMs instead.
WARNING: [HLS 200-2042] Usage of URAM can potentially cause worse II as Vitis HLS does not exploit read-first mode for URAMs. Consider using BRAMs instead.
WARNING: [HLS 200-2042] Usage of URAM can potentially cause worse II as Vitis HLS does not exploit read-first mode for URAMs. Consider using BRAMs instead.
WARNING: [HLS 200-2042] Usage of URAM can potentially cause worse II as Vitis HLS does not exploit read-first mode for URAMs. Consider using BRAMs instead.
WARNING: [HLS 200-2042] Usage of URAM can potentially cause worse II as Vitis HLS does not exploit read-first mode for URAMs. Consider using BRAMs instead.
WARNING: [HLS 200-2042] Usage of URAM can potentially cause worse II as Vitis HLS does not exploit read-first mode for URAMs. Consider using BRAMs instead.
WARNING: [HLS 200-2042] Usage of URAM can potentially cause worse II as Vitis HLS does not exploit read-first mode for URAMs. Consider using BRAMs instead.
WARNING: [HLS 200-2042] Usage of URAM can potentially cause worse II as Vitis HLS does not exploit read-first mode for URAMs. Consider using BRAMs instead.
WARNING: [HLS 200-2042] Usage of URAM can potentially cause worse II as Vitis HLS does not exploit read-first mode for URAMs. Consider using BRAMs instead.
WARNING: [HLS 200-2042] Usage of URAM can potentially cause worse II as Vitis HLS does not exploit read-first mode for URAMs. Consider using BRAMs instead.
WARNING: [HLS 200-2042] Usage of URAM can potentially cause worse II as Vitis HLS does not exploit read-first mode for URAMs. Consider using BRAMs instead.
WARNING: [HLS 200-2042] Usage of URAM can potentially cause worse II as Vitis HLS does not exploit read-first mode for URAMs. Consider using BRAMs instead.
WARNING: [HLS 200-2042] Usage of URAM can potentially cause worse II as Vitis HLS does not exploit read-first mode for URAMs. Consider using BRAMs instead.
WARNING: [HLS 200-2042] Usage of URAM can potentially cause worse II as Vitis HLS does not exploit read-first mode for URAMs. Consider using BRAMs instead.
WARNING: [HLS 200-2042] Usage of URAM can potentially cause worse II as Vitis HLS does not exploit read-first mode for URAMs. Consider using BRAMs instead.
WARNING: [HLS 200-2042] Usage of URAM can potentially cause worse II as Vitis HLS does not exploit read-first mode for URAMs. Consider using BRAMs instead.
WARNING: [HLS 200-2042] Usage of URAM can potentially cause worse II as Vitis HLS does not exploit read-first mode for URAMs. Consider using BRAMs instead.
WARNING: [HLS 200-2042] Usage of URAM can potentially cause worse II as Vitis HLS does not exploit read-first mode for URAMs. Consider using BRAMs instead.
WARNING: [HLS 200-2042] Usage of URAM can potentially cause worse II as Vitis HLS does not exploit read-first mode for URAMs. Consider using BRAMs instead.
WARNING: [HLS 200-2042] Usage of URAM can potentially cause worse II as Vitis HLS does not exploit read-first mode for URAMs. Consider using BRAMs instead.
WARNING: [HLS 200-2042] Usage of URAM can potentially cause worse II as Vitis HLS does not exploit read-first mode for URAMs. Consider using BRAMs instead.
WARNING: [HLS 200-2042] Usage of URAM can potentially cause worse II as Vitis HLS does not exploit read-first mode for URAMs. Consider using BRAMs instead.
WARNING: [HLS 200-2042] Usage of URAM can potentially cause worse II as Vitis HLS does not exploit read-first mode for URAMs. Consider using BRAMs instead.
WARNING: [HLS 200-2042] Usage of URAM can potentially cause worse II as Vitis HLS does not exploit read-first mode for URAMs. Consider using BRAMs instead.
WARNING: [HLS 200-2042] Usage of URAM can potentially cause worse II as Vitis HLS does not exploit read-first mode for URAMs. Consider using BRAMs instead.
WARNING: [HLS 200-2042] Usage of URAM can potentially cause worse II as Vitis HLS does not exploit read-first mode for URAMs. Consider using BRAMs instead.
WARNING: [HLS 200-2042] Usage of URAM can potentially cause worse II as Vitis HLS does not exploit read-first mode for URAMs. Consider using BRAMs instead.
WARNING: [HLS 200-2042] Usage of URAM can potentially cause worse II as Vitis HLS does not exploit read-first mode for URAMs. Consider using BRAMs instead.
WARNING: [HLS 200-2042] Usage of URAM can potentially cause worse II as Vitis HLS does not exploit read-first mode for URAMs. Consider using BRAMs instead.
WARNING: [HLS 200-2042] Usage of URAM can potentially cause worse II as Vitis HLS does not exploit read-first mode for URAMs. Consider using BRAMs instead.
WARNING: [HLS 200-2042] Usage of URAM can potentially cause worse II as Vitis HLS does not exploit read-first mode for URAMs. Consider using BRAMs instead.
WARNING: [HLS 200-2042] Usage of URAM can potentially cause worse II as Vitis HLS does not exploit read-first mode for URAMs. Consider using BRAMs instead.
WARNING: [HLS 200-2042] Usage of URAM can potentially cause worse II as Vitis HLS does not exploit read-first mode for URAMs. Consider using BRAMs instead.
WARNING: [HLS 200-2042] Usage of URAM can potentially cause worse II as Vitis HLS does not exploit read-first mode for URAMs. Consider using BRAMs instead.
WARNING: [HLS 200-2042] Usage of URAM can potentially cause worse II as Vitis HLS does not exploit read-first mode for URAMs. Consider using BRAMs instead.
WARNING: [HLS 200-2042] Usage of URAM can potentially cause worse II as Vitis HLS does not exploit read-first mode for URAMs. Consider using BRAMs instead.
WARNING: [HLS 200-2042] Usage of URAM can potentially cause worse II as Vitis HLS does not exploit read-first mode for URAMs. Consider using BRAMs instead.
WARNING: [HLS 200-2042] Usage of URAM can potentially cause worse II as Vitis HLS does not exploit read-first mode for URAMs. Consider using BRAMs instead.
WARNING: [HLS 200-2042] Usage of URAM can potentially cause worse II as Vitis HLS does not exploit read-first mode for URAMs. Consider using BRAMs instead.
WARNING: [HLS 200-2042] Usage of URAM can potentially cause worse II as Vitis HLS does not exploit read-first mode for URAMs. Consider using BRAMs instead.
WARNING: [HLS 200-2042] Usage of URAM can potentially cause worse II as Vitis HLS does not exploit read-first mode for URAMs. Consider using BRAMs instead.
WARNING: [HLS 200-2042] Usage of URAM can potentially cause worse II as Vitis HLS does not exploit read-first mode for URAMs. Consider using BRAMs instead.
WARNING: [HLS 200-2042] Usage of URAM can potentially cause worse II as Vitis HLS does not exploit read-first mode for URAMs. Consider using BRAMs instead.
WARNING: [HLS 200-2042] Usage of URAM can potentially cause worse II as Vitis HLS does not exploit read-first mode for URAMs. Consider using BRAMs instead.
WARNING: [HLS 200-2042] Usage of URAM can potentially cause worse II as Vitis HLS does not exploit read-first mode for URAMs. Consider using BRAMs instead.
WARNING: [HLS 200-2042] Usage of URAM can potentially cause worse II as Vitis HLS does not exploit read-first mode for URAMs. Consider using BRAMs instead.
WARNING: [HLS 200-2042] Usage of URAM can potentially cause worse II as Vitis HLS does not exploit read-first mode for URAMs. Consider using BRAMs instead.
WARNING: [HLS 200-2042] Usage of URAM can potentially cause worse II as Vitis HLS does not exploit read-first mode for URAMs. Consider using BRAMs instead.
WARNING: [HLS 200-2042] Usage of URAM can potentially cause worse II as Vitis HLS does not exploit read-first mode for URAMs. Consider using BRAMs instead.
WARNING: [HLS 200-2042] Usage of URAM can potentially cause worse II as Vitis HLS does not exploit read-first mode for URAMs. Consider using BRAMs instead.
WARNING: [HLS 200-2042] Usage of URAM can potentially cause worse II as Vitis HLS does not exploit read-first mode for URAMs. Consider using BRAMs instead.
WARNING: [HLS 200-2042] Usage of URAM can potentially cause worse II as Vitis HLS does not exploit read-first mode for URAMs. Consider using BRAMs instead.
WARNING: [HLS 200-2042] Usage of URAM can potentially cause worse II as Vitis HLS does not exploit read-first mode for URAMs. Consider using BRAMs instead.
WARNING: [HLS 200-2042] Usage of URAM can potentially cause worse II as Vitis HLS does not exploit read-first mode for URAMs. Consider using BRAMs instead.
WARNING: [HLS 200-2042] Usage of URAM can potentially cause worse II as Vitis HLS does not exploit read-first mode for URAMs. Consider using BRAMs instead.
WARNING: [HLS 200-2042] Usage of URAM can potentially cause worse II as Vitis HLS does not exploit read-first mode for URAMs. Consider using BRAMs instead.
WARNING: [HLS 200-2042] Usage of URAM can potentially cause worse II as Vitis HLS does not exploit read-first mode for URAMs. Consider using BRAMs instead.
WARNING: [HLS 200-2042] Usage of URAM can potentially cause worse II as Vitis HLS does not exploit read-first mode for URAMs. Consider using BRAMs instead.
WARNING: [HLS 200-2042] Usage of URAM can potentially cause worse II as Vitis HLS does not exploit read-first mode for URAMs. Consider using BRAMs instead.
WARNING: [HLS 200-2042] Usage of URAM can potentially cause worse II as Vitis HLS does not exploit read-first mode for URAMs. Consider using BRAMs instead.
WARNING: [HLS 200-2042] Usage of URAM can potentially cause worse II as Vitis HLS does not exploit read-first mode for URAMs. Consider using BRAMs instead.
WARNING: [HLS 200-2042] Usage of URAM can potentially cause worse II as Vitis HLS does not exploit read-first mode for URAMs. Consider using BRAMs instead.
WARNING: [HLS 200-2042] Usage of URAM can potentially cause worse II as Vitis HLS does not exploit read-first mode for URAMs. Consider using BRAMs instead.
INFO: [SCHED 204-61] Pipelining loop 'AGGREGATE_AND_OUT'.
WARNING: [HLS 200-880] The II Violation in module 'aggregate_and_output_results' (loop 'AGGREGATE_AND_OUT'): Unable to enforce a carried dependence constraint (II = 1, distance = 1, offset = 1) between fifo write operation ('point_result_stream_write_ln548', ../src/msm.cpp:548) on port 'point_result_stream' (../src/msm.cpp:548) and fifo write operation ('point_result_stream_write_ln548', ../src/msm.cpp:548) on port 'point_result_stream' (../src/msm.cpp:548).
Resolution: For help on HLS 200-880 see docs.xilinx.com/access/sources/dita/topic?Doc_Version=2024.2%20English&url=ug1448-hls-guidance&resourceid=200-880.html
WARNING: [HLS 200-880] The II Violation in module 'aggregate_and_output_results' (loop 'AGGREGATE_AND_OUT'): Unable to enforce a carried dependence constraint (II = 2, distance = 1, offset = 1) between fifo write operation ('point_result_stream_write_ln548', ../src/msm.cpp:548) on port 'point_result_stream' (../src/msm.cpp:548) and fifo write operation ('point_result_stream_write_ln548', ../src/msm.cpp:548) on port 'point_result_stream' (../src/msm.cpp:548).
Resolution: For help on HLS 200-880 see docs.xilinx.com/access/sources/dita/topic?Doc_Version=2024.2%20English&url=ug1448-hls-guidance&resourceid=200-880.html
WARNING: [HLS 200-880] The II Violation in module 'aggregate_and_output_results' (loop 'AGGREGATE_AND_OUT'): Unable to enforce a carried dependence constraint (II = 3, distance = 1, offset = 1) between fifo write operation ('point_result_stream_write_ln548', ../src/msm.cpp:548) on port 'point_result_stream' (../src/msm.cpp:548) and fifo write operation ('point_result_stream_write_ln548', ../src/msm.cpp:548) on port 'point_result_stream' (../src/msm.cpp:548).
Resolution: For help on HLS 200-880 see docs.xilinx.com/access/sources/dita/topic?Doc_Version=2024.2%20English&url=ug1448-hls-guidance&resourceid=200-880.html
WARNING: [HLS 200-880] The II Violation in module 'aggregate_and_output_results' (loop 'AGGREGATE_AND_OUT'): Unable to enforce a carried dependence constraint (II = 4, distance = 1, offset = 1) between fifo write operation ('point_result_stream_write_ln548', ../src/msm.cpp:548) on port 'point_result_stream' (../src/msm.cpp:548) and fifo write operation ('point_result_stream_write_ln548', ../src/msm.cpp:548) on port 'point_result_stream' (../src/msm.cpp:548).
Resolution: For help on HLS 200-880 see docs.xilinx.com/access/sources/dita/topic?Doc_Version=2024.2%20English&url=ug1448-hls-guidance&resourceid=200-880.html
WARNING: [HLS 200-880] The II Violation in module 'aggregate_and_output_results' (loop 'AGGREGATE_AND_OUT'): Unable to enforce a carried dependence constraint (II = 130, distance = 1, offset = 1) between fifo write operation ('point_result_stream_write_ln548', ../src/msm.cpp:548) on port 'point_result_stream' (../src/msm.cpp:548) and fifo write operation ('point_result_stream_write_ln548', ../src/msm.cpp:548) on port 'point_result_stream' (../src/msm.cpp:548).
Resolution: For help on HLS 200-880 see docs.xilinx.com/access/sources/dita/topic?Doc_Version=2024.2%20English&url=ug1448-hls-guidance&resourceid=200-880.html
WARNING: [HLS 200-880] The II Violation in module 'aggregate_and_output_results' (loop 'AGGREGATE_AND_OUT'): Unable to enforce a carried dependence constraint (II = 193, distance = 1, offset = 1) between fifo write operation ('point_result_stream_write_ln548', ../src/msm.cpp:548) on port 'point_result_stream' (../src/msm.cpp:548) and fifo write operation ('point_result_stream_write_ln548', ../src/msm.cpp:548) on port 'point_result_stream' (../src/msm.cpp:548).
Resolution: For help on HLS 200-880 see docs.xilinx.com/access/sources/dita/topic?Doc_Version=2024.2%20English&url=ug1448-hls-guidance&resourceid=200-880.html
WARNING: [HLS 200-880] The II Violation in module 'aggregate_and_output_results' (loop 'AGGREGATE_AND_OUT'): Unable to enforce a carried dependence constraint (II = 225, distance = 1, offset = 1) between fifo write operation ('point_result_stream_write_ln548', ../src/msm.cpp:548) on port 'point_result_stream' (../src/msm.cpp:548) and fifo write operation ('point_result_stream_write_ln548', ../src/msm.cpp:548) on port 'point_result_stream' (../src/msm.cpp:548).
Resolution: For help on HLS 200-880 see docs.xilinx.com/access/sources/dita/topic?Doc_Version=2024.2%20English&url=ug1448-hls-guidance&resourceid=200-880.html
WARNING: [HLS 200-880] The II Violation in module 'aggregate_and_output_results' (loop 'AGGREGATE_AND_OUT'): Unable to enforce a carried dependence constraint (II = 241, distance = 1, offset = 1) between fifo write operation ('point_result_stream_write_ln548', ../src/msm.cpp:548) on port 'point_result_stream' (../src/msm.cpp:548) and fifo write operation ('point_result_stream_write_ln548', ../src/msm.cpp:548) on port 'point_result_stream' (../src/msm.cpp:548).
Resolution: For help on HLS 200-880 see docs.xilinx.com/access/sources/dita/topic?Doc_Version=2024.2%20English&url=ug1448-hls-guidance&resourceid=200-880.html
WARNING: [HLS 200-880] The II Violation in module 'aggregate_and_output_results' (loop 'AGGREGATE_AND_OUT'): Unable to enforce a carried dependence constraint (II = 249, distance = 1, offset = 1) between fifo write operation ('point_result_stream_write_ln548', ../src/msm.cpp:548) on port 'point_result_stream' (../src/msm.cpp:548) and fifo write operation ('point_result_stream_write_ln548', ../src/msm.cpp:548) on port 'point_result_stream' (../src/msm.cpp:548).
Resolution: For help on HLS 200-880 see docs.xilinx.com/access/sources/dita/topic?Doc_Version=2024.2%20English&url=ug1448-hls-guidance&resourceid=200-880.html
WARNING: [HLS 200-880] The II Violation in module 'aggregate_and_output_results' (loop 'AGGREGATE_AND_OUT'): Unable to enforce a carried dependence constraint (II = 253, distance = 1, offset = 1) between fifo write operation ('point_result_stream_write_ln548', ../src/msm.cpp:548) on port 'point_result_stream' (../src/msm.cpp:548) and fifo write operation ('point_result_stream_write_ln548', ../src/msm.cpp:548) on port 'point_result_stream' (../src/msm.cpp:548).
Resolution: For help on HLS 200-880 see docs.xilinx.com/access/sources/dita/topic?Doc_Version=2024.2%20English&url=ug1448-hls-guidance&resourceid=200-880.html
WARNING: [HLS 200-880] The II Violation in module 'aggregate_and_output_results' (loop 'AGGREGATE_AND_OUT'): Unable to enforce a carried dependence constraint (II = 255, distance = 1, offset = 1) between fifo write operation ('point_result_stream_write_ln548', ../src/msm.cpp:548) on port 'point_result_stream' (../src/msm.cpp:548) and fifo write operation ('point_result_stream_write_ln548', ../src/msm.cpp:548) on port 'point_result_stream' (../src/msm.cpp:548).
Resolution: For help on HLS 200-880 see docs.xilinx.com/access/sources/dita/topic?Doc_Version=2024.2%20English&url=ug1448-hls-guidance&resourceid=200-880.html
WARNING: [HLS 200-880] The II Violation in module 'aggregate_and_output_results' (loop 'AGGREGATE_AND_OUT'): Unable to enforce a carried dependence constraint (II = 256, distance = 1, offset = 1) between fifo write operation ('point_result_stream_write_ln548', ../src/msm.cpp:548) on port 'point_result_stream' (../src/msm.cpp:548) and fifo write operation ('point_result_stream_write_ln548', ../src/msm.cpp:548) on port 'point_result_stream' (../src/msm.cpp:548).
Resolution: For help on HLS 200-880 see docs.xilinx.com/access/sources/dita/topic?Doc_Version=2024.2%20English&url=ug1448-hls-guidance&resourceid=200-880.html
INFO: [SCHED 204-61] Unable to satisfy pipeline directive for loop 'AGGREGATE_AND_OUT': unable to pipeline.
INFO: [SCHED 204-11] Finished scheduling.
INFO: [HLS 200-111] Finished Scheduling: CPU user time: 123.34 seconds. CPU system time: 1.89 seconds. Elapsed time: 125.33 seconds; current allocated memory: 900.895 MB.
INFO: [BIND 205-100] Starting micro-architecture generation ...
INFO: [BIND 205-101] Performing variable lifetime analysis.
INFO: [BIND 205-101] Exploring resource sharing.
INFO: [BIND 205-101] Binding ...
INFO: [BIND 205-100] Finished micro-architecture generation.
INFO: [HLS 200-111] Finished Binding: CPU user time: 8.4 seconds. CPU system time: 0.04 seconds. Elapsed time: 8.52 seconds; current allocated memory: 905.453 MB.
INFO: [HLS 200-10] ----------------------------------------------------------------
INFO: [HLS 200-42] -- Implementing module 'pippenger_control' 
INFO: [HLS 200-10] ----------------------------------------------------------------
INFO: [SCHED 204-11] Starting scheduling ...
INFO: [SCHED 204-11] Finished scheduling.
INFO: [HLS 200-111] Finished Scheduling: CPU user time: 1 seconds. CPU system time: 0.08 seconds. Elapsed time: 1.2 seconds; current allocated memory: 910.332 MB.
INFO: [BIND 205-100] Starting micro-architecture generation ...
INFO: [BIND 205-101] Performing variable lifetime analysis.
INFO: [BIND 205-101] Exploring resource sharing.
WARNING: [BIND 205-102] The specified resource core for memory 'scalar_partition_buffer_2' will be ignored if a simpler one can be used.
INFO: [BIND 205-101] Binding ...
INFO: [BIND 205-100] Finished micro-architecture generation.
INFO: [HLS 200-111] Finished Binding: CPU user time: 0.19 seconds. CPU system time: 0.01 seconds. Elapsed time: 0.19 seconds; current allocated memory: 910.516 MB.
INFO: [HLS 200-10] ----------------------------------------------------------------
INFO: [HLS 200-42] -- Implementing module 'WriteBack' 
INFO: [HLS 200-10] ----------------------------------------------------------------
INFO: [SCHED 204-11] Starting scheduling ...
INFO: [SCHED 204-61] Pipelining loop 'VITIS_LOOP_586_1_VITIS_LOOP_588_2'.
INFO: [HLS 200-1470] Pipelining result : Target II = NA, Final II = 1, Depth = 9, loop 'VITIS_LOOP_586_1_VITIS_LOOP_588_2'
INFO: [SCHED 204-11] Finished scheduling.
INFO: [HLS 200-111] Finished Scheduling: CPU user time: 0.31 seconds. CPU system time: 0 seconds. Elapsed time: 0.31 seconds; current allocated memory: 911.250 MB.
INFO: [BIND 205-100] Starting micro-architecture generation ...
INFO: [BIND 205-101] Performing variable lifetime analysis.
INFO: [BIND 205-101] Exploring resource sharing.
INFO: [BIND 205-101] Binding ...
INFO: [BIND 205-100] Finished micro-architecture generation.
INFO: [HLS 200-111] Finished Binding: CPU user time: 0.12 seconds. CPU system time: 0.01 seconds. Elapsed time: 0.13 seconds; current allocated memory: 911.277 MB.
INFO: [HLS 200-10] ----------------------------------------------------------------
INFO: [HLS 200-42] -- Implementing module 'msm' 
INFO: [HLS 200-10] ----------------------------------------------------------------
INFO: [SCHED 204-11] Starting scheduling ...
INFO: [SCHED 204-11] Finished scheduling.
WARNING: [HLS 200-1020] Increasing the depth of FIFO start_for_WriteBack_U0 (from entry_proc_U0 to WriteBack_U0) to 3 to improve performance and/or avoid deadlocks.
INFO: [HLS 200-111] Finished Scheduling: CPU user time: 0.16 seconds. CPU system time: 0 seconds. Elapsed time: 0.16 seconds; current allocated memory: 911.750 MB.
INFO: [BIND 205-100] Starting micro-architecture generation ...
INFO: [BIND 205-101] Performing variable lifetime analysis.
INFO: [BIND 205-101] Exploring resource sharing.
INFO: [BIND 205-101] Binding ...
INFO: [BIND 205-100] Finished micro-architecture generation.
INFO: [HLS 200-111] Finished Binding: CPU user time: 0.15 seconds. CPU system time: 0.01 seconds. Elapsed time: 0.16 seconds; current allocated memory: 911.992 MB.
INFO: [HLS 200-10] ----------------------------------------------------------------
INFO: [HLS 200-10] -- Generating RTL for module 'entry_proc' 
INFO: [HLS 200-10] ----------------------------------------------------------------
INFO: [RTGEN 206-100] Finished creating RTL model for 'entry_proc'.
INFO: [HLS 200-111] Finished Creating RTL model: CPU user time: 0.23 seconds. CPU system time: 0.01 seconds. Elapsed time: 0.24 seconds; current allocated memory: 912.207 MB.
INFO: [HLS 200-10] ----------------------------------------------------------------
INFO: [HLS 200-10] -- Generating RTL for module 'data_loader' 
INFO: [HLS 200-10] ----------------------------------------------------------------
INFO: [HLS 200-1030] Apply Unified Pipeline Control on module 'data_loader' pipeline 'DATA_LOAD_LOOP' pipeline type 'loop pipeline'
INFO: [RTGEN 206-100] Finished creating RTL model for 'data_loader'.
INFO: [HLS 200-111] Finished Creating RTL model: CPU user time: 0.19 seconds. CPU system time: 0.01 seconds. Elapsed time: 0.2 seconds; current allocated memory: 913.910 MB.
INFO: [HLS 200-10] ----------------------------------------------------------------
INFO: [HLS 200-10] -- Generating RTL for module 'pippenger_control_Pipeline_PARTITION_SCALAR' 
INFO: [HLS 200-10] ----------------------------------------------------------------
INFO: [HLS 200-1030] Apply Unified Pipeline Control on module 'pippenger_control_Pipeline_PARTITION_SCALAR' pipeline 'PARTITION_SCALAR' pipeline type 'loop pipeline'
INFO: [RTGEN 206-100] Finished creating RTL model for 'pippenger_control_Pipeline_PARTITION_SCALAR'.
INFO: [HLS 200-111] Finished Creating RTL model: CPU user time: 0.17 seconds. CPU system time: 0.02 seconds. Elapsed time: 0.19 seconds; current allocated memory: 915.633 MB.
INFO: [HLS 200-10] ----------------------------------------------------------------
INFO: [HLS 200-10] -- Generating RTL for module 'edwards_point_add' 
INFO: [HLS 200-10] ----------------------------------------------------------------
INFO: [RTGEN 206-104] Estimated max fanout for 'edwards_point_add' is 21277 from HDL expression: (1'b0 == ap_block_pp0_stage0_11001)
INFO: [RTGEN 206-100] Generating core module 'mul_256ns_254ns_509_5_1': 1 instance(s).
INFO: [RTGEN 206-100] Generating core module 'mul_256ns_256ns_512_5_1': 9 instance(s).
INFO: [RTGEN 206-100] Generating core module 'mul_256s_254ns_256_5_1': 1 instance(s).
INFO: [RTGEN 206-100] Generating core module 'mul_256s_256s_256_5_1': 9 instance(s).
INFO: [RTGEN 206-100] Finished creating RTL model for 'edwards_point_add'.
INFO: [HLS 200-111] Finished Creating RTL model: CPU user time: 0.25 seconds. CPU system time: 0.02 seconds. Elapsed time: 0.28 seconds; current allocated memory: 918.230 MB.
INFO: [HLS 200-10] ----------------------------------------------------------------
INFO: [HLS 200-10] -- Generating RTL for module 'pippenger_control_Pipeline_PUT_INTO_BUCKETS_LOOP' 
INFO: [HLS 200-10] ----------------------------------------------------------------
INFO: [HLS 200-1030] Apply Unified Pipeline Control on module 'pippenger_control_Pipeline_PUT_INTO_BUCKETS_LOOP' pipeline 'PUT_INTO_BUCKETS_LOOP' pipeline type 'loop pipeline'
INFO: [RTGEN 206-100] Finished creating RTL model for 'pippenger_control_Pipeline_PUT_INTO_BUCKETS_LOOP'.
INFO: [HLS 200-111] Finished Creating RTL model: CPU user time: 0.21 seconds. CPU system time: 0.02 seconds. Elapsed time: 0.22 seconds; current allocated memory: 922.109 MB.
INFO: [HLS 200-10] ----------------------------------------------------------------
INFO: [HLS 200-10] -- Generating RTL for module 'aggregate_and_output_results' 
INFO: [HLS 200-10] ----------------------------------------------------------------
INFO: [RTGEN 206-100] Finished creating RTL model for 'aggregate_and_output_results'.
INFO: [HLS 200-111] Finished Creating RTL model: CPU user time: 8.53 seconds. CPU system time: 0.03 seconds. Elapsed time: 8.57 seconds; current allocated memory: 1.016 GB.
INFO: [HLS 200-10] ----------------------------------------------------------------
INFO: [HLS 200-10] -- Generating RTL for module 'pippenger_control' 
INFO: [HLS 200-10] ----------------------------------------------------------------
INFO: [RTGEN 206-100] Finished creating RTL model for 'pippenger_control'.
INFO: [RTMG 210-278] Implementing memory 'msm_pippenger_control_scalar_partition_buffer_RAM_T2P_BRAM_1R1W' using block RAMs.
INFO: [RTMG 210-278] Implementing memory 'msm_pippenger_control_buckets_x_RAM_T2P_URAM_1R1W' using ultra RAMs.
INFO: [HLS 200-111] Finished Creating RTL model: CPU user time: 2.88 seconds. CPU system time: 0.31 seconds. Elapsed time: 3.4 seconds; current allocated memory: 1.170 GB.
INFO: [HLS 200-10] ----------------------------------------------------------------
INFO: [HLS 200-10] -- Generating RTL for module 'WriteBack' 
INFO: [HLS 200-10] ----------------------------------------------------------------
INFO: [HLS 200-1030] Apply Unified Pipeline Control on module 'WriteBack' pipeline 'VITIS_LOOP_586_1_VITIS_LOOP_588_2' pipeline type 'loop pipeline'
INFO: [RTGEN 206-100] Finished creating RTL model for 'WriteBack'.
INFO: [HLS 200-111] Finished Creating RTL model: CPU user time: 0.31 seconds. CPU system time: 0.02 seconds. Elapsed time: 0.34 seconds; current allocated memory: 1.172 GB.
INFO: [HLS 200-10] ----------------------------------------------------------------
INFO: [HLS 200-10] -- Generating RTL for module 'msm' 
INFO: [HLS 200-10] ----------------------------------------------------------------
WARNING: [RTGEN 206-101] Design contains AXI ports. Reset is fixed to synchronous and active low.
INFO: [RTGEN 206-500] Setting interface mode on port 'msm/gmem0' to 'm_axi'.
INFO: [RTGEN 206-500] Setting interface mode on port 'msm/gmem1' to 'm_axi'.
INFO: [RTGEN 206-500] Setting interface mode on port 'msm/gmem2' to 'm_axi'.
INFO: [RTGEN 206-500] Setting interface mode on port 'msm/gmem3' to 'm_axi'.
INFO: [RTGEN 206-500] Setting interface mode on port 'msm/x_array' to 's_axilite & ap_none'.
INFO: [RTGEN 206-500] Setting interface mode on port 'msm/y_array' to 's_axilite & ap_none'.
INFO: [RTGEN 206-500] Setting interface mode on port 'msm/z_array' to 's_axilite & ap_none'.
INFO: [RTGEN 206-500] Setting interface mode on port 'msm/t_array' to 's_axilite & ap_none'.
INFO: [RTGEN 206-500] Setting interface mode on port 'msm/scalar_array' to 'ap_none'.
INFO: [RTGEN 206-500] Setting interface mode on port 'msm/result_x' to 's_axilite & ap_none'.
INFO: [RTGEN 206-500] Setting interface mode on port 'msm/result_y' to 's_axilite & ap_none'.
INFO: [RTGEN 206-500] Setting interface mode on port 'msm/result_z' to 's_axilite & ap_none'.
INFO: [RTGEN 206-500] Setting interface mode on port 'msm/result_t' to 's_axilite & ap_none'.
INFO: [RTGEN 206-500] Setting interface mode on port 'msm/degree' to 'ap_none'.
INFO: [RTGEN 206-500] Setting interface mode on function 'msm' to 'ap_ctrl_hs'.
INFO: [RTGEN 206-100] Bundling port 'x_array', 'y_array', 'z_array', 't_array', 'result_x', 'result_y', 'result_z' and 'result_t' to AXI-Lite port control.
WARNING: [HLS 200-656] Deadlocks can occur since process data_loader is instantiated in a dataflow region with ap_ctrl_none or without start propagation and contains an auto-rewind pipeline.
Resolution: For help on HLS 200-656 see docs.xilinx.com/access/sources/dita/topic?Doc_Version=2024.2%20English&url=ug1448-hls-guidance&resourceid=200-656.html
INFO: [RTGEN 206-100] Finished creating RTL model for 'msm'.
INFO: [RTMG 210-285] Implementing FIFO 'result_x_c_U(msm_fifo_w64_d4_S)' using Shift Registers.
INFO: [RTMG 210-285] Implementing FIFO 'result_y_c_U(msm_fifo_w64_d4_S)' using Shift Registers.
INFO: [RTMG 210-285] Implementing FIFO 'result_z_c_U(msm_fifo_w64_d4_S)' using Shift Registers.
INFO: [RTMG 210-285] Implementing FIFO 'result_t_c_U(msm_fifo_w64_d4_S)' using Shift Registers.
INFO: [RTMG 210-285] Implementing FIFO 'x_point_stream_U(msm_fifo_w256_d64_A)' using Vivado Default RAMs.
INFO: [RTMG 210-285] Implementing FIFO 'y_point_stream_U(msm_fifo_w256_d64_A)' using Vivado Default RAMs.
INFO: [RTMG 210-285] Implementing FIFO 'z_point_stream_U(msm_fifo_w256_d64_A)' using Vivado Default RAMs.
INFO: [RTMG 210-285] Implementing FIFO 't_point_stream_U(msm_fifo_w256_d2_S)' using Shift Registers.
INFO: [RTMG 210-285] Implementing FIFO 'scalar_point_stream_U(msm_fifo_w256_d64_A)' using Vivado Default RAMs.
INFO: [RTMG 210-285] Implementing FIFO 'point_result_stream_U(msm_fifo_w1024_d64_A)' using Vivado Default RAMs.
INFO: [RTMG 210-285] Implementing FIFO 'start_for_WriteBack_U0_U(msm_start_for_WriteBack_U0)' using Shift Registers.
INFO: [RTMG 210-285] Implementing FIFO 'start_for_pippenger_control_U0_U(msm_start_for_pippenger_control_U0)' using Shift Registers.
INFO: [HLS 200-111] Finished Creating RTL model: CPU user time: 0.81 seconds. CPU system time: 0.05 seconds. Elapsed time: 0.86 seconds; current allocated memory: 1.177 GB.
INFO: [HLS 200-111] Finished Generating all RTL models: CPU user time: 0.42 seconds. CPU system time: 0.02 seconds. Elapsed time: 0.44 seconds; current allocated memory: 1.177 GB.
INFO: [HLS 200-1603] Design has inferred MAXI bursts and missed bursts, see Vitis HLS GUI synthesis summary report for detailed information.
INFO: [HLS 200-111] Finished Updating report files: CPU user time: 1.39 seconds. CPU system time: 0.03 seconds. Elapsed time: 1.41 seconds; current allocated memory: 1.191 GB.
INFO: [VHDL 208-304] Generating VHDL RTL for msm.
INFO: [VLOG 209-307] Generating Verilog RTL for msm.
INFO: [HLS 200-790] **** Loop Constraint Status: All loop constraints were NOT satisfied.
INFO: [HLS 200-789] **** Estimated Fmax: 342.47 MHz
INFO: [HLS 200-2161] Finished Command csynth_design Elapsed time: 00:04:13; Allocated memory: 851.484 MB.
INFO: [HLS 200-1510] Running: cosim_design -trace_level all -enable_dataflow_profiling 
WARNING: [HLS 200-626] This design is unable to schedule all read ports in the first II cycle. The RTL testbench may treat the design as non-pipelined
INFO: [COSIM 212-47] Using XSIM for RTL simulation.
INFO: [COSIM 212-14] Instrumenting C test bench ...
   Build using "/tools/Xilinx/Vitis/2024.2/vcxx/libexec//clang++"
   Compiling apatb_msm.cpp
   Compiling msm.cpp_pre.cpp.tb.cpp
   Compiling tb_msm.cpp_pre.cpp.tb.cpp
   Compiling apatb_msm_ir.ll
   Generating cosim.tv.exe
INFO: [COSIM 212-302] Starting C TB testing ... 
ERROR: A depth specification is required for interface port 'x_array' for cosimulation.
Number of points: 100
Processed point 1 of 100
Processed point 51 of 100
Processed point 100 of 100
ERROR: [COSIM 212-359] Aborting co-simulation: C TB simulation failed, nonzero return value '1'.
ERROR: [COSIM 212-320] C TB testing failed, stop generating test vectors. Please check C TB or re-run cosim.
ERROR: [COSIM 212-5] *** C/RTL co-simulation file generation failed. ***
ERROR: [COSIM 212-4] *** C/RTL co-simulation finished: FAIL ***
INFO: [HLS 200-2161] Finished Command cosim_design Elapsed time: 00:00:17; Allocated memory: 6.098 MB.
command 'ap_source' returned error code
    while executing
"source run_hls.tcl"
    ("uplevel" body line 1)
    invoked from within
"uplevel \#0 [list source $tclfile] "

INFO: [HLS 200-112] Total CPU user time: 278.54 seconds. Total CPU system time: 5.28 seconds. Total elapsed time: 284.97 seconds; peak allocated memory: 1.197 GB.
