INFO-FLOW: Workspace /home/terryadavis/utkarsh/zkml-fpga/hls/hash_pe/ccs/solution/solution1 opened at Tue Apr 29 23:23:32 IST 2025
Execute       send_msg_by_id INFO @200-1505@%s%s  vivado 
INFO: [HLS 200-1505] Using flow_target 'vivado'
Execute     set_part xczu7ev-ffvc1156-2-e 
INFO: [HLS 200-1510] Running: set_part xczu7ev-ffvc1156-2-e 
Execute       create_platform xczu7ev-ffvc1156-2-e -board  
DBG:HLSDevice: Trying to load device library: /tools/Xilinx/Vitis/2024.2/lib/lnx64.o/libxv_hlsvwrap.so
DBG:HLSDevice: first parts/arch.xml in RDI_DATADIR: /tools/Xilinx/Vivado/2024.2/data/parts/arch.xml
DBG:HLSDevice: init success
INFO: [HLS 200-1611] Setting target device to 'xczu7ev-ffvc1156-2-e'
Command       create_platform done; 0.91 sec.
Execute       source /tools/Xilinx/Vitis/2024.2/common/technology/xilinx/common/xilinx.gen 
Execute         source /tools/Xilinx/Vitis/2024.2/common/technology/xilinx/interface/plb46.gen 
Execute         source /tools/Xilinx/Vitis/2024.2/common/technology/xilinx/interface/axi4.gen 
Execute         source /tools/Xilinx/Vitis/2024.2/common/technology/xilinx/interface/nativeAXI4.gen 
Execute           source /tools/Xilinx/Vitis/2024.2/common/technology/xilinx/interface/saxilite.gen 
Execute         source /tools/Xilinx/Vitis/2024.2/common/technology/xilinx/scripts/xilinxcoregen.gen 
Execute         source /tools/Xilinx/Vitis/2024.2/common/technology/xilinx/interface/XilEDKCoreGen.gen 
Execute         source /tools/Xilinx/Vitis/2024.2/common/technology/xilinx/ip/dds_compiler.gen 
Execute         source /tools/Xilinx/Vitis/2024.2/common/technology/xilinx/ip/xfft.gen 
Execute         source /tools/Xilinx/Vitis/2024.2/common/technology/xilinx/ip/util.gen 
Execute         source /tools/Xilinx/Vitis/2024.2/common/technology/xilinx/ip/xfir.gen 
Execute         source /tools/Xilinx/Vitis/2024.2/common/technology/xilinx/DSP48/dsp48.gen 
Execute       ap_part_info -name xczu7ev-ffvc1156-2-e -data info 
Execute       config_compile -quiet -complex-mul-dsp=0 
Command     set_part done; 0.99 sec.
Execute     create_clock -period 4 -name default 
INFO: [HLS 200-1510] Running: create_clock -period 4 -name default 
Execute       ap_set_clock -name default -period 4 -unit ns -default=false 
INFO: [SYN 201-201] Setting up clock 'default' with a period of 4ns.
Execute     csynth_design 
INFO: [HLS 200-1510] Running: csynth_design 
Execute       ::AP::init_summary_file csynth 
INFO-FLOW: Running SLX 'csynth' proc: ::SLX::run_csynth
Execute       elaborate -effort=medium -skip_syncheck=0 -keep_printf=0 -skip_cdt=0 -skip_transform=0 -ng=0 -g=0 -opt_fp=0 -from_csynth_design=1 
INFO: [HLS 200-111] Finished File checks and directory preparation: CPU user time: 0.05 seconds. CPU system time: 0.01 seconds. Elapsed time: 0.06 seconds; current allocated memory: 312.051 MB.
Execute         set_directive_top poseidon_hash -name=poseidon_hash 
Execute         source /tools/Xilinx/Vitis/2024.2/tps/tcl/tcllib1.11.1/yaml/huddle.tcl 
Execute         source /tools/Xilinx/Vitis/2024.2/tps/tcl/tcllib1.11.1/yaml/json2huddle.tcl 
Execute           source /tools/Xilinx/Vitis/2024.2/tps/tcl/tcllib1.11.1/try/try.tcl 
INFO: [HLS 200-10] Analyzing design file '../src/poseidon.cpp' ... 
INFO-FLOW: Compiling one TU...
INFO-FLOW: Handling ../src/poseidon.cpp as C++
Execute         ap_part_info -name xczu7ev-ffvc1156-2-e -data info 
INFO-FLOW: Running: GCC PP 39
INFO-FLOW: Source preprocessing
INFO-FLOW: run_clang exec: /tools/Xilinx/Vitis/2024.2/lnx64/tools/clang-3.9-csynth/bin/clang ../src/poseidon.cpp -foptimization-record-file=/home/terryadavis/utkarsh/zkml-fpga/hls/hash_pe/ccs/solution/solution1/.autopilot/db/poseidon.cpp.clang.diag.yml -mllvm -pass-remarks-missed=reflow|pasta|unroll|inline -mllvm -pass-remarks=reflow|pasta|unroll|inline -fno-limit-debug-info --gcc-toolchain=/tools/Xilinx/Vitis/2024.2/tps/lnx64/gcc-8.3.0 -fhls -fno-exceptions -insert-hls-directive=/home/terryadavis/utkarsh/zkml-fpga/hls/hash_pe/ccs/solution/solution1/.autopilot/db/all.directive.json -E -fno-math-errno -c -emit-llvm -mllvm -disable-llvm-optzns -Werror=implicit-function-declaration -Werror=implicit-hls-streams -Werror=return-type -Wpragmas -Wunused-parameter -Wdump-hls-pragmas -Wno-error=dump-hls-pragmas -hls-clock-period=4 -fno-threadsafe-statics -fno-use-cxa-atexit -std=gnu++14 -target fpga64-xilinx-linux-gnu -fno-threadsafe-statics -fno-use-cxa-atexit -D__VITIS_HLS__ -DAESL_SYN -D__SYNTHESIS__ -D__HLS_SYN__ -I /tools/Xilinx/Vitis/2024.2/common/technology/autopilot -I /tools/Xilinx/Vitis/2024.2/common/technology/autopilot/ap_sysc -include etc/autopilot_ssdm_op.h -D__DSP48E2__ -I /usr/include/x86_64-linux-gnu -o /home/terryadavis/utkarsh/zkml-fpga/hls/hash_pe/ccs/solution/solution1/.autopilot/db/poseidon.pp.0.cpp -hls-platform-db-name=/tools/Xilinx/Vitis/2024.2/common/technology/xilinx/common/platform.db -hls-platform-name=zynquplus_medium -device-resource-info=BRAM_624.000000_DSP_1728.000000_FF_460800.000000_LUT_230400.000000_SLICE_28800.000000_URAM_96.000000 -device-name-info=xczu7ev-ffvc1156-2-e > /home/terryadavis/utkarsh/zkml-fpga/hls/hash_pe/ccs/solution/solution1/.autopilot/db/poseidon.cpp.clang.out.log 2> /home/terryadavis/utkarsh/zkml-fpga/hls/hash_pe/ccs/solution/solution1/.autopilot/db/poseidon.cpp.clang.err.log
INFO-FLOW: Done: GCC PP 39 time: 0.1 seconds per iteration
INFO-FLOW: Source syntax check for synthesis
INFO-FLOW: run_clang exec: /tools/Xilinx/Vitis/2024.2/lnx64/tools/clang-3.9-csynth/bin/clang -foptimization-record-file=/home/terryadavis/utkarsh/zkml-fpga/hls/hash_pe/ccs/solution/solution1/.autopilot/db/clang.diag.yml -mllvm -pass-remarks-missed=reflow|pasta|unroll|inline -mllvm -pass-remarks=reflow|pasta|unroll|inline -fsyntax-only -fhls -target fpga64-xilinx-linux-gnu /home/terryadavis/utkarsh/zkml-fpga/hls/hash_pe/ccs/solution/solution1/.autopilot/db/poseidon.pp.0.cpp -hls-platform-db-name=/tools/Xilinx/Vitis/2024.2/common/technology/xilinx/common/platform.db -hls-platform-name=zynquplus_medium -device-resource-info=BRAM_624.000000_DSP_1728.000000_FF_460800.000000_LUT_230400.000000_SLICE_28800.000000_URAM_96.000000 -device-name-info=xczu7ev-ffvc1156-2-e > /home/terryadavis/utkarsh/zkml-fpga/hls/hash_pe/ccs/solution/solution1/.autopilot/db/clang.out.log 2> /home/terryadavis/utkarsh/zkml-fpga/hls/hash_pe/ccs/solution/solution1/.autopilot/db/clang.err.log
ERROR: [HLS 207-2359] conditional expression is ambiguous; 'typename ap_int_base<256, false>::RType<256, true>::minus' (aka 'ap_int<258>') can be converted to 'ap_uint<256>' and vice versa (../src/poseidon.cpp:46:43)
INFO-FLOW: Error in clang_39_open_source : 
INFO-FLOW: Caught error in elaborate:  
    while executing
"ap_compile_CCPP $srcf $skip_transform CFLAGS $skip_cdt $objdir $is_xip"
    (procedure "AP::ap_compile_one_tu_39" line 62)
    invoked from within
"AP::ap_compile_one_tu_39 $srcfile $skip_transform $dbgInfo $skip_cdt "$cflags""
    ("foreach" body line 10)
    invoked from within
"foreach fentry $dut_files {
        #puts "file: $fentry"
        set fatt [lindex $fentry 1]
        array set opt $fatt
        set srcfile $opt(nam..."
    (procedure "AP::compile_dut_files_39" line 18)
    invoked from within
"AP::compile_dut_files_39 $dut_files $dbgInfo $skip_cdt $skip_transform"
    (procedure "AP::compile" line 108)
    invoked from within
"AP::compile 1 $skip_cdt $skip_transform"
    (procedure "ap_internal_elaborate" line 83)
    invoked from within
"ap_internal_elaborate "
Command       elaborate done; error code: 2; 0.57 sec.
INFO-FLOW: Caught error in csynth_design:  
    while executing
"ap_internal_csynth_design "
Command     csynth_design done; error code: 2; 0.63 sec.
INFO: [HLS 200-2161] Finished Command csynth_design Elapsed time: 00:00:00; Allocated memory: 1.223 MB.
Command   ap_source done; error code: 1; 1.64 sec.
Execute   cleanup_all 
INFO-FLOW: Workspace /home/terryadavis/utkarsh/zkml-fpga/hls/hash_pe/ccs/solution/solution1 opened at Tue Apr 29 23:24:05 IST 2025
Execute       ap_set_clock -name default -period 4 -unit ns -default=false 
INFO: [SYN 201-201] Setting up clock 'default' with a period of 4ns.
Execute       set_part xczu7ev-ffvc1156-2-e 
Execute         create_platform xczu7ev-ffvc1156-2-e -board  
DBG:HLSDevice: Trying to load device library: /tools/Xilinx/Vitis/2024.2/lib/lnx64.o/libxv_hlsvwrap.so
DBG:HLSDevice: first parts/arch.xml in RDI_DATADIR: /tools/Xilinx/Vivado/2024.2/data/parts/arch.xml
DBG:HLSDevice: init success
INFO: [HLS 200-1611] Setting target device to 'xczu7ev-ffvc1156-2-e'
Command         create_platform done; 0.9 sec.
Execute         source /tools/Xilinx/Vitis/2024.2/common/technology/xilinx/common/xilinx.gen 
Execute           source /tools/Xilinx/Vitis/2024.2/common/technology/xilinx/interface/plb46.gen 
Execute           source /tools/Xilinx/Vitis/2024.2/common/technology/xilinx/interface/axi4.gen 
Execute           source /tools/Xilinx/Vitis/2024.2/common/technology/xilinx/interface/nativeAXI4.gen 
Execute             source /tools/Xilinx/Vitis/2024.2/common/technology/xilinx/interface/saxilite.gen 
Execute           source /tools/Xilinx/Vitis/2024.2/common/technology/xilinx/scripts/xilinxcoregen.gen 
Execute           source /tools/Xilinx/Vitis/2024.2/common/technology/xilinx/interface/XilEDKCoreGen.gen 
Execute           source /tools/Xilinx/Vitis/2024.2/common/technology/xilinx/ip/dds_compiler.gen 
Execute           source /tools/Xilinx/Vitis/2024.2/common/technology/xilinx/ip/xfft.gen 
Execute           source /tools/Xilinx/Vitis/2024.2/common/technology/xilinx/ip/util.gen 
Execute           source /tools/Xilinx/Vitis/2024.2/common/technology/xilinx/ip/xfir.gen 
Execute           source /tools/Xilinx/Vitis/2024.2/common/technology/xilinx/DSP48/dsp48.gen 
Execute         ap_part_info -name xczu7ev-ffvc1156-2-e -data info 
Execute         config_compile -quiet -complex-mul-dsp=0 
Command       set_part done; 0.98 sec.
Execute       send_msg_by_id INFO @200-1505@%s%s  vivado 
INFO: [HLS 200-1505] Using flow_target 'vivado'
Command     open_solution done; 0.99 sec.
Execute     set_part xczu7ev-ffvc1156-2-e 
INFO: [HLS 200-1510] Running: set_part xczu7ev-ffvc1156-2-e 
Execute       create_platform xczu7ev-ffvc1156-2-e -board  
Execute       source /tools/Xilinx/Vitis/2024.2/common/technology/xilinx/common/xilinx.gen 
Execute         source /tools/Xilinx/Vitis/2024.2/common/technology/xilinx/interface/plb46.gen 
Execute         source /tools/Xilinx/Vitis/2024.2/common/technology/xilinx/interface/axi4.gen 
Execute         source /tools/Xilinx/Vitis/2024.2/common/technology/xilinx/interface/nativeAXI4.gen 
Execute           source /tools/Xilinx/Vitis/2024.2/common/technology/xilinx/interface/saxilite.gen 
Execute         source /tools/Xilinx/Vitis/2024.2/common/technology/xilinx/scripts/xilinxcoregen.gen 
Execute         source /tools/Xilinx/Vitis/2024.2/common/technology/xilinx/interface/XilEDKCoreGen.gen 
Execute         source /tools/Xilinx/Vitis/2024.2/common/technology/xilinx/ip/dds_compiler.gen 
Execute         source /tools/Xilinx/Vitis/2024.2/common/technology/xilinx/ip/xfft.gen 
Execute         source /tools/Xilinx/Vitis/2024.2/common/technology/xilinx/ip/util.gen 
Execute         source /tools/Xilinx/Vitis/2024.2/common/technology/xilinx/ip/xfir.gen 
Execute         source /tools/Xilinx/Vitis/2024.2/common/technology/xilinx/DSP48/dsp48.gen 
Execute       ap_part_info -name xczu7ev-ffvc1156-2-e -data info 
Execute       config_compile -quiet -complex-mul-dsp=0 
Command     set_part done; 0.18 sec.
Execute     create_clock -period 4 -name default 
INFO: [HLS 200-1510] Running: create_clock -period 4 -name default 
Execute     csynth_design 
INFO: [HLS 200-1510] Running: csynth_design 
Execute       ::AP::init_summary_file csynth 
INFO-FLOW: Running SLX 'csynth' proc: ::SLX::run_csynth
Execute       elaborate -effort=medium -skip_syncheck=0 -keep_printf=0 -skip_cdt=0 -skip_transform=0 -ng=0 -g=0 -opt_fp=0 -from_csynth_design=1 
INFO: [HLS 200-111] Finished File checks and directory preparation: CPU user time: 0.05 seconds. CPU system time: 0.01 seconds. Elapsed time: 0.06 seconds; current allocated memory: 368.281 MB.
Execute         set_directive_top poseidon_hash -name=poseidon_hash 
Execute         source /tools/Xilinx/Vitis/2024.2/tps/tcl/tcllib1.11.1/yaml/huddle.tcl 
Execute         source /tools/Xilinx/Vitis/2024.2/tps/tcl/tcllib1.11.1/yaml/json2huddle.tcl 
Execute           source /tools/Xilinx/Vitis/2024.2/tps/tcl/tcllib1.11.1/try/try.tcl 
INFO: [HLS 200-10] Analyzing design file '../src/poseidon.cpp' ... 
INFO-FLOW: Compiling one TU...
INFO-FLOW: Handling ../src/poseidon.cpp as C++
Execute         ap_part_info -name xczu7ev-ffvc1156-2-e -data info 
INFO-FLOW: Running: GCC PP 39
INFO-FLOW: Source preprocessing
INFO-FLOW: run_clang exec: /tools/Xilinx/Vitis/2024.2/lnx64/tools/clang-3.9-csynth/bin/clang ../src/poseidon.cpp -foptimization-record-file=/home/terryadavis/utkarsh/zkml-fpga/hls/hash_pe/ccs/solution/solution1/.autopilot/db/poseidon.cpp.clang.diag.yml -mllvm -pass-remarks-missed=reflow|pasta|unroll|inline -mllvm -pass-remarks=reflow|pasta|unroll|inline -fno-limit-debug-info --gcc-toolchain=/tools/Xilinx/Vitis/2024.2/tps/lnx64/gcc-8.3.0 -fhls -fno-exceptions -insert-hls-directive=/home/terryadavis/utkarsh/zkml-fpga/hls/hash_pe/ccs/solution/solution1/.autopilot/db/all.directive.json -E -fno-math-errno -c -emit-llvm -mllvm -disable-llvm-optzns -Werror=implicit-function-declaration -Werror=implicit-hls-streams -Werror=return-type -Wpragmas -Wunused-parameter -Wdump-hls-pragmas -Wno-error=dump-hls-pragmas -hls-clock-period=4 -fno-threadsafe-statics -fno-use-cxa-atexit -std=gnu++14 -target fpga64-xilinx-linux-gnu -fno-threadsafe-statics -fno-use-cxa-atexit -D__VITIS_HLS__ -DAESL_SYN -D__SYNTHESIS__ -D__HLS_SYN__ -I /tools/Xilinx/Vitis/2024.2/common/technology/autopilot -I /tools/Xilinx/Vitis/2024.2/common/technology/autopilot/ap_sysc -include etc/autopilot_ssdm_op.h -D__DSP48E2__ -I /usr/include/x86_64-linux-gnu -o /home/terryadavis/utkarsh/zkml-fpga/hls/hash_pe/ccs/solution/solution1/.autopilot/db/poseidon.pp.0.cpp -hls-platform-db-name=/tools/Xilinx/Vitis/2024.2/common/technology/xilinx/common/platform.db -hls-platform-name=zynquplus_medium -device-resource-info=BRAM_624.000000_DSP_1728.000000_FF_460800.000000_LUT_230400.000000_SLICE_28800.000000_URAM_96.000000 -device-name-info=xczu7ev-ffvc1156-2-e > /home/terryadavis/utkarsh/zkml-fpga/hls/hash_pe/ccs/solution/solution1/.autopilot/db/poseidon.cpp.clang.out.log 2> /home/terryadavis/utkarsh/zkml-fpga/hls/hash_pe/ccs/solution/solution1/.autopilot/db/poseidon.cpp.clang.err.log
INFO-FLOW: Done: GCC PP 39 time: 0.1 seconds per iteration
INFO-FLOW: Source syntax check for synthesis
INFO-FLOW: run_clang exec: /tools/Xilinx/Vitis/2024.2/lnx64/tools/clang-3.9-csynth/bin/clang -foptimization-record-file=/home/terryadavis/utkarsh/zkml-fpga/hls/hash_pe/ccs/solution/solution1/.autopilot/db/clang.diag.yml -mllvm -pass-remarks-missed=reflow|pasta|unroll|inline -mllvm -pass-remarks=reflow|pasta|unroll|inline -fsyntax-only -fhls -target fpga64-xilinx-linux-gnu /home/terryadavis/utkarsh/zkml-fpga/hls/hash_pe/ccs/solution/solution1/.autopilot/db/poseidon.pp.0.cpp -hls-platform-db-name=/tools/Xilinx/Vitis/2024.2/common/technology/xilinx/common/platform.db -hls-platform-name=zynquplus_medium -device-resource-info=BRAM_624.000000_DSP_1728.000000_FF_460800.000000_LUT_230400.000000_SLICE_28800.000000_URAM_96.000000 -device-name-info=xczu7ev-ffvc1156-2-e > /home/terryadavis/utkarsh/zkml-fpga/hls/hash_pe/ccs/solution/solution1/.autopilot/db/clang.out.log 2> /home/terryadavis/utkarsh/zkml-fpga/hls/hash_pe/ccs/solution/solution1/.autopilot/db/clang.err.log
Execute         clang_tidy xilinx-systemc-detector -desc systemc-detector /home/terryadavis/utkarsh/zkml-fpga/hls/hash_pe/ccs/solution/solution1/.autopilot/db/poseidon.pp.0.cpp std=gnu++14 -target fpga  -directive=/home/terryadavis/utkarsh/zkml-fpga/hls/hash_pe/ccs/solution/solution1/.autopilot/db/.systemc_flag 
INFO-FLOW: exec /tools/Xilinx/Vitis/2024.2/lnx64/tools/clang-3.9-csynth/bin/clang-tidy -header-filter=.* --checks=-*,xilinx-systemc-detector -import-directive=/home/terryadavis/utkarsh/zkml-fpga/hls/hash_pe/ccs/solution/solution1/.autopilot/db/.systemc_flag -fix-errors /home/terryadavis/utkarsh/zkml-fpga/hls/hash_pe/ccs/solution/solution1/.autopilot/db/poseidon.pp.0.cpp -- -std=gnu++14 -target fpga -fhls -ferror-limit=0
Command         clang_tidy done; 0.33 sec.
INFO-FLOW: Running: clang-tidy CDT preprocess 39
Execute         clang_tidy xilinx-directive2pragma -desc directive2pragma /home/terryadavis/utkarsh/zkml-fpga/hls/hash_pe/ccs/solution/solution1/.autopilot/db/poseidon.pp.0.cpp std=gnu++14 -target fpga  -directive=/home/terryadavis/utkarsh/zkml-fpga/hls/hash_pe/ccs/solution/solution1/.autopilot/db/all.directive.json 
INFO-FLOW: exec /tools/Xilinx/Vitis/2024.2/lnx64/tools/clang-3.9-csynth/bin/clang-tidy -header-filter=.* --checks=-*,xilinx-directive2pragma -import-directive=/home/terryadavis/utkarsh/zkml-fpga/hls/hash_pe/ccs/solution/solution1/.autopilot/db/all.directive.json -fix-errors /home/terryadavis/utkarsh/zkml-fpga/hls/hash_pe/ccs/solution/solution1/.autopilot/db/poseidon.pp.0.cpp -- -std=gnu++14 -target fpga -fhls -ferror-limit=0
Command         clang_tidy done; 0.49 sec.
INFO-FLOW: Done: clang-tidy CDT preprocess 39 time: 0.5 seconds per iteration
INFO-FLOW: Calling xilinx-label-all-loops ... 
INFO-FLOW: Calling xilinx-aggregate-on-hls-vector ... 
Execute         clang_tidy -errorcheck -desc loop-label xilinx-label-all-loops,xilinx-aggregate-on-hls-vector,,xilinx-warn-mayneed-no-ctor-attribute /home/terryadavis/utkarsh/zkml-fpga/hls/hash_pe/ccs/solution/solution1/.autopilot/db/poseidon.pp.0.cpp std=gnu++14 -target fpga  
INFO-FLOW: run_clang exec: /tools/Xilinx/Vitis/2024.2/lnx64/tools/clang-3.9-csynth/bin/clang-tidy -export-fixes=/home/terryadavis/utkarsh/zkml-fpga/hls/hash_pe/ccs/solution/solution1/.autopilot/db/poseidon.pp.0.cpp.clang-tidy.loop-label.diag.yml -header-filter=.* --checks=-*,xilinx-label-all-loops,xilinx-aggregate-on-hls-vector,,xilinx-warn-mayneed-no-ctor-attribute -fix-errors /home/terryadavis/utkarsh/zkml-fpga/hls/hash_pe/ccs/solution/solution1/.autopilot/db/poseidon.pp.0.cpp -- -std=gnu++14 -target fpga -fhls -ferror-limit=0 > /home/terryadavis/utkarsh/zkml-fpga/hls/hash_pe/ccs/solution/solution1/.autopilot/db/poseidon.pp.0.cpp.clang-tidy.loop-label.out.log 2> /home/terryadavis/utkarsh/zkml-fpga/hls/hash_pe/ccs/solution/solution1/.autopilot/db/poseidon.pp.0.cpp.clang-tidy.loop-label.err.log
Execute           source /tools/Xilinx/Vitis/2024.2/tps/tcl/tcllib1.11.1/yaml/yaml.tcl 
Command         clang_tidy done; 0.63 sec.
INFO-FLOW: run_clang exec: /tools/Xilinx/Vitis/2024.2/lnx64/tools/clang-3.9-csynth/bin/xilinx-dataflow-lawyer -export-fixes=/home/terryadavis/utkarsh/zkml-fpga/hls/hash_pe/ccs/solution/solution1/.autopilot/db/poseidon.pp.0.cpp.xilinx-dataflow-lawyer.diag.yml /home/terryadavis/utkarsh/zkml-fpga/hls/hash_pe/ccs/solution/solution1/.autopilot/db/poseidon.pp.0.cpp -- -std=gnu++14 -target fpga -fhls -ferror-limit=0 -fstrict-dataflow > /home/terryadavis/utkarsh/zkml-fpga/hls/hash_pe/ccs/solution/solution1/.autopilot/db/poseidon.pp.0.cpp.xilinx-dataflow-lawyer.out.log 2> /home/terryadavis/utkarsh/zkml-fpga/hls/hash_pe/ccs/solution/solution1/.autopilot/db/poseidon.pp.0.cpp.xilinx-dataflow-lawyer.err.log
Execute         ap_part_info -name xczu7ev-ffvc1156-2-e -data info 
INFO-FLOW: compiling source code to llvm bc
INFO-FLOW: run_clang exec: /tools/Xilinx/Vitis/2024.2/lnx64/tools/clang-3.9-csynth/bin/clang -foptimization-record-file=/home/terryadavis/utkarsh/zkml-fpga/hls/hash_pe/ccs/solution/solution1/.autopilot/db/poseidon.pp.0.cpp.clang.diag.yml -mllvm -pass-remarks-missed=reflow|pasta|unroll|inline -mllvm -pass-remarks=reflow|pasta|unroll|inline -fno-limit-debug-info -fhls -flto -fno-exceptions -Wno-error=c++11-narrowing -hls-emit-hint-scope /home/terryadavis/utkarsh/zkml-fpga/hls/hash_pe/ccs/solution/solution1/.autopilot/db/poseidon.pp.0.cpp -fno-math-errno -c -emit-llvm -mllvm -disable-llvm-optzns -Werror=implicit-function-declaration -Werror=implicit-hls-streams -Werror=return-type -Wpragmas -Wunused-parameter -Wdump-hls-pragmas -Wno-error=dump-hls-pragmas -hls-clock-period=4 -fno-threadsafe-statics -fno-use-cxa-atexit -std=gnu++14 -target fpga64-xilinx-linux-gnu -D__VITIS_HLS__ -DAESL_SYN -D__SYNTHESIS__ -D__HLS_SYN__ -I /tools/Xilinx/Vitis/2024.2/common/technology/autopilot -I /tools/Xilinx/Vitis/2024.2/common/technology/autopilot/ap_sysc -include etc/autopilot_ssdm_op.h -D__DSP48E2__ -g -o /home/terryadavis/utkarsh/zkml-fpga/hls/hash_pe/ccs/solution/solution1/.autopilot/db/poseidon.bc -hls-platform-db-name=/tools/Xilinx/Vitis/2024.2/common/technology/xilinx/common/platform.db -hls-platform-name=zynquplus_medium -device-resource-info=BRAM_624.000000_DSP_1728.000000_FF_460800.000000_LUT_230400.000000_SLICE_28800.000000_URAM_96.000000 -device-name-info=xczu7ev-ffvc1156-2-e > /home/terryadavis/utkarsh/zkml-fpga/hls/hash_pe/ccs/solution/solution1/.autopilot/db/poseidon.pp.0.cpp.clang.out.log 2> /home/terryadavis/utkarsh/zkml-fpga/hls/hash_pe/ccs/solution/solution1/.autopilot/db/poseidon.pp.0.cpp.clang.err.log
INFO: [HLS 200-111] Finished Source Code Analysis and Preprocessing: CPU user time: 2.51 seconds. CPU system time: 0.28 seconds. Elapsed time: 2.79 seconds; current allocated memory: 369.168 MB.
INFO-FLOW: Linking Debug ...
INFO-FLOW: Linking dut bc code.
Execute         run_link_or_opt -out /home/terryadavis/utkarsh/zkml-fpga/hls/hash_pe/ccs/solution/solution1/.autopilot/db/a.g.ld.0.bc -args  "/home/terryadavis/utkarsh/zkml-fpga/hls/hash_pe/ccs/solution/solution1/.autopilot/db/poseidon.g.bc"  
INFO-FLOW: run_clang exec: /tools/Xilinx/Vitis/2024.2/lnx64/tools/clang-3.9-csynth/bin/llvm-link /home/terryadavis/utkarsh/zkml-fpga/hls/hash_pe/ccs/solution/solution1/.autopilot/db/poseidon.g.bc -o /home/terryadavis/utkarsh/zkml-fpga/hls/hash_pe/ccs/solution/solution1/.autopilot/db/a.g.ld.0.bc > /home/terryadavis/utkarsh/zkml-fpga/hls/hash_pe/ccs/solution/solution1/.autopilot/db/a.g.ld.0.bc.llvm-link.out.log 2> /home/terryadavis/utkarsh/zkml-fpga/hls/hash_pe/ccs/solution/solution1/.autopilot/db/a.g.ld.0.bc.llvm-link.err.log
Execute         run_link_or_opt -opt -out /home/terryadavis/utkarsh/zkml-fpga/hls/hash_pe/ccs/solution/solution1/.autopilot/db/a.g.ld.1.lower.bc -args /home/terryadavis/utkarsh/zkml-fpga/hls/hash_pe/ccs/solution/solution1/.autopilot/db/a.g.ld.0.bc -reflow-lower-math-intrinsics 
INFO-FLOW: run_clang exec: /tools/Xilinx/Vitis/2024.2/lnx64/tools/clang-3.9-csynth/bin/opt -pass-remarks-missed=reflow|pasta|unroll|inline -pass-remarks=reflow|pasta|unroll|inline -pass-remarks-output=/home/terryadavis/utkarsh/zkml-fpga/hls/hash_pe/ccs/solution/solution1/.autopilot/db/a.g.ld.1.lower.bc.opt.diag.yml /home/terryadavis/utkarsh/zkml-fpga/hls/hash_pe/ccs/solution/solution1/.autopilot/db/a.g.ld.0.bc -reflow-lower-math-intrinsics -o /home/terryadavis/utkarsh/zkml-fpga/hls/hash_pe/ccs/solution/solution1/.autopilot/db/a.g.ld.1.lower.bc > /home/terryadavis/utkarsh/zkml-fpga/hls/hash_pe/ccs/solution/solution1/.autopilot/db/a.g.ld.1.lower.bc.opt.out.log 2> /home/terryadavis/utkarsh/zkml-fpga/hls/hash_pe/ccs/solution/solution1/.autopilot/db/a.g.ld.1.lower.bc.opt.err.log
INFO-FLOW: Running: gen_design_size_report post-opt
INFO-FLOW: Done: gen_design_size_report post-opt time: 0 seconds per iteration
INFO-FLOW: Linking math bc lib
Execute         run_link_or_opt -out /home/terryadavis/utkarsh/zkml-fpga/hls/hash_pe/ccs/solution/solution1/.autopilot/db/a.g.ld.2.m1.bc -args /home/terryadavis/utkarsh/zkml-fpga/hls/hash_pe/ccs/solution/solution1/.autopilot/db/a.g.ld.1.lower.bc -only-needed /tools/Xilinx/Vitis/2024.2/lnx64/lib/libhlsm_39.bc /tools/Xilinx/Vitis/2024.2/lnx64/lib/libhlsmc++_39.bc 
INFO-FLOW: run_clang exec: /tools/Xilinx/Vitis/2024.2/lnx64/tools/clang-3.9-csynth/bin/llvm-link /home/terryadavis/utkarsh/zkml-fpga/hls/hash_pe/ccs/solution/solution1/.autopilot/db/a.g.ld.1.lower.bc -only-needed /tools/Xilinx/Vitis/2024.2/lnx64/lib/libhlsm_39.bc /tools/Xilinx/Vitis/2024.2/lnx64/lib/libhlsmc++_39.bc -o /home/terryadavis/utkarsh/zkml-fpga/hls/hash_pe/ccs/solution/solution1/.autopilot/db/a.g.ld.2.m1.bc > /home/terryadavis/utkarsh/zkml-fpga/hls/hash_pe/ccs/solution/solution1/.autopilot/db/a.g.ld.2.m1.bc.llvm-link.out.log 2> /home/terryadavis/utkarsh/zkml-fpga/hls/hash_pe/ccs/solution/solution1/.autopilot/db/a.g.ld.2.m1.bc.llvm-link.err.log
Command         run_link_or_opt done; 1.12 sec.
Execute         run_link_or_opt -opt -out /home/terryadavis/utkarsh/zkml-fpga/hls/hash_pe/ccs/solution/solution1/.autopilot/db/a.g.ld.3.fpc.bc -args /home/terryadavis/utkarsh/zkml-fpga/hls/hash_pe/ccs/solution/solution1/.autopilot/db/a.g.ld.2.m1.bc -reflow-globaldce -hls-top-function-name=poseidon_hash -reflow-float-conversion 
INFO-FLOW: run_clang exec: /tools/Xilinx/Vitis/2024.2/lnx64/tools/clang-3.9-csynth/bin/opt -pass-remarks-missed=reflow|pasta|unroll|inline -pass-remarks=reflow|pasta|unroll|inline -pass-remarks-output=/home/terryadavis/utkarsh/zkml-fpga/hls/hash_pe/ccs/solution/solution1/.autopilot/db/a.g.ld.3.fpc.bc.opt.diag.yml /home/terryadavis/utkarsh/zkml-fpga/hls/hash_pe/ccs/solution/solution1/.autopilot/db/a.g.ld.2.m1.bc -reflow-globaldce -hls-top-function-name=poseidon_hash -reflow-float-conversion -o /home/terryadavis/utkarsh/zkml-fpga/hls/hash_pe/ccs/solution/solution1/.autopilot/db/a.g.ld.3.fpc.bc > /home/terryadavis/utkarsh/zkml-fpga/hls/hash_pe/ccs/solution/solution1/.autopilot/db/a.g.ld.3.fpc.bc.opt.out.log 2> /home/terryadavis/utkarsh/zkml-fpga/hls/hash_pe/ccs/solution/solution1/.autopilot/db/a.g.ld.3.fpc.bc.opt.err.log
INFO-FLOW: Running: gen_design_size_report post-opt
INFO-FLOW: Done: gen_design_size_report post-opt time: 0 seconds per iteration
Command         run_link_or_opt done; 0.48 sec.
Execute         run_link_or_opt -out /home/terryadavis/utkarsh/zkml-fpga/hls/hash_pe/ccs/solution/solution1/.autopilot/db/a.g.ld.4.m2.bc -args /home/terryadavis/utkarsh/zkml-fpga/hls/hash_pe/ccs/solution/solution1/.autopilot/db/a.g.ld.3.fpc.bc -only-needed /tools/Xilinx/Vitis/2024.2/lnx64/lib/libfloatconversion_39.bc 
INFO-FLOW: run_clang exec: /tools/Xilinx/Vitis/2024.2/lnx64/tools/clang-3.9-csynth/bin/llvm-link /home/terryadavis/utkarsh/zkml-fpga/hls/hash_pe/ccs/solution/solution1/.autopilot/db/a.g.ld.3.fpc.bc -only-needed /tools/Xilinx/Vitis/2024.2/lnx64/lib/libfloatconversion_39.bc -o /home/terryadavis/utkarsh/zkml-fpga/hls/hash_pe/ccs/solution/solution1/.autopilot/db/a.g.ld.4.m2.bc > /home/terryadavis/utkarsh/zkml-fpga/hls/hash_pe/ccs/solution/solution1/.autopilot/db/a.g.ld.4.m2.bc.llvm-link.out.log 2> /home/terryadavis/utkarsh/zkml-fpga/hls/hash_pe/ccs/solution/solution1/.autopilot/db/a.g.ld.4.m2.bc.llvm-link.err.log
Execute         run_link_or_opt -opt -out /home/terryadavis/utkarsh/zkml-fpga/hls/hash_pe/ccs/solution/solution1/.autopilot/db/a.g.ld.5.gdce.bc -args /home/terryadavis/utkarsh/zkml-fpga/hls/hash_pe/ccs/solution/solution1/.autopilot/db/a.g.ld.4.m2.bc -reflow-globaldce -hls-top-function-name=poseidon_hash 
INFO-FLOW: run_clang exec: /tools/Xilinx/Vitis/2024.2/lnx64/tools/clang-3.9-csynth/bin/opt -pass-remarks-missed=reflow|pasta|unroll|inline -pass-remarks=reflow|pasta|unroll|inline -pass-remarks-output=/home/terryadavis/utkarsh/zkml-fpga/hls/hash_pe/ccs/solution/solution1/.autopilot/db/a.g.ld.5.gdce.bc.opt.diag.yml /home/terryadavis/utkarsh/zkml-fpga/hls/hash_pe/ccs/solution/solution1/.autopilot/db/a.g.ld.4.m2.bc -reflow-globaldce -hls-top-function-name=poseidon_hash -o /home/terryadavis/utkarsh/zkml-fpga/hls/hash_pe/ccs/solution/solution1/.autopilot/db/a.g.ld.5.gdce.bc > /home/terryadavis/utkarsh/zkml-fpga/hls/hash_pe/ccs/solution/solution1/.autopilot/db/a.g.ld.5.gdce.bc.opt.out.log 2> /home/terryadavis/utkarsh/zkml-fpga/hls/hash_pe/ccs/solution/solution1/.autopilot/db/a.g.ld.5.gdce.bc.opt.err.log
INFO-FLOW: Running: gen_design_size_report post-opt
INFO-FLOW: Done: gen_design_size_report post-opt time: 0 seconds per iteration
Execute         send_msg_by_id INFO @200-777@%s Vivado 
INFO: [HLS 200-777] Using interface defaults for 'Vivado' flow target.
Execute         is_m_axi_addr64 
INFO-FLOW: Doing LTO.
INFO-FLOW: run_clang (background poll_ms 5000) exec: /tools/Xilinx/Vitis/2024.2/lnx64/tools/clang-3.9-csynth/bin/clang -foptimization-record-file=/home/terryadavis/utkarsh/zkml-fpga/hls/hash_pe/ccs/solution/solution1/.autopilot/db/a.g.ld.0.bc.clang.reflow.diag.yml -mllvm -pass-remarks-missed=reflow|pasta|unroll|inline -mllvm -pass-remarks=reflow|pasta|unroll|inline -fhls -mllvm -hls-top-function-name=poseidon_hash -mllvm -hls-db-dir -mllvm /home/terryadavis/utkarsh/zkml-fpga/hls/hash_pe/ccs/solution/solution1/.autopilot/db -emit-llvm -c -target fpga64-xilinx-none -mllvm -xcl-xmlinfo=/home/terryadavis/utkarsh/zkml-fpga/hls/hash_pe/ccs/solution/solution1/.autopilot/db/kernel.internal.xml -mllvm -top-io-mapping-info=/home/terryadavis/utkarsh/zkml-fpga/hls/hash_pe/ccs/solution/solution1/.autopilot/db/top-io-fe.xml -mllvm -hls-bitcode-version=3.1 -mllvm -reflow-enable-slave-interface-default-setting=true -mllvm -gen-kernel-xml=false -mllvm -default-maxi-offset=slave -mllvm -maxi-latency=0 -mllvm -hls-maxi-data-size-in-bits=8 -mllvm -hls-maxi-max-data-size-in-bits=1024 -mllvm -hls-max-widen-size-in-bits=0 -mllvm -xcl-kernel-max-mem-ports=0 -mllvm -maxi-read-trans=16 -mllvm -maxi-write-trans=16 -mllvm -maxi-read-burst-len=16 -mllvm -maxi-write-burst-len=16 -mllvm -reflow-enable-saxi-64bits=0 -mllvm -reflow-basic-block-instr-threshold=200000 -mllvm -reflow-auto-pipeline-threshold=64 -mllvm -reflow-enable-maxi-auto-id-channel=0 -mllvm -reflow-bdd-simplify-threshold=1048576 -mllvm -reflow-fanout-threshold=16 -mllvm -reflow-complete-threshold=4 -mllvm -reflow-array-promotion-threshold=64 -mllvm -assume-maxi-align=1 -mllvm -reflow-enable-dataflow-strict-mode-checking=1 -ftime-report -mllvm -time-passes -mllvm -reflow-auto-array-partition-mode=default -mllvm -reflow-enable-auto-small-array-partition=true -mllvm -reflow-enable-auto-array-promotion=true -mllvm -reflow-enable-auto-array-partition-for-flatten=true -mllvm -reflow-enable-auto-parallel-performance-driven=true -mllvm -reflow-enable-partition-for-automation=true -mllvm -reflow-aggregate-bitwidth-threshold=4096 -mllvm -reflow-reserved-saxilite-registers=0 -mllvm -enable-reflow-auto-loop-pipeline -mllvm -reflow-max-unroll-threshold=409600 -mllvm -auto-unroll-tripcount-threshold=0 -mllvm -reflow-assume-no-address-wrap=true -mllvm -reflow-enable-occurrence-inference=true -mllvm -reflow-emit-hint-scope=true -mllvm -reflow-enable-codegen-with-if=true -mllvm -reflow-enable-dataflow-canon=true -mllvm -reflow-enable-dataflow-canon2=true -mllvm -hls -mllvm -disable-inlined-alloca-merging=true -mllvm -default-clock-period=4 -mllvm -use_read_first_ram_in_loop=1 -mllvm -default-clock-uncertainty=1.08 -x ir /home/terryadavis/utkarsh/zkml-fpga/hls/hash_pe/ccs/solution/solution1/.autopilot/db/a.g.ld.5.gdce.bc -o /home/terryadavis/utkarsh/zkml-fpga/hls/hash_pe/ccs/solution/solution1/.autopilot/db/a.g.lto.bc -hls-platform-db-name=/tools/Xilinx/Vitis/2024.2/common/technology/xilinx/common/platform.db -hls-platform-name=zynquplus_medium -device-resource-info=BRAM_624.000000_DSP_1728.000000_FF_460800.000000_LUT_230400.000000_SLICE_28800.000000_URAM_96.000000 -device-name-info=xczu7ev-ffvc1156-2-e 2> /home/terryadavis/utkarsh/zkml-fpga/hls/hash_pe/ccs/solution/solution1/.autopilot/db/a.g.ld.0.bc.clang.reflow.err.log bg_poll_cmd: ::AP::poll_clang_39_closed_source
Execute         send_msg_by_id INFO @200-1995@%s%s%s 1,521 Compile/Link /home/terryadavis/utkarsh/zkml-fpga/hls/hash_pe/ccs/solution/solution1/syn/report/csynth_design_size.rpt 
INFO: [HLS 200-1995] There were 1,521 instructions in the design after the 'Compile/Link' phase of compilation. See the Design Size Report for more details: /home/terryadavis/utkarsh/zkml-fpga/hls/hash_pe/ccs/solution/solution1/syn/report/csynth_design_size.rpt
Execute         send_msg_by_id INFO @200-1995@%s%s%s 13,635 Unroll/Inline (step 1) /home/terryadavis/utkarsh/zkml-fpga/hls/hash_pe/ccs/solution/solution1/syn/report/csynth_design_size.rpt 
INFO: [HLS 200-1995] There were 13,635 instructions in the design after the 'Unroll/Inline (step 1)' phase of compilation. See the Design Size Report for more details: /home/terryadavis/utkarsh/zkml-fpga/hls/hash_pe/ccs/solution/solution1/syn/report/csynth_design_size.rpt
Execute         send_msg_by_id INFO @200-1995@%s%s%s 3,272 Unroll/Inline (step 2) /home/terryadavis/utkarsh/zkml-fpga/hls/hash_pe/ccs/solution/solution1/syn/report/csynth_design_size.rpt 
INFO: [HLS 200-1995] There were 3,272 instructions in the design after the 'Unroll/Inline (step 2)' phase of compilation. See the Design Size Report for more details: /home/terryadavis/utkarsh/zkml-fpga/hls/hash_pe/ccs/solution/solution1/syn/report/csynth_design_size.rpt
Execute         send_msg_by_id INFO @200-1995@%s%s%s 3,137 Unroll/Inline (step 3) /home/terryadavis/utkarsh/zkml-fpga/hls/hash_pe/ccs/solution/solution1/syn/report/csynth_design_size.rpt 
INFO: [HLS 200-1995] There were 3,137 instructions in the design after the 'Unroll/Inline (step 3)' phase of compilation. See the Design Size Report for more details: /home/terryadavis/utkarsh/zkml-fpga/hls/hash_pe/ccs/solution/solution1/syn/report/csynth_design_size.rpt
Execute         send_msg_by_id INFO @200-1995@%s%s%s 3,137 Unroll/Inline (step 4) /home/terryadavis/utkarsh/zkml-fpga/hls/hash_pe/ccs/solution/solution1/syn/report/csynth_design_size.rpt 
INFO: [HLS 200-1995] There were 3,137 instructions in the design after the 'Unroll/Inline (step 4)' phase of compilation. See the Design Size Report for more details: /home/terryadavis/utkarsh/zkml-fpga/hls/hash_pe/ccs/solution/solution1/syn/report/csynth_design_size.rpt
INFO-FLOW: background_tcl error: /tools/Xilinx/Vitis/2024.2/lnx64/tools/clang-3.9-csynth/bin/clang exited with code 1
INFO: [HLS 214-291] Loop 'VITIS_LOOP_33_1' is marked as complete unroll implied by the pipeline pragma (../src/poseidon.cpp:33:30)
INFO: [HLS 214-291] Loop 'round_loop' is marked as complete unroll implied by the pipeline pragma (../src/poseidon.cpp:40:13)
INFO: [HLS 214-291] Loop 'VITIS_LOOP_42_2' is marked as complete unroll implied by the pipeline pragma (../src/poseidon.cpp:42:34)
INFO: [HLS 214-291] Loop 'VITIS_LOOP_50_3' is marked as complete unroll implied by the pipeline pragma (../src/poseidon.cpp:50:38)
INFO: [HLS 214-291] Loop 'VITIS_LOOP_65_4' is marked as complete unroll implied by the pipeline pragma (../src/poseidon.cpp:65:34)
INFO: [HLS 214-291] Loop 'VITIS_LOOP_69_5' is marked as complete unroll implied by the pipeline pragma (../src/poseidon.cpp:69:38)
INFO: [HLS 214-291] Loop 'VITIS_LOOP_76_6' is marked as complete unroll implied by the pipeline pragma (../src/poseidon.cpp:76:34)
INFO: [HLS 214-186] Unrolling loop 'VITIS_LOOP_33_1' (../src/poseidon.cpp:33:30) in function 'poseidon_hash' completely with a factor of 2 (../src/poseidon.cpp:20:0)
INFO: [HLS 214-186] Unrolling loop 'round_loop' (../src/poseidon.cpp:40:13) in function 'poseidon_hash' completely with a factor of 65 (../src/poseidon.cpp:20:0)
INFO: [HLS 214-186] Unrolling loop 'VITIS_LOOP_76_6' (../src/poseidon.cpp:76:34) in function 'poseidon_hash' completely with a factor of 3 (../src/poseidon.cpp:20:0)
INFO: [HLS 214-186] Unrolling loop 'VITIS_LOOP_65_4' (../src/poseidon.cpp:65:34) in function 'poseidon_hash' completely with a factor of 3 (../src/poseidon.cpp:20:0)
INFO: [HLS 214-186] Unrolling loop 'VITIS_LOOP_69_5' (../src/poseidon.cpp:69:38) in function 'poseidon_hash' completely with a factor of 3 (../src/poseidon.cpp:20:0)
INFO: [HLS 214-186] Unrolling loop 'VITIS_LOOP_50_3' (../src/poseidon.cpp:50:38) in function 'poseidon_hash' completely with a factor of 3 (../src/poseidon.cpp:20:0)
INFO: [HLS 214-186] Unrolling loop 'VITIS_LOOP_42_2' (../src/poseidon.cpp:42:34) in function 'poseidon_hash' completely with a factor of 3 (../src/poseidon.cpp:20:0)
ERROR: [HLS 214-133] Global variable 'rc' must have definition (../src/poseidon.cpp:11:0)
ERROR: [HLS 214-133] Global variable 'mds' must have definition (../src/poseidon.cpp:12:0)
ERROR: [HLS 214-135] Syn check fail!
Execute         send_msg_by_id ERROR @200-1715@ 
ERROR: [HLS 200-1715] Encountered problem during source synthesis
INFO-FLOW: Error in clang_39: 
INFO-FLOW: Caught error in elaborate: Pre-synthesis failed.
    while executing
"AP::ap_link_39 [::AP::get_bc_list  $dbgInfo] $skip_transform $LLVMFlags $dbgInfo"
    (procedure "AP::compile_dut_files_39" line 60)
    invoked from within
"AP::compile_dut_files_39 $dut_files $dbgInfo $skip_cdt $skip_transform"
    (procedure "AP::compile" line 108)
    invoked from within
"AP::compile 1 $skip_cdt $skip_transform"
    (procedure "ap_internal_elaborate" line 83)
    invoked from within
"ap_internal_elaborate "
Command       elaborate done; error code: 2; 11.41 sec.
INFO-FLOW: Caught error in csynth_design: Pre-synthesis failed.
    while executing
"ap_internal_csynth_design "
Command     csynth_design done; error code: 2; 11.47 sec.
INFO: [HLS 200-2161] Finished Command csynth_design Elapsed time: 00:00:11; Allocated memory: 14.414 MB.
Command   ap_source done; error code: 1; 12.65 sec.
Execute   cleanup_all 
INFO-FLOW: Workspace /home/terryadavis/utkarsh/zkml-fpga/hls/hash_pe/ccs/solution/solution1 opened at Tue Apr 29 23:25:24 IST 2025
Execute       ap_set_clock -name default -period 4 -unit ns -default=false 
INFO: [SYN 201-201] Setting up clock 'default' with a period of 4ns.
Execute       set_part xczu7ev-ffvc1156-2-e 
Execute         create_platform xczu7ev-ffvc1156-2-e -board  
DBG:HLSDevice: Trying to load device library: /tools/Xilinx/Vitis/2024.2/lib/lnx64.o/libxv_hlsvwrap.so
DBG:HLSDevice: first parts/arch.xml in RDI_DATADIR: /tools/Xilinx/Vivado/2024.2/data/parts/arch.xml
DBG:HLSDevice: init success
INFO: [HLS 200-1611] Setting target device to 'xczu7ev-ffvc1156-2-e'
Command         create_platform done; 0.9 sec.
Execute         source /tools/Xilinx/Vitis/2024.2/common/technology/xilinx/common/xilinx.gen 
Execute           source /tools/Xilinx/Vitis/2024.2/common/technology/xilinx/interface/plb46.gen 
Execute           source /tools/Xilinx/Vitis/2024.2/common/technology/xilinx/interface/axi4.gen 
Execute           source /tools/Xilinx/Vitis/2024.2/common/technology/xilinx/interface/nativeAXI4.gen 
Execute             source /tools/Xilinx/Vitis/2024.2/common/technology/xilinx/interface/saxilite.gen 
Execute           source /tools/Xilinx/Vitis/2024.2/common/technology/xilinx/scripts/xilinxcoregen.gen 
Execute           source /tools/Xilinx/Vitis/2024.2/common/technology/xilinx/interface/XilEDKCoreGen.gen 
Execute           source /tools/Xilinx/Vitis/2024.2/common/technology/xilinx/ip/dds_compiler.gen 
Execute           source /tools/Xilinx/Vitis/2024.2/common/technology/xilinx/ip/xfft.gen 
Execute           source /tools/Xilinx/Vitis/2024.2/common/technology/xilinx/ip/util.gen 
Execute           source /tools/Xilinx/Vitis/2024.2/common/technology/xilinx/ip/xfir.gen 
Execute           source /tools/Xilinx/Vitis/2024.2/common/technology/xilinx/DSP48/dsp48.gen 
Execute         ap_part_info -name xczu7ev-ffvc1156-2-e -data info 
Execute         config_compile -quiet -complex-mul-dsp=0 
Command       set_part done; 0.98 sec.
Execute       send_msg_by_id INFO @200-1505@%s%s  vivado 
INFO: [HLS 200-1505] Using flow_target 'vivado'
Command     open_solution done; 0.99 sec.
Execute     set_part xczu7ev-ffvc1156-2-e 
INFO: [HLS 200-1510] Running: set_part xczu7ev-ffvc1156-2-e 
Execute       create_platform xczu7ev-ffvc1156-2-e -board  
Execute       source /tools/Xilinx/Vitis/2024.2/common/technology/xilinx/common/xilinx.gen 
Execute         source /tools/Xilinx/Vitis/2024.2/common/technology/xilinx/interface/plb46.gen 
Execute         source /tools/Xilinx/Vitis/2024.2/common/technology/xilinx/interface/axi4.gen 
Execute         source /tools/Xilinx/Vitis/2024.2/common/technology/xilinx/interface/nativeAXI4.gen 
Execute           source /tools/Xilinx/Vitis/2024.2/common/technology/xilinx/interface/saxilite.gen 
Execute         source /tools/Xilinx/Vitis/2024.2/common/technology/xilinx/scripts/xilinxcoregen.gen 
Execute         source /tools/Xilinx/Vitis/2024.2/common/technology/xilinx/interface/XilEDKCoreGen.gen 
Execute         source /tools/Xilinx/Vitis/2024.2/common/technology/xilinx/ip/dds_compiler.gen 
Execute         source /tools/Xilinx/Vitis/2024.2/common/technology/xilinx/ip/xfft.gen 
Execute         source /tools/Xilinx/Vitis/2024.2/common/technology/xilinx/ip/util.gen 
Execute         source /tools/Xilinx/Vitis/2024.2/common/technology/xilinx/ip/xfir.gen 
Execute         source /tools/Xilinx/Vitis/2024.2/common/technology/xilinx/DSP48/dsp48.gen 
Execute       ap_part_info -name xczu7ev-ffvc1156-2-e -data info 
Execute       config_compile -quiet -complex-mul-dsp=0 
Command     set_part done; 0.16 sec.
Execute     create_clock -period 4 -name default 
INFO: [HLS 200-1510] Running: create_clock -period 4 -name default 
Execute     csynth_design 
INFO: [HLS 200-1510] Running: csynth_design 
Execute       ::AP::init_summary_file csynth 
INFO-FLOW: Running SLX 'csynth' proc: ::SLX::run_csynth
Execute       elaborate -effort=medium -skip_syncheck=0 -keep_printf=0 -skip_cdt=0 -skip_transform=0 -ng=0 -g=0 -opt_fp=0 -from_csynth_design=1 
INFO: [HLS 200-111] Finished File checks and directory preparation: CPU user time: 0.05 seconds. CPU system time: 0.01 seconds. Elapsed time: 0.06 seconds; current allocated memory: 368.281 MB.
Execute         set_directive_top poseidon_hash -name=poseidon_hash 
Execute         source /tools/Xilinx/Vitis/2024.2/tps/tcl/tcllib1.11.1/yaml/huddle.tcl 
Execute         source /tools/Xilinx/Vitis/2024.2/tps/tcl/tcllib1.11.1/yaml/json2huddle.tcl 
Execute           source /tools/Xilinx/Vitis/2024.2/tps/tcl/tcllib1.11.1/try/try.tcl 
INFO: [HLS 200-10] Analyzing design file '../src/poseidon.cpp' ... 
INFO-FLOW: Compiling one TU...
INFO-FLOW: Handling ../src/poseidon.cpp as C++
Execute         ap_part_info -name xczu7ev-ffvc1156-2-e -data info 
INFO-FLOW: Running: GCC PP 39
INFO-FLOW: Source preprocessing
INFO-FLOW: run_clang exec: /tools/Xilinx/Vitis/2024.2/lnx64/tools/clang-3.9-csynth/bin/clang ../src/poseidon.cpp -foptimization-record-file=/home/terryadavis/utkarsh/zkml-fpga/hls/hash_pe/ccs/solution/solution1/.autopilot/db/poseidon.cpp.clang.diag.yml -mllvm -pass-remarks-missed=reflow|pasta|unroll|inline -mllvm -pass-remarks=reflow|pasta|unroll|inline -fno-limit-debug-info --gcc-toolchain=/tools/Xilinx/Vitis/2024.2/tps/lnx64/gcc-8.3.0 -fhls -fno-exceptions -insert-hls-directive=/home/terryadavis/utkarsh/zkml-fpga/hls/hash_pe/ccs/solution/solution1/.autopilot/db/all.directive.json -E -fno-math-errno -c -emit-llvm -mllvm -disable-llvm-optzns -Werror=implicit-function-declaration -Werror=implicit-hls-streams -Werror=return-type -Wpragmas -Wunused-parameter -Wdump-hls-pragmas -Wno-error=dump-hls-pragmas -hls-clock-period=4 -fno-threadsafe-statics -fno-use-cxa-atexit -std=gnu++14 -target fpga64-xilinx-linux-gnu -fno-threadsafe-statics -fno-use-cxa-atexit -D__VITIS_HLS__ -DAESL_SYN -D__SYNTHESIS__ -D__HLS_SYN__ -I /tools/Xilinx/Vitis/2024.2/common/technology/autopilot -I /tools/Xilinx/Vitis/2024.2/common/technology/autopilot/ap_sysc -include etc/autopilot_ssdm_op.h -D__DSP48E2__ -I /usr/include/x86_64-linux-gnu -o /home/terryadavis/utkarsh/zkml-fpga/hls/hash_pe/ccs/solution/solution1/.autopilot/db/poseidon.pp.0.cpp -hls-platform-db-name=/tools/Xilinx/Vitis/2024.2/common/technology/xilinx/common/platform.db -hls-platform-name=zynquplus_medium -device-resource-info=BRAM_624.000000_DSP_1728.000000_FF_460800.000000_LUT_230400.000000_SLICE_28800.000000_URAM_96.000000 -device-name-info=xczu7ev-ffvc1156-2-e > /home/terryadavis/utkarsh/zkml-fpga/hls/hash_pe/ccs/solution/solution1/.autopilot/db/poseidon.cpp.clang.out.log 2> /home/terryadavis/utkarsh/zkml-fpga/hls/hash_pe/ccs/solution/solution1/.autopilot/db/poseidon.cpp.clang.err.log
INFO-FLOW: Done: GCC PP 39 time: 0.1 seconds per iteration
INFO-FLOW: Source syntax check for synthesis
INFO-FLOW: run_clang exec: /tools/Xilinx/Vitis/2024.2/lnx64/tools/clang-3.9-csynth/bin/clang -foptimization-record-file=/home/terryadavis/utkarsh/zkml-fpga/hls/hash_pe/ccs/solution/solution1/.autopilot/db/clang.diag.yml -mllvm -pass-remarks-missed=reflow|pasta|unroll|inline -mllvm -pass-remarks=reflow|pasta|unroll|inline -fsyntax-only -fhls -target fpga64-xilinx-linux-gnu /home/terryadavis/utkarsh/zkml-fpga/hls/hash_pe/ccs/solution/solution1/.autopilot/db/poseidon.pp.0.cpp -hls-platform-db-name=/tools/Xilinx/Vitis/2024.2/common/technology/xilinx/common/platform.db -hls-platform-name=zynquplus_medium -device-resource-info=BRAM_624.000000_DSP_1728.000000_FF_460800.000000_LUT_230400.000000_SLICE_28800.000000_URAM_96.000000 -device-name-info=xczu7ev-ffvc1156-2-e > /home/terryadavis/utkarsh/zkml-fpga/hls/hash_pe/ccs/solution/solution1/.autopilot/db/clang.out.log 2> /home/terryadavis/utkarsh/zkml-fpga/hls/hash_pe/ccs/solution/solution1/.autopilot/db/clang.err.log
Execute         clang_tidy xilinx-systemc-detector -desc systemc-detector /home/terryadavis/utkarsh/zkml-fpga/hls/hash_pe/ccs/solution/solution1/.autopilot/db/poseidon.pp.0.cpp std=gnu++14 -target fpga  -directive=/home/terryadavis/utkarsh/zkml-fpga/hls/hash_pe/ccs/solution/solution1/.autopilot/db/.systemc_flag 
INFO-FLOW: exec /tools/Xilinx/Vitis/2024.2/lnx64/tools/clang-3.9-csynth/bin/clang-tidy -header-filter=.* --checks=-*,xilinx-systemc-detector -import-directive=/home/terryadavis/utkarsh/zkml-fpga/hls/hash_pe/ccs/solution/solution1/.autopilot/db/.systemc_flag -fix-errors /home/terryadavis/utkarsh/zkml-fpga/hls/hash_pe/ccs/solution/solution1/.autopilot/db/poseidon.pp.0.cpp -- -std=gnu++14 -target fpga -fhls -ferror-limit=0
Command         clang_tidy done; 0.32 sec.
INFO-FLOW: Running: clang-tidy CDT preprocess 39
Execute         clang_tidy xilinx-directive2pragma -desc directive2pragma /home/terryadavis/utkarsh/zkml-fpga/hls/hash_pe/ccs/solution/solution1/.autopilot/db/poseidon.pp.0.cpp std=gnu++14 -target fpga  -directive=/home/terryadavis/utkarsh/zkml-fpga/hls/hash_pe/ccs/solution/solution1/.autopilot/db/all.directive.json 
INFO-FLOW: exec /tools/Xilinx/Vitis/2024.2/lnx64/tools/clang-3.9-csynth/bin/clang-tidy -header-filter=.* --checks=-*,xilinx-directive2pragma -import-directive=/home/terryadavis/utkarsh/zkml-fpga/hls/hash_pe/ccs/solution/solution1/.autopilot/db/all.directive.json -fix-errors /home/terryadavis/utkarsh/zkml-fpga/hls/hash_pe/ccs/solution/solution1/.autopilot/db/poseidon.pp.0.cpp -- -std=gnu++14 -target fpga -fhls -ferror-limit=0
Command         clang_tidy done; 0.48 sec.
INFO-FLOW: Done: clang-tidy CDT preprocess 39 time: 0.5 seconds per iteration
INFO-FLOW: Calling xilinx-label-all-loops ... 
INFO-FLOW: Calling xilinx-aggregate-on-hls-vector ... 
Execute         clang_tidy -errorcheck -desc loop-label xilinx-label-all-loops,xilinx-aggregate-on-hls-vector,,xilinx-warn-mayneed-no-ctor-attribute /home/terryadavis/utkarsh/zkml-fpga/hls/hash_pe/ccs/solution/solution1/.autopilot/db/poseidon.pp.0.cpp std=gnu++14 -target fpga  
INFO-FLOW: run_clang exec: /tools/Xilinx/Vitis/2024.2/lnx64/tools/clang-3.9-csynth/bin/clang-tidy -export-fixes=/home/terryadavis/utkarsh/zkml-fpga/hls/hash_pe/ccs/solution/solution1/.autopilot/db/poseidon.pp.0.cpp.clang-tidy.loop-label.diag.yml -header-filter=.* --checks=-*,xilinx-label-all-loops,xilinx-aggregate-on-hls-vector,,xilinx-warn-mayneed-no-ctor-attribute -fix-errors /home/terryadavis/utkarsh/zkml-fpga/hls/hash_pe/ccs/solution/solution1/.autopilot/db/poseidon.pp.0.cpp -- -std=gnu++14 -target fpga -fhls -ferror-limit=0 > /home/terryadavis/utkarsh/zkml-fpga/hls/hash_pe/ccs/solution/solution1/.autopilot/db/poseidon.pp.0.cpp.clang-tidy.loop-label.out.log 2> /home/terryadavis/utkarsh/zkml-fpga/hls/hash_pe/ccs/solution/solution1/.autopilot/db/poseidon.pp.0.cpp.clang-tidy.loop-label.err.log
Execute           source /tools/Xilinx/Vitis/2024.2/tps/tcl/tcllib1.11.1/yaml/yaml.tcl 
Command         clang_tidy done; 0.63 sec.
INFO-FLOW: run_clang exec: /tools/Xilinx/Vitis/2024.2/lnx64/tools/clang-3.9-csynth/bin/xilinx-dataflow-lawyer -export-fixes=/home/terryadavis/utkarsh/zkml-fpga/hls/hash_pe/ccs/solution/solution1/.autopilot/db/poseidon.pp.0.cpp.xilinx-dataflow-lawyer.diag.yml /home/terryadavis/utkarsh/zkml-fpga/hls/hash_pe/ccs/solution/solution1/.autopilot/db/poseidon.pp.0.cpp -- -std=gnu++14 -target fpga -fhls -ferror-limit=0 -fstrict-dataflow > /home/terryadavis/utkarsh/zkml-fpga/hls/hash_pe/ccs/solution/solution1/.autopilot/db/poseidon.pp.0.cpp.xilinx-dataflow-lawyer.out.log 2> /home/terryadavis/utkarsh/zkml-fpga/hls/hash_pe/ccs/solution/solution1/.autopilot/db/poseidon.pp.0.cpp.xilinx-dataflow-lawyer.err.log
Execute         ap_part_info -name xczu7ev-ffvc1156-2-e -data info 
INFO-FLOW: compiling source code to llvm bc
INFO-FLOW: run_clang exec: /tools/Xilinx/Vitis/2024.2/lnx64/tools/clang-3.9-csynth/bin/clang -foptimization-record-file=/home/terryadavis/utkarsh/zkml-fpga/hls/hash_pe/ccs/solution/solution1/.autopilot/db/poseidon.pp.0.cpp.clang.diag.yml -mllvm -pass-remarks-missed=reflow|pasta|unroll|inline -mllvm -pass-remarks=reflow|pasta|unroll|inline -fno-limit-debug-info -fhls -flto -fno-exceptions -Wno-error=c++11-narrowing -hls-emit-hint-scope /home/terryadavis/utkarsh/zkml-fpga/hls/hash_pe/ccs/solution/solution1/.autopilot/db/poseidon.pp.0.cpp -fno-math-errno -c -emit-llvm -mllvm -disable-llvm-optzns -Werror=implicit-function-declaration -Werror=implicit-hls-streams -Werror=return-type -Wpragmas -Wunused-parameter -Wdump-hls-pragmas -Wno-error=dump-hls-pragmas -hls-clock-period=4 -fno-threadsafe-statics -fno-use-cxa-atexit -std=gnu++14 -target fpga64-xilinx-linux-gnu -D__VITIS_HLS__ -DAESL_SYN -D__SYNTHESIS__ -D__HLS_SYN__ -I /tools/Xilinx/Vitis/2024.2/common/technology/autopilot -I /tools/Xilinx/Vitis/2024.2/common/technology/autopilot/ap_sysc -include etc/autopilot_ssdm_op.h -D__DSP48E2__ -g -o /home/terryadavis/utkarsh/zkml-fpga/hls/hash_pe/ccs/solution/solution1/.autopilot/db/poseidon.bc -hls-platform-db-name=/tools/Xilinx/Vitis/2024.2/common/technology/xilinx/common/platform.db -hls-platform-name=zynquplus_medium -device-resource-info=BRAM_624.000000_DSP_1728.000000_FF_460800.000000_LUT_230400.000000_SLICE_28800.000000_URAM_96.000000 -device-name-info=xczu7ev-ffvc1156-2-e > /home/terryadavis/utkarsh/zkml-fpga/hls/hash_pe/ccs/solution/solution1/.autopilot/db/poseidon.pp.0.cpp.clang.out.log 2> /home/terryadavis/utkarsh/zkml-fpga/hls/hash_pe/ccs/solution/solution1/.autopilot/db/poseidon.pp.0.cpp.clang.err.log
INFO: [HLS 200-111] Finished Source Code Analysis and Preprocessing: CPU user time: 2.46 seconds. CPU system time: 0.31 seconds. Elapsed time: 2.77 seconds; current allocated memory: 369.199 MB.
INFO-FLOW: Linking Debug ...
INFO-FLOW: Linking dut bc code.
Execute         run_link_or_opt -out /home/terryadavis/utkarsh/zkml-fpga/hls/hash_pe/ccs/solution/solution1/.autopilot/db/a.g.ld.0.bc -args  "/home/terryadavis/utkarsh/zkml-fpga/hls/hash_pe/ccs/solution/solution1/.autopilot/db/poseidon.g.bc"  
INFO-FLOW: run_clang exec: /tools/Xilinx/Vitis/2024.2/lnx64/tools/clang-3.9-csynth/bin/llvm-link /home/terryadavis/utkarsh/zkml-fpga/hls/hash_pe/ccs/solution/solution1/.autopilot/db/poseidon.g.bc -o /home/terryadavis/utkarsh/zkml-fpga/hls/hash_pe/ccs/solution/solution1/.autopilot/db/a.g.ld.0.bc > /home/terryadavis/utkarsh/zkml-fpga/hls/hash_pe/ccs/solution/solution1/.autopilot/db/a.g.ld.0.bc.llvm-link.out.log 2> /home/terryadavis/utkarsh/zkml-fpga/hls/hash_pe/ccs/solution/solution1/.autopilot/db/a.g.ld.0.bc.llvm-link.err.log
Execute         run_link_or_opt -opt -out /home/terryadavis/utkarsh/zkml-fpga/hls/hash_pe/ccs/solution/solution1/.autopilot/db/a.g.ld.1.lower.bc -args /home/terryadavis/utkarsh/zkml-fpga/hls/hash_pe/ccs/solution/solution1/.autopilot/db/a.g.ld.0.bc -reflow-lower-math-intrinsics 
INFO-FLOW: run_clang exec: /tools/Xilinx/Vitis/2024.2/lnx64/tools/clang-3.9-csynth/bin/opt -pass-remarks-missed=reflow|pasta|unroll|inline -pass-remarks=reflow|pasta|unroll|inline -pass-remarks-output=/home/terryadavis/utkarsh/zkml-fpga/hls/hash_pe/ccs/solution/solution1/.autopilot/db/a.g.ld.1.lower.bc.opt.diag.yml /home/terryadavis/utkarsh/zkml-fpga/hls/hash_pe/ccs/solution/solution1/.autopilot/db/a.g.ld.0.bc -reflow-lower-math-intrinsics -o /home/terryadavis/utkarsh/zkml-fpga/hls/hash_pe/ccs/solution/solution1/.autopilot/db/a.g.ld.1.lower.bc > /home/terryadavis/utkarsh/zkml-fpga/hls/hash_pe/ccs/solution/solution1/.autopilot/db/a.g.ld.1.lower.bc.opt.out.log 2> /home/terryadavis/utkarsh/zkml-fpga/hls/hash_pe/ccs/solution/solution1/.autopilot/db/a.g.ld.1.lower.bc.opt.err.log
INFO-FLOW: Running: gen_design_size_report post-opt
INFO-FLOW: Done: gen_design_size_report post-opt time: 0 seconds per iteration
INFO-FLOW: Linking math bc lib
Execute         run_link_or_opt -out /home/terryadavis/utkarsh/zkml-fpga/hls/hash_pe/ccs/solution/solution1/.autopilot/db/a.g.ld.2.m1.bc -args /home/terryadavis/utkarsh/zkml-fpga/hls/hash_pe/ccs/solution/solution1/.autopilot/db/a.g.ld.1.lower.bc -only-needed /tools/Xilinx/Vitis/2024.2/lnx64/lib/libhlsm_39.bc /tools/Xilinx/Vitis/2024.2/lnx64/lib/libhlsmc++_39.bc 
INFO-FLOW: run_clang exec: /tools/Xilinx/Vitis/2024.2/lnx64/tools/clang-3.9-csynth/bin/llvm-link /home/terryadavis/utkarsh/zkml-fpga/hls/hash_pe/ccs/solution/solution1/.autopilot/db/a.g.ld.1.lower.bc -only-needed /tools/Xilinx/Vitis/2024.2/lnx64/lib/libhlsm_39.bc /tools/Xilinx/Vitis/2024.2/lnx64/lib/libhlsmc++_39.bc -o /home/terryadavis/utkarsh/zkml-fpga/hls/hash_pe/ccs/solution/solution1/.autopilot/db/a.g.ld.2.m1.bc > /home/terryadavis/utkarsh/zkml-fpga/hls/hash_pe/ccs/solution/solution1/.autopilot/db/a.g.ld.2.m1.bc.llvm-link.out.log 2> /home/terryadavis/utkarsh/zkml-fpga/hls/hash_pe/ccs/solution/solution1/.autopilot/db/a.g.ld.2.m1.bc.llvm-link.err.log
Command         run_link_or_opt done; 1.15 sec.
Execute         run_link_or_opt -opt -out /home/terryadavis/utkarsh/zkml-fpga/hls/hash_pe/ccs/solution/solution1/.autopilot/db/a.g.ld.3.fpc.bc -args /home/terryadavis/utkarsh/zkml-fpga/hls/hash_pe/ccs/solution/solution1/.autopilot/db/a.g.ld.2.m1.bc -reflow-globaldce -hls-top-function-name=poseidon_hash -reflow-float-conversion 
INFO-FLOW: run_clang exec: /tools/Xilinx/Vitis/2024.2/lnx64/tools/clang-3.9-csynth/bin/opt -pass-remarks-missed=reflow|pasta|unroll|inline -pass-remarks=reflow|pasta|unroll|inline -pass-remarks-output=/home/terryadavis/utkarsh/zkml-fpga/hls/hash_pe/ccs/solution/solution1/.autopilot/db/a.g.ld.3.fpc.bc.opt.diag.yml /home/terryadavis/utkarsh/zkml-fpga/hls/hash_pe/ccs/solution/solution1/.autopilot/db/a.g.ld.2.m1.bc -reflow-globaldce -hls-top-function-name=poseidon_hash -reflow-float-conversion -o /home/terryadavis/utkarsh/zkml-fpga/hls/hash_pe/ccs/solution/solution1/.autopilot/db/a.g.ld.3.fpc.bc > /home/terryadavis/utkarsh/zkml-fpga/hls/hash_pe/ccs/solution/solution1/.autopilot/db/a.g.ld.3.fpc.bc.opt.out.log 2> /home/terryadavis/utkarsh/zkml-fpga/hls/hash_pe/ccs/solution/solution1/.autopilot/db/a.g.ld.3.fpc.bc.opt.err.log
INFO-FLOW: Running: gen_design_size_report post-opt
INFO-FLOW: Done: gen_design_size_report post-opt time: 0 seconds per iteration
Command         run_link_or_opt done; 0.46 sec.
Execute         run_link_or_opt -out /home/terryadavis/utkarsh/zkml-fpga/hls/hash_pe/ccs/solution/solution1/.autopilot/db/a.g.ld.4.m2.bc -args /home/terryadavis/utkarsh/zkml-fpga/hls/hash_pe/ccs/solution/solution1/.autopilot/db/a.g.ld.3.fpc.bc -only-needed /tools/Xilinx/Vitis/2024.2/lnx64/lib/libfloatconversion_39.bc 
INFO-FLOW: run_clang exec: /tools/Xilinx/Vitis/2024.2/lnx64/tools/clang-3.9-csynth/bin/llvm-link /home/terryadavis/utkarsh/zkml-fpga/hls/hash_pe/ccs/solution/solution1/.autopilot/db/a.g.ld.3.fpc.bc -only-needed /tools/Xilinx/Vitis/2024.2/lnx64/lib/libfloatconversion_39.bc -o /home/terryadavis/utkarsh/zkml-fpga/hls/hash_pe/ccs/solution/solution1/.autopilot/db/a.g.ld.4.m2.bc > /home/terryadavis/utkarsh/zkml-fpga/hls/hash_pe/ccs/solution/solution1/.autopilot/db/a.g.ld.4.m2.bc.llvm-link.out.log 2> /home/terryadavis/utkarsh/zkml-fpga/hls/hash_pe/ccs/solution/solution1/.autopilot/db/a.g.ld.4.m2.bc.llvm-link.err.log
Execute         run_link_or_opt -opt -out /home/terryadavis/utkarsh/zkml-fpga/hls/hash_pe/ccs/solution/solution1/.autopilot/db/a.g.ld.5.gdce.bc -args /home/terryadavis/utkarsh/zkml-fpga/hls/hash_pe/ccs/solution/solution1/.autopilot/db/a.g.ld.4.m2.bc -reflow-globaldce -hls-top-function-name=poseidon_hash 
INFO-FLOW: run_clang exec: /tools/Xilinx/Vitis/2024.2/lnx64/tools/clang-3.9-csynth/bin/opt -pass-remarks-missed=reflow|pasta|unroll|inline -pass-remarks=reflow|pasta|unroll|inline -pass-remarks-output=/home/terryadavis/utkarsh/zkml-fpga/hls/hash_pe/ccs/solution/solution1/.autopilot/db/a.g.ld.5.gdce.bc.opt.diag.yml /home/terryadavis/utkarsh/zkml-fpga/hls/hash_pe/ccs/solution/solution1/.autopilot/db/a.g.ld.4.m2.bc -reflow-globaldce -hls-top-function-name=poseidon_hash -o /home/terryadavis/utkarsh/zkml-fpga/hls/hash_pe/ccs/solution/solution1/.autopilot/db/a.g.ld.5.gdce.bc > /home/terryadavis/utkarsh/zkml-fpga/hls/hash_pe/ccs/solution/solution1/.autopilot/db/a.g.ld.5.gdce.bc.opt.out.log 2> /home/terryadavis/utkarsh/zkml-fpga/hls/hash_pe/ccs/solution/solution1/.autopilot/db/a.g.ld.5.gdce.bc.opt.err.log
INFO-FLOW: Running: gen_design_size_report post-opt
INFO-FLOW: Done: gen_design_size_report post-opt time: 0 seconds per iteration
Execute         send_msg_by_id INFO @200-777@%s Vivado 
INFO: [HLS 200-777] Using interface defaults for 'Vivado' flow target.
Execute         is_m_axi_addr64 
INFO-FLOW: Doing LTO.
INFO-FLOW: run_clang (background poll_ms 5000) exec: /tools/Xilinx/Vitis/2024.2/lnx64/tools/clang-3.9-csynth/bin/clang -foptimization-record-file=/home/terryadavis/utkarsh/zkml-fpga/hls/hash_pe/ccs/solution/solution1/.autopilot/db/a.g.ld.0.bc.clang.reflow.diag.yml -mllvm -pass-remarks-missed=reflow|pasta|unroll|inline -mllvm -pass-remarks=reflow|pasta|unroll|inline -fhls -mllvm -hls-top-function-name=poseidon_hash -mllvm -hls-db-dir -mllvm /home/terryadavis/utkarsh/zkml-fpga/hls/hash_pe/ccs/solution/solution1/.autopilot/db -emit-llvm -c -target fpga64-xilinx-none -mllvm -xcl-xmlinfo=/home/terryadavis/utkarsh/zkml-fpga/hls/hash_pe/ccs/solution/solution1/.autopilot/db/kernel.internal.xml -mllvm -top-io-mapping-info=/home/terryadavis/utkarsh/zkml-fpga/hls/hash_pe/ccs/solution/solution1/.autopilot/db/top-io-fe.xml -mllvm -hls-bitcode-version=3.1 -mllvm -reflow-enable-slave-interface-default-setting=true -mllvm -gen-kernel-xml=false -mllvm -default-maxi-offset=slave -mllvm -maxi-latency=0 -mllvm -hls-maxi-data-size-in-bits=8 -mllvm -hls-maxi-max-data-size-in-bits=1024 -mllvm -hls-max-widen-size-in-bits=0 -mllvm -xcl-kernel-max-mem-ports=0 -mllvm -maxi-read-trans=16 -mllvm -maxi-write-trans=16 -mllvm -maxi-read-burst-len=16 -mllvm -maxi-write-burst-len=16 -mllvm -reflow-enable-saxi-64bits=0 -mllvm -reflow-basic-block-instr-threshold=200000 -mllvm -reflow-auto-pipeline-threshold=64 -mllvm -reflow-enable-maxi-auto-id-channel=0 -mllvm -reflow-bdd-simplify-threshold=1048576 -mllvm -reflow-fanout-threshold=16 -mllvm -reflow-complete-threshold=4 -mllvm -reflow-array-promotion-threshold=64 -mllvm -assume-maxi-align=1 -mllvm -reflow-enable-dataflow-strict-mode-checking=1 -ftime-report -mllvm -time-passes -mllvm -reflow-auto-array-partition-mode=default -mllvm -reflow-enable-auto-small-array-partition=true -mllvm -reflow-enable-auto-array-promotion=true -mllvm -reflow-enable-auto-array-partition-for-flatten=true -mllvm -reflow-enable-auto-parallel-performance-driven=true -mllvm -reflow-enable-partition-for-automation=true -mllvm -reflow-aggregate-bitwidth-threshold=4096 -mllvm -reflow-reserved-saxilite-registers=0 -mllvm -enable-reflow-auto-loop-pipeline -mllvm -reflow-max-unroll-threshold=409600 -mllvm -auto-unroll-tripcount-threshold=0 -mllvm -reflow-assume-no-address-wrap=true -mllvm -reflow-enable-occurrence-inference=true -mllvm -reflow-emit-hint-scope=true -mllvm -reflow-enable-codegen-with-if=true -mllvm -reflow-enable-dataflow-canon=true -mllvm -reflow-enable-dataflow-canon2=true -mllvm -hls -mllvm -disable-inlined-alloca-merging=true -mllvm -default-clock-period=4 -mllvm -use_read_first_ram_in_loop=1 -mllvm -default-clock-uncertainty=1.08 -x ir /home/terryadavis/utkarsh/zkml-fpga/hls/hash_pe/ccs/solution/solution1/.autopilot/db/a.g.ld.5.gdce.bc -o /home/terryadavis/utkarsh/zkml-fpga/hls/hash_pe/ccs/solution/solution1/.autopilot/db/a.g.lto.bc -hls-platform-db-name=/tools/Xilinx/Vitis/2024.2/common/technology/xilinx/common/platform.db -hls-platform-name=zynquplus_medium -device-resource-info=BRAM_624.000000_DSP_1728.000000_FF_460800.000000_LUT_230400.000000_SLICE_28800.000000_URAM_96.000000 -device-name-info=xczu7ev-ffvc1156-2-e 2> /home/terryadavis/utkarsh/zkml-fpga/hls/hash_pe/ccs/solution/solution1/.autopilot/db/a.g.ld.0.bc.clang.reflow.err.log bg_poll_cmd: ::AP::poll_clang_39_closed_source
Execute         send_msg_by_id INFO @200-1995@%s%s%s 1,531 Compile/Link /home/terryadavis/utkarsh/zkml-fpga/hls/hash_pe/ccs/solution/solution1/syn/report/csynth_design_size.rpt 
INFO: [HLS 200-1995] There were 1,531 instructions in the design after the 'Compile/Link' phase of compilation. See the Design Size Report for more details: /home/terryadavis/utkarsh/zkml-fpga/hls/hash_pe/ccs/solution/solution1/syn/report/csynth_design_size.rpt
Execute         send_msg_by_id INFO @200-1995@%s%s%s 14,417 Unroll/Inline (step 1) /home/terryadavis/utkarsh/zkml-fpga/hls/hash_pe/ccs/solution/solution1/syn/report/csynth_design_size.rpt 
INFO: [HLS 200-1995] There were 14,417 instructions in the design after the 'Unroll/Inline (step 1)' phase of compilation. See the Design Size Report for more details: /home/terryadavis/utkarsh/zkml-fpga/hls/hash_pe/ccs/solution/solution1/syn/report/csynth_design_size.rpt
Execute         send_msg_by_id INFO @200-1995@%s%s%s 151 Unroll/Inline (step 2) /home/terryadavis/utkarsh/zkml-fpga/hls/hash_pe/ccs/solution/solution1/syn/report/csynth_design_size.rpt 
INFO: [HLS 200-1995] There were 151 instructions in the design after the 'Unroll/Inline (step 2)' phase of compilation. See the Design Size Report for more details: /home/terryadavis/utkarsh/zkml-fpga/hls/hash_pe/ccs/solution/solution1/syn/report/csynth_design_size.rpt
Execute         send_msg_by_id INFO @200-1995@%s%s%s 18 Unroll/Inline (step 3) /home/terryadavis/utkarsh/zkml-fpga/hls/hash_pe/ccs/solution/solution1/syn/report/csynth_design_size.rpt 
INFO: [HLS 200-1995] There were 18 instructions in the design after the 'Unroll/Inline (step 3)' phase of compilation. See the Design Size Report for more details: /home/terryadavis/utkarsh/zkml-fpga/hls/hash_pe/ccs/solution/solution1/syn/report/csynth_design_size.rpt
Execute         send_msg_by_id INFO @200-1995@%s%s%s 18 Unroll/Inline (step 4) /home/terryadavis/utkarsh/zkml-fpga/hls/hash_pe/ccs/solution/solution1/syn/report/csynth_design_size.rpt 
INFO: [HLS 200-1995] There were 18 instructions in the design after the 'Unroll/Inline (step 4)' phase of compilation. See the Design Size Report for more details: /home/terryadavis/utkarsh/zkml-fpga/hls/hash_pe/ccs/solution/solution1/syn/report/csynth_design_size.rpt
Execute         send_msg_by_id INFO @200-1995@%s%s%s 17 Array/Struct (step 1) /home/terryadavis/utkarsh/zkml-fpga/hls/hash_pe/ccs/solution/solution1/syn/report/csynth_design_size.rpt 
INFO: [HLS 200-1995] There were 17 instructions in the design after the 'Array/Struct (step 1)' phase of compilation. See the Design Size Report for more details: /home/terryadavis/utkarsh/zkml-fpga/hls/hash_pe/ccs/solution/solution1/syn/report/csynth_design_size.rpt
Execute         send_msg_by_id INFO @200-1995@%s%s%s 17 Array/Struct (step 2) /home/terryadavis/utkarsh/zkml-fpga/hls/hash_pe/ccs/solution/solution1/syn/report/csynth_design_size.rpt 
INFO: [HLS 200-1995] There were 17 instructions in the design after the 'Array/Struct (step 2)' phase of compilation. See the Design Size Report for more details: /home/terryadavis/utkarsh/zkml-fpga/hls/hash_pe/ccs/solution/solution1/syn/report/csynth_design_size.rpt
Execute         send_msg_by_id INFO @200-1995@%s%s%s 17 Array/Struct (step 3) /home/terryadavis/utkarsh/zkml-fpga/hls/hash_pe/ccs/solution/solution1/syn/report/csynth_design_size.rpt 
INFO: [HLS 200-1995] There were 17 instructions in the design after the 'Array/Struct (step 3)' phase of compilation. See the Design Size Report for more details: /home/terryadavis/utkarsh/zkml-fpga/hls/hash_pe/ccs/solution/solution1/syn/report/csynth_design_size.rpt
Execute         send_msg_by_id INFO @200-1995@%s%s%s 17 Array/Struct (step 4) /home/terryadavis/utkarsh/zkml-fpga/hls/hash_pe/ccs/solution/solution1/syn/report/csynth_design_size.rpt 
INFO: [HLS 200-1995] There were 17 instructions in the design after the 'Array/Struct (step 4)' phase of compilation. See the Design Size Report for more details: /home/terryadavis/utkarsh/zkml-fpga/hls/hash_pe/ccs/solution/solution1/syn/report/csynth_design_size.rpt
Execute         send_msg_by_id INFO @200-1995@%s%s%s 19 Array/Struct (step 5) /home/terryadavis/utkarsh/zkml-fpga/hls/hash_pe/ccs/solution/solution1/syn/report/csynth_design_size.rpt 
INFO: [HLS 200-1995] There were 19 instructions in the design after the 'Array/Struct (step 5)' phase of compilation. See the Design Size Report for more details: /home/terryadavis/utkarsh/zkml-fpga/hls/hash_pe/ccs/solution/solution1/syn/report/csynth_design_size.rpt
Execute         send_msg_by_id INFO @200-1995@%s%s%s 19 Performance (step 1) /home/terryadavis/utkarsh/zkml-fpga/hls/hash_pe/ccs/solution/solution1/syn/report/csynth_design_size.rpt 
INFO: [HLS 200-1995] There were 19 instructions in the design after the 'Performance (step 1)' phase of compilation. See the Design Size Report for more details: /home/terryadavis/utkarsh/zkml-fpga/hls/hash_pe/ccs/solution/solution1/syn/report/csynth_design_size.rpt
Execute         send_msg_by_id INFO @200-1995@%s%s%s 19 Performance (step 2) /home/terryadavis/utkarsh/zkml-fpga/hls/hash_pe/ccs/solution/solution1/syn/report/csynth_design_size.rpt 
INFO: [HLS 200-1995] There were 19 instructions in the design after the 'Performance (step 2)' phase of compilation. See the Design Size Report for more details: /home/terryadavis/utkarsh/zkml-fpga/hls/hash_pe/ccs/solution/solution1/syn/report/csynth_design_size.rpt
Execute         send_msg_by_id INFO @200-1995@%s%s%s 19 Performance (step 3) /home/terryadavis/utkarsh/zkml-fpga/hls/hash_pe/ccs/solution/solution1/syn/report/csynth_design_size.rpt 
INFO: [HLS 200-1995] There were 19 instructions in the design after the 'Performance (step 3)' phase of compilation. See the Design Size Report for more details: /home/terryadavis/utkarsh/zkml-fpga/hls/hash_pe/ccs/solution/solution1/syn/report/csynth_design_size.rpt
Execute         send_msg_by_id INFO @200-1995@%s%s%s 19 Performance (step 4) /home/terryadavis/utkarsh/zkml-fpga/hls/hash_pe/ccs/solution/solution1/syn/report/csynth_design_size.rpt 
INFO: [HLS 200-1995] There were 19 instructions in the design after the 'Performance (step 4)' phase of compilation. See the Design Size Report for more details: /home/terryadavis/utkarsh/zkml-fpga/hls/hash_pe/ccs/solution/solution1/syn/report/csynth_design_size.rpt
Execute         send_msg_by_id INFO @200-1995@%s%s%s 27 HW Transforms (step 1) /home/terryadavis/utkarsh/zkml-fpga/hls/hash_pe/ccs/solution/solution1/syn/report/csynth_design_size.rpt 
INFO: [HLS 200-1995] There were 27 instructions in the design after the 'HW Transforms (step 1)' phase of compilation. See the Design Size Report for more details: /home/terryadavis/utkarsh/zkml-fpga/hls/hash_pe/ccs/solution/solution1/syn/report/csynth_design_size.rpt
Execute         send_msg_by_id INFO @200-1995@%s%s%s 31 HW Transforms (step 2) /home/terryadavis/utkarsh/zkml-fpga/hls/hash_pe/ccs/solution/solution1/syn/report/csynth_design_size.rpt 
INFO: [HLS 200-1995] There were 31 instructions in the design after the 'HW Transforms (step 2)' phase of compilation. See the Design Size Report for more details: /home/terryadavis/utkarsh/zkml-fpga/hls/hash_pe/ccs/solution/solution1/syn/report/csynth_design_size.rpt
INFO: [HLS 214-291] Loop 'VITIS_LOOP_35_1' is marked as complete unroll implied by the pipeline pragma (../src/poseidon.cpp:35:30)
INFO: [HLS 214-291] Loop 'round_loop' is marked as complete unroll implied by the pipeline pragma (../src/poseidon.cpp:42:13)
INFO: [HLS 214-291] Loop 'VITIS_LOOP_44_2' is marked as complete unroll implied by the pipeline pragma (../src/poseidon.cpp:44:34)
INFO: [HLS 214-291] Loop 'VITIS_LOOP_52_3' is marked as complete unroll implied by the pipeline pragma (../src/poseidon.cpp:52:38)
INFO: [HLS 214-291] Loop 'VITIS_LOOP_67_4' is marked as complete unroll implied by the pipeline pragma (../src/poseidon.cpp:67:34)
INFO: [HLS 214-291] Loop 'VITIS_LOOP_71_5' is marked as complete unroll implied by the pipeline pragma (../src/poseidon.cpp:71:38)
INFO: [HLS 214-291] Loop 'VITIS_LOOP_78_6' is marked as complete unroll implied by the pipeline pragma (../src/poseidon.cpp:78:34)
INFO: [HLS 214-186] Unrolling loop 'VITIS_LOOP_35_1' (../src/poseidon.cpp:35:30) in function 'poseidon_hash' completely with a factor of 2 (../src/poseidon.cpp:18:0)
INFO: [HLS 214-186] Unrolling loop 'round_loop' (../src/poseidon.cpp:42:13) in function 'poseidon_hash' completely with a factor of 65 (../src/poseidon.cpp:18:0)
INFO: [HLS 214-186] Unrolling loop 'VITIS_LOOP_78_6' (../src/poseidon.cpp:78:34) in function 'poseidon_hash' completely with a factor of 3 (../src/poseidon.cpp:18:0)
INFO: [HLS 214-186] Unrolling loop 'VITIS_LOOP_67_4' (../src/poseidon.cpp:67:34) in function 'poseidon_hash' completely with a factor of 3 (../src/poseidon.cpp:18:0)
INFO: [HLS 214-186] Unrolling loop 'VITIS_LOOP_71_5' (../src/poseidon.cpp:71:38) in function 'poseidon_hash' completely with a factor of 3 (../src/poseidon.cpp:18:0)
INFO: [HLS 214-186] Unrolling loop 'VITIS_LOOP_52_3' (../src/poseidon.cpp:52:38) in function 'poseidon_hash' completely with a factor of 3 (../src/poseidon.cpp:18:0)
INFO: [HLS 214-186] Unrolling loop 'VITIS_LOOP_44_2' (../src/poseidon.cpp:44:34) in function 'poseidon_hash' completely with a factor of 3 (../src/poseidon.cpp:18:0)
INFO: [HLS 214-115] Multiple burst writes of variable length and bit width 256 in loop 'block_loop'(../src/poseidon.cpp:30:9) has been inferred on bundle 'gmem1'. These burst requests might be further partitioned into multiple requests during RTL generation, based on max_read_burst_length or max_write_burst_length settings. (../src/poseidon.cpp:30:9)
INFO-FLOW: DBG:PUTS: copy_raw_kernel_xml ap_link_39: kernel.xml not generated: /home/terryadavis/utkarsh/zkml-fpga/hls/hash_pe/ccs/solution/solution1/.autopilot/db/kernel.internal.xml
INFO: [HLS 200-111] Finished Compiling Optimization and Transform: CPU user time: 4 seconds. CPU system time: 0.23 seconds. Elapsed time: 8.66 seconds; current allocated memory: 383.574 MB.
INFO: [HLS 200-111] Finished Checking Pragmas: CPU user time: 0 seconds. CPU system time: 0 seconds. Elapsed time: 0.01 seconds; current allocated memory: 383.574 MB.
Execute         opt_and_import_c a -opt_level=2 -skip_syncheck=0 -ng=0 -keep_printf=0 
Execute           cleanup_all_models 
INFO: [HLS 200-10] Starting code transformations ...
INFO-FLOW: Running Standard Transforms...
Execute           transform -hls -share-std-xform -demangle-name -inline-byval-memcpy -always-inline -promote-dbg-pointer -interface-preproc -mem2reg -scalarrepl -mem2reg -keep-read-access -instcombine -dce -promote-dbg-pointer -bitop-raise -loop-simplify -indvarspre -indvars -loop-simplify -constprop -instcombine -simplifycfg -indvars -simplifycfg -dce -globaldce -basicaa -simplifycfg -mem2reg -globalopt -global-constprop -deadargelim -instcombine -simplifycfg -scalarrepl -instcombine -reassociate -licm -simplifycfg -loop-simplify -indvars -instcombine -simplifycfg -mem2reg -loop-simplify -indvars -instcombine -gvn -gvn -instcombine -adce -break-crit-edges -simplifycfg -loop-delete -global-array-opt -dce -dse -adce -find-syn-modules -top poseidon_hash -deadargelim -mem2reg -instcombine -dce -presyn-prepare -interface-preproc -syn-check -check-rec-only -find-region -simplifycfg -func-extr -function-inline -globaldce -mem2reg -instcombine -dce -gvn -globaldce -adce -adse -constprop -instcombine -bit-constprop -instcombine -dce -simplifycfg -bitop-raise -simplifycfg -dce -loop-delete -reassociate -globalopt -global-privatize -mem2reg -dce -global-constprop -pointer-simplify -constprop -dce -promote-dbg-pointer -norm-name /home/terryadavis/utkarsh/zkml-fpga/hls/hash_pe/ccs/solution/solution1/.autopilot/db/a.g.0.bc -o /home/terryadavis/utkarsh/zkml-fpga/hls/hash_pe/ccs/solution/solution1/.autopilot/db/a.g.1.bc -f -phase std-opt 
INFO: [HLS 200-111] Finished Standard Transforms: CPU user time: 0 seconds. CPU system time: 0.01 seconds. Elapsed time: 0 seconds; current allocated memory: 383.711 MB.
INFO: [HLS 200-10] Checking synthesizability ...
INFO-FLOW: Checking Synthesizability 1/2..
Execute           transform -hls -syn-check -check-rec-only -scalarrepl -norm-name -dce -mem2reg -instcombine -directive-preproc -mem2reg -dse -dce -dce -pag -array-normalize -instcombine -dce -array-seg-normalize -instcombine -dce -data-pack -instcombine -dce -inst-simplify -array-flatten -instcombine -dce -array-burst -dce -deadargelim -promote-global-argument -simplifycfg -mem2reg -globaldce -dce -deadargelim -dce -instcombine -function-inline -globaldce -dce -doublePtrSimplify -doublePtrElim -dce -doublePtrSimplify -promote-dbg-pointer -dce -scalarrepl -dse -adse -instcombine -ptrLegalization -simplifycfg -dce -instcombine -pointer-simplify -ptrArgReplace -dce -instcombine -resolve-double-ptr -scalarrepl -norm-name -dce -mem2reg -instcombine -ptrLegalization -simplifycfg -deadargelim -instcombine -dce -inst-simplify -directive-preproc -mem2reg -dse -dce -globaldce /home/terryadavis/utkarsh/zkml-fpga/hls/hash_pe/ccs/solution/solution1/.autopilot/db/a.g.1.bc -o /home/terryadavis/utkarsh/zkml-fpga/hls/hash_pe/ccs/solution/solution1/.autopilot/db/a.g.2.prechk.bc -f 
INFO-FLOW: Checking Synthesizability 2/2..
Execute           transform -syn-check /home/terryadavis/utkarsh/zkml-fpga/hls/hash_pe/ccs/solution/solution1/.autopilot/db/a.g.2.prechk.bc -o /home/terryadavis/utkarsh/zkml-fpga/hls/hash_pe/ccs/solution/solution1/.autopilot/db/a.g.2.bc -f -phase syn-check 
INFO: [HLS 200-111] Finished Checking Synthesizability: CPU user time: 0 seconds. CPU system time: 0 seconds. Elapsed time: 0.01 seconds; current allocated memory: 383.711 MB.
INFO-FLOW: Compiler optimizing ...
INFO-FLOW: Share syncheck's 1.bc for syn flow: copy /home/terryadavis/utkarsh/zkml-fpga/hls/hash_pe/ccs/solution/solution1/.autopilot/db/a.g.1.bc to /home/terryadavis/utkarsh/zkml-fpga/hls/hash_pe/ccs/solution/solution1/.autopilot/db/a.o.1.bc
INFO-FLOW: Presyn 1...
Execute           transform -hls -tmp /home/terryadavis/utkarsh/zkml-fpga/hls/hash_pe/ccs/solution/solution1/.autopilot/db -interface-port-rename -directive-preproc -mem2reg -dse -dce -scalarrepl -norm-name -deadargelim -dce -hls-dead-arg-elim -deadargelim -mem2reg -instcombine -dce -simplifycfg -dce -resource-proc -clib-intrinsic-prepare -dce -func-buffer -dce -pag -array-normalize -func-legal -instcombine -gvn -constprop -dce -simplifycfg -mem2reg -globaldce -resolve-double-ptr -dce -deadargelim -dce -instcombine -ptrArgReplace -mem2reg -dce -array-seg-normalize -deadargelim -instcombine -dce -directive-preproc -mem2reg -dse -dce -pointer-simplify -dce -port-alignment -dce -interface-preproc -data-pack -instcombine -dce -basicaa -aggr-aa -aggrmodref-aa -aggr-aa -gvn -gvn -basicaa -aggr-aa -aggrmodref-aa -aggr-aa -dse -adse -adce -loop-simplify -indvars -instcombine -gvn -loop-simplify -mem2reg -dce -find-region -instcombine -inst-simplify -interface-preproc -cfgopt -instcombine -indvars -loop-simplify -loop-bound -constprop -instcombine -simplifycfg -indvars -simplifycfg -dce -globaldce -clean-region -attach-range -gvn -inst-simplify -constprop -simplifycfg -dce -pointer-simplify -dce -globalopt -constprop -dce -ptrArgReplace -mem2reg -simplifycfg -dce -instcombine -dce -array-transform-check -array-reshape -instcombine -simplifycfg -dce -ptrArgReplace -deadargelim -mem2reg -instcombine -simplifycfg -dce -indvars -loop-simplify -loop-bound -constprop -instcombine -simplifycfg -indvars -simplifycfg -dce -globaldce -basicaa -aggr-aa -aggrmodref-aa -aggr-aa -dse -duplicate-dataflow-processes -globaldce -instcombine -array-partition -prepare-dynamic-array-partition -instcombine -simplifycfg -dce -ptrArgReplace -global-constprop -deadargelim -mem2reg -func-legal -dce -global-constprop -deadargelim -mem2reg -simplifycfg -dce -merge-param -deadargelim -globalopt -constprop -dce -ptrArgReplace -mem2reg -simplifycfg -dce -mem-intrinsic-preproc -dce -global-internalize -global-privatize -mem2reg -globaldce -lcssa -loop-simplify -phi-select-elim -promote-global-argument -ptrArgReplace -mem2reg -dce -globalopt -mergereturn -simplify-global-access -mem2reg -dce -pointer-simplify -dce -basicaa -aggr-aa -aggrmodref-aa -aggr-aa -functionattrs -basicaa -aggr-aa -aggrmodref-aa -aggr-aa -gvn -gvn -basicaa -aggr-aa -aggrmodref-aa -aggr-aa -dse -adse -adce -dce -norm-name -basicaa -aggr-aa -aggrmodref-aa -aggr-aa -accesses-merge -function-inline -complex-op-raise -inst-simplify -globaldce -func-legal -dce -loop-bound -arraycheck -bitwidthmin2 -bitwidthmin2 -on-by-dataflow -loop-delete -instcombine -simplifycfg -globaldce -dce -gvn -deadargelim -dce -loop-simplify -clean-region -simplifycfg -propagate-stable-arguments -instcombine -simplifycfg -dce -globaldce -duplicate-dataflow-processes -stream-intrinsic-preproc -dce -check-ap-stream -loop-simplify -eliminate-keepreads -extract-dataflow-in-loop -loop-simplify -dce -gvn -deadargelim -dse -duplicate-dataflow-processes -check-dataflow-syntax -legalize-stream-variable -globaldce -legalize-global -extract-subproc -dce -dead-channel-elimination -canonicalize-gep -globaldce -dce -gvn -hls-dead-arg-elim -deadargelim -directive-preproc -canonicalize-dataflow -dce -globaldce -scalar-preprocessing -scalar-propagation2 -scalar-stream -deadargelim -globaldce -mem2reg -check-dataflow-channels -function-stream -dce -globaldce -prop-fifo-spec -internal-stream-gen -canonicalize-gep -globaldce -dce -gvn -deadargelim -mergereturn -indvars -loop-simplify -instcombine -array-stream -array-seg-normalize -array-partition -clean-array-spec -func-legal -instcombine -simplifycfg -dce -bundle-memfifo-ops -deadargelim -directive-preproc -mem2reg -dse -dce -group-axi-access -licm -simplifycfg -dce -loop-delete -hls-display -norm-name /home/terryadavis/utkarsh/zkml-fpga/hls/hash_pe/ccs/solution/solution1/.autopilot/db/a.o.1.bc -o /home/terryadavis/utkarsh/zkml-fpga/hls/hash_pe/ccs/solution/solution1/.autopilot/db/a.o.1.tmp.bc -f 
INFO-FLOW: Presyn 2...
Execute           transform -hls -keep-callgraph -scalarrepl -mem2reg -port-alignment -attach-range -dce -pipe-mux-gen -indvars -loop-bound -inst-simplify -instcombine -dce -merge-array-access -mem2reg -dce -clean-region -mergereturn -if-conv -instcombine -dce -constprop -basicaa -aggr-aa -aggrmodref-aa -aggr-aa -gvn -gvn -basicaa -aggr-aa -aggrmodref-aa -aggr-aa -dse -adse -adce -scalarrepl -mem2reg -global-constprop -deadargelim -deadargelim -instcombine -dce -simplifycfg -ptrArgReplace -mem2reg -function-inline -globaldce -mem2reg -instcombine -dce -expr-balance -instcombine -dce -bitwidthmin2 -bitwidthmin2 -interface-preproc -directive-preproc -inst-rectify -instcombine -dce -basicaa -aggr-aa -aggrmodref-aa -aggr-aa -functionattrs -constprop -instcombine -bit-constprop -simplify-global-access -globalopt -globaldce -inst-simplify -instcombine -elimdeaddata -dce -loop-delete -simplifycfg -loop-simplify -barrier -norm-name /home/terryadavis/utkarsh/zkml-fpga/hls/hash_pe/ccs/solution/solution1/.autopilot/db/a.o.1.tmp.bc -o /home/terryadavis/utkarsh/zkml-fpga/hls/hash_pe/ccs/solution/solution1/.autopilot/db/a.o.2.bc -f -phase presyn 
INFO: [HLS 200-111] Finished Loop, function and other optimizations: CPU user time: 0.02 seconds. CPU system time: 0 seconds. Elapsed time: 0.02 seconds; current allocated memory: 404.254 MB.
Execute           transform -hls -auto-function-inline -globaldce -ptrArgReplace -mem2reg -dce -reset-lda -loop-simplify -indvars -aggr-aa -licm -loop-dep -loop-bound -licm -loop-simplify -loop-sink-hoist -flattenloopnest -array-flatten -gvn -instcombine -dce -array-map -dce -func-legal -gvn -adce -instcombine -cfgopt -simplifycfg-lite -loop-simplify -array-burst -promote-global-argument -dce -array-seg-normalize -basicaa -aggrmodref-aa -globalsmodref-aa -aggr-aa -gvn -gvn -basicaa -aggrmodref-aa -globalsmodref-aa -aggr-aa -dse -adse -adce -licm -inst-simplify -dce -globaldce -instcombine -array-stream -eliminate-keepreads -instcombine -dce -deadargelim -doublePtrSimplify -doublePtrElim -dce -doublePtrSimplify -promote-dbg-pointer -dce -scalarrepl -mem2reg -norm-name -mem2reg -instcombine -dse -adse -adce -ptrLegalization -dce -array-flatten -dce -instcombine -check-doubleptr -loop-rot -constprop -inst-simplify -cfgopt -simplifycfg-lite -loop-simplify -indvars -pointer-simplify -dce -loop-bound -loop-simplify -loop-preproc -constprop -global-constprop -gvn -mem2reg -instcombine -dce -loop-bound -loop-merge -dce -deadargelim -dce -canonicalize-dataflow -dce -deadargelim -globaldce -mem2reg -bram-byte-enable -inst-simplify -inst-rectify -instcombine -adce -deadargelim -load-elim -read-loop-dep -loop-simplify -loop-rewind-sink-hoist -loop-outline -hls-dead-arg-elim -directive-preproc -bitwidthmin2 -bitwidthmin2 -read-loop-dep -interface-preproc -directive-preproc -interface-gen -bram-byte-enable-spec-prop -mul2addshift -deadargelim -inst-simplify -dce -mem2reg -instcombine -gvn -dce -adse -loop-bound -instcombine -cfgopt -simplifycfg-lite -loop-simplify -clean-region -io-protocol -find-region -mem2reg -bitop-raise -complex-op-raise -inst-simplify -inst-rectify -instcombine -adce -deadargelim -float-op-raise -loop-simplify -phi-opt -bitop-raise -cfgopt -simplifycfg-lite -strip-dead-prototypes -interface-lower -bitop-lower -intrinsic-lower -auto-function-inline -basicaa -aggrmodref-aa -globalsmodref-aa -aggr-aa -inst-simplify -simplifycfg-lite -loop-simplify -mergereturn -inst-simplify -inst-rectify -globaldce -dce -load-elim -bitop-lower -float-op-raise -fma-raise -loop-rewind -pointer-simplify -dce -cfgopt -dce -loop-bound -loop-dep -read-loop-dep -dce -dyn-mem-reuse -dce -recurrence-min -dce -share-scalar-alloca -deadargelim -dce -check-stream -norm-name -legalize -inst-clarity -bitwidth -dce -validate-dataflow -dump-loop-dep-to-ir -check-all-ssdm -dump-complexity-metric /home/terryadavis/utkarsh/zkml-fpga/hls/hash_pe/ccs/solution/solution1/.autopilot/db/a.o.2.bc -o /home/terryadavis/utkarsh/zkml-fpga/hls/hash_pe/ccs/solution/solution1/.autopilot/db/a.o.3.bc -f -phase build-ssdm 
Execute             auto_get_db
INFO-FLOW: Building ssdm...
Execute           transform -hls -cdfg-build /home/terryadavis/utkarsh/zkml-fpga/hls/hash_pe/ccs/solution/solution1/.autopilot/db/a.o.3.bc -o /home/terryadavis/utkarsh/zkml-fpga/hls/hash_pe/ccs/solution/solution1/.autopilot/db/a.o.3.bc -f -phase build-ssdm 
INFO: [HLS 200-111] Finished Architecture Synthesis: CPU user time: 0.01 seconds. CPU system time: 0.01 seconds. Elapsed time: 0.02 seconds; current allocated memory: 395.320 MB.
INFO-FLOW: Finish building internal data model.
Command       elaborate done; 11.49 sec.
Execute       ap_eval exec zip -j /home/terryadavis/utkarsh/zkml-fpga/hls/hash_pe/ccs/solution/solution1/.autopilot/db/dut.hcp $dbDir/a.o.3.bc $dbDir/${topname}.rtl_wrap.cfg.tcl $dbDir/apatb_${topname}.cpp $dbDir/apatb_${topname}_util.cpp $dbDir/apatb_${topname}_ir.ll $dbDir/mapper_${topname}.cpp $dbDir/top-io-fe.xml $dbDir/kernel.internal.xml $workdir/../hls.app 
Execute       autosyn -from_csynth_design=1 
INFO: [HLS 200-10] Starting hardware synthesis ...
INFO-FLOW: Synthesizing C/C++ design ...
INFO: [HLS 200-10] Synthesizing 'poseidon_hash' ...
Execute         ap_set_top_model poseidon_hash 
Execute         get_model_list poseidon_hash -filter all-wo-channel -topdown 
Execute         preproc_iomode -model poseidon_hash 
Execute         get_model_list poseidon_hash -filter all-wo-channel 
INFO-FLOW: Model list for configure: poseidon_hash
INFO-FLOW: Configuring Module : poseidon_hash ...
Execute         set_default_model poseidon_hash 
Execute         apply_spec_resource_limit poseidon_hash 
INFO-FLOW: Model list for preprocess: poseidon_hash
INFO-FLOW: Preprocessing Module: poseidon_hash ...
Execute         set_default_model poseidon_hash 
Execute         cdfg_preprocess -model poseidon_hash 
Execute         rtl_gen_preprocess poseidon_hash 
INFO-FLOW: Model list for synthesis: poseidon_hash
INFO: [HLS 200-10] ----------------------------------------------------------------
INFO: [HLS 200-42] -- Implementing module 'poseidon_hash' 
INFO: [HLS 200-10] ----------------------------------------------------------------
Execute         set_default_model poseidon_hash 
Execute         schedule -model poseidon_hash 
INFO: [SCHED 204-11] Starting scheduling ...
INFO: [SCHED 204-61] Pipelining loop 'block_loop'.
INFO: [HLS 200-1470] Pipelining result : Target II = 1, Final II = 1, Depth = 8, loop 'block_loop'
INFO: [SCHED 204-11] Finished scheduling.
INFO: [HLS 200-111] Finished Scheduling: CPU user time: 0.04 seconds. CPU system time: 0.01 seconds. Elapsed time: 0.04 seconds; current allocated memory: 395.641 MB.
Execute         syn_report -verbosereport -o /home/terryadavis/utkarsh/zkml-fpga/hls/hash_pe/ccs/solution/solution1/.autopilot/db/poseidon_hash.verbose.sched.rpt 
Execute           list_part -family xczu7ev-ffvc1156-2-e 
Execute             ap_family_info -name xczu7ev-ffvc1156-2-e -data names 
Execute             ap_part_info -quiet -name xczu7ev-ffvc1156-2-e -data family 
Execute         db_write -o /home/terryadavis/utkarsh/zkml-fpga/hls/hash_pe/ccs/solution/solution1/.autopilot/db/poseidon_hash.sched.adb -f 
INFO-FLOW: Finish scheduling poseidon_hash.
Execute         set_default_model poseidon_hash 
Execute         bind -model poseidon_hash 
INFO: [BIND 205-100] Starting micro-architecture generation ...
INFO: [BIND 205-101] Performing variable lifetime analysis.
INFO: [BIND 205-101] Exploring resource sharing.
INFO: [BIND 205-101] Binding ...
INFO: [BIND 205-100] Finished micro-architecture generation.
INFO: [HLS 200-111] Finished Binding: CPU user time: 0.01 seconds. CPU system time: 0 seconds. Elapsed time: 0.01 seconds; current allocated memory: 395.641 MB.
Execute         syn_report -verbosereport -o /home/terryadavis/utkarsh/zkml-fpga/hls/hash_pe/ccs/solution/solution1/.autopilot/db/poseidon_hash.verbose.bind.rpt 
Execute           list_part -family xczu7ev-ffvc1156-2-e 
Execute             ap_family_info -name xczu7ev-ffvc1156-2-e -data names 
Execute             ap_part_info -quiet -name xczu7ev-ffvc1156-2-e -data family 
Execute         db_write -o /home/terryadavis/utkarsh/zkml-fpga/hls/hash_pe/ccs/solution/solution1/.autopilot/db/poseidon_hash.bind.adb -f 
INFO-FLOW: Finish binding poseidon_hash.
Execute         get_model_list poseidon_hash -filter all-wo-channel 
INFO-FLOW: Preprocessing for RTLGen ...
Execute         rtl_gen_preprocess poseidon_hash 
INFO-FLOW: Model list for RTL generation: poseidon_hash
INFO: [HLS 200-10] ----------------------------------------------------------------
INFO: [HLS 200-10] -- Generating RTL for module 'poseidon_hash' 
INFO: [HLS 200-10] ----------------------------------------------------------------
Execute         create_rtl_model poseidon_hash -top_prefix  -sub_prefix poseidon_hash_ -mg_file /home/terryadavis/utkarsh/zkml-fpga/hls/hash_pe/ccs/solution/solution1/.autopilot/db/poseidon_hash.compgen.tcl 
WARNING: [RTGEN 206-101] Design contains AXI ports. Reset is fixed to synchronous and active low.
INFO: [RTGEN 206-500] Setting interface mode on port 'poseidon_hash/gmem0' to 'm_axi'.
INFO: [RTGEN 206-500] Setting interface mode on port 'poseidon_hash/gmem1' to 'm_axi'.
INFO: [RTGEN 206-500] Setting interface mode on port 'poseidon_hash/input_r' to 's_axilite & ap_none'.
INFO: [RTGEN 206-500] Setting interface mode on port 'poseidon_hash/output_r' to 's_axilite & ap_none'.
INFO: [RTGEN 206-500] Setting interface mode on port 'poseidon_hash/num_blocks' to 's_axilite & ap_none'.
INFO: [RTGEN 206-500] Setting interface mode on function 'poseidon_hash' to 's_axilite & ap_ctrl_hs'.
INFO: [HLS 200-1030] Apply Unified Pipeline Control on module 'poseidon_hash' pipeline 'block_loop' pipeline type 'loop pipeline'
INFO: [RTGEN 206-100] Bundling port 'num_blocks' and 'return' to AXI-Lite port control.
INFO: [RTGEN 206-100] Bundling port 'input_r' and 'output_r' to AXI-Lite port control_r.
WARNING: [RTGEN 206-101] Port 'poseidon_hash/m_axi_gmem0_AWVALID' has no fanin or fanout and is left dangling.
               Please use C simulation to confirm this function argument can be read from or written to.
WARNING: [RTGEN 206-101] Setting dangling out port 'poseidon_hash/m_axi_gmem0_AWVALID' to 0.
WARNING: [RTGEN 206-101] Port 'poseidon_hash/m_axi_gmem0_AWREADY' has no fanin or fanout and is left dangling.
               Please use C simulation to confirm this function argument can be read from or written to.
WARNING: [RTGEN 206-101] Port 'poseidon_hash/m_axi_gmem0_AWADDR' has no fanin or fanout and is left dangling.
               Please use C simulation to confirm this function argument can be read from or written to.
WARNING: [RTGEN 206-101] Setting dangling out port 'poseidon_hash/m_axi_gmem0_AWADDR' to 0.
WARNING: [RTGEN 206-101] Port 'poseidon_hash/m_axi_gmem0_AWID' has no fanin or fanout and is left dangling.
               Please use C simulation to confirm this function argument can be read from or written to.
WARNING: [RTGEN 206-101] Setting dangling out port 'poseidon_hash/m_axi_gmem0_AWID' to 0.
WARNING: [RTGEN 206-101] Port 'poseidon_hash/m_axi_gmem0_AWLEN' has no fanin or fanout and is left dangling.
               Please use C simulation to confirm this function argument can be read from or written to.
WARNING: [RTGEN 206-101] Setting dangling out port 'poseidon_hash/m_axi_gmem0_AWLEN' to 0.
WARNING: [RTGEN 206-101] Port 'poseidon_hash/m_axi_gmem0_AWSIZE' has no fanin or fanout and is left dangling.
               Please use C simulation to confirm this function argument can be read from or written to.
WARNING: [RTGEN 206-101] Setting dangling out port 'poseidon_hash/m_axi_gmem0_AWSIZE' to 0.
WARNING: [RTGEN 206-101] Port 'poseidon_hash/m_axi_gmem0_AWBURST' has no fanin or fanout and is left dangling.
               Please use C simulation to confirm this function argument can be read from or written to.
WARNING: [RTGEN 206-101] Setting dangling out port 'poseidon_hash/m_axi_gmem0_AWBURST' to 0.
WARNING: [RTGEN 206-101] Port 'poseidon_hash/m_axi_gmem0_AWLOCK' has no fanin or fanout and is left dangling.
               Please use C simulation to confirm this function argument can be read from or written to.
WARNING: [RTGEN 206-101] Setting dangling out port 'poseidon_hash/m_axi_gmem0_AWLOCK' to 0.
WARNING: [RTGEN 206-101] Port 'poseidon_hash/m_axi_gmem0_AWCACHE' has no fanin or fanout and is left dangling.
               Please use C simulation to confirm this function argument can be read from or written to.
WARNING: [RTGEN 206-101] Setting dangling out port 'poseidon_hash/m_axi_gmem0_AWCACHE' to 0.
WARNING: [RTGEN 206-101] Port 'poseidon_hash/m_axi_gmem0_AWPROT' has no fanin or fanout and is left dangling.
               Please use C simulation to confirm this function argument can be read from or written to.
WARNING: [RTGEN 206-101] Setting dangling out port 'poseidon_hash/m_axi_gmem0_AWPROT' to 0.
WARNING: [RTGEN 206-101] Port 'poseidon_hash/m_axi_gmem0_AWQOS' has no fanin or fanout and is left dangling.
               Please use C simulation to confirm this function argument can be read from or written to.
WARNING: [RTGEN 206-101] Setting dangling out port 'poseidon_hash/m_axi_gmem0_AWQOS' to 0.
WARNING: [RTGEN 206-101] Port 'poseidon_hash/m_axi_gmem0_AWREGION' has no fanin or fanout and is left dangling.
               Please use C simulation to confirm this function argument can be read from or written to.
WARNING: [RTGEN 206-101] Setting dangling out port 'poseidon_hash/m_axi_gmem0_AWREGION' to 0.
WARNING: [RTGEN 206-101] Port 'poseidon_hash/m_axi_gmem0_AWUSER' has no fanin or fanout and is left dangling.
               Please use C simulation to confirm this function argument can be read from or written to.
WARNING: [RTGEN 206-101] Setting dangling out port 'poseidon_hash/m_axi_gmem0_AWUSER' to 0.
WARNING: [RTGEN 206-101] Port 'poseidon_hash/m_axi_gmem0_WVALID' has no fanin or fanout and is left dangling.
               Please use C simulation to confirm this function argument can be read from or written to.
WARNING: [RTGEN 206-101] Setting dangling out port 'poseidon_hash/m_axi_gmem0_WVALID' to 0.
WARNING: [RTGEN 206-101] Port 'poseidon_hash/m_axi_gmem0_WREADY' has no fanin or fanout and is left dangling.
               Please use C simulation to confirm this function argument can be read from or written to.
WARNING: [RTGEN 206-101] Port 'poseidon_hash/m_axi_gmem0_WDATA' has no fanin or fanout and is left dangling.
               Please use C simulation to confirm this function argument can be read from or written to.
WARNING: [RTGEN 206-101] Setting dangling out port 'poseidon_hash/m_axi_gmem0_WDATA' to 0.
WARNING: [RTGEN 206-101] Port 'poseidon_hash/m_axi_gmem0_WSTRB' has no fanin or fanout and is left dangling.
               Please use C simulation to confirm this function argument can be read from or written to.
WARNING: [RTGEN 206-101] Setting dangling out port 'poseidon_hash/m_axi_gmem0_WSTRB' to 0.
WARNING: [RTGEN 206-101] Port 'poseidon_hash/m_axi_gmem0_WLAST' has no fanin or fanout and is left dangling.
               Please use C simulation to confirm this function argument can be read from or written to.
WARNING: [RTGEN 206-101] Setting dangling out port 'poseidon_hash/m_axi_gmem0_WLAST' to 0.
WARNING: [RTGEN 206-101] Port 'poseidon_hash/m_axi_gmem0_WID' has no fanin or fanout and is left dangling.
               Please use C simulation to confirm this function argument can be read from or written to.
WARNING: [RTGEN 206-101] Setting dangling out port 'poseidon_hash/m_axi_gmem0_WID' to 0.
WARNING: [RTGEN 206-101] Port 'poseidon_hash/m_axi_gmem0_WUSER' has no fanin or fanout and is left dangling.
               Please use C simulation to confirm this function argument can be read from or written to.
WARNING: [RTGEN 206-101] Setting dangling out port 'poseidon_hash/m_axi_gmem0_WUSER' to 0.
WARNING: [RTGEN 206-101] Port 'poseidon_hash/m_axi_gmem0_ARVALID' has no fanin or fanout and is left dangling.
               Please use C simulation to confirm this function argument can be read from or written to.
WARNING: [RTGEN 206-101] Setting dangling out port 'poseidon_hash/m_axi_gmem0_ARVALID' to 0.
WARNING: [RTGEN 206-101] Port 'poseidon_hash/m_axi_gmem0_ARREADY' has no fanin or fanout and is left dangling.
               Please use C simulation to confirm this function argument can be read from or written to.
WARNING: [RTGEN 206-101] Port 'poseidon_hash/m_axi_gmem0_ARADDR' has no fanin or fanout and is left dangling.
               Please use C simulation to confirm this function argument can be read from or written to.
WARNING: [RTGEN 206-101] Setting dangling out port 'poseidon_hash/m_axi_gmem0_ARADDR' to 0.
WARNING: [RTGEN 206-101] Port 'poseidon_hash/m_axi_gmem0_ARID' has no fanin or fanout and is left dangling.
               Please use C simulation to confirm this function argument can be read from or written to.
WARNING: [RTGEN 206-101] Setting dangling out port 'poseidon_hash/m_axi_gmem0_ARID' to 0.
WARNING: [RTGEN 206-101] Port 'poseidon_hash/m_axi_gmem0_ARLEN' has no fanin or fanout and is left dangling.
               Please use C simulation to confirm this function argument can be read from or written to.
WARNING: [RTGEN 206-101] Setting dangling out port 'poseidon_hash/m_axi_gmem0_ARLEN' to 0.
WARNING: [RTGEN 206-101] Port 'poseidon_hash/m_axi_gmem0_ARSIZE' has no fanin or fanout and is left dangling.
               Please use C simulation to confirm this function argument can be read from or written to.
WARNING: [RTGEN 206-101] Setting dangling out port 'poseidon_hash/m_axi_gmem0_ARSIZE' to 0.
WARNING: [RTGEN 206-101] Port 'poseidon_hash/m_axi_gmem0_ARBURST' has no fanin or fanout and is left dangling.
               Please use C simulation to confirm this function argument can be read from or written to.
WARNING: [RTGEN 206-101] Setting dangling out port 'poseidon_hash/m_axi_gmem0_ARBURST' to 0.
WARNING: [RTGEN 206-101] Port 'poseidon_hash/m_axi_gmem0_ARLOCK' has no fanin or fanout and is left dangling.
               Please use C simulation to confirm this function argument can be read from or written to.
WARNING: [RTGEN 206-101] Setting dangling out port 'poseidon_hash/m_axi_gmem0_ARLOCK' to 0.
WARNING: [RTGEN 206-101] Port 'poseidon_hash/m_axi_gmem0_ARCACHE' has no fanin or fanout and is left dangling.
               Please use C simulation to confirm this function argument can be read from or written to.
WARNING: [RTGEN 206-101] Setting dangling out port 'poseidon_hash/m_axi_gmem0_ARCACHE' to 0.
WARNING: [RTGEN 206-101] Port 'poseidon_hash/m_axi_gmem0_ARPROT' has no fanin or fanout and is left dangling.
               Please use C simulation to confirm this function argument can be read from or written to.
WARNING: [RTGEN 206-101] Setting dangling out port 'poseidon_hash/m_axi_gmem0_ARPROT' to 0.
WARNING: [RTGEN 206-101] Port 'poseidon_hash/m_axi_gmem0_ARQOS' has no fanin or fanout and is left dangling.
               Please use C simulation to confirm this function argument can be read from or written to.
WARNING: [RTGEN 206-101] Setting dangling out port 'poseidon_hash/m_axi_gmem0_ARQOS' to 0.
WARNING: [RTGEN 206-101] Port 'poseidon_hash/m_axi_gmem0_ARREGION' has no fanin or fanout and is left dangling.
               Please use C simulation to confirm this function argument can be read from or written to.
WARNING: [RTGEN 206-101] Setting dangling out port 'poseidon_hash/m_axi_gmem0_ARREGION' to 0.
WARNING: [RTGEN 206-101] Port 'poseidon_hash/m_axi_gmem0_ARUSER' has no fanin or fanout and is left dangling.
               Please use C simulation to confirm this function argument can be read from or written to.
WARNING: [RTGEN 206-101] Setting dangling out port 'poseidon_hash/m_axi_gmem0_ARUSER' to 0.
WARNING: [RTGEN 206-101] Port 'poseidon_hash/m_axi_gmem0_RVALID' has no fanin or fanout and is left dangling.
               Please use C simulation to confirm this function argument can be read from or written to.
WARNING: [RTGEN 206-101] Port 'poseidon_hash/m_axi_gmem0_RREADY' has no fanin or fanout and is left dangling.
               Please use C simulation to confirm this function argument can be read from or written to.
WARNING: [RTGEN 206-101] Setting dangling out port 'poseidon_hash/m_axi_gmem0_RREADY' to 0.
WARNING: [RTGEN 206-101] Port 'poseidon_hash/m_axi_gmem0_RDATA' has no fanin or fanout and is left dangling.
               Please use C simulation to confirm this function argument can be read from or written to.
WARNING: [RTGEN 206-101] Port 'poseidon_hash/m_axi_gmem0_RLAST' has no fanin or fanout and is left dangling.
               Please use C simulation to confirm this function argument can be read from or written to.
WARNING: [RTGEN 206-101] Port 'poseidon_hash/m_axi_gmem0_RID' has no fanin or fanout and is left dangling.
               Please use C simulation to confirm this function argument can be read from or written to.
WARNING: [RTGEN 206-101] Port 'poseidon_hash/m_axi_gmem0_RUSER' has no fanin or fanout and is left dangling.
               Please use C simulation to confirm this function argument can be read from or written to.
WARNING: [RTGEN 206-101] Port 'poseidon_hash/m_axi_gmem0_RRESP' has no fanin or fanout and is left dangling.
               Please use C simulation to confirm this function argument can be read from or written to.
WARNING: [RTGEN 206-101] Port 'poseidon_hash/m_axi_gmem0_BVALID' has no fanin or fanout and is left dangling.
               Please use C simulation to confirm this function argument can be read from or written to.
WARNING: [RTGEN 206-101] Port 'poseidon_hash/m_axi_gmem0_BREADY' has no fanin or fanout and is left dangling.
               Please use C simulation to confirm this function argument can be read from or written to.
WARNING: [RTGEN 206-101] Setting dangling out port 'poseidon_hash/m_axi_gmem0_BREADY' to 0.
WARNING: [RTGEN 206-101] Port 'poseidon_hash/m_axi_gmem0_BRESP' has no fanin or fanout and is left dangling.
               Please use C simulation to confirm this function argument can be read from or written to.
WARNING: [RTGEN 206-101] Port 'poseidon_hash/m_axi_gmem0_BID' has no fanin or fanout and is left dangling.
               Please use C simulation to confirm this function argument can be read from or written to.
WARNING: [RTGEN 206-101] Port 'poseidon_hash/m_axi_gmem0_BUSER' has no fanin or fanout and is left dangling.
               Please use C simulation to confirm this function argument can be read from or written to.
INFO: [RTGEN 206-100] Finished creating RTL model for 'poseidon_hash'.
INFO: [HLS 200-111] Finished Creating RTL model: CPU user time: 0.08 seconds. CPU system time: 0.01 seconds. Elapsed time: 0.09 seconds; current allocated memory: 395.641 MB.
Execute         source /home/terryadavis/utkarsh/zkml-fpga/hls/hash_pe/ccs/solution/solution1/.autopilot/db/poseidon_hash.rtl_wrap.cfg.tcl 
Execute         gen_rtl poseidon_hash -istop -style xilinx -f -lang vhdl -o /home/terryadavis/utkarsh/zkml-fpga/hls/hash_pe/ccs/solution/solution1/syn/vhdl/poseidon_hash 
Execute         gen_rtl poseidon_hash -istop -style xilinx -f -lang vlog -o /home/terryadavis/utkarsh/zkml-fpga/hls/hash_pe/ccs/solution/solution1/syn/verilog/poseidon_hash 
Execute         syn_report -csynth -model poseidon_hash -o /home/terryadavis/utkarsh/zkml-fpga/hls/hash_pe/ccs/solution/solution1/syn/report/poseidon_hash_csynth.rpt 
Execute           list_part -family xczu7ev-ffvc1156-2-e 
Execute             ap_family_info -name xczu7ev-ffvc1156-2-e -data names 
Execute             ap_part_info -quiet -name xczu7ev-ffvc1156-2-e -data family 
Execute         syn_report -rtlxml -model poseidon_hash -o /home/terryadavis/utkarsh/zkml-fpga/hls/hash_pe/ccs/solution/solution1/syn/report/poseidon_hash_csynth.xml 
Execute           list_part -family xczu7ev-ffvc1156-2-e 
Execute             ap_family_info -name xczu7ev-ffvc1156-2-e -data names 
Execute             ap_part_info -quiet -name xczu7ev-ffvc1156-2-e -data family 
Execute         syn_report -verbosereport -model poseidon_hash -o /home/terryadavis/utkarsh/zkml-fpga/hls/hash_pe/ccs/solution/solution1/.autopilot/db/poseidon_hash.verbose.rpt 
Execute           list_part -family xczu7ev-ffvc1156-2-e 
Execute             ap_family_info -name xczu7ev-ffvc1156-2-e -data names 
Execute             ap_part_info -quiet -name xczu7ev-ffvc1156-2-e -data family 
Execute         db_write -model poseidon_hash -f -o /home/terryadavis/utkarsh/zkml-fpga/hls/hash_pe/ccs/solution/solution1/.autopilot/db/poseidon_hash.adb 
Execute         db_write -model poseidon_hash -bindview -o /home/terryadavis/utkarsh/zkml-fpga/hls/hash_pe/ccs/solution/solution1/.autopilot/db/design.bindinfo.xml 
Execute         gen_tb_info poseidon_hash -p /home/terryadavis/utkarsh/zkml-fpga/hls/hash_pe/ccs/solution/solution1/.autopilot/db -o /home/terryadavis/utkarsh/zkml-fpga/hls/hash_pe/ccs/solution/solution1/.autopilot/db/poseidon_hash 
Execute         export_constraint_db -f -tool general -o /home/terryadavis/utkarsh/zkml-fpga/hls/hash_pe/ccs/solution/solution1/.autopilot/db/poseidon_hash.constraint.tcl 
Execute         syn_report -designview -model poseidon_hash -o /home/terryadavis/utkarsh/zkml-fpga/hls/hash_pe/ccs/solution/solution1/.autopilot/db/poseidon_hash.design.xml 
Execute         syn_report -csynthDesign -model poseidon_hash -o /home/terryadavis/utkarsh/zkml-fpga/hls/hash_pe/ccs/solution/solution1/syn/report/csynth.rpt -MHOut /home/terryadavis/utkarsh/zkml-fpga/hls/hash_pe/ccs/solution/solution1/.autopilot/db/kernel_module_hierarchy.tcl 
Execute           list_part -family xczu7ev-ffvc1156-2-e 
Execute             ap_family_info -name xczu7ev-ffvc1156-2-e -data names 
Execute             ap_part_info -quiet -name xczu7ev-ffvc1156-2-e -data family 
Execute         syn_report -wcfg -model poseidon_hash -o /home/terryadavis/utkarsh/zkml-fpga/hls/hash_pe/ccs/solution/solution1/.autopilot/db/poseidon_hash_dataflow_ana.wcfg 
Execute         syn_report -protoinst -model poseidon_hash -o /home/terryadavis/utkarsh/zkml-fpga/hls/hash_pe/ccs/solution/solution1/.autopilot/db/poseidon_hash.protoinst 
Execute         sc_get_clocks poseidon_hash 
Execute         sc_get_portdomain poseidon_hash 
INFO-FLOW: Model list for RTL component generation: poseidon_hash
INFO-FLOW: Handling components in module [poseidon_hash] ... 
Execute         source /home/terryadavis/utkarsh/zkml-fpga/hls/hash_pe/ccs/solution/solution1/.autopilot/db/poseidon_hash.compgen.tcl 
INFO-FLOW: Found component poseidon_hash_gmem1_m_axi.
INFO-FLOW: Append model poseidon_hash_gmem1_m_axi
INFO-FLOW: Found component poseidon_hash_control_s_axi.
INFO-FLOW: Append model poseidon_hash_control_s_axi
INFO-FLOW: Found component poseidon_hash_control_r_s_axi.
INFO-FLOW: Append model poseidon_hash_control_r_s_axi
INFO-FLOW: Found component poseidon_hash_flow_control_loop_pipe.
INFO-FLOW: Append model poseidon_hash_flow_control_loop_pipe
INFO-FLOW: Append model poseidon_hash
INFO-FLOW: Generating RTL model list ...
INFO-FLOW: All models in this session: poseidon_hash_gmem1_m_axi poseidon_hash_control_s_axi poseidon_hash_control_r_s_axi poseidon_hash_flow_control_loop_pipe poseidon_hash
INFO-FLOW: Generating /home/terryadavis/utkarsh/zkml-fpga/hls/hash_pe/ccs/solution/solution1/.autopilot/db/autopilot.rtl.models.txt file...
INFO-FLOW: To file: write model poseidon_hash_gmem1_m_axi
INFO-FLOW: To file: write model poseidon_hash_control_s_axi
INFO-FLOW: To file: write model poseidon_hash_control_r_s_axi
INFO-FLOW: To file: write model poseidon_hash_flow_control_loop_pipe
INFO-FLOW: To file: write model poseidon_hash
INFO-FLOW: Generating /home/terryadavis/utkarsh/zkml-fpga/hls/hash_pe/ccs/solution/solution1/.autopilot/db/autopilot.rtl.models.tcl file...
INFO-FLOW: Finished generating RTL model list.


INFO-FLOW: RTL Generation done.
INFO-FLOW: CAS Generation done.
INFO-FLOW: CBC Generation done.
INFO-FLOW: DBG:PROC: ::AESL_AUTOMG::auto_generate_csynth_design
INFO-FLOW: DBG:PUTS: read_platform_lib /home/terryadavis/utkarsh/zkml-fpga/hls/hash_pe/ccs/solution/solution1/.autopilot/db/global.setting.tcl
Execute         source /tools/Xilinx/Vitis/2024.2/common/technology/generic/autopilot/common.gen 
Execute           source /tools/Xilinx/Vitis/2024.2/common/technology/generic/autopilot/APCoreGen.gen 
Execute         source /tools/Xilinx/Vitis/2024.2/common/technology/generic/autopilot/op.gen 
Execute         source /tools/Xilinx/Vitis/2024.2/common/technology/generic/autopilot/op_simcore.gen 
Execute         source /tools/Xilinx/Vitis/2024.2/common/technology/generic/autopilot/interface.gen 
Execute         source /home/terryadavis/utkarsh/zkml-fpga/hls/hash_pe/ccs/solution/solution1/.autopilot/db/global.setting.tcl 
Execute         source /tools/Xilinx/Vitis/2024.2/common/technology/xilinx/common/xilinx.gen 
Execute           source /tools/Xilinx/Vitis/2024.2/common/technology/xilinx/interface/plb46.gen 
Execute           source /tools/Xilinx/Vitis/2024.2/common/technology/xilinx/interface/axi4.gen 
Execute           source /tools/Xilinx/Vitis/2024.2/common/technology/xilinx/interface/nativeAXI4.gen 
Execute             source /tools/Xilinx/Vitis/2024.2/common/technology/xilinx/interface/saxilite.gen 
Execute           source /tools/Xilinx/Vitis/2024.2/common/technology/xilinx/scripts/xilinxcoregen.gen 
Execute           source /tools/Xilinx/Vitis/2024.2/common/technology/xilinx/interface/XilEDKCoreGen.gen 
Execute           source /tools/Xilinx/Vitis/2024.2/common/technology/xilinx/ip/dds_compiler.gen 
Execute           source /tools/Xilinx/Vitis/2024.2/common/technology/xilinx/ip/xfft.gen 
Execute           source /tools/Xilinx/Vitis/2024.2/common/technology/xilinx/ip/util.gen 
Execute           source /tools/Xilinx/Vitis/2024.2/common/technology/xilinx/ip/xfir.gen 
Execute           source /tools/Xilinx/Vitis/2024.2/common/technology/xilinx/DSP48/dsp48.gen 
INFO-FLOW: DBG:PUTS:   using AESL_AUTOCG::g_clock_period=4.000 (was NA)
INFO-FLOW: DBG:PROC: ::AESL_AUTOMG::generate_ip_cores gen_sim_model='1' gen_fp_models='0' gen_for_export='0' dstSCDir='' dstVhdlDir='/home/terryadavis/utkarsh/zkml-fpga/hls/hash_pe/ccs/solution/solution1/.autopilot/db/vhdl' dstVlogDir='/home/terryadavis/utkarsh/zkml-fpga/hls/hash_pe/ccs/solution/solution1/.autopilot/db/vlog' tclDir='/home/terryadavis/utkarsh/zkml-fpga/hls/hash_pe/ccs/solution/solution1/.autopilot/db' modelList='poseidon_hash_gmem1_m_axi
poseidon_hash_control_s_axi
poseidon_hash_control_r_s_axi
poseidon_hash_flow_control_loop_pipe
poseidon_hash
' expOnly='0'
Execute         source /home/terryadavis/utkarsh/zkml-fpga/hls/hash_pe/ccs/solution/solution1/.autopilot/db/global.setting.tcl 
Execute         ap_part_info -name xczu7ev-ffvc1156-2-e -data names -quiet 
Execute         ap_part_info -name xczu7ev-ffvc1156-2-e -data info -quiet 
Execute         source /home/terryadavis/utkarsh/zkml-fpga/hls/hash_pe/ccs/solution/solution1/.autopilot/db/global.setting.tcl 
Execute         source /home/terryadavis/utkarsh/zkml-fpga/hls/hash_pe/ccs/solution/solution1/.autopilot/db/global.setting.tcl 
Execute         source /home/terryadavis/utkarsh/zkml-fpga/hls/hash_pe/ccs/solution/solution1/.autopilot/db/poseidon_hash.compgen.tcl 
Execute           source ./control.slave.tcl 
Execute           source ./control_r.slave.tcl 
Execute           source ./control.slave.tcl 
INFO: [HLS 200-111] Finished Generating all RTL models: CPU user time: 0.15 seconds. CPU system time: 0.02 seconds. Elapsed time: 0.16 seconds; current allocated memory: 397.301 MB.
INFO-FLOW: DBG:PROC: ::HLSREPORTS::create_csynth_xml bind_info_var='bind_info' RtlSubPrefix='poseidon_hash_' outfile=''
INFO-FLOW: Running: create_csynth_xml read xml data
INFO-FLOW: Done: create_csynth_xml read xml data time: 0 seconds per iteration
INFO-FLOW: Running: create_csynth_xml bind info
INFO-FLOW: Done: create_csynth_xml bind info time: 0 seconds per iteration
INFO-FLOW: Running: create_csynth_xml config info
INFO-FLOW: Done: create_csynth_xml config info time: 0.1 seconds per iteration
INFO-FLOW: Running: create_csynth_xml write xml
INFO-FLOW: Done: create_csynth_xml write xml time: 0 seconds per iteration
INFO-FLOW: DBG:PUTS:      create_csynth_xml wrote csynth_xml=/home/terryadavis/utkarsh/zkml-fpga/hls/hash_pe/ccs/solution/solution1/syn/report/csynth.xml
INFO-FLOW: DBG:PROC: ::AP::DESIGN_DATA::generate_json generate_bd_files='0' generate_xo_files='0' modelList='poseidon_hash_gmem1_m_axi
poseidon_hash_control_s_axi
poseidon_hash_control_r_s_axi
poseidon_hash_flow_control_loop_pipe
poseidon_hash
' rtl_lang='both' bootstrap_tcl='false' outdir='' outfilename=''
Execute         source /home/terryadavis/utkarsh/zkml-fpga/hls/hash_pe/ccs/solution/solution1/.autopilot/db/global.setting.tcl 
Execute         source /home/terryadavis/utkarsh/zkml-fpga/hls/hash_pe/ccs/solution/solution1/.autopilot/db/global.setting.tcl 
Execute         source /home/terryadavis/utkarsh/zkml-fpga/hls/hash_pe/ccs/solution/solution1/.autopilot/db/top-io-be.tcl 
Execute         source /home/terryadavis/utkarsh/zkml-fpga/hls/hash_pe/ccs/solution/solution1/.autopilot/db/poseidon_hash.tbgen.tcl 
Execute         source /home/terryadavis/utkarsh/zkml-fpga/hls/hash_pe/ccs/solution/solution1/.autopilot/db/poseidon_hash.compgen.dataonly.tcl 
Execute         source /home/terryadavis/utkarsh/zkml-fpga/hls/hash_pe/ccs/solution/solution1/.autopilot/db/poseidon_hash.compgen.dataonly.tcl 
Execute         source /home/terryadavis/utkarsh/zkml-fpga/hls/hash_pe/ccs/solution/solution1/.autopilot/db/poseidon_hash.compgen.dataonly.tcl 
Execute         source /home/terryadavis/utkarsh/zkml-fpga/hls/hash_pe/ccs/solution/solution1/.autopilot/db/poseidon_hash.compgen.dataonly.tcl 
Execute         source /home/terryadavis/utkarsh/zkml-fpga/hls/hash_pe/ccs/solution/solution1/.autopilot/db/poseidon_hash.rtl_wrap.cfg.tcl 
Execute         source /home/terryadavis/utkarsh/zkml-fpga/hls/hash_pe/ccs/solution/solution1/.autopilot/db/poseidon_hash.compgen.dataonly.tcl 
Execute         source /home/terryadavis/utkarsh/zkml-fpga/hls/hash_pe/ccs/solution/solution1/.autopilot/db/poseidon_hash.tbgen.tcl 
Execute         source /home/terryadavis/utkarsh/zkml-fpga/hls/hash_pe/ccs/solution/solution1/.autopilot/db/global.setting.tcl 
Execute         ap_part_info -name xczu7ev-ffvc1156-2-e -data names -quiet 
Execute         ap_part_info -name xczu7ev-ffvc1156-2-e -data info -quiet 
Execute         source /home/terryadavis/utkarsh/zkml-fpga/hls/hash_pe/ccs/solution/solution1/.autopilot/db/poseidon_hash.constraint.tcl 
Execute         sc_get_clocks poseidon_hash 
Execute         source /home/terryadavis/utkarsh/zkml-fpga/hls/hash_pe/ccs/solution/solution1/.autopilot/db/global.setting.tcl 
INFO-FLOW: DBG:PROC: ::HLSREPORTS::add_csynth_report_sections bind_info_dict='adapter_nodes {{BINDTYPE adapter ID {} IMPL {} LATENCY {} OPTYPE {} PRAGMA {} RTLNAME control_s_axi_U SOURCE {} VARIABLE {} LOOP {} BUNDLEDNAME control DSP 0 BRAM 0 URAM 0 STORAGESUBTYPE s_axilite STORAGESIZE {} STORAGEUSAGE interface DISPNAME {bind_adapter }} {BINDTYPE adapter ID {} IMPL {} LATENCY {} OPTYPE {} PRAGMA {} RTLNAME control_r_s_axi_U SOURCE {} VARIABLE {} LOOP {} BUNDLEDNAME control_r DSP 0 BRAM 0 URAM 0 STORAGESUBTYPE s_axilite STORAGESIZE {} STORAGEUSAGE interface DISPNAME {bind_adapter }} {BINDTYPE adapter ID {} IMPL {} LATENCY {} OPTYPE {} PRAGMA {} RTLNAME gmem1_m_axi_U SOURCE {} VARIABLE {} LOOP {} BUNDLEDNAME gmem1 DSP 0 BRAM 15 URAM 0 STORAGESUBTYPE m_axi STORAGESIZE {} STORAGEUSAGE interface DISPNAME {bind_adapter }}} cache_nodes {} report_dict {TOPINST poseidon_hash MODULE2INSTS {poseidon_hash poseidon_hash} INST2MODULE {poseidon_hash poseidon_hash} INSTDATA {poseidon_hash {DEPTH 1 CHILDREN {}}} MODULEDATA {poseidon_hash {BINDINFO {{BINDTYPE op ID {} IMPL auto LATENCY 0 OPTYPE setgt PRAGMA {} RTLNAME icmp_ln30_fu_128_p2 SOURCE ../src/poseidon.cpp:30 VARIABLE icmp_ln30 LOOP {} BUNDLEDNAME {} DSP 0 BRAM 0 URAM 0 STORAGESUBTYPE {} DISPNAME {bind_op setgt} VISIBLE false} {BINDTYPE op ID {} IMPL auto_sel LATENCY 0 OPTYPE select PRAGMA {} RTLNAME empty_fu_158_p3 SOURCE ../src/poseidon.cpp:30 VARIABLE empty LOOP {} BUNDLEDNAME {} DSP 0 BRAM 0 URAM 0 STORAGESUBTYPE {} DISPNAME {bind_op select} VISIBLE false} {BINDTYPE op ID {} IMPL auto LATENCY 0 OPTYPE setlt PRAGMA {} RTLNAME icmp_ln30_1_fu_182_p2 SOURCE ../src/poseidon.cpp:30 VARIABLE icmp_ln30_1 LOOP block_loop BUNDLEDNAME {} DSP 0 BRAM 0 URAM 0 STORAGESUBTYPE {} DISPNAME {bind_op setlt} VISIBLE false} {BINDTYPE op ID {} IMPL fabric LATENCY 0 OPTYPE add PRAGMA {} RTLNAME add_ln30_fu_188_p2 SOURCE ../src/poseidon.cpp:30 VARIABLE add_ln30 LOOP block_loop BUNDLEDNAME {} DSP 0 BRAM 0 URAM 0 STORAGESUBTYPE {} DISPNAME {bind_op add} VISIBLE true} {BINDTYPE op ID {} IMPL auto LATENCY 0 OPTYPE setlt PRAGMA {} RTLNAME icmp_ln30_2_fu_198_p2 SOURCE ../src/poseidon.cpp:30 VARIABLE icmp_ln30_2 LOOP block_loop BUNDLEDNAME {} DSP 0 BRAM 0 URAM 0 STORAGESUBTYPE {} DISPNAME {bind_op setlt} VISIBLE false}} AREA {DSP 0 BRAM 15 URAM 0}}}}'
INFO-FLOW: DBG:PUTS:      update_csynth_reports json2rpt_hw_sw_interfaces
Execute         send_msg_by_id INFO @200-1603@%s  and missed bursts 
INFO: [HLS 200-1603] Design has inferred MAXI bursts and missed bursts, see Vitis HLS GUI synthesis summary report for detailed information.
INFO-FLOW: Running: gen_csynth_sec_pragma
INFO-FLOW: Done: gen_csynth_sec_pragma time: 0 seconds per iteration
INFO-FLOW: DBG:PUTS:      update_csynth_reports wrote xml
INFO-FLOW: DBG:PUTS:      update_csynth_reports appended to csynth rpt file
INFO: [HLS 200-111] Finished Updating report files: CPU user time: 0.5 seconds. CPU system time: 0.02 seconds. Elapsed time: 0.53 seconds; current allocated memory: 400.246 MB.
INFO: [VHDL 208-304] Generating VHDL RTL for poseidon_hash.
INFO: [VLOG 209-307] Generating Verilog RTL for poseidon_hash.
Execute         syn_report -model poseidon_hash -printsummary 
INFO: [HLS 200-790] **** Loop Constraint Status: All loop constraints were satisfied.
INFO: [HLS 200-789] **** Estimated Fmax: 342.47 MHz
Command       autosyn done; 0.82 sec.
Command     csynth_design done; 12.38 sec.
INFO: [HLS 200-2161] Finished Command csynth_design Elapsed time: 00:00:12; Allocated memory: 31.977 MB.
Execute     cosim_design -trace_level all -enable_dataflow_profiling 
INFO: [HLS 200-1510] Running: cosim_design -trace_level all -enable_dataflow_profiling 
Execute       ::AP::init_summary_file cosim 
Execute       source /home/terryadavis/utkarsh/zkml-fpga/hls/hash_pe/ccs/solution/solution1/.autopilot/db/global.setting.tcl 
Execute       source /home/terryadavis/utkarsh/zkml-fpga/hls/hash_pe/ccs/solution/solution1/.autopilot/db/global.setting.tcl 
Execute       source /home/terryadavis/utkarsh/zkml-fpga/hls/hash_pe/ccs/solution/solution1/.autopilot/db/global.setting.tcl 
Execute       send_msg_by_id WARNING @200-626@ 
WARNING: [HLS 200-626] This design is unable to schedule all read ports in the first II cycle. The RTL testbench may treat the design as non-pipelined
INFO-FLOW: DBG:PUTS: read_platform_lib /home/terryadavis/utkarsh/zkml-fpga/hls/hash_pe/ccs/solution/solution1/.autopilot/db/global.setting.tcl
Execute       source /tools/Xilinx/Vitis/2024.2/common/technology/generic/autopilot/common.gen 
Execute         source /tools/Xilinx/Vitis/2024.2/common/technology/generic/autopilot/APCoreGen.gen 
Execute       source /tools/Xilinx/Vitis/2024.2/common/technology/generic/autopilot/op.gen 
Execute       source /tools/Xilinx/Vitis/2024.2/common/technology/generic/autopilot/op_simcore.gen 
Execute       source /tools/Xilinx/Vitis/2024.2/common/technology/generic/autopilot/interface.gen 
Execute       source /home/terryadavis/utkarsh/zkml-fpga/hls/hash_pe/ccs/solution/solution1/.autopilot/db/global.setting.tcl 
Execute       source /tools/Xilinx/Vitis/2024.2/common/technology/xilinx/common/xilinx.gen 
Execute         source /tools/Xilinx/Vitis/2024.2/common/technology/xilinx/interface/plb46.gen 
Execute         source /tools/Xilinx/Vitis/2024.2/common/technology/xilinx/interface/axi4.gen 
Execute         source /tools/Xilinx/Vitis/2024.2/common/technology/xilinx/interface/nativeAXI4.gen 
Execute           source /tools/Xilinx/Vitis/2024.2/common/technology/xilinx/interface/saxilite.gen 
Execute         source /tools/Xilinx/Vitis/2024.2/common/technology/xilinx/scripts/xilinxcoregen.gen 
Execute         source /tools/Xilinx/Vitis/2024.2/common/technology/xilinx/interface/XilEDKCoreGen.gen 
Execute         source /tools/Xilinx/Vitis/2024.2/common/technology/xilinx/ip/dds_compiler.gen 
Execute         source /tools/Xilinx/Vitis/2024.2/common/technology/xilinx/ip/xfft.gen 
Execute         source /tools/Xilinx/Vitis/2024.2/common/technology/xilinx/ip/util.gen 
Execute         source /tools/Xilinx/Vitis/2024.2/common/technology/xilinx/ip/xfir.gen 
Execute         source /tools/Xilinx/Vitis/2024.2/common/technology/xilinx/DSP48/dsp48.gen 
Execute       ap_part_info -name xczu7ev-ffvc1156-2-e -data names -quiet 
Execute       ap_part_info -name xczu7ev-ffvc1156-2-e -data info -quiet 
Execute       source /home/terryadavis/utkarsh/zkml-fpga/hls/hash_pe/ccs/solution/solution1/.autopilot/db/global.setting.tcl 
Execute       source /home/terryadavis/utkarsh/zkml-fpga/hls/hash_pe/ccs/solution/solution1/.autopilot/db/poseidon_hash.rtl_wrap.cfg.tcl 
Execute       source /home/terryadavis/utkarsh/zkml-fpga/hls/hash_pe/ccs/solution/solution1/.autopilot/db/poseidon_hash.tbgen.tcl 
ERROR: [COSIM 212-50] Cannot find C test bench. Please specify test bench files using 'add_files -tb'.
ERROR: [COSIM 212-5] *** C/RTL co-simulation file generation failed. ***
ERROR: [COSIM 212-4] *** C/RTL co-simulation finished: FAIL ***
INFO-FLOW: Caught error in cosim_design: 1
    while executing
"ap_internal_cosim_design "
Command     cosim_design done; error code: 2; 0.42 sec.
INFO: [HLS 200-2161] Finished Command cosim_design Elapsed time: 00:00:00; Allocated memory: 2.543 MB.
Command   ap_source done; error code: 1; 13.97 sec.
Execute   cleanup_all 
